/*--------------------------------*- C++ -*----------------------------------*\
| =========                 |                                                 |
| \\      /  F ield         | OpenFOAM: The Open Source CFD Toolbox           |
|  \\    /   O peration     | Version:  2506                                  |
|   \\  /    A nd           | Website:  www.openfoam.com                      |
|    \\/     M anipulation  |                                                 |
\*---------------------------------------------------------------------------*/
FoamFile
{
    version     2.0;
    format      ascii;
    arch        "LSB;label=32;scalar=64";
    class       surfaceScalarField;
    location    "0.005";
    object      phi;
}
// * * * * * * * * * * * * * * * * * * * * * * * * * * * * * * * * * * * * * //

dimensions      [0 3 -1 0 0 0 0];

oriented        oriented;

internalField   nonuniform List<scalar> 
6280
(
1.416801298e-08
1.586935411e-09
9.113313217e-09
5.054701403e-09
-1.794040458e-09
1.090735302e-08
-3.863044649e-09
2.068995702e-09
-3.35911901e-09
-5.039390382e-10
-1.03574129e-09
-2.32339072e-09
-2.245038453e-10
-8.112454156e-10
1.066918264e-18
-2.245038462e-10
3.241545611e-19
2.729964218e-19
1.978614859e-19
1.262930752e-19
1.338096332e-19
6.40516277e-20
9.869463208e-20
3.511462281e-20
7.821067625e-20
2.04834615e-20
6.576458206e-20
1.244547281e-20
5.808750329e-20
7.676389715e-21
5.342326835e-20
4.663485028e-21
5.0747044e-20
2.6754103e-21
4.941378763e-20
1.332386197e-21
4.899218813e-20
4.207054185e-22
4.918118661e-20
-1.899278532e-22
4.976479717e-20
-5.846112629e-22
5.058575505e-20
-8.219055864e-22
5.152855433e-20
-9.436022825e-22
5.250792767e-20
-9.801422681e-22
5.346097601e-20
-9.538947697e-22
5.434159759e-20
-8.814347547e-22
5.511618474e-20
-7.751969313e-22
5.576035754e-20
-6.445923614e-22
5.625675572e-20
-4.967647614e-22
5.659359008e-20
-3.372163229e-22
5.676358014e-20
-1.703746393e-22
5.676278799e-20
-1.883443831e-32
6.604323686e-20
-9.280632993e-21
5.610388495e-19
-5.045594463e-19
1.0837909e-18
-5.309182677e-19
1.49325392e-18
-4.172449993e-19
1.597885461e-18
-1.123566504e-19
1.339007907e-18
2.511602851e-19
7.882115654e-19
5.430804735e-19
7.804973971e-19
2.405282921e-08
7.932356771e-10
2.545439132e-08
3.653129417e-09
1.912957598e-08
1.72321607e-08
6.2219154e-09
1.497663156e-08
9.720923108e-10
4.745853399e-09
1.520234415e-09
-2.871567835e-09
2.245038481e-10
4.844800993e-10
2.050251201e-19
1.902519729e-19
1.774215396e-19
3.006000026e-19
1.356200229e-19
1.680941702e-19
1.048726283e-19
9.479832679e-20
8.406347077e-20
5.592286274e-20
7.017268756e-20
3.437317001e-20
6.099549896e-20
2.162143016e-20
5.507459861e-20
1.359592973e-20
5.143519362e-20
8.301443582e-21
4.94040199e-20
4.705064167e-21
4.850210685e-20
2.232677081e-21
4.838155486e-20
5.395752299e-22
4.87865032e-20
-5.965016607e-22
4.952750285e-20
-1.327199935e-21
5.046405835e-20
-1.76004247e-21
5.149201434e-20
-1.973060255e-21
5.253417517e-20
-2.023634936e-21
5.353343602e-20
-1.954325421e-21
5.444783542e-20
-1.796884926e-21
5.524678931e-20
-1.575073438e-21
5.590818514e-20
-1.306729487e-21
5.641630416e-20
-1.005407189e-21
5.676043176e-20
-6.816881238e-22
5.693395477e-20
-3.44174073e-22
5.693153284e-20
-2.437762822e-32
4.868202954e-20
-1.059143958e-20
2.381734389e-19
-7.098726836e-19
5.5041585e-19
-8.573229637e-19
7.351783858e-19
-6.158592259e-19
8.182775758e-19
-2.092701999e-19
7.26625848e-19
3.290022365e-19
4.078289689e-19
8.480694281e-19
1.182233993e-18
2.813610805e-08
5.300980657e-10
2.754577665e-08
4.24345597e-09
2.850203207e-08
1.627589735e-08
2.181390669e-08
2.166473981e-08
7.937815721e-09
1.862192429e-08
-4.962238904e-10
5.562468077e-09
2.214813572e-19
-1.174531468e-11
5.474813181e-20
4.800148564e-19
4.491617282e-20
3.104317929e-19
6.232417942e-20
1.506857635e-19
6.599716429e-20
9.112473947e-20
6.251377805e-20
5.940548597e-20
5.742094771e-20
3.946508607e-20
5.296999853e-20
2.607136446e-20
4.978011246e-20
1.678469413e-20
4.783881421e-20
1.024151979e-20
4.693163281e-20
5.610947725e-21
4.6809005e-20
2.353935123e-21
4.724547797e-20
1.016950157e-22
4.805580492e-20
-1.408253651e-21
4.909466032e-20
-2.367491873e-21
5.025104056e-20
-2.917749978e-21
5.144143966e-20
-3.164563071e-21
5.260348469e-20
-3.186643704e-21
5.369087652e-20
-3.042707886e-21
5.466964691e-20
-2.776627246e-21
5.551513326e-20
-2.421293581e-21
5.620950743e-20
-2.001501308e-21
5.674002322e-20
-1.536141009e-21
5.709794581e-20
-1.039897328e-21
5.727812885e-20
-5.245399044e-22
5.72789487e-20
-3.510961262e-32
4.79458596e-20
-8.9132328e-21
-4.84064379e-20
-6.272721001e-19
-9.877956607e-20
-8.192545168e-19
-1.060322685e-19
-6.206630244e-19
-8.072180772e-20
-2.46612173e-19
-4.931265867e-20
2.855637613e-19
-2.0648313e-20
8.073772927e-19
1.155651703e-18
3.36529625e-08
-1.201262679e-09
3.39055617e-08
3.990853657e-09
3.358779385e-08
1.659365187e-08
2.826141502e-08
2.699110552e-08
1.00248572e-08
3.68584767e-08
-4.53148568e-10
1.604046843e-08
-1.96485253e-18
-4.648909455e-10
-5.994379543e-19
-6.98342402e-19
-1.148296803e-19
-1.741766568e-19
2.763155378e-21
3.309256737e-20
3.427791079e-20
5.960942418e-20
4.257337814e-20
5.110935235e-20
4.40272261e-20
3.801040988e-20
4.36833282e-20
2.641431122e-20
4.323693812e-20
1.723002687e-20
4.320824214e-20
1.026906268e-20
4.367462021e-20
5.143341169e-21
4.455676489e-20
1.4704522e-21
4.573552931e-20
-1.078391776e-21
4.70965667e-20
-2.770535749e-21
4.854440221e-20
-3.816541553e-21
5.000422747e-20
-4.378770737e-21
5.141935903e-20
-4.580750614e-21
5.27474205e-20
-4.515596356e-21
5.395695716e-20
-4.253102204e-21
5.502498057e-20
-3.845494268e-21
5.593492553e-20
-3.331923731e-21
5.667486773e-20
-2.741892887e-21
5.72362669e-20
-2.097865559e-21
5.761330324e-20
-1.417271415e-21
5.780266875e-20
-7.140364745e-22
5.780338121e-20
-4.733866533e-32
4.771670851e-20
-6.195213636e-21
-1.741210828e-19
-4.189434024e-19
-3.990371845e-19
-6.064535247e-19
-5.276394212e-19
-5.03941167e-19
-5.462796615e-19
-2.39829709e-19
-4.552642077e-19
1.826923215e-19
-2.570693468e-19
5.973279572e-19
8.926632906e-19
4.007246809e-08
-6.527805972e-09
4.380091695e-08
2.624015931e-10
4.134991198e-08
1.90446478e-08
3.645320226e-08
3.188781277e-08
1.46723607e-08
5.863932615e-08
4.480771599e-10
3.026474042e-08
8.604264707e-19
-1.681403134e-11
4.924420475e-19
4.121464464e-19
9.243949119e-20
2.25825703e-19
2.928001219e-20
9.62516964e-20
2.577783896e-20
6.31110386e-20
2.947443567e-20
4.741211005e-20
3.243112744e-20
3.505294546e-20
3.449904385e-20
2.434548698e-20
3.627597393e-20
1.545207685e-20
3.808252063e-20
8.461413793e-21
4.000173124e-20
3.22302566e-21
4.200792092e-20
-5.369384516e-22
4.404338533e-20
-3.115022446e-21
4.60505609e-20
-4.778814564e-21
4.798217303e-20
-5.749212176e-21
4.980224759e-20
-6.199918872e-21
5.148451329e-20
-6.263981518e-21
5.300991466e-20
-6.041789187e-21
5.43645651e-20
-5.608500206e-21
5.553855111e-20
-5.020240529e-21
5.652495638e-20
-4.318988262e-21
5.731889506e-20
-3.536315586e-21
5.791686105e-20
-2.696224928e-21
5.831653818e-20
-1.817297349e-21
5.851670523e-20
-9.143558611e-22
5.851641089e-20
-5.45205358e-32
5.000769678e-20
-5.014088065e-21
-1.574230507e-19
-2.249933436e-19
-3.925115987e-19
-3.834609497e-19
-5.4908604e-19
-3.592303212e-19
-5.95069622e-19
-2.05687502e-19
-5.103931261e-19
8.617618823e-20
-2.966532006e-19
3.717499219e-19
5.90092437e-19
4.13138962e-08
-1.895448776e-08
5.151846427e-08
-9.942168134e-09
5.482361529e-08
1.573949416e-08
5.462138544e-08
3.209004372e-08
7.625092253e-08
3.700979881e-08
9.216143539e-08
1.435423068e-08
-1.260238715e-19
9.214462031e-08
-1.418758148e-19
4.279984905e-19
-3.713472934e-20
1.210844697e-19
-3.860645611e-21
6.297728281e-20
1.007891041e-20
4.917097705e-20
1.711527108e-20
4.037506138e-20
2.172366896e-20
3.044376018e-20
2.560563372e-20
2.046264624e-20
2.928531087e-20
1.177144559e-20
3.28441325e-20
4.901572942e-21
3.624176713e-20
-1.755799446e-22
3.942983692e-20
-3.726076404e-21
4.237959321e-20
-6.065803636e-21
4.508016328e-20
-7.480333082e-21
4.753146633e-20
-8.201365939e-21
4.973818495e-20
-8.407534721e-21
5.170670562e-20
-8.233338077e-21
5.344320364e-20
-7.778954023e-21
5.495282477e-20
-7.118716625e-21
5.623980337e-20
-6.307803763e-21
5.730762905e-20
-5.387309132e-21
5.815898572e-20
-4.388041162e-21
5.879578863e-20
-3.333353726e-21
5.921947967e-20
-2.241261921e-21
5.943106109e-20
-1.126110606e-21
5.942630957e-20
-6.035785429e-32
5.219366536e-20
-5.10199885e-21
-8.783958685e-20
-9.843736858e-20
-2.633063819e-19
-2.200882146e-19
-3.981921348e-19
-2.362065578e-19
-4.550299209e-19
-1.606895112e-19
-4.026363078e-19
2.194455315e-20
-2.407771857e-19
1.980543068e-19
3.433977864e-19
1.574043908e-08
-3.013603263e-08
2.613109717e-08
-2.033282932e-08
3.479480847e-08
7.075786636e-09
3.770020414e-08
2.918465284e-08
4.34017613e-08
3.130823767e-08
1.696635496e-08
4.078964325e-08
3.4908676e-15
1.091109678e-07
-3.831778826e-19
-4.762508382e-20
-9.524575962e-20
-1.668478362e-19
-1.766695137e-20
-1.460191336e-20
1.282994742e-21
3.022058234e-20
7.183969882e-21
3.447348752e-20
1.174255503e-20
2.588445469e-20
1.691443306e-20
1.528997757e-20
2.241543823e-20
6.269572015e-21
2.776697961e-20
-4.509099687e-22
3.269127067e-20
-5.100759955e-21
3.709010969e-20
-8.125852637e-21
4.096506377e-20
-9.941701779e-21
4.435913043e-20
-1.087526227e-20
4.732529755e-20
-1.116820428e-20
4.991238159e-20
-1.099534177e-20
5.216108967e-20
-1.048276648e-20
5.410344103e-20
-9.72189651e-21
5.576373763e-20
-8.779527239e-21
5.716029801e-20
-7.704831505e-21
5.830689702e-20
-6.534262455e-21
5.921367315e-20
-5.295057847e-21
5.988788043e-20
-4.007780774e-21
6.033463098e-20
-2.688199813e-21
6.055717169e-20
-1.348804992e-21
6.055789265e-20
-6.388775772e-32
5.380211993e-20
-5.669486362e-21
-2.325720836e-20
-3.485490322e-20
-1.337834231e-19
-1.216558097e-19
-2.3367769e-19
-1.481740171e-19
-2.890597055e-19
-1.171470451e-19
-2.671129716e-19
-1.183991244e-20
-1.657043357e-19
8.480945119e-20
1.717761008e-19
-3.328705205e-08
-3.451881745e-08
-2.766752252e-08
-2.595236135e-08
-2.211162843e-08
1.519897831e-09
-2.011131901e-08
2.718435636e-08
-3.430560487e-08
4.550251025e-08
-5.811893488e-08
6.460298785e-08
-3.681384329e-08
8.780589661e-08
3.615491868e-20
-3.681384504e-08
5.787990598e-20
-1.885729141e-19
2.715554433e-20
1.612215055e-20
5.535899925e-21
5.183978506e-20
-1.405062947e-21
4.141390297e-20
1.148077897e-21
2.333064988e-20
7.894027508e-21
8.543318421e-21
1.569495625e-20
-1.532165889e-21
2.311712962e-20
-7.873977287e-21
2.966617799e-20
-1.165075289e-20
3.527426055e-20
-1.373476863e-20
4.003150327e-20
-1.469982751e-20
4.406618842e-20
-1.491076339e-20
4.749816006e-20
-1.460072724e-20
5.042495688e-20
-1.392269654e-20
5.292195964e-20
-1.298035053e-20
5.504581031e-20
-1.184626511e-20
5.683843337e-20
-1.057264021e-20
5.833086706e-20
-9.197718601e-21
5.954610163e-20
-7.749832125e-21
6.050095023e-20
-6.250126347e-21
6.120746139e-20
-4.71448219e-21
6.16740258e-20
-3.154942676e-21
6.190597668e-20
-1.580895902e-21
6.19078514e-20
-6.477228473e-32
5.525694211e-20
-6.342613387e-21
1.925150155e-20
-1.232621703e-20
-4.374463113e-20
-7.075335413e-20
-1.120123136e-19
-9.176785602e-20
-1.593721359e-19
-8.162656856e-20
-1.5712768e-19
-2.592188912e-20
-1.025465905e-19
1.839233626e-20
6.331230066e-20
-8.406196752e-08
-2.598193822e-08
-9.165481952e-08
-1.835949804e-08
-9.498686795e-08
4.851955721e-09
-9.529659822e-08
2.749409103e-08
-9.100493675e-08
4.121084296e-08
-6.458468653e-08
3.818274512e-08
-5.270188728e-09
2.849139151e-08
-4.449652404e-15
-4.208403975e-08
2.057990591e-19
6.326912564e-20
6.293390405e-20
1.589870849e-19
-4.889982162e-21
1.196633327e-19
-1.948831603e-20
5.601176516e-20
-1.363925357e-20
1.748096901e-20
-2.181456802e-21
-2.915172852e-21
9.353144848e-21
-1.306756895e-20
1.934035402e-20
-1.786195916e-20
2.758216224e-20
-1.989349191e-20
3.430920167e-20
-2.046250099e-20
3.98205674e-20
-2.021199729e-20
4.437622456e-20
-1.946713595e-20
4.817619076e-20
-1.84011622e-20
5.136730289e-20
-1.711420848e-20
5.405604505e-20
-1.566944353e-20
5.631943521e-20
-1.410995988e-20
5.821335498e-20
-1.246690099e-20
5.977875353e-20
-1.076348308e-20
6.104580741e-20
-9.017185453e-21
6.203659438e-20
-7.241135456e-21
6.276700091e-20
-5.445092058e-21
6.324807258e-20
-3.636230671e-21
6.348687259e-20
-1.819849154e-21
6.348611201e-20
-6.569618657e-32
5.671581946e-20
-6.893248382e-21
4.234754923e-20
-1.143452551e-20
8.336506728e-21
-4.8835816e-20
-3.635331638e-20
-5.893934678e-20
-7.371245214e-20
-5.610648489e-20
-8.14794579e-20
-2.999209532e-20
-5.754161341e-20
-1.738123399e-20
-1.463157013e-22
-7.031938818e-08
-1.089933611e-08
-8.466668617e-08
-4.012184967e-09
-8.483317343e-08
5.018447286e-09
-6.991660601e-08
1.257752763e-08
-3.86250435e-08
9.919289755e-09
-1.456430146e-10
-2.966581397e-10
2.677817554e-08
1.567581194e-09
1.340489082e-08
-2.871076609e-08
1.206157985e-19
1.340489035e-08
-1.081541838e-21
2.8068425e-19
-6.854154972e-20
1.871231646e-19
-5.801911219e-20
4.548892961e-20
-3.403539543e-20
-6.503319731e-21
-1.23338529e-20
-2.461732401e-20
4.558754639e-21
-2.996084901e-20
1.730882127e-20
-3.061265139e-20
2.701315317e-20
-2.959861522e-20
3.455970537e-20
-2.800956713e-20
4.056542874e-20
-2.621852012e-20
4.544219831e-20
-2.434448367e-20
4.946314449e-20
-2.242250662e-20
5.281206784e-20
-2.046346166e-20
5.561552871e-20
-1.847309214e-20
5.79624941e-20
-1.645701836e-20
5.991677289e-20
-1.44213243e-20
6.152505116e-20
-1.237197726e-20
6.282185741e-20
-1.031420407e-20
6.383263778e-20
-8.252110186e-21
6.457586229e-20
-6.18852847e-21
6.506445409e-20
-4.125064283e-21
6.530672174e-20
-2.062278594e-21
6.530094628e-20
-6.364870892e-32
5.833733333e-20
-7.24811169e-21
5.284674647e-20
-1.942024929e-20
3.418464778e-20
-4.226693549e-20
5.311453434e-21
-4.192716857e-20
-2.266241496e-20
-3.99713546e-20
-3.419050966e-20
-3.030088062e-20
-2.833453064e-20
-3.507256863e-20
-3.439760694e-20
-2.237943194e-08
-3.169887886e-09
-2.874059984e-08
2.348981599e-09
-2.715177552e-08
3.429610117e-09
-1.47323459e-08
1.580860342e-10
-1.392471697e-09
-3.42058088e-09
4.709699808e-09
-6.398836832e-09
3.950437956e-09
2.326843189e-09
-6.028857499e-09
-1.873149544e-08
1.976617933e-16
7.376029866e-09
-3.916711662e-19
2.793148692e-20
-2.10175861e-19
5.627621578e-21
-1.100113615e-19
-5.467590559e-20
-5.214939971e-20
-6.436573297e-20
-1.76773779e-20
-5.908980272e-20
3.906952264e-21
-5.154575896e-20
1.832285743e-20
-4.502931852e-20
2.860220126e-20
-3.987872948e-20
3.635075238e-20
-3.575833694e-20
4.243946519e-20
-3.230791361e-20
4.736417536e-20
-2.926966661e-20
5.142218944e-20
-2.648090925e-20
5.480243736e-20
-2.384414942e-20
5.763160248e-20
-2.130259286e-20
5.999818816e-20
-1.882381622e-20
6.196611993e-20
-1.63894588e-20
6.358282435e-20
-1.398890354e-20
6.488395129e-20
-1.161553494e-20
6.58962195e-20
-9.264576737e-21
6.663932648e-20
-6.93186724e-21
6.712723978e-20
-4.61322527e-21
6.736900033e-20
-2.3041831e-21
6.736393473e-20
-6.220295574e-32
6.021707762e-20
-7.421533806e-21
5.632797243e-20
-2.900706675e-20
4.439252167e-20
-4.242442148e-20
2.530984519e-20
-3.470517949e-20
5.002225753e-21
-3.150211608e-20
-6.929778307e-21
-3.020538928e-20
-1.076742081e-20
-4.306984997e-20
-5.108152775e-20
-1.980845567e-08
-1.019205955e-09
-1.810110068e-08
6.416254935e-10
-1.555468482e-08
8.831961441e-10
-1.418981007e-08
-1.206793877e-09
-1.303723179e-08
-4.573169551e-09
-1.277231584e-08
-6.663775755e-09
-1.220917893e-08
1.763697681e-09
-1.636131635e-08
-1.457937079e-08
2.160323069e-15
-8.985294942e-09
-5.718200998e-19
-9.865383928e-20
-2.704798417e-19
-2.95712799e-19
-1.197011889e-19
-2.054547381e-19
-4.687346946e-20
-1.371940424e-19
-1.013333414e-20
-9.583056613e-20
1.04233927e-20
-7.210285004e-20
2.347344648e-20
-5.807989342e-20
3.27225938e-20
-4.912859857e-20
3.980117571e-20
-4.283713262e-20
4.547771219e-20
-3.798491905e-20
5.015293273e-20
-3.394536919e-20
5.405894927e-20
-3.038737577e-20
5.734399392e-20
-2.712962616e-20
6.011037912e-20
-2.406930908e-20
6.243254558e-20
-2.114623961e-20
6.436667519e-20
-1.832384951e-20
6.595619295e-20
-1.557868253e-20
6.72349095e-20
-1.289448208e-20
6.822892899e-20
-1.025882043e-20
6.895796845e-20
-7.66116077e-21
6.943628195e-20
-5.09177419e-21
6.967318344e-20
-2.541189468e-21
6.967176863e-20
-6.076768624e-32
6.234785123e-20
-7.417722243e-21
5.661055442e-20
-3.674521392e-20
4.662481502e-20
-4.453118961e-20
3.311097662e-20
-3.305165406e-20
1.842186485e-20
-2.865094927e-20
7.476812148e-21
-3.109634339e-20
-9.893150139e-22
-4.6438089e-20
-5.798701394e-20
-9.007126734e-09
1.344224899e-09
-1.091100844e-08
2.545492907e-09
-1.119312296e-08
1.165292048e-09
-1.279861708e-08
3.986763e-10
-1.82116508e-08
8.398425663e-10
-2.183519589e-08
-3.040260939e-09
-9.249007241e-09
-1.08225109e-08
-3.086910488e-09
-2.07414863e-08
6.907333686e-17
-1.207221239e-08
-5.075556503e-19
-2.188770867e-19
-1.802211383e-19
-6.230474713e-19
-5.144049319e-20
-3.342355855e-19
-5.509993176e-21
-1.831248179e-19
1.359438195e-20
-1.149352957e-19
2.444634933e-20
-8.29551484e-20
3.242474132e-20
-6.605876562e-20
3.901405975e-20
-5.571854436e-20
4.465338928e-20
-4.847720684e-20
4.951726206e-20
-4.284896583e-20
5.371092614e-20
-3.813903211e-20
5.731669888e-20
-3.399327286e-20
6.040431101e-20
-3.021744698e-20
6.303344859e-20
-2.669864549e-20
6.525493568e-20
-2.336794064e-20
6.711184216e-20
-2.018101763e-20
6.86403934e-20
-1.710750467e-20
6.987057114e-20
-1.412490648e-20
7.082658866e-20
-1.121508314e-20
7.152735503e-20
-8.362188732e-21
7.198686667e-20
-5.551492324e-21
7.22143729e-20
-2.76876272e-21
7.221121311e-20
-5.747330363e-32
6.471292592e-20
-7.240897198e-21
5.617314576e-20
-4.16802766e-20
4.599474817e-20
-4.644471673e-20
3.529105384e-20
-3.420771804e-20
2.421246522e-20
-2.940983979e-20
1.441377783e-20
-3.31331315e-20
4.017782643e-21
-4.787587015e-20
-5.988505885e-20
-1.128913686e-08
2.483812284e-09
-1.318077701e-08
4.43711924e-09
-1.76240856e-08
5.608584528e-09
-2.767344336e-08
1.04480091e-08
-3.706614664e-08
1.023251495e-08
-3.209396058e-08
-8.012480233e-09
-9.735366099e-09
-3.318112805e-08
5.417670345e-09
-3.589453195e-08
-3.372412978e-11
-6.620819444e-09
-4.054176886e-19
-3.372414279e-11
1.085903753e-19
-1.137055717e-18
9.967027436e-20
-3.253153683e-19
6.2679529e-20
-1.461342379e-19
4.557452929e-20
-9.783069974e-20
4.134273211e-20
-7.872373205e-20
4.276496257e-20
-6.748153929e-20
4.625539728e-20
-5.920892026e-20
5.028163028e-20
-5.250416665e-20
5.422719578e-20
-4.679515709e-20
5.78566854e-20
-4.176896453e-20
6.109252475e-20
-3.722950025e-20
6.39231125e-20
-3.304835923e-20
6.636415345e-20
-2.913995474e-20
6.844185869e-20
-2.544592473e-20
7.018535512e-20
-2.192482566e-20
7.162299159e-20
-1.854544552e-20
7.278039449e-20
-1.528258549e-20
7.367948306e-20
-1.211444201e-20
7.433805144e-20
-9.021019401e-21
7.476959628e-20
-5.983217025e-21
7.498313562e-20
-2.982363953e-21
7.498226817e-20
-5.385296581e-32
6.736133285e-20
-6.941349818e-21
5.64204015e-20
-4.42134134e-20
4.549593948e-20
-4.761159118e-20
3.590810439e-20
-3.647901016e-20
2.66835562e-20
-3.202215581e-20
1.754131195e-20
-3.582573495e-20
6.384802649e-21
-4.855249113e-20
-5.941574928e-20
-7.67378108e-09
4.060299552e-09
-1.296920636e-08
9.732533235e-09
-2.335252237e-08
1.599188077e-08
-3.729466647e-08
2.439012739e-08
-4.629835281e-08
1.9236171e-08
-4.317673598e-08
-1.113412693e-08
-2.988161548e-08
-4.647626592e-08
-1.142973861e-08
-5.434641774e-08
-2.73750103e-09
-1.531305e-08
4.011269468e-18
-2.771225223e-09
9.203428234e-19
1.504438077e-18
2.788511778e-19
3.161761031e-19
1.109830672e-19
2.17337074e-20
6.468149699e-20
-5.152951422e-20
5.258492487e-20
-6.66273731e-20
5.10375816e-20
-6.593466049e-20
5.296015089e-20
-6.11318112e-20
5.599063984e-20
-5.553490065e-20
5.925338834e-20
-5.005816867e-20
6.239614968e-20
-4.491207885e-20
6.527366577e-20
-4.010740435e-20
6.783151698e-20
-3.560657144e-20
7.005818345e-20
-3.136697342e-20
7.196295777e-20
-2.735107971e-20
7.356473526e-20
-2.352699838e-20
7.488585162e-20
-1.986692864e-20
7.594853796e-20
-1.634559777e-20
7.677290567e-20
-1.293911234e-20
7.737585381e-20
-9.624232897e-21
7.777044935e-20
-6.377988706e-21
7.796549958e-20
-3.177520787e-21
7.796342709e-20
-5.350729318e-32
7.020079102e-20
-6.496882939e-21
5.782850278e-20
-4.531435043e-20
4.6361838e-20
-4.823544961e-20
3.693633467e-20
-3.891189625e-20
2.821497498e-20
-3.513689291e-20
1.905227223e-20
-3.849712073e-20
7.461160479e-21
-4.87937767e-20
-5.786972559e-20
-2.416850791e-09
5.399129368e-09
-6.897316724e-09
1.421297902e-08
-1.348133397e-08
2.257587004e-08
-1.973683496e-08
3.064560243e-08
-2.292060543e-08
2.24199195e-08
-2.432529537e-08
-9.729450976e-09
-2.249236716e-08
-4.830919202e-08
-1.480395003e-08
-6.203482897e-08
-1.570233934e-09
-2.854675038e-08
-1.346618682e-18
-4.341449096e-09
-2.68430483e-19
2.706660572e-19
-1.559098812e-20
6.333650183e-20
3.771984557e-20
-3.157722697e-20
4.958363811e-20
-6.339326656e-20
5.327763748e-20
-7.032117045e-20
5.58404309e-20
-6.849741363e-20
5.855706144e-20
-6.384878092e-20
6.146737182e-20
-5.84453169e-20
6.439947815e-20
-5.299047337e-20
6.720082418e-20
-4.771376267e-20
6.977449869e-20
-4.268145021e-20
7.2071115e-20
-3.79035627e-20
7.407407717e-20
-3.337035069e-20
7.578703909e-20
-2.90645045e-20
7.722480501e-20
-2.496523706e-20
7.840718249e-20
-2.104974555e-20
7.93550234e-20
-1.729382768e-20
8.008778511e-20
-1.367221346e-20
8.062209801e-20
-1.015882167e-20
8.097091727e-20
-6.72701242e-21
8.114302036e-20
-3.349809824e-21
8.114310937e-20
-5.321735331e-32
7.327354591e-20
-5.950000298e-21
6.03100907e-20
-4.58231938e-20
4.864787079e-20
-4.866289448e-20
3.888664825e-20
-4.100821101e-20
2.978255054e-20
-3.786805718e-20
2.004148441e-20
-4.058934713e-20
7.993406359e-21
-4.857734479e-20
-5.579108174e-20
1.725692306e-09
4.176590552e-09
1.896766477e-09
1.404189237e-08
2.68512051e-09
2.178749544e-08
5.685541393e-09
2.764516714e-08
8.374216523e-09
1.973123861e-08
4.957018872e-09
-6.312250841e-09
-5.676478053e-09
-3.767567987e-08
-2.037893083e-08
-4.733236043e-08
-1.255683018e-08
-3.636885048e-08
-1.49079572e-17
-1.689827356e-08
-4.757608041e-19
-8.127113973e-19
-1.105047311e-19
-3.019195514e-19
5.903805981e-21
-1.479852206e-19
4.265573421e-20
-1.00146214e-19
5.51013943e-20
-8.276693619e-20
6.048906361e-20
-7.388551042e-20
6.396052546e-20
-6.732078041e-20
6.692221535e-20
-6.140731843e-20
6.967618885e-20
-5.574484812e-20
7.223313664e-20
-5.027116442e-20
7.455238619e-20
-4.500115191e-20
7.660432702e-20
-3.995599073e-20
7.837992335e-20
-3.514649791e-20
7.988630654e-20
-3.057147463e-20
8.114029651e-20
-2.621980957e-20
8.216310036e-20
-2.207309677e-20
8.297663762e-20
-1.810784859e-20
8.360117689e-20
-1.42971501e-20
8.405390726e-20
-1.061186135e-20
8.434811986e-20
-7.021491484e-21
8.449283019e-20
-3.494783795e-21
8.449153649e-20
-4.911850569e-32
7.652547077e-20
-5.30510872e-21
6.346452944e-20
-4.623355447e-20
5.18045029e-20
-4.909166934e-20
4.148186743e-20
-4.254222294e-20
3.154287484e-20
-3.976340059e-20
2.091611848e-20
-4.179498402e-20
8.32893257e-21
-4.782098185e-20
-5.337648058e-20
1.30136115e-09
4.368694317e-10
6.473248283e-09
8.870003452e-09
1.204728075e-08
1.621345932e-08
2.000937403e-08
1.968307907e-08
2.55233487e-08
1.421727631e-08
2.269719534e-08
-3.486080181e-09
9.516281365e-09
-2.449474246e-08
-7.747838602e-09
-3.00682081e-08
-1.250809474e-08
-3.160859233e-08
9.320528986e-17
-2.940635936e-08
3.205147027e-20
-8.17279029e-19
4.342970122e-20
-3.132975528e-19
5.374281254e-20
-1.582976248e-19
6.003501205e-20
-1.06437943e-19
6.398282007e-20
-8.671463097e-20
6.705379361e-20
-7.695665881e-20
6.987398745e-20
-7.014116713e-20
7.258468565e-20
-6.411831705e-20
7.514987256e-20
-5.83105544e-20
7.750314915e-20
-5.26250292e-20
7.959754737e-20
-4.709614709e-20
8.141381984e-20
-4.177291966e-20
8.295494664e-20
-3.668834207e-20
8.423797159e-20
-3.185522575e-20
8.528700931e-20
-2.726955883e-20
8.612834854e-20
-2.291512239e-20
8.678733611e-20
-1.876745204e-20
8.728646564e-20
-1.479677403e-20
8.764427713e-20
-1.097005768e-20
8.787482755e-20
-7.25240061e-21
8.798761398e-20
-3.607881522e-21
8.79855474e-20
-4.650119956e-32
7.988548957e-20
-4.522432136e-21
6.688888293e-20
-4.670727774e-20
5.522040585e-20
-4.951099333e-20
4.425220433e-20
-4.342967989e-20
3.33420238e-20
-4.068662983e-20
2.175512124e-20
-4.203958712e-20
8.598997831e-21
-4.649484591e-20
-5.069136589e-20
-1.827720319e-09
-1.093453307e-09
3.915602444e-09
3.126682512e-09
1.177052069e-08
8.358543259e-09
2.066905237e-08
1.078455651e-08
2.757554978e-08
7.310798639e-09
2.559703198e-08
-1.507543129e-09
1.636008112e-08
-1.525777105e-08
1.231175501e-08
-2.601985394e-08
7.095679215e-09
-2.639251756e-08
2.903329561e-17
-2.231068095e-08
5.300254458e-19
4.137903255e-19
1.984299988e-19
1.829669513e-20
1.056024943e-19
-6.547009941e-20
7.975832412e-20
-8.059359111e-20
7.374079223e-20
-8.069727685e-20
7.386928529e-20
-7.70853146e-20
7.589683752e-20
-7.21688589e-20
7.839244831e-20
-6.661426369e-20
8.083539775e-20
-6.07539694e-20
8.303203127e-20
-5.482221473e-20
8.49207748e-20
-4.898553545e-20
8.649839742e-20
-4.335130909e-20
8.778806295e-20
-3.797884335e-20
8.882363852e-20
-3.289162841e-20
8.964144574e-20
-2.808818282e-20
9.02760189e-20
-2.355051442e-20
9.075801412e-20
-1.92502088e-20
9.111318199e-20
-1.515256844e-20
9.13619342e-20
-1.121931573e-20
9.151934664e-20
-7.410280934e-21
9.15954955e-20
-3.684355827e-21
9.159205487e-20
-4.121897574e-32
8.341802551e-20
-3.664309044e-21
7.036062716e-20
-4.711920489e-20
5.852073159e-20
-4.975802998e-20
4.686925259e-20
-4.363294175e-20
3.502038183e-20
-4.06702331e-20
2.254061393e-20
-4.13904316e-20
8.843875599e-21
-4.462722872e-20
-4.776092213e-20
7.442948169e-10
3.410317072e-10
1.758222114e-09
2.1127645e-09
7.051971725e-09
3.064807143e-09
1.370022887e-08
4.136306982e-09
1.911910454e-08
1.891940545e-09
1.851053888e-08
-8.989570964e-10
1.292570101e-08
-9.672927854e-09
9.92656432e-09
-2.302071549e-08
7.948566506e-09
-2.441448055e-08
8.82663853e-18
-1.436210389e-08
1.302281228e-19
2.023151954e-19
1.146627531e-19
3.386219303e-20
9.047900263e-20
-4.128601774e-20
7.965463838e-20
-6.976920425e-20
7.735275448e-20
-7.839543557e-20
7.8785741e-20
-7.85183727e-20
8.145143273e-20
-7.483465824e-20
8.42527426e-20
-6.94159175e-20
8.676715242e-20
-6.326883525e-20
8.886871055e-20
-5.6924332e-20
9.055500115e-20
-5.067252054e-20
9.187086317e-20
-4.466801641e-20
9.287527789e-20
-3.898416791e-20
9.362708411e-20
-3.364431742e-20
9.417911414e-20
-2.864108713e-20
9.457632452e-20
-2.394862879e-20
9.485565448e-20
-1.95304154e-20
9.504643471e-20
-1.534410824e-20
9.517096899e-20
-1.134449453e-20
9.524527175e-20
-7.485148756e-21
9.527985133e-20
-3.71925299e-21
9.527631732e-20
-3.961514144e-32
8.69901891e-20
-2.693245494e-21
7.372819174e-20
-4.73255545e-20
6.152781574e-20
-4.96436595e-20
4.919112502e-20
-4.315011714e-20
3.650652756e-20
-3.981719364e-20
2.325676461e-20
-3.997036975e-20
9.076255339e-21
-4.227492854e-20
-4.459762737e-20
4.815852802e-09
5.662994182e-10
4.866187835e-09
2.062434614e-09
6.161705109e-09
1.769301035e-09
9.530935234e-09
7.67085347e-10
1.449128546e-08
-3.068395754e-09
1.254418552e-08
1.048162519e-09
7.297435828e-09
-4.426173678e-09
2.316340334e-09
-1.803963118e-08
7.998679565e-10
-2.289805656e-08
3.407151592e-18
-1.356223585e-08
-4.081658175e-20
-8.255228393e-20
3.95145339e-20
-4.646868938e-20
6.199581612e-20
-6.376713916e-20
7.102840706e-20
-7.880176736e-20
7.722981735e-20
-8.45967127e-20
8.246945546e-20
-8.375806481e-20
8.687017347e-20
-7.923560979e-20
9.039982485e-20
-7.294591685e-20
9.311165567e-20
-6.598111219e-20
9.512052201e-20
-5.893376058e-20
9.655950529e-20
-5.211220985e-20
9.755471167e-20
-4.566409451e-20
9.821512838e-20
-3.964552904e-20
9.86303144e-20
-3.406041292e-20
9.887157248e-20
-2.888323642e-20
9.899453791e-20
-2.407252226e-20
9.904196164e-20
-1.957876796e-20
9.904604842e-20
-1.534904526e-20
9.903031476e-20
-1.132951341e-20
9.901116751e-20
-7.466616051e-21
9.899910432e-20
-3.707484665e-21
9.899697571e-20
-3.110063534e-32
9.061509284e-20
-1.627604003e-21
7.696841256e-20
-4.714626675e-20
6.424813855e-20
-4.900852733e-20
5.122998229e-20
-4.198496753e-20
3.781423565e-20
-3.823216603e-20
2.391365656e-20
-3.789863054e-20
9.30542769e-21
-3.949401084e-20
-4.120470065e-20
6.11649329e-09
2.220166486e-10
7.200321508e-09
9.786086648e-10
7.750696753e-09
1.218923995e-09
8.522515979e-09
-4.727911886e-12
1.082661491e-08
-5.372478335e-09
1.195927089e-08
-8.448370117e-11
6.345685273e-09
1.187445275e-09
-8.342790273e-10
-1.085959955e-08
-1.037284626e-09
-2.269502644e-08
-3.949108956e-18
-1.45995204e-08
-7.235657505e-21
-1.310150937e-19
2.221608985e-20
-7.592035011e-20
4.696118792e-20
-8.851210764e-20
6.523346172e-20
-9.707377641e-20
7.806846524e-20
-9.743162509e-20
8.699191048e-20
-9.26814507e-20
9.315986641e-20
-8.540370245e-20
9.736462951e-20
-7.715093098e-20
1.001590073e-19
-6.877591018e-20
1.019420727e-19
-6.071737568e-20
1.030076206e-19
-5.317843013e-20
1.035732771e-19
-4.623059853e-20
1.038002445e-19
-3.987345352e-20
1.038074909e-19
-3.406860239e-20
1.036822866e-19
-2.875894375e-20
1.034882922e-19
-2.387945463e-20
1.032716843e-19
-1.936309172e-20
1.030655803e-19
-1.514382487e-20
1.028932121e-19
-1.115794075e-20
1.027702989e-19
-7.344300037e-21
1.02706589e-19
-3.644031444e-21
1.027043992e-19
-1.864552593e-32
9.421185924e-20
-4.516143197e-22
8.008742657e-20
-4.648825686e-20
6.674309559e-20
-4.774852024e-20
5.305742869e-20
-4.015148042e-20
3.899561512e-20
-3.600026265e-20
2.453628982e-20
-3.526731103e-20
9.541123169e-21
-3.632527762e-20
-3.757564932e-20
5.559440848e-09
1.920231432e-10
5.729536536e-09
8.085194774e-10
5.412421654e-09
1.536046607e-09
3.309547182e-09
2.098163797e-09
-1.148574156e-09
-9.143490544e-10
6.770787503e-10
-1.910121708e-09
4.301090238e-09
-2.436549696e-09
6.314816976e-09
-1.287329809e-08
2.629690674e-09
-1.900988639e-08
-1.638677312e-18
-1.196982965e-08
4.488166064e-20
3.940071178e-19
9.624352076e-21
-4.066304938e-20
3.839951916e-20
-1.172871201e-19
6.487561303e-20
-1.23549517e-19
8.281863963e-20
-1.153744643e-19
9.426965873e-20
-1.041324052e-19
1.014126379e-19
-9.254678141e-20
1.057396503e-19
-8.147817306e-20
1.082175418e-19
-7.125423882e-20
1.094810183e-19
-6.198139453e-20
1.099554522e-19
-5.365348673e-20
1.099304222e-19
-4.620636494e-20
1.096050956e-19
-3.954908378e-20
1.091171495e-19
-3.358165012e-20
1.085617758e-19
-2.820453591e-20
1.080046551e-19
-2.332328336e-20
1.074909512e-19
-1.885032017e-20
1.070514644e-19
-1.470522344e-20
1.067068528e-19
-1.081410884e-20
1.064705675e-19
-7.108544672e-21
1.063506204e-19
-3.524293928e-21
1.063539201e-19
-1.086933714e-32
9.780125179e-20
7.830404238e-22
8.311673499e-20
-4.526919707e-20
6.909426532e-20
-4.580950701e-20
5.475577832e-20
-3.766436362e-20
4.010733832e-20
-3.318093405e-20
2.515082933e-20
-3.213797303e-20
9.791618753e-21
-3.279163262e-20
-3.369568776e-20
6.454615835e-09
1.198762387e-10
6.765109908e-09
4.980258459e-10
7.141795401e-09
1.159372933e-09
6.482794984e-09
2.757189774e-09
3.37457739e-09
2.193909757e-09
1.891947702e-09
-4.274517264e-10
3.25918503e-09
-3.803760263e-09
2.701986337e-09
-1.23160726e-08
2.443367482e-09
-1.875123838e-08
-1.29826149e-18
-9.526459089e-09
-3.926707599e-19
-9.71845038e-19
-6.699974111e-20
-3.663339242e-19
3.213712231e-20
-2.164235825e-19
7.305066566e-20
-1.644628981e-19
9.40606988e-20
-1.363843272e-19
1.058552825e-19
-1.15926871e-19
1.124812462e-19
-9.917277413e-20
1.159635845e-19
-8.496071964e-20
1.174903861e-19
-7.278147829e-20
1.178089261e-19
-6.230044165e-20
1.17402574e-19
-5.324767614e-20
1.165877033e-19
-4.53921976e-20
1.155725293e-19
-3.853481976e-20
1.144942638e-19
-3.250440202e-20
1.134430283e-19
-2.715432655e-20
1.124776183e-19
-2.235887391e-20
1.116360479e-19
-1.800971028e-20
1.10942579e-19
-1.401264539e-20
1.10412417e-19
-1.028468986e-20
1.100548182e-19
-6.751405919e-21
1.098749144e-19
-3.344568537e-21
1.098727464e-19
-1.180947875e-33
1.012690826e-19
2.070888297e-21
8.602770413e-20
-4.349226865e-20
7.133057119e-20
-4.319495889e-20
5.637358346e-20
-3.455792456e-20
4.118653747e-20
-2.982220689e-20
2.577378274e-20
-2.855155003e-20
1.006090661e-20
-2.89034684e-20
-2.954602873e-20
6.611320417e-09
7.991573704e-11
6.828219709e-09
2.811405358e-10
7.220018783e-09
7.676061707e-10
7.851004225e-09
2.126220479e-09
7.557939709e-09
2.487013217e-09
7.226073859e-09
-9.555223117e-11
6.250883141e-09
-2.828540482e-09
6.305573136e-09
-1.237074791e-08
6.587510043e-09
-1.903317311e-08
2.1362237e-17
-2.938949471e-09
2.108986591e-19
-1.098960553e-19
8.291080896e-20
-2.383458205e-19
8.409780674e-20
-2.176102688e-19
1.011292366e-19
-1.814940272e-19
1.14518155e-19
-1.497729982e-19
1.226093794e-19
-1.240178926e-19
1.266933007e-19
-1.032566303e-19
1.281428259e-19
-8.641035099e-20
1.279714227e-19
-7.261041134e-20
1.268616916e-19
-6.119113372e-20
1.252580526e-19
-5.164447323e-20
1.234450812e-19
-4.357978884e-20
1.21602947e-19
-3.669346583e-20
1.198443392e-19
-3.074674207e-20
1.18238481e-19
-2.55494869e-20
1.168267819e-19
-2.094819994e-20
1.156331128e-19
-1.681703124e-20
1.146705345e-19
-1.305097035e-20
1.139457009e-19
-9.560574139e-21
1.134616556e-19
-6.267793716e-21
1.132194829e-19
-3.102591664e-21
1.132162104e-19
1.206143934e-32
1.04578605e-19
3.393169858e-21
8.879207757e-20
-4.116916131e-20
7.346403405e-20
-3.994861461e-20
5.793430075e-20
-3.087787399e-20
4.224980667e-20
-2.59652234e-20
2.640986436e-20
-2.4537105e-20
1.034788451e-20
-2.46653729e-20
-2.51090084e-20
6.684855835e-09
5.987397035e-11
6.813501205e-09
1.525081707e-10
7.103920996e-09
4.772178129e-10
7.989698914e-09
1.240472012e-09
8.756483736e-09
1.720247431e-09
8.666323294e-09
-5.371969533e-12
6.981938634e-09
-1.144132153e-09
5.530322164e-09
-1.091911299e-08
2.938949405e-09
-1.644179772e-08
-3.694045279e-20
-2.733427167e-19
8.179800463e-20
-2.286345503e-19
1.036461492e-19
-2.601937096e-19
1.202140483e-19
-2.341777992e-19
1.328502657e-19
-1.941298726e-19
1.402732605e-19
-1.571956687e-19
1.433706417e-19
-1.271150031e-19
1.4353958e-19
-1.03425413e-19
1.419427656e-19
-8.481351627e-20
1.393907003e-19
-7.005850443e-20
1.364083521e-19
-5.820910146e-20
1.33322737e-19
-4.855922164e-20
1.303314042e-19
-4.058890203e-20
1.275496708e-19
-3.391235335e-20
1.250415944e-19
-2.823946391e-20
1.228397679e-19
-2.334857597e-20
1.209579506e-19
-1.90673533e-20
1.193991737e-19
-1.525922103e-20
1.181609307e-19
-1.181361401e-20
1.172384814e-19
-8.63882448e-21
1.166268577e-19
-5.656626497e-21
1.163220746e-19
-2.798076312e-21
1.163214465e-19
2.620595689e-32
1.076443383e-19
4.75461724e-21
9.137345389e-20
-3.836070163e-20
7.547910679e-20
-3.613508662e-20
5.943368323e-20
-2.668125319e-20
4.329267939e-20
-2.165089277e-20
2.705129301e-20
-2.012040758e-20
1.064597483e-20
-2.008315692e-20
-2.037353826e-20
6.927027956e-09
-4.241947696e-12
7.056058472e-09
2.349579497e-11
7.268599992e-09
2.646859479e-10
7.968359713e-09
5.407378934e-10
8.585904822e-09
1.102712413e-09
8.673327211e-09
-9.278276471e-11
6.827457327e-09
7.01745898e-10
2.85052299e-09
-6.942158166e-09
-1.823679927e-19
-1.359127308e-08
-1.217867398e-19
-3.063588038e-19
5.024194414e-20
-4.006630941e-19
1.296620596e-19
-3.396135685e-19
1.602619749e-19
-2.647772655e-19
1.697844696e-19
-2.036519677e-19
1.703539261e-19
-1.577647246e-19
1.670602318e-19
-1.238210563e-19
1.621514767e-19
-9.851645495e-20
1.566977774e-19
-7.935973411e-20
1.512401033e-19
-6.460086296e-20
1.460582319e-19
-5.302747402e-20
1.412930566e-19
-4.379439894e-20
1.370079528e-19
-3.630420965e-20
1.332225602e-19
-3.012747772e-20
1.299324823e-19
-2.495003243e-20
1.271209906e-19
-2.053784232e-20
1.247660829e-19
-1.671327786e-20
1.228447807e-19
-1.333876872e-20
1.213357203e-19
-1.030534174e-20
1.202206794e-19
-7.524424192e-21
1.194854079e-19
-4.921833108e-21
1.191201509e-19
-2.433159984e-21
1.191173169e-19
4.101707022e-32
1.104814607e-19
6.077227219e-21
9.374965954e-20
-3.509036218e-20
7.735623279e-20
-3.182164542e-20
6.08500643e-20
-2.202307823e-20
4.429353678e-20
-1.692014566e-20
2.767916525e-20
-1.532981384e-20
1.094355644e-20
-1.516980685e-20
-1.534005334e-20
6.9283606e-09
-1.099394407e-10
7.135155217e-09
-1.832760966e-10
7.426308129e-09
-2.644403075e-11
8.138419965e-09
-1.713450319e-10
8.921476494e-09
3.196711611e-10
9.998804147e-09
-1.170096785e-09
1.038511733e-08
3.154358712e-10
6.37020145e-09
-2.927238699e-09
-2.038450755e-18
-7.221072468e-09
-2.18648349e-19
-1.305967456e-18
1.11291686e-19
-7.30602958e-19
2.044983627e-19
-4.328199643e-19
2.213872727e-19
-2.816656585e-19
2.156717127e-19
-1.979360281e-19
2.042975944e-19
-1.463901044e-19
1.923648331e-19
-1.1188806e-19
1.813081976e-19
-8.74595746e-20
1.714566486e-19
-6.950799721e-20
1.628134922e-19
-5.595762657e-20
1.55291307e-19
-4.55054406e-20
1.487832459e-19
-3.728663779e-20
1.431846848e-19
-3.070602117e-20
1.384000055e-19
-2.534324962e-20
1.343446724e-19
-2.089524098e-20
1.30945555e-19
-1.713935113e-20
1.28140592e-19
-1.390899596e-20
1.258782077e-19
-1.10770633e-20
1.241166378e-19
-8.544383185e-21
1.228232704e-19
-6.231565578e-21
1.21974081e-19
-4.073075362e-21
1.215533109e-19
-2.012717972e-21
1.215475736e-19
4.751565056e-32
1.129434005e-19
7.369408464e-21
9.583124492e-20
-3.143870205e-20
7.902331347e-20
-2.709277438e-20
6.212991626e-20
-1.697675356e-20
4.521186767e-20
-1.182703454e-20
2.826409054e-20
-1.020495712e-20
1.122454364e-20
-9.951690717e-21
-1.002511415e-20
7.017220219e-09
-3.395903002e-10
7.368379779e-09
-5.344221096e-10
7.850468732e-09
-5.085024724e-10
8.423957034e-09
-7.448021584e-10
9.052099721e-09
-3.084498478e-10
6.459749156e-09
1.42226193e-09
4.881575002e-09
1.893599089e-09
5.01128418e-09
-3.056961609e-09
4.180165497e-19
-2.209797695e-09
3.5587156e-19
-2.173410077e-18
4.090751471e-19
-7.838063353e-19
3.556526685e-19
-3.793972205e-19
3.051169031e-19
-2.311293492e-19
2.672176364e-19
-1.600363088e-19
2.387996388e-19
-1.179714328e-19
2.167933185e-19
-8.988138662e-20
1.99259775e-19
-6.992579167e-20
1.850070192e-19
-5.525489155e-20
1.732656782e-19
-4.421604888e-20
1.635101098e-19
-3.574991044e-20
1.553638625e-19
-2.914062445e-20
1.485474563e-19
-2.388996641e-20
1.428480141e-19
-1.964425507e-20
1.381005623e-19
-1.614832765e-20
1.341759102e-19
-1.321531635e-20
1.309725247e-19
-1.070625586e-20
1.284108878e-19
-8.516012931e-21
1.264294554e-19
-6.563414595e-21
1.249817607e-19
-4.784230131e-21
1.240344384e-19
-3.126070521e-21
1.235660288e-19
-1.544510453e-21
1.235625855e-19
5.501739493e-32
1.150200357e-19
8.598080658e-21
9.756906298e-20
-2.744714026e-20
8.042677703e-20
-2.202873903e-20
6.322009245e-20
-1.161624522e-20
4.600256626e-20
-6.4335582e-21
2.877297041e-20
-4.797444141e-21
1.147114017e-20
-4.470456351e-21
-4.463135563e-21
6.559978092e-09
-6.679576811e-10
6.85549741e-09
-8.299242909e-10
7.081112541e-09
-7.340834748e-10
6.53703805e-09
-2.007025211e-10
6.563131577e-09
-3.345428262e-10
3.970222181e-09
4.015159606e-09
1.641229218e-10
5.699672963e-09
6.938567215e-10
-3.586718397e-09
7.668736296e-18
-1.515941527e-09
1.745027315e-18
1.083364198e-18
8.134837779e-19
1.477374952e-19
5.039205397e-19
-6.983370967e-20
3.762099436e-19
-1.03418286e-19
3.092825123e-19
-9.310843958e-20
2.66889685e-19
-7.55778874e-20
2.367489135e-19
-5.973991701e-20
2.139306751e-19
-4.710735634e-20
1.960458619e-19
-3.736984718e-20
1.817318166e-19
-2.990184508e-20
1.701193958e-19
-2.413750162e-20
1.606145205e-19
-1.963589442e-20
1.527931677e-19
-1.606887841e-20
1.463439416e-19
-1.319541435e-20
1.410335736e-19
-1.083847733e-20
1.366849707e-19
-8.867365973e-21
1.331627676e-19
-7.184764985e-21
1.303634861e-19
-5.717357318e-21
1.282086399e-19
-4.409004905e-21
1.266399203e-19
-3.21578765e-21
1.256159984e-19
-2.102344307e-21
1.251105393e-19
-1.039081678e-21
1.251077589e-19
6.802088939e-32
1.166505039e-19
9.747226429e-21
9.891007367e-20
-2.316497484e-20
8.150862796e-20
-1.670455155e-20
6.406609151e-20
-6.019006801e-21
4.66203735e-20
-8.109349408e-22
2.91730299e-20
8.287249066e-22
1.166592081e-20
1.216971026e-21
1.294067293e-21
6.321542356e-09
-1.344225963e-09
7.19719055e-09
-1.705547079e-09
7.567948855e-09
-1.104820619e-09
8.258459379e-09
-8.912135608e-10
9.357051392e-09
-1.433163569e-09
1.714576939e-08
-3.773601074e-09
2.374797212e-08
-9.025641848e-10
1.019540496e-08
9.965860572e-09
2.081170684e-17
8.679447509e-09
8.088120536e-19
1.520945254e-18
5.959128449e-19
3.606370737e-19
4.703359634e-19
5.574354763e-20
3.8651979e-19
-1.960145118e-20
3.268130645e-19
-3.340113074e-20
2.827276554e-19
-3.149222033e-20
2.493814741e-19
-2.63931736e-20
2.236681843e-19
-2.139373982e-20
2.03513864e-19
-1.721521679e-20
1.874961601e-19
-1.388398888e-20
1.74621003e-19
-1.126233767e-20
1.641815365e-19
-9.196486976e-21
1.556666317e-19
-7.554088041e-21
1.487008786e-19
-6.229848893e-21
1.43004685e-19
-5.142615104e-21
1.383675717e-19
-4.230806315e-21
1.346301753e-19
-3.448093327e-21
1.316718386e-19
-2.75972271e-21
1.294018571e-19
-2.139528528e-21
1.277533636e-19
-1.56758089e-21
1.266792611e-19
-1.028362214e-21
1.26149621e-19
-5.093556104e-22
1.261483521e-19
7.508416845e-32
1.177888542e-19
1.07931845e-20
9.981315342e-20
-1.864631826e-20
8.222214578e-20
-1.118975194e-20
6.462261422e-20
-2.638362753e-22
4.70269733e-20
4.962528483e-21
2.943630785e-20
6.599110313e-21
1.179397717e-20
7.040536744e-21
7.179767695e-21
4.755588794e-09
-2.914736692e-09
6.789548978e-09
-3.739492998e-09
7.217354411e-09
-1.532631648e-09
7.736324181e-09
-1.410216691e-09
8.270048442e-09
-1.966934137e-09
1.172662875e-08
-7.230236115e-09
1.418133366e-08
-3.357359109e-09
4.864120467e-09
1.928295772e-08
3.792652577e-18
1.354353076e-08
-3.500439615e-19
-1.256999219e-18
2.910189752e-19
-2.804255712e-19
3.949909646e-19
-4.822813608e-20
3.727201104e-19
2.66978766e-21
3.287219749e-19
1.059762099e-20
2.878267021e-19
9.40366209e-21
2.543809079e-19
7.053094915e-21
2.278467073e-19
5.140753493e-21
2.068450919e-19
3.786620655e-21
1.901178113e-19
2.843321532e-21
1.766868537e-19
2.168477799e-21
1.658239355e-19
1.666208124e-21
1.569908709e-19
1.278772734e-21
1.497881124e-19
9.727902649e-22
1.439164937e-19
7.288708136e-22
1.391502847e-19
5.350598183e-22
1.353185459e-19
3.830363262e-22
1.322920327e-19
2.66084302e-22
1.299738048e-19
1.781215261e-22
1.282925823e-19
1.132967404e-22
1.271982677e-19
6.584814814e-23
1.266589766e-19
3.00322861e-23
1.26656241e-19
7.217056556e-32
1.184472812e-19
1.169152416e-20
1.002583752e-19
-1.391317415e-20
8.254101105e-20
-5.547576742e-21
6.485983752e-20
5.573953845e-21
4.719554417e-20
1.0805575e-20
2.954274326e-20
1.243257161e-20
1.18444847e-20
1.292095936e-20
1.311643444e-20
2.568633402e-09
-4.895902245e-09
5.85947806e-09
-7.030355824e-09
6.89027895e-09
-2.563472043e-09
5.692277907e-09
-2.122563404e-10
3.200089662e-09
5.252251325e-10
-5.047243517e-09
1.01709533e-09
-1.011367715e-08
1.709088981e-09
-1.512766914e-09
1.068201857e-08
7.9102712e-18
1.203076372e-08
6.293208022e-19
-9.365778111e-19
5.232162607e-19
-1.743207371e-19
4.458888883e-19
2.909977311e-20
3.806479438e-19
6.791133147e-20
3.27528016e-19
6.371775143e-20
2.854761349e-19
5.145618204e-20
2.524685665e-19
4.006116178e-20
2.264925744e-19
3.111713641e-20
2.059017928e-19
2.437766095e-20
1.894429676e-19
1.930222572e-20
1.76184584e-19
1.54267335e-20
1.654365001e-19
1.241395519e-20
1.566848884e-19
1.003000661e-20
1.495441929e-19
8.113292581e-21
1.437226827e-19
6.550355091e-21
1.389982612e-19
5.259366036e-21
1.352015939e-19
4.179313298e-21
1.3220407e-19
3.26301723e-21
1.2990898e-19
2.47263892e-21
1.282451337e-19
1.776761239e-21
1.271624518e-19
1.148408066e-21
1.266289443e-19
5.635683997e-22
1.266281169e-19
7.810691178e-32
1.185376361e-19
1.247329137e-20
1.002067358e-19
-9.036808666e-21
8.243516043e-20
1.499633022e-22
6.475676049e-20
1.141005124e-20
4.711044947e-20
1.663158575e-20
2.948100183e-20
1.824362813e-20
1.181129103e-20
1.877375095e-20
1.902037661e-20
5.273091089e-09
-5.477110552e-09
9.000303676e-09
-1.075760741e-08
1.284105902e-08
-6.404274473e-09
1.360684766e-08
-9.780729345e-10
1.147185489e-08
2.660197001e-09
6.022267383e-09
6.466607871e-09
-1.973005807e-09
9.70434105e-09
-5.434769808e-09
1.414374659e-08
3.023210412e-17
6.595993904e-09
1.394662979e-18
1.162748197e-18
7.266358545e-19
4.937063996e-19
4.847004467e-19
2.710357685e-19
3.764543637e-19
1.761579684e-19
3.152664466e-19
1.249058927e-19
2.740811147e-19
9.264194588e-20
2.435245411e-19
7.061838018e-20
2.19753099e-19
5.488935743e-20
2.008263575e-19
4.330507484e-20
1.855674754e-19
3.456156381e-20
1.731718057e-19
2.782254172e-20
1.630525515e-19
2.253292624e-20
1.547681744e-19
1.831386521e-20
1.479812554e-19
1.489983829e-20
1.424316937e-19
1.209983473e-20
1.379182085e-19
9.772851189e-21
1.342852978e-19
7.812041218e-21
1.314136916e-19
6.134213861e-21
1.292131023e-19
4.672748459e-21
1.276167805e-19
3.372722898e-21
1.265776121e-19
2.187435009e-21
1.260653759e-19
1.075749885e-21
1.260623254e-19
8.091496456e-32
1.181343075e-19
1.309499475e-20
9.968963033e-20
-4.045427685e-21
8.192556018e-20
5.841080247e-21
6.432200959e-20
1.717235949e-20
4.677391037e-20
2.236038165e-20
2.925070595e-20
2.394943113e-20
1.169359529e-20
2.451488335e-20
2.480709603e-20
1.023627605e-08
-6.242467273e-09
1.409778949e-08
-1.461914657e-08
1.924402042e-08
-1.155049929e-08
2.04199901e-08
-2.154009364e-09
1.501080219e-08
8.069389866e-09
6.07052228e-09
1.540681106e-08
-4.319311473e-09
2.009408772e-08
-6.595993906e-09
1.642046347e-08
1.15988425e-18
4.262905656e-18
7.272681017e-19
1.595364344e-18
5.039662975e-19
7.170082927e-19
3.898226466e-19
3.851796759e-19
3.25202288e-19
2.407786393e-19
2.830024999e-19
1.671063755e-19
2.52057549e-19
1.235869978e-19
2.277955184e-19
9.488025216e-20
2.081688164e-19
7.451603972e-20
1.920828465e-19
5.939125746e-20
1.788284533e-19
4.781629349e-20
1.678821902e-19
3.876900542e-20
1.588334905e-19
3.158137809e-20
1.513541475e-19
2.579256144e-20
1.451812519e-19
2.107209868e-20
1.401047102e-19
1.717605117e-20
1.359573985e-19
1.39200674e-20
1.326074705e-19
1.116184584e-20
1.299522262e-19
8.789175183e-21
1.279130767e-19
6.711525626e-21
1.264314926e-19
4.854001323e-21
1.25465927e-19
3.152846884e-21
1.24989626e-19
1.551942409e-21
1.249869906e-19
7.929672476e-32
1.17220305e-19
1.355301895e-20
9.872816966e-20
9.946664106e-22
8.103072205e-20
1.146670887e-20
6.357217858e-20
2.279074335e-20
4.619808818e-20
2.791618266e-20
2.885922467e-20
2.947184899e-20
1.149472804e-20
3.006432759e-20
3.039539216e-20
1.198553898e-08
-1.030247071e-08
1.887830973e-08
-2.15119294e-08
2.556013369e-08
-1.823232268e-08
2.960213242e-08
-6.195965371e-09
2.39363167e-08
1.373524413e-08
1.231993032e-08
2.702318587e-08
6.571051359e-09
2.58429127e-08
-4.05601955e-17
2.29915322e-08
-1.447893945e-18
-1.087688439e-18
-1.510906766e-19
2.985615982e-19
1.721376806e-19
3.937800988e-19
2.4542161e-19
3.118962946e-19
2.515300241e-19
2.346700772e-19
2.394831222e-19
1.791533944e-19
2.233508033e-19
1.397195982e-19
2.074313059e-19
1.107997222e-19
1.930440341e-19
8.89031621e-20
1.805078825e-19
7.192738929e-20
1.697811652e-19
5.854321566e-20
1.606945629e-19
4.785587843e-20
1.530446738e-19
3.923119221e-20
1.466336847e-19
3.220297573e-20
1.412852044e-19
2.641981388e-20
1.368487264e-19
2.161195374e-20
1.331991769e-19
1.75693065e-20
1.302347998e-19
1.412600648e-20
1.278745767e-19
1.114912591e-20
1.260555524e-19
8.530228238e-21
1.247303382e-19
6.178946849e-21
1.238650225e-19
4.017993809e-21
1.234376836e-19
1.979155418e-21
1.234368541e-19
7.561423745e-32
1.158661096e-19
1.381166493e-20
9.735905815e-20
6.050941213e-21
7.978730354e-20
1.696768606e-20
6.253623325e-20
2.82026634e-20
4.540401239e-20
3.323115634e-20
2.83201542e-20
3.474024243e-20
1.122127657e-20
3.534909653e-20
3.571068854e-20
-7.355740703e-10
-1.22181617e-08
3.956815679e-10
-2.264313835e-08
2.228466647e-09
-2.006508991e-08
7.19129287e-09
-1.115880516e-08
1.075910155e-08
1.016740846e-08
5.895150036e-09
3.188718967e-08
3.550223663e-09
2.81878775e-08
-2.449585069e-17
2.654177298e-08
-5.717220017e-20
9.726500487e-19
-5.586936282e-20
2.972588825e-19
9.025387645e-20
2.476567576e-19
1.681953925e-19
2.339554013e-19
1.960133414e-19
2.068530914e-19
2.00049326e-19
1.751178079e-19
1.944309274e-19
1.453383068e-19
1.855347458e-19
1.196957696e-19
1.760682613e-19
9.836943714e-20
1.671237089e-19
8.087175105e-20
1.59093828e-19
6.657311644e-20
1.520698767e-19
5.488014694e-20
1.460164573e-19
4.528484924e-20
1.408505228e-19
3.736870203e-20
1.364773442e-19
3.079243365e-20
1.328060791e-19
2.528264946e-20
1.297558769e-19
2.061910375e-20
1.272579192e-19
1.662366063e-20
1.25255679e-19
1.315105702e-20
1.237042711e-19
1.008131569e-20
1.225693852e-19
7.31356833e-21
1.218261842e-19
4.761005822e-21
1.214585282e-19
2.34669193e-21
1.214565837e-19
7.227809797e-32
1.140387398e-19
1.392142119e-20
9.56004656e-20
1.103966993e-20
7.822112077e-20
2.227736543e-20
6.124375436e-20
3.334190307e-20
4.441688812e-20
3.824179202e-20
2.765089208e-20
3.969179747e-20
1.088196949e-20
4.030489656e-20
4.068717617e-20
-3.782019777e-08
-1.522707676e-09
-5.191332193e-08
-8.54997285e-09
-5.275338403e-08
-1.922494747e-08
-3.893816094e-08
-2.497399501e-08
-1.638856816e-08
-1.238218907e-08
-9.101539875e-09
2.46001511e-08
-5.878476781e-09
2.49648969e-08
7.402041014e-18
2.06632954e-08
-7.280319782e-19
-1.772752674e-18
-1.054722217e-19
-3.253006492e-19
7.655252016e-20
6.563182279e-20
1.410930825e-19
1.694142565e-19
1.642780579e-19
1.836679417e-19
1.702698249e-19
1.691260998e-19
1.687883901e-19
1.468197716e-19
1.642084133e-19
1.242753755e-19
1.585705752e-19
1.040069781e-19
1.528250743e-19
8.661678512e-20
1.474008585e-19
7.199693257e-20
1.42474579e-19
5.980649687e-20
1.381003101e-19
4.965945591e-20
1.342742545e-19
4.119488641e-20
1.3096756e-19
3.409892118e-20
1.281425334e-19
2.810733741e-20
1.257604338e-19
2.300090075e-20
1.237853156e-19
1.859850386e-20
1.221859377e-19
1.475012968e-20
1.209365237e-19
1.133040856e-20
1.200168226e-19
8.232996066e-21
1.194118703e-19
5.365753674e-21
1.191118362e-19
2.646623795e-21
1.19104082e-19
7.287910202e-32
1.118717523e-19
1.385078265e-20
9.353608297e-20
1.592700795e-20
7.639883249e-20
2.734603675e-20
5.974251172e-20
3.816119112e-20
4.327005298e-20
4.289895553e-20
2.687293117e-20
4.427539094e-20
1.04873751e-20
4.487824325e-20
4.526953396e-20
-4.866024903e-08
6.172231422e-09
-5.665412798e-08
-5.561407866e-10
-5.293349324e-08
-2.294558189e-08
-4.166758475e-08
-3.62398387e-08
-3.189963254e-08
-2.215008468e-08
-2.256346588e-08
1.526397978e-08
-1.091152589e-08
1.331290097e-08
2.292631396e-18
9.751769496e-09
7.236200842e-19
1.732615357e-19
2.854595952e-19
1.128597274e-19
1.803349539e-19
1.70757699e-19
1.553467677e-19
1.944026709e-19
1.49736216e-19
1.892785764e-19
1.479634967e-19
1.70899089e-19
1.46243994e-19
1.485392102e-19
1.43940016e-19
1.265790602e-19
1.411803822e-19
1.067663955e-19
1.382052217e-19
8.959109516e-20
1.352104228e-19
7.499056564e-20
1.32327538e-19
6.268866974e-20
1.296357406e-19
5.235108632e-20
1.271782892e-19
4.365230246e-20
1.249759763e-19
3.630109122e-20
1.230360968e-19
3.004702195e-20
1.213580369e-19
2.467878774e-20
1.199369415e-19
2.001941004e-20
1.187662166e-19
1.592059542e-20
1.178391112e-19
1.225721169e-20
1.171495803e-19
8.922253236e-21
1.166927404e-19
5.822390617e-21
1.164652124e-19
2.874070392e-21
1.164686846e-19
6.290490349e-32
1.094017163e-19
1.361011243e-20
9.122104797e-20
2.066054892e-20
7.436942525e-20
3.213004144e-20
5.807431144e-20
4.262023111e-20
4.199582023e-20
4.716314104e-20
2.60081131e-20
4.845055055e-20
1.004850642e-20
4.902659784e-20
4.941349187e-20
9.242361942e-09
4.940586876e-09
9.539357361e-09
-8.531271861e-10
9.99010554e-10
-1.440528752e-08
-1.71785501e-08
-1.80623039e-08
-2.894809404e-08
-1.038050634e-08
-2.076747961e-08
7.083363692e-09
-9.737164076e-09
2.282584529e-09
-1.834396956e-18
1.460551677e-11
6.651645938e-19
7.143367735e-19
3.433563875e-19
4.346676317e-19
2.039799258e-19
3.101342099e-19
1.502226732e-19
2.481599022e-19
1.313567286e-19
2.081444442e-19
1.256036178e-19
1.766521782e-19
1.24283844e-19
1.498584615e-19
1.241273513e-19
1.267353308e-19
1.240050819e-19
1.068886716e-19
1.236046922e-19
8.99905085e-20
1.229085269e-19
7.568503464e-20
1.219899546e-19
6.360579136e-20
1.209369568e-19
5.340321863e-20
1.19827078e-19
4.476166602e-20
1.18721907e-19
3.740589507e-20
1.176678625e-19
3.110083052e-20
1.166986592e-19
2.564786309e-20
1.158381268e-19
2.087981627e-20
1.151028328e-19
1.66556819e-20
1.145041527e-19
1.285562209e-20
1.140497176e-19
9.3764318e-21
1.137444202e-19
6.127509182e-21
1.135911421e-19
3.02728938e-21
1.135900961e-19
5.33404858e-32
1.066824106e-19
1.321201452e-20
8.871085601e-20
2.518608902e-20
7.218170302e-20
3.659267261e-20
5.628004606e-20
4.668679167e-20
4.062583238e-20
5.100399771e-20
2.50781032e-20
5.218670166e-20
9.57642276e-21
5.271799067e-20
5.308585165e-20
-3.207550806e-09
5.314662216e-09
-2.78437936e-09
-1.27625265e-09
-3.575869536e-09
-1.361375565e-08
-9.73590972e-09
-1.190228943e-08
-8.464822683e-09
-1.165163502e-08
-2.296897147e-09
9.154248827e-10
-1.460552923e-11
2.931910133e-13
7.529927234e-19
2.350185065e-18
3.855194252e-19
1.08181007e-18
2.188247311e-19
6.013625472e-19
1.42005618e-19
3.869531218e-19
1.102072152e-19
2.799583176e-19
9.986446263e-20
2.184867696e-19
9.88099012e-20
1.77706374e-19
1.011607132e-19
1.475070408e-19
1.042806922e-19
1.236159273e-19
1.071069188e-19
1.04063418e-19
1.092992184e-19
8.779800918e-20
1.108292836e-19
7.415371611e-20
1.117873819e-19
6.264632701e-20
1.122954042e-19
5.289416298e-20
1.124713071e-19
4.458501609e-20
1.124168424e-19
3.745983231e-20
1.122148951e-19
3.130247957e-20
1.119306124e-19
2.593201852e-20
1.116139925e-19
2.11963371e-20
1.11302773e-19
1.696672775e-20
1.110249624e-19
1.313319522e-20
1.10800795e-19
9.600373054e-21
1.106442004e-19
6.283963441e-21
1.105638527e-19
3.107598468e-21
1.10562615e-19
5.373020417e-32
1.038264135e-19
1.263844803e-20
8.60762667e-20
2.949133647e-20
6.989249582e-20
4.071079981e-20
5.440253324e-20
5.034259164e-20
3.919186889e-20
5.440222233e-20
2.410458416e-20
5.546333549e-20
9.082264787e-21
5.593095318e-20
5.626452724e-20
4.328339886e-09
4.884134714e-09
-1.484489045e-09
4.536542733e-09
-7.315977703e-09
-7.782234075e-09
-8.526716863e-09
-1.069156704e-08
1.460941547e-09
-2.163931911e-08
-1.672249086e-09
4.0485902e-09
-1.541633622e-18
-1.671948264e-09
-4.441834465e-19
1.252734887e-18
-9.49273674e-20
7.32554996e-19
4.415305612e-21
5.020191257e-19
3.501081386e-20
3.563576483e-19
4.873566723e-20
2.662339968e-19
5.908406701e-20
2.081382461e-19
6.861056804e-20
1.681796556e-19
7.726959974e-20
1.388473841e-19
8.472818281e-20
1.161586584e-19
9.084150998e-20
9.795194534e-20
9.565492528e-20
8.298524528e-20
9.932189448e-20
7.048617014e-20
1.020352178e-19
5.993201587e-20
1.039862573e-19
5.09421984e-20
1.053461233e-19
4.32243837e-20
1.062594897e-19
3.654590855e-20
1.068444341e-19
3.071722961e-20
1.07194931e-19
2.558140009e-20
1.073843831e-19
2.100679854e-20
1.074692405e-19
1.688171932e-20
1.074921403e-19
1.311009117e-20
1.074843854e-19
9.607944038e-21
1.074678354e-19
6.300417863e-21
1.074562542e-19
3.119158903e-21
1.074540703e-19
4.595361963e-32
1.008336719e-19
1.195448476e-20
8.335538277e-20
3.35257733e-20
6.753754399e-20
4.446390877e-20
5.247662677e-20
5.357025487e-20
3.772330446e-20
5.734404913e-20
2.310861379e-20
5.826832842e-20
8.57710669e-21
5.865404816e-20
5.893851286e-20
1.334681684e-08
2.999474979e-09
1.395539083e-08
3.927951375e-09
5.189188913e-09
9.84001021e-10
8.650149958e-10
-6.367367502e-09
5.31361381e-09
-2.608790748e-08
-8.83717313e-10
1.024584877e-08
1.295934222e-17
-2.555663939e-09
-7.411297697e-19
9.152103498e-20
-3.25463246e-19
3.1688846e-19
-1.412461717e-19
3.178018972e-19
-5.511283764e-20
2.702245315e-19
-9.360083439e-21
2.204813093e-19
1.912547642e-20
1.796520254e-19
3.927829655e-20
1.480258087e-19
5.458087407e-20
1.235430117e-19
6.652146976e-20
1.042183322e-19
7.587480992e-20
8.859970363e-20
8.315585015e-20
7.570456818e-20
8.876774021e-20
6.487371694e-20
9.304540036e-20
5.565340387e-20
9.626844256e-20
4.771820442e-20
9.866764812e-20
4.082438332e-20
1.004308108e-19
3.478219897e-20
1.017086046e-19
2.943915998e-20
1.026203294e-19
2.466957672e-20
1.032593039e-19
2.03677556e-20
1.036976124e-19
1.644328815e-20
1.039899931e-19
1.281755193e-20
1.041768592e-19
9.420952606e-21
1.042865764e-19
6.190655314e-21
1.043370953e-19
3.068640089e-21
1.043405625e-19
3.489642548e-32
9.784808495e-20
1.113938675e-20
8.063513577e-20
3.729583783e-20
6.518304045e-20
4.785219873e-20
5.054879546e-20
5.637215596e-20
3.62532388e-20
5.982901503e-20
2.211254788e-20
6.060021169e-20
8.072460139e-21
6.088662542e-20
6.110829256e-20
1.39398929e-08
2.34641286e-09
1.486747426e-08
3.000420207e-09
1.177957099e-08
4.07196898e-09
6.699920012e-09
-1.287671764e-09
3.015937469e-09
-2.240391585e-08
3.923480077e-09
9.338354072e-09
9.663147494e-17
1.367853873e-09
-5.518000204e-19
-1.294793664e-19
-3.245497954e-19
8.963890839e-20
-1.888235375e-19
1.820749006e-19
-1.048560598e-19
1.862569553e-19
-5.018936733e-20
1.658139086e-19
-1.25007403e-20
1.419621628e-19
1.479549954e-20
1.207266586e-19
3.525619455e-20
1.030792026e-19
5.090284119e-20
8.857057935e-20
6.297967448e-20
7.652289554e-20
7.232499891e-20
6.635915124e-20
7.954742714e-20
5.765072306e-20
8.51102009e-20
5.008976609e-20
8.937462146e-20
4.345285953e-20
9.262546378e-20
3.757275255e-20
9.508777176e-20
3.231936641e-20
9.693902129e-20
2.758765732e-20
9.83185083e-20
2.328999869e-20
9.933483642e-20
1.935136444e-20
1.000718761e-19
1.570615108e-20
1.005933938e-19
1.22959275e-20
1.009465619e-19
9.06772508e-21
1.011645612e-19
5.972661058e-21
1.012684552e-19
2.964771763e-21
1.012667593e-19
3.096444194e-32
9.48918117e-20
1.021005868e-20
7.795893986e-20
4.07868004e-20
6.286843205e-20
5.087970694e-20
4.865493112e-20
5.875413829e-20
3.481111685e-20
6.186314801e-20
2.113743078e-20
6.246599926e-20
7.579396672e-21
6.263805564e-20
6.278546006e-20
1.767681686e-08
1.367730826e-09
1.913525075e-08
1.542019047e-09
2.434505229e-08
-1.137785088e-09
2.286213925e-08
1.952345075e-10
1.349463748e-09
-8.912642517e-10
1.066974632e-09
9.620853175e-09
3.632642525e-17
2.434822959e-09
-1.927212636e-19
-4.796213076e-22
-2.32113817e-19
1.290328901e-19
-1.846414828e-19
1.346005987e-19
-1.252991065e-19
1.269138298e-19
-7.404111317e-20
1.145555366e-19
-3.373624447e-20
1.016586464e-19
-2.851956438e-21
8.984016032e-20
2.074757126e-20
7.947739501e-20
3.885515738e-20
7.046217623e-20
5.281593018e-20
6.25621018e-20
6.361657073e-20
5.555837556e-20
7.198647017e-20
4.928032824e-20
7.847329435e-20
4.360217484e-20
8.349451448e-20
3.843078426e-20
8.737207764e-20
3.369445693e-20
9.035606267e-20
2.93349015e-20
9.264136266e-20
2.530211859e-20
9.437987406e-20
2.155138133e-20
9.568962306e-20
1.804153642e-20
9.666165257e-20
1.47340346e-20
9.73651914e-20
1.159232327e-20
9.785149792e-20
8.581413232e-21
9.81566719e-20
5.667529568e-21
9.830368345e-20
2.817805919e-21
9.830379836e-20
2.384184197e-32
9.200910389e-20
9.200042708e-21
7.536530531e-20
4.398960172e-20
6.063163763e-20
5.355127131e-20
4.68291005e-20
6.072602304e-20
3.342468471e-20
6.34587588e-20
2.020305641e-20
6.388061644e-20
7.10830009e-21
6.392710007e-20
6.399198986e-20
1.416108024e-08
1.471125112e-09
1.360634102e-08
2.096772251e-09
1.225394357e-08
2.146193017e-10
6.71281233e-09
5.736400748e-09
1.859597794e-10
5.635563188e-09
-2.43483396e-09
1.224161907e-08
-1.495039383e-20
4.058946464e-19
-1.552553186e-19
1.398252663e-19
-2.265461128e-19
2.003232173e-19
-1.923282518e-19
1.003830712e-19
-1.376573997e-19
7.224329128e-20
-8.693800336e-20
6.38386079e-20
-4.555473055e-20
6.028013781e-20
-1.321472174e-20
5.750082727e-20
1.173235248e-20
5.452938006e-20
3.095508294e-20
5.123864604e-20
4.581220394e-20
4.770465155e-20
5.733852341e-20
4.403180067e-20
6.630831676e-20
4.031009956e-20
7.330190377e-20
3.660793724e-20
7.875818715e-20
3.297376982e-20
8.301252221e-20
2.943950842e-20
8.632327975e-20
2.602375096e-20
8.88906254e-20
2.273456687e-20
9.087002915e-20
1.95718624e-20
9.238212125e-20
1.652935017e-20
9.351994124e-20
1.359613403e-20
9.435428136e-20
1.075794737e-20
9.493761425e-20
7.998108288e-21
9.530694825e-20
5.298255355e-21
9.548587753e-20
2.638925394e-21
9.548642119e-20
1.484506222e-32
8.926315595e-20
8.118698008e-21
7.290368078e-20
4.690896893e-20
5.851514577e-20
5.587850309e-20
4.510577744e-20
6.230559236e-20
3.212033544e-20
6.463625123e-20
1.932751861e-20
6.486726182e-20
6.668413384e-21
6.478134842e-20
6.475905591e-20
1.693497871e-08
1.426831138e-09
1.592312004e-08
3.108637695e-09
1.166630636e-08
4.471377521e-09
5.657840707e-09
1.174491298e-08
4.458681427e-10
1.084751059e-08
2.83578314e-09
9.851688352e-09
-3.266275286e-19
2.83576081e-09
-5.048736626e-19
3.180749739e-19
-3.264862639e-19
2.193570072e-20
-2.204680316e-19
-5.632827294e-21
-1.460620831e-19
-2.164926198e-21
-9.049647345e-20
8.276343954e-21
-4.833404109e-20
1.812008912e-20
-1.618616896e-20
2.535311327e-20
8.441618455e-21
2.990110911e-20
2.742108845e-20
3.22587772e-20
4.213935307e-20
3.298614971e-20
5.361682229e-20
3.255409343e-20
6.260615445e-20
3.13203858e-20
6.966773636e-20
2.954579448e-20
7.522392575e-20
2.741697504e-20
7.959676476e-20
2.506619311e-20
8.303409565e-20
2.258613239e-20
8.572792093e-20
2.004058732e-20
8.782751692e-20
1.747216535e-20
8.94489051e-20
1.490787554e-20
9.068175459e-20
1.236322324e-20
9.159444228e-20
9.84525036e-21
9.223776132e-20
7.354833412e-21
9.264761829e-20
4.888457774e-21
9.284695214e-20
2.439627097e-21
9.284440631e-20
9.93456488e-33
8.667543522e-20
6.987592589e-21
7.060503819e-20
4.954012207e-20
5.655012623e-20
5.787293012e-20
4.351306914e-20
6.351366184e-20
3.091991213e-20
6.542232546e-20
1.852533224e-20
6.545650221e-20
6.266855353e-21
6.523580883e-20
6.512495319e-20
1.76797271e-08
1.921002222e-09
1.717744102e-08
3.610950018e-09
1.271590337e-08
8.932891354e-09
5.02550742e-09
1.943515901e-08
6.372382434e-10
1.523580241e-08
-4.454122374e-09
1.494299767e-08
5.035983615e-14
-1.618236839e-09
-6.45066536e-19
-3.770508777e-19
-3.540585783e-19
-2.690720942e-19
-2.170001305e-19
-1.426912794e-19
-1.356208129e-19
-8.355241644e-20
-8.065272829e-20
-4.669317295e-20
-4.110101693e-20
-2.143171963e-20
-1.163817312e-20
-4.110158222e-21
1.079928655e-20
7.463055646e-21
2.814846096e-20
1.490925268e-20
4.170729679e-20
1.942714304e-20
5.238311466e-20
2.187811284e-20
6.083156313e-20
2.287164543e-20
6.753891692e-20
2.283798385e-20
7.287314382e-20
2.208227091e-20
7.711670403e-20
2.08222827e-20
8.048855058e-20
1.92140846e-20
8.315949896e-20
1.736952419e-20
8.526322711e-20
1.536835101e-20
8.690425279e-20
1.326677774e-20
8.816378171e-20
1.110365296e-20
8.910402533e-20
8.905012169e-21
8.977138568e-20
6.687513407e-21
9.019878761e-20
4.46109685e-21
9.040732504e-20
2.231101781e-21
9.040256915e-20
1.555664752e-33
8.426917411e-20
5.823928035e-21
6.849070163e-20
5.188018319e-20
5.47612968e-20
5.954267169e-20
4.207256229e-20
6.437418651e-20
2.983892729e-20
6.584971612e-20
1.780573255e-20
6.568519473e-20
5.907641675e-21
6.53307194e-20
6.513202851e-20
2.028470522e-08
2.332405673e-09
2.050455772e-08
3.391149873e-09
1.751302675e-08
1.192440321e-08
1.111158236e-08
2.58365895e-08
1.731219931e-09
2.46160785e-08
1.618287411e-09
1.505593109e-08
-2.440861699e-19
-1.552685899e-19
-2.664001293e-19
-3.547369281e-19
-2.276740922e-19
-3.077965843e-19
-1.578612675e-19
-2.125112945e-19
-9.876156942e-20
-1.426510509e-19
-5.539127497e-20
-9.006125213e-20
-2.377945552e-20
-5.304292842e-20
-6.495925204e-23
-2.782496746e-20
1.824548358e-20
-1.084780893e-20
3.266635132e-20
4.881959607e-22
4.415826659e-20
7.935166826e-21
5.337664724e-20
1.265964949e-20
6.079790155e-20
1.545018194e-20
6.678320398e-20
1.685232318e-20
7.16131556e-20
1.725195038e-20
7.550850594e-20
1.692666915e-20
7.864399017e-20
1.607844103e-20
8.115832578e-20
1.485507857e-20
8.316165384e-20
1.336492949e-20
8.474112801e-20
1.168722817e-20
8.596514092e-20
9.879596622e-21
8.688652657e-20
7.983618354e-21
8.754496912e-20
6.029079509e-21
8.796879254e-20
4.037274957e-21
8.817622326e-20
2.023652362e-21
8.817414458e-20
-5.494114818e-33
8.204479799e-20
4.651833125e-21
6.657529432e-20
5.391210653e-20
5.316173901e-20
6.089736829e-20
4.079507982e-20
6.491344609e-20
2.888361566e-20
6.595571039e-20
1.717076492e-20
6.559431956e-20
5.590783328e-21
6.5108299e-20
6.482262823e-20
2.447305137e-08
2.301747198e-09
2.162831971e-08
6.235853344e-09
1.374514679e-08
1.980762245e-08
1.005296331e-08
2.952885584e-08
4.641494279e-09
3.002755886e-08
2.087547013e-09
1.760987363e-08
-3.025432504e-19
2.087544596e-09
2.637431614e-20
-6.836490049e-19
-1.323886127e-19
-1.490225972e-19
-8.800102393e-20
-2.56898633e-19
-4.617177067e-20
-1.844797958e-19
-1.837295126e-20
-1.178590877e-19
1.438505437e-21
-7.285384475e-20
1.691219928e-20
-4.329874474e-20
2.958148847e-20
-2.35172847e-20
4.011332219e-20
-1.004366575e-20
4.888274926e-20
-8.342211756e-22
5.616717969e-20
5.37519568e-21
6.220004279e-20
9.417169893e-21
6.718283119e-20
1.1869282e-20
7.128787438e-20
1.314666289e-20
7.466027781e-20
1.355409804e-20
7.742062771e-20
1.331797961e-20
7.96681767e-20
1.260743349e-20
8.148395252e-20
1.154906035e-20
8.293349646e-20
1.023760211e-20
8.406916265e-20
8.743867224e-21
8.493198772e-20
7.120744899e-21
8.555316457e-20
5.407855008e-21
8.595516995e-20
3.635214935e-21
8.61525709e-20
1.826197443e-21
8.614920644e-20
-7.301821748e-33
8.00443712e-20
3.45829702e-21
6.486635994e-20
5.565335904e-20
5.175658896e-20
6.194903759e-20
3.967976144e-20
6.516365517e-20
2.804926943e-20
6.578150233e-20
1.66143992e-20
6.522623629e-20
5.312037946e-21
6.460902007e-20
6.423486036e-20
3.234466632e-08
7.492275525e-10
3.58883579e-08
2.692139338e-09
5.321358081e-08
2.482401537e-09
8.153426745e-08
1.208031738e-09
2.062517479e-09
1.094993947e-07
-2.50630177e-09
2.217870078e-08
-1.10663441e-09
6.878769928e-10
-1.462411135e-18
-1.106630807e-09
-2.402442047e-19
-1.371179512e-18
-1.558218674e-20
-4.815621079e-19
2.044893738e-20
-2.20510107e-19
2.663229174e-20
-1.240417582e-19
3.099360545e-20
-7.721490842e-20
3.669365932e-20
-4.899876431e-20
4.305510741e-20
-2.987867583e-20
4.932276677e-20
-1.631118114e-20
5.509216612e-20
-6.603469585e-21
6.02091539e-20
2.582972374e-22
6.465215489e-20
4.974127005e-21
6.846021208e-20
8.061109927e-21
7.169530952e-20
9.911467323e-21
7.442415938e-20
1.082518861e-20
7.671008159e-20
1.103200413e-20
7.860980356e-20
1.070764027e-20
8.017249428e-20
9.986282113e-21
8.143976158e-20
8.970239763e-21
8.244604033e-20
7.737487566e-21
8.321909783e-20
6.347576499e-21
8.37805245e-20
4.846306879e-21
8.414615246e-20
3.269467641e-21
8.432637346e-20
1.645886745e-21
8.432610037e-20
-1.551447378e-32
7.817355628e-20
2.309327847e-21
6.332313502e-20
5.706781278e-20
5.051342535e-20
6.270145504e-20
3.870408629e-20
6.514715526e-20
2.731846137e-20
6.536316962e-20
1.612307517e-20
6.461939394e-20
5.063652305e-21
6.386753335e-20
6.339906682e-20
3.145502454e-08
1.737258224e-09
2.589861614e-08
8.248642653e-09
1.269251364e-08
1.568858464e-08
-7.096720851e-09
2.099719616e-08
-1.023263466e-08
1.126352347e-07
-2.203931009e-08
3.398535686e-08
-7.647794965e-09
-1.370364762e-08
2.573429167e-18
-8.754425767e-09
6.491014759e-19
2.64966312e-20
2.454691467e-19
-7.793009215e-20
1.169172862e-19
-9.195780304e-20
7.345914153e-20
-8.058323495e-20
5.920974956e-20
-6.296535512e-20
5.581374779e-20
-4.560263134e-20
5.662260211e-20
-3.06872665e-20
5.903047832e-20
-1.871872395e-20
6.195393294e-20
-9.526696728e-21
6.492498367e-20
-2.712606788e-21
6.773913782e-20
2.159986687e-21
7.031056948e-20
5.489618621e-21
7.26090308e-20
7.612950996e-21
7.46309749e-20
8.803203501e-21
7.638571774e-20
9.277206309e-21
7.78884454e-20
9.204829502e-21
7.915645193e-20
8.718166453e-21
8.020700938e-20
7.919547429e-21
8.105612926e-20
6.888202721e-21
8.171782821e-20
5.685683681e-21
8.220368526e-20
4.360243795e-21
8.252257156e-20
2.950396097e-21
8.268048671e-20
1.487848891e-21
8.268166531e-20
-2.422451694e-32
7.650188145e-20
1.18756189e-21
6.195329243e-20
5.818124225e-20
4.942584903e-20
6.317230534e-20
3.785077175e-20
6.489708568e-20
2.667245862e-20
6.473826205e-20
1.568177731e-20
6.380858444e-20
4.837307428e-21
6.291183911e-20
6.233729534e-20
3.817611304e-08
2.166432907e-09
3.366146485e-08
1.276332242e-08
2.069364408e-08
2.865648371e-08
-1.105313995e-09
4.279626042e-08
-8.289022587e-09
1.198189932e-07
-1.413488905e-08
3.983120089e-08
-8.268119033e-09
-1.957039816e-08
7.151720793e-18
-1.702254495e-08
5.426194723e-19
1.036561202e-18
2.314418839e-19
2.332479058e-19
1.282918543e-19
1.119261324e-20
9.107702135e-20
-4.336811854e-20
7.657247334e-20
-4.8460596e-20
7.072911263e-20
-3.975902708e-20
6.859114465e-20
-2.854893898e-20
6.822250554e-20
-1.834965829e-20
6.876802288e-20
-1.007194904e-20
6.979757714e-20
-3.742036069e-21
7.106876975e-20
8.88823597e-22
7.243390185e-20
4.124478956e-21
7.379928331e-20
6.247555515e-21
7.510497771e-20
7.497476339e-21
7.631334093e-20
8.068771453e-21
7.740178235e-20
8.116273427e-21
7.835783291e-20
7.76195953e-21
7.917566467e-20
7.101512834e-21
7.985361022e-20
6.210004741e-21
8.039238832e-20
5.146616215e-21
8.079383756e-20
3.958502823e-21
8.106002435e-20
2.683964336e-21
8.119263782e-20
1.355085486e-21
8.118943148e-20
-2.491408384e-32
7.496127361e-20
1.180874214e-22
6.072752e-20
5.898061275e-20
4.846026132e-20
6.338371207e-20
3.709167643e-20
6.444122637e-20
2.609016093e-20
6.393725566e-20
1.527667011e-20
6.282130377e-20
4.626264151e-21
6.176282469e-20
6.106485583e-20
4.66727626e-08
1.643267411e-09
4.223381906e-08
1.720224384e-08
2.963236671e-08
4.125798998e-08
6.049328232e-09
6.637914066e-08
4.175429359e-09
1.216928754e-07
1.364882555e-09
4.264178947e-08
1.695424478e-10
-1.837500055e-08
6.295911008e-19
-1.685300968e-08
-2.643133721e-19
-1.128597717e-19
9.386920408e-21
-4.045215606e-20
7.373112252e-20
-5.315133813e-20
8.598454388e-20
-5.562130197e-20
8.527404227e-20
-4.774984013e-20
8.193920072e-20
-3.642383379e-20
7.879042535e-20
-2.539971067e-20
7.650021479e-20
-1.605899215e-20
7.509793585e-20
-8.66925566e-21
7.442843681e-20
-3.07227123e-21
7.430442511e-20
1.012968865e-21
7.455697841e-20
3.871986712e-21
7.504920413e-20
5.755343734e-21
7.567627283e-20
6.870366373e-21
7.636084291e-20
7.384096277e-21
7.704746845e-20
7.429480277e-21
7.769738622e-20
7.111811835e-21
7.828415658e-20
6.514446781e-21
7.87902217e-20
5.703584334e-21
7.920427493e-20
4.732176186e-21
7.951929908e-20
3.643109996e-21
7.97311455e-20
2.471825629e-21
7.983755233e-20
1.248510329e-21
7.9836164e-20
-2.757117893e-32
7.357210814e-20
-9.188408548e-22
5.962098628e-20
5.949809806e-20
4.759174671e-20
6.335775328e-20
3.64034332e-20
6.380577284e-20
2.555527499e-20
6.298356833e-20
1.489936306e-20
6.167715047e-20
4.427472025e-21
6.043602866e-20
5.95939959e-20
4.803833994e-08
2.45984441e-09
4.062273323e-08
2.461786169e-08
2.620968971e-08
5.567117284e-08
4.027584751e-09
8.856111938e-08
6.735101098e-10
1.250469655e-07
7.622327646e-09
3.569301987e-08
6.051616168e-09
-1.680431317e-08
-2.61423112e-18
-1.080139488e-08
-1.945953987e-19
-4.762660917e-19
-3.312367719e-21
-2.317350439e-19
7.126115867e-20
-1.277246736e-19
9.385600572e-20
-7.821588731e-20
9.660004861e-20
-5.049358352e-20
9.296332385e-20
-3.2786683e-20
8.813114387e-20
-2.056690298e-20
8.388995127e-20
-1.181731877e-20
8.069492028e-20
-5.47387483e-21
7.85136769e-20
-8.908148079e-22
7.716344296e-20
2.363317951e-21
7.644033543e-20
4.595140396e-21
7.616422677e-20
6.031434147e-21
7.619000273e-20
6.844498284e-21
7.64062269e-20
7.167699887e-21
7.672980001e-20
7.105654409e-21
7.710002116e-20
6.74125716e-21
7.747329413e-20
6.140763777e-21
7.781881355e-20
5.357599274e-21
7.811520874e-20
4.435303237e-21
7.834801471e-20
3.409873184e-21
7.85078302e-20
2.311685341e-21
7.858904201e-20
1.167121436e-21
7.858877564e-20
-3.426481692e-32
7.22333929e-20
-1.863531658e-21
5.85821132e-20
5.971644616e-20
4.677990831e-20
6.310541512e-20
3.576163036e-20
6.300093649e-20
2.505598148e-20
6.18880491e-20
1.454662971e-20
6.038715805e-20
4.241018606e-21
5.894369357e-20
5.79370618e-20
2.601574554e-08
7.678665248e-09
1.716575231e-08
3.346783818e-08
3.644928386e-09
6.919196203e-08
-1.343496404e-08
1.056410768e-07
-8.892045025e-09
1.205040598e-07
3.740308672e-09
2.306069933e-08
4.07357436e-09
-1.713756171e-08
-1.582270888e-10
-6.569586298e-09
4.925274541e-20
-1.582270871e-10
1.006981014e-19
-2.831802475e-19
1.207699449e-19
-1.477963182e-19
1.215783095e-19
-7.902400965e-20
1.143069491e-19
-4.322186145e-20
1.051831039e-19
-2.366239011e-20
9.688072808e-20
-1.226401471e-20
9.023339521e-20
-5.169497974e-21
8.527798031e-20
-5.180868968e-22
8.176780966e-20
2.61957994e-21
7.93952654e-20
4.735976e-21
7.787662918e-20
6.113796511e-21
7.697729091e-20
6.930699658e-21
7.651320433e-20
7.30841596e-21
7.634418143e-20
7.336454757e-21
7.636540276e-20
7.084065871e-21
7.649952778e-20
6.606671346e-21
7.669012963e-20
5.94962585e-21
7.689651751e-20
5.150637841e-21
7.708977869e-20
4.241486484e-21
7.724982687e-20
3.249348976e-21
7.73632663e-20
2.197902157e-21
7.742192057e-20
1.108288326e-21
7.741748789e-20
-4.025177357e-32
7.099293305e-20
-2.735093952e-21
5.762136231e-20
5.965575411e-20
4.602685793e-20
6.264600235e-20
3.51621731e-20
6.204314392e-20
2.458819984e-20
6.06615261e-20
1.421695065e-20
5.895978329e-20
4.06640491e-21
5.729703471e-20
5.61059104e-20
-1.51927084e-08
1.156351534e-08
-1.98004175e-08
3.80755834e-08
-2.54609258e-08
7.485246346e-08
-2.678161843e-08
1.06961794e-07
-7.457309273e-09
1.011797346e-07
5.27248652e-09
1.03308946e-08
2.793370585e-09
-1.465841432e-08
-7.884347938e-10
-2.987776747e-09
-2.167802699e-18
-9.466618809e-10
2.360431721e-19
-2.019914019e-19
1.895422187e-19
-1.012952701e-19
1.573804577e-19
-4.686192453e-20
1.338664205e-19
-1.970742591e-20
1.165814793e-19
-6.376839719e-21
1.039752448e-19
3.427911351e-22
9.488480629e-20
3.921425758e-21
8.841564714e-20
5.951423963e-21
8.388420572e-20
7.151230892e-21
8.077308591e-20
7.847186359e-21
7.869353233e-20
8.193324632e-21
7.735500721e-20
8.269081046e-21
7.654124313e-20
8.121916155e-21
7.609179254e-20
7.785520321e-21
7.588800824e-20
7.287349455e-21
7.584248228e-20
6.651599397e-21
7.589114162e-20
5.900307475e-21
7.598736615e-20
5.053745854e-21
7.609764118e-20
4.130596963e-21
7.619838005e-20
3.148106051e-21
7.627365247e-20
2.122277986e-21
7.631363224e-20
1.068131215e-21
7.631072023e-20
-3.923505473e-32
6.982656046e-20
-3.548290405e-21
5.672488631e-20
5.932581971e-20
4.532376972e-20
6.199378243e-20
3.459562841e-20
6.094943045e-20
2.41387072e-20
5.93186416e-20
1.38960401e-20
5.740456326e-20
3.89333672e-21
5.550329329e-20
5.410210595e-20
-4.77353392e-08
1.383648265e-08
-4.605077777e-08
3.639094893e-08
-3.837171006e-08
6.717339382e-08
-2.226863837e-08
9.085874708e-08
4.55078033e-09
7.436033978e-08
8.899970354e-09
5.981700132e-09
1.720429027e-09
-7.478861499e-09
-6.326545897e-10
-6.346964435e-10
-2.960578461e-18
-1.579316461e-09
3.365092525e-19
-7.431236303e-20
2.43975634e-19
-8.76155341e-21
1.845349563e-19
1.25790082e-20
1.471970067e-19
1.763096571e-20
1.233011101e-19
1.75195628e-20
1.075538794e-19
1.609052019e-20
9.69148045e-20
1.456091829e-20
8.961545407e-20
1.325106431e-20
8.458016119e-20
1.218669301e-20
8.111922419e-20
1.13081708e-20
7.876928875e-20
1.054317422e-20
7.720784232e-20
9.830300584e-21
7.62048473e-20
9.124539551e-21
7.559362168e-20
8.396231948e-21
7.525225818e-20
7.628073433e-21
7.509119036e-20
6.811938444e-21
7.504458e-20
5.946153113e-21
7.506421726e-20
5.033370181e-21
7.511515027e-20
4.079012241e-21
7.517255198e-20
3.090187594e-21
7.52195057e-20
2.074972278e-21
7.524550103e-20
1.041960756e-21
7.524696596e-20
-3.969201735e-32
6.865402628e-20
-4.2555251e-21
5.585880453e-20
5.869006339e-20
4.465083991e-20
6.114901629e-20
3.403949386e-20
5.973956723e-20
2.367145117e-20
5.788758328e-20
1.354153516e-20
5.573731271e-20
3.691455477e-21
5.355768862e-20
5.189681905e-20
-5.21114134e-08
1.536375684e-08
-4.800987244e-08
3.228936189e-08
-3.162115592e-08
5.078470142e-08
-5.143442211e-09
6.438107437e-08
1.931075279e-08
4.990617156e-08
1.210126787e-08
1.319118199e-08
1.753315643e-09
2.869083287e-09
-1.434187577e-10
1.262032726e-09
-2.126125147e-17
-1.722735214e-09
4.016141613e-19
1.299696394e-19
2.653163497e-19
1.275361367e-19
1.895869138e-19
8.8308733e-20
1.470856038e-19
6.013274851e-20
1.218720675e-19
4.27335874e-20
1.060242775e-19
3.193876495e-20
9.560495051e-20
2.498061157e-20
8.855108277e-20
2.030517441e-20
8.370163897e-20
1.7036269e-20
8.035422761e-20
1.465558531e-20
7.805641511e-20
1.284083883e-20
7.650208129e-20
1.138432135e-20
7.547653969e-20
1.014959798e-20
7.482546316e-20
9.04666583e-21
7.443612319e-20
8.016644895e-21
7.422540503e-20
7.021817301e-21
7.413179707e-20
6.038917231e-21
7.410985932e-20
5.054524521e-21
7.412632562e-20
4.061876652e-21
7.415733667e-20
3.058658055e-21
7.418649417e-20
2.045466183e-21
7.420354027e-20
1.024741033e-21
7.420306403e-20
-4.195609418e-32
6.753099251e-20
-4.882422863e-21
5.504702753e-20
5.774368124e-20
4.401580093e-20
6.012809642e-20
3.346560129e-20
5.846917925e-20
2.312112662e-20
5.643367723e-20
1.307327653e-20
5.398870559e-20
3.40360214e-21
5.14324303e-20
4.940403505e-20
-3.79059846e-08
1.371864886e-08
-3.275148972e-08
2.713491341e-08
-1.793298554e-08
3.596622808e-08
5.43123175e-09
4.101686983e-08
2.058575033e-08
3.475164812e-08
1.376663047e-08
2.001029222e-08
7.148394586e-09
9.487306018e-09
3.611999122e-09
4.798427628e-09
-1.994317561e-19
1.88926368e-09
3.987691928e-19
7.405317804e-19
2.260888468e-19
3.00216616e-19
1.614109293e-19
1.529869585e-19
1.296864426e-19
9.1857633e-20
1.110772451e-19
6.134320007e-20
9.906612415e-20
4.395026371e-20
9.092951335e-20
3.311753143e-20
8.528217737e-20
2.595271749e-20
8.132095529e-20
2.099759404e-20
7.853948113e-20
1.743702206e-20
7.659989763e-20
1.478021455e-20
7.526735792e-20
1.27164652e-20
7.437360754e-20
1.104276208e-20
7.379544223e-20
9.624077461e-21
7.34412956e-20
8.369921931e-21
7.324250496e-20
7.219692332e-21
7.314740436e-20
6.133128355e-21
7.311721145e-20
5.083915309e-21
7.312310702e-20
4.05531022e-21
7.31441448e-20
3.037106603e-21
7.316576902e-20
2.023497226e-21
7.317879924e-20
1.011537519e-21
7.317901443e-20
-4.013373942e-32
6.642333012e-20
-5.422769852e-21
5.428491115e-20
5.645238301e-20
4.339839346e-20
5.896308393e-20
3.281462462e-20
5.723296021e-20
2.238265454e-20
5.506797452e-20
1.23698375e-20
5.220578666e-20
2.944970637e-21
4.906311211e-20
4.645294915e-20
-2.6605576e-08
9.918384591e-09
-2.012933961e-08
2.065873927e-08
-1.038002343e-08
2.621694356e-08
2.527304238e-09
2.810953058e-08
1.021533237e-08
2.706361057e-08
9.164776059e-09
2.106084292e-08
5.907944943e-09
1.274413364e-08
3.386948084e-09
7.319429718e-09
1.206381492e-18
5.276211961e-09
-4.131768426e-20
1.82988679e-19
7.885916542e-20
1.800399344e-19
1.002816038e-19
1.315647934e-19
9.917200971e-20
9.296755246e-20
9.368430873e-20
6.68312443e-20
8.823339187e-20
4.940149128e-20
8.376469941e-20
3.75864884e-20
8.032705391e-20
2.93905509e-20
7.776038331e-20
2.356435012e-20
7.588267363e-20
1.931466541e-20
7.453614827e-20
1.612648383e-20
7.359365481e-20
1.365849572e-20
7.295492292e-20
1.168083083e-20
7.25412867e-20
1.003688768e-20
7.2291066e-20
8.619218677e-21
7.215594098e-20
7.353871964e-21
7.209819131e-20
6.189981306e-21
7.208860637e-20
5.092705283e-21
7.210490341e-20
4.038354128e-21
7.213053542e-20
3.01097011e-21
7.215380932e-20
1.999882306e-21
7.216726172e-20
9.979117756e-22
7.216985408e-20
-4.344196647e-32
6.532192202e-20
-5.874672432e-21
5.35706719e-20
5.477454242e-20
4.276777506e-20
5.771508979e-20
3.200183051e-20
5.617955572e-20
2.131601447e-20
5.395675418e-20
1.127576404e-20
5.045095139e-20
2.208307352e-21
4.633704967e-20
4.276549593e-20
-2.14910235e-08
6.937311111e-09
-1.613757705e-08
1.530532409e-08
-9.87865151e-09
1.995803949e-08
-3.520632724e-09
2.175150293e-08
1.447554829e-09
2.209542403e-08
4.02306354e-09
1.848533474e-08
3.58981244e-09
1.317737927e-08
1.59300012e-09
9.316237116e-09
1.195528844e-18
6.869203215e-09
-4.314497153e-20
6.062241849e-20
3.038396723e-20
1.065111352e-19
6.168436289e-20
1.002646024e-19
7.303570155e-20
8.161646319e-20
7.62545557e-20
6.361266787e-20
7.641838899e-20
4.923793036e-20
7.55687619e-20
3.843636069e-20
7.450085313e-20
3.045864514e-20
7.35106986e-20
2.455457935e-20
7.269449205e-20
2.013078472e-20
7.206816016e-20
1.675252613e-20
7.161598991e-20
1.411016008e-20
7.131097977e-20
1.198513759e-20
7.11236177e-20
1.022339948e-20
7.102571928e-20
8.716191351e-21
7.099205033e-20
7.386613647e-21
7.100091529e-20
6.180248814e-21
7.103425521e-20
5.058600439e-21
7.107751939e-20
3.994454204e-21
7.111944761e-20
2.968551034e-21
7.115183879e-20
1.967155421e-21
7.116934994e-20
9.802287813e-22
7.116731118e-20
-4.287526261e-32
6.426685671e-20
-6.269238665e-21
5.291081198e-20
5.27021358e-20
4.20845817e-20
5.649101145e-20
3.09149936e-20
5.553040294e-20
1.974274673e-20
5.333258273e-20
9.599501961e-21
4.879975533e-20
1.062486552e-21
4.308116553e-20
3.793250988e-20
-1.749217254e-08
5.235839322e-09
-1.41897212e-08
1.200288596e-08
-1.023590934e-08
1.60042422e-08
-6.345156358e-09
1.786075449e-08
-2.333822241e-09
1.808409185e-08
9.818851834e-10
1.516962564e-08
2.617749586e-09
1.154150899e-08
1.771520665e-09
1.016245805e-08
7.953666775e-19
8.64070815e-09
4.042498997e-21
8.809659788e-20
2.413743254e-20
8.641630213e-20
4.303622368e-20
8.136594788e-20
5.503190623e-20
6.962096974e-20
6.187981819e-20
5.676498785e-20
6.561681932e-20
4.550118534e-20
6.759104635e-20
3.646237274e-20
6.859678734e-20
2.945309083e-20
6.908690397e-20
2.406452582e-20
6.931623347e-20
1.990134522e-20
6.942579411e-20
1.664265241e-20
6.949096742e-20
1.404446691e-20
6.954924165e-20
1.192616551e-20
6.961640957e-20
1.015541165e-20
6.969614158e-20
8.63558539e-21
6.978568549e-20
7.296205181e-21
6.987926691e-20
6.085861076e-21
6.997010897e-20
4.967043618e-21
7.005161622e-20
3.912346073e-21
7.0118052e-20
2.901644901e-21
7.016491215e-20
1.919969947e-21
7.018912116e-20
9.558534943e-22
7.018296625e-20
-3.93530162e-32
6.31812845e-20
-6.558678179e-21
5.227872306e-20
5.017687432e-20
4.126708364e-20
5.545301085e-20
2.938301645e-20
5.559637534e-20
1.740748833e-20
5.351226436e-20
7.073785814e-21
4.733958347e-20
-6.737844937e-22
3.903638078e-20
3.136350746e-20
-1.40225201e-08
4.289458671e-09
-1.199315075e-08
9.973525096e-09
-9.415689881e-09
1.342678754e-08
-6.664594421e-09
1.510965798e-08
-3.531671257e-09
1.495115574e-08
-5.166582747e-10
1.215458783e-08
1.761230869e-09
9.26358672e-09
1.592064079e-09
1.033159246e-08
-1.226563316e-19
1.023275314e-08
3.937758473e-21
2.752726721e-20
1.908707575e-20
7.126704665e-20
3.129124554e-20
6.916186681e-20
4.217592434e-20
5.873645418e-20
5.061601569e-20
4.832511409e-20
5.657800672e-20
3.953945101e-20
6.058176444e-20
3.245884965e-20
6.320822233e-20
2.682680618e-20
6.492372336e-20
2.234907646e-20
6.605754066e-20
1.876741032e-20
6.682760861e-20
1.587227576e-20
6.737266602e-20
1.349891724e-20
6.77784878e-20
1.151970311e-20
6.809658332e-20
9.836580218e-21
6.835676137e-20
8.374632788e-21
6.857534139e-20
7.076860489e-21
6.876044946e-20
5.900034371e-21
6.891541143e-20
4.811435352e-21
6.904091505e-20
3.786289825e-21
6.913637705e-20
2.805743881e-21
6.92007957e-20
1.855245479e-21
6.923326767e-20
9.232272572e-22
6.923336291e-20
-3.866069853e-32
6.215684848e-20
-6.778363616e-21
5.169355547e-20
4.721302174e-20
4.021331962e-20
5.488416707e-20
2.713434685e-20
5.685782074e-20
1.389702821e-20
5.495429432e-20
3.266670732e-21
4.617658479e-20
-3.289998487e-21
3.3801193e-20
2.217849266e-20
-1.234490648e-08
3.554198761e-09
-1.066913161e-08
8.297757221e-09
-8.561119521e-09
1.13187724e-08
-6.394356354e-09
1.294288291e-08
-4.436436057e-09
1.299321001e-08
-4.098630294e-09
1.18167418e-08
-5.273359235e-09
1.043826542e-08
-4.66023162e-09
9.718413881e-09
-3.989867686e-19
5.572506904e-09
4.979222836e-20
2.082464197e-19
1.698189902e-20
1.040774111e-19
2.086583292e-20
6.52780107e-20
3.176458424e-20
4.783786031e-20
4.18303526e-20
3.825955711e-20
4.949740536e-20
3.187264437e-20
5.494972097e-20
2.70067621e-20
5.873049262e-20
2.304618486e-20
6.134205722e-20
1.973754214e-20
6.316240609e-20
1.694694025e-20
6.44542501e-20
1.45801491e-20
6.539345188e-20
1.255928641e-20
6.60953649e-20
1.081724852e-20
6.663463589e-20
9.296697312e-21
6.705898907e-20
7.949637579e-21
6.739851527e-20
6.736694873e-21
6.767185044e-20
5.626087853e-21
6.78902659e-20
4.59245864e-21
6.80603691e-20
3.615697641e-21
6.818587865e-20
2.679841071e-21
6.826877747e-20
1.772072549e-21
6.831004041e-20
8.818298436e-22
6.830692062e-20
-3.907168214e-32
6.115996654e-20
-6.92403049e-21
5.10905712e-20
4.385595232e-20
3.866917584e-20
5.525710015e-20
2.367293028e-20
6.003707752e-20
8.516409859e-21
5.831603043e-20
-2.529710592e-21
4.542978561e-20
-7.25001045e-21
2.673005953e-20
9.033600389e-21
-1.178453352e-08
2.721033442e-09
-9.983371066e-09
6.496594334e-09
-7.779116448e-09
9.114500828e-09
-5.672259385e-09
1.083599843e-08
-4.096983003e-09
1.141789834e-08
-5.197163825e-09
1.291687717e-08
-7.659937102e-09
1.290098839e-08
-5.572497573e-09
7.630923917e-09
-9.973560768e-20
7.646176177e-20
-5.328625359e-20
1.61797068e-19
-2.181750884e-20
7.260868633e-20
3.425682528e-21
4.003490869e-20
2.218628104e-20
2.90774157e-20
3.544343987e-20
2.500260142e-20
4.463152309e-20
2.268476736e-20
5.098914373e-20
2.064931894e-20
5.54218499e-20
1.861358606e-20
5.855145532e-20
1.660794413e-20
6.079561495e-20
1.470266896e-20
6.243338741e-20
1.294214467e-20
6.365141399e-20
1.134092399e-20
6.457481369e-20
9.893434949e-21
6.528757615e-20
8.583469973e-21
6.584604636e-20
7.39067496e-21
6.628790825e-20
6.294332383e-21
6.663822123e-20
5.275283933e-21
6.69135049e-20
4.316713374e-21
6.712451253e-20
3.404280803e-21
6.727811012e-20
2.52591192e-21
6.737853477e-20
1.671418588e-21
6.742821057e-20
8.320467893e-22
6.742680045e-20
-3.91335468e-32
6.019834277e-20
-6.992206791e-21
5.03089775e-20
4.031952354e-20
3.61530219e-20
5.736511751e-20
1.818700434e-20
6.618655939e-20
2.226989356e-22
6.448598633e-20
-1.133318492e-20
4.519314883e-20
-1.320083705e-20
1.680664219e-20
-1.006200254e-20
-1.059973284e-08
1.981475403e-09
-8.854680008e-09
4.751534066e-09
-6.495375969e-09
6.755177282e-09
-4.018835081e-09
8.359427323e-09
-1.535430786e-09
8.93446281e-09
-5.87310861e-10
1.196871982e-08
-1.001983107e-10
1.241383953e-08
1.962877239e-15
7.530695126e-09
-3.028317096e-19
2.410830546e-21
-1.427360489e-19
1.701395684e-21
-5.439128648e-20
-1.573602798e-20
-7.531810465e-21
-6.824470918e-21
1.811146675e-20
3.434269686e-21
3.312560582e-20
9.988618008e-21
4.259607466e-20
1.321444984e-20
4.895341085e-20
1.429209781e-20
5.341620797e-20
1.415084853e-20
5.664618015e-20
1.337796094e-20
5.903509066e-20
1.231366919e-20
6.083216673e-20
1.114490446e-20
6.220392495e-20
9.968938592e-21
6.326484872e-20
8.832234747e-21
6.409478114e-20
7.753223743e-21
6.474970379e-20
6.735410923e-21
6.52688598e-20
5.774817307e-21
6.567965067e-20
4.864129292e-21
6.600107233e-20
3.994941062e-21
6.624614365e-20
3.158894227e-21
6.642361679e-20
2.34818312e-21
6.653916297e-20
1.555698885e-21
6.659616378e-20
7.749712116e-22
6.659465676e-20
-3.75481169e-32
5.93229186e-20
-7.012665515e-21
4.901378746e-20
3.720348089e-20
3.18535619e-20
6.247794078e-20
9.51866149e-21
7.67053712e-20
-1.2293214e-20
7.450385742e-20
-2.432136647e-20
4.542914312e-20
-2.18544987e-20
2.549013774e-21
-3.7811128e-20
-8.614865156e-09
1.39254226e-09
-7.128622323e-09
3.265278014e-09
-4.919404932e-09
4.545945375e-09
-2.367320216e-09
5.807326846e-09
6.310642002e-10
5.936064688e-09
1.499181436e-09
1.110058746e-08
1.197829714e-09
1.271517899e-08
-4.660650174e-15
8.728530467e-09
-4.165060502e-19
-1.546329544e-20
-1.601734276e-19
-2.546312227e-19
-4.547972942e-20
-1.304296698e-19
2.726930139e-21
-5.503106106e-20
2.466581507e-20
-1.850452752e-20
3.635143765e-20
-1.696920983e-21
4.367372264e-20
5.892231766e-21
4.881216157e-20
9.153699193e-21
5.264332039e-20
1.031969972e-20
5.55818884e-20
1.043936709e-20
5.786632592e-20
1.002916895e-20
5.965620086e-20
9.354933625e-21
6.10672211e-20
8.557793729e-21
6.218583771e-20
7.713466879e-21
6.307696832e-20
6.861915427e-21
6.378911017e-20
6.02306565e-21
6.435817179e-20
5.205530648e-21
6.481046244e-20
4.411601364e-21
6.51650255e-20
3.640143463e-21
6.543543254e-20
2.888274312e-21
6.563113255e-20
2.152311955e-21
6.57584353e-20
1.4282844e-21
6.582119257e-20
7.121732568e-22
6.58204157e-20
-3.893816314e-32
5.844609171e-20
-6.933557749e-21
4.659303729e-20
3.563192804e-20
2.457760906e-20
7.244642743e-20
-3.729534245e-21
9.319687525e-20
-3.032086585e-20
8.930146038e-20
-4.246478526e-20
4.578116709e-20
-3.372685161e-20
-1.797946179e-20
-7.74324813e-20
-7.242143821e-09
9.823642458e-10
-6.20583322e-09
2.228959443e-09
-4.271310124e-09
2.611418284e-09
-8.870361432e-10
2.423055064e-09
2.8541033e-09
2.194929918e-09
4.616033402e-09
9.338664246e-09
3.587280146e-09
1.374394155e-08
-8.468318337e-10
1.316266014e-08
-4.329494121e-19
-8.468225168e-10
-3.593098974e-20
-6.516496329e-19
2.991887935e-20
-1.962794748e-19
3.925346369e-20
-6.436560699e-20
4.147342161e-20
-2.072446813e-20
4.39405904e-20
-4.164088856e-21
4.693519006e-20
2.897614825e-21
4.997816209e-20
6.110698881e-21
5.276298776e-20
7.53483945e-21
5.517169026e-20
8.030625889e-21
5.719209059e-20
8.008727883e-21
5.885906097e-20
7.687921494e-21
6.022289425e-20
7.19391513e-21
6.133428626e-20
6.602020242e-21
6.223811854e-20
5.958013038e-21
6.297157517e-20
5.28951974e-21
6.35642425e-20
4.612755594e-21
6.403900454e-20
3.936719058e-21
6.441315634e-20
3.26586925e-21
6.469947019e-20
2.60184907e-21
6.4907105e-20
1.944590262e-21
6.504232416e-20
1.293014056e-21
6.510901931e-20
6.454686277e-22
6.511069474e-20
-4.108461229e-32
5.766072897e-20
-6.780669668e-21
4.229122354e-20
3.757734802e-20
1.297169914e-20
8.971937061e-20
-2.286187377e-20
1.172151455e-19
-5.46755601e-20
1.093217246e-19
-6.603752272e-20
4.535149086e-20
-4.880488581e-20
-4.700242656e-20
-1.321317549e-19
-5.279463394e-09
5.54535422e-10
-4.280514234e-09
1.230013142e-09
-2.966231368e-09
1.29714681e-09
-1.12349451e-09
5.803333651e-10
-5.573042912e-10
1.628757903e-09
3.180796973e-09
5.60058418e-09
5.926064308e-09
1.099869319e-08
6.189225574e-11
1.902684873e-08
1.390009889e-18
-7.849242625e-10
4.192070506e-19
2.562654067e-19
1.618327472e-19
6.109483111e-20
8.289460255e-20
1.457251551e-20
5.803380088e-20
4.136275556e-21
5.100229408e-20
2.867339037e-21
5.014827412e-20
3.751544342e-21
5.140230266e-20
4.856585859e-21
5.32587742e-20
5.678296582e-21
5.514979226e-20
6.139554491e-21
5.687128421e-20
6.287203042e-21
5.83650546e-20
6.194137233e-21
5.963099937e-20
5.927969581e-21
6.069027906e-20
5.542744602e-21
6.156962524e-20
5.078668211e-21
6.229481102e-20
4.564327705e-21
6.288820596e-20
4.019345242e-21
6.336815473e-20
3.456747561e-21
6.374913616e-20
2.884862246e-21
6.404221138e-20
2.308751384e-21
6.425552879e-20
1.731259477e-21
6.439477873e-20
1.153764241e-21
6.446355068e-20
5.767111714e-22
6.445722205e-20
-3.439296665e-32
5.691233802e-20
-6.525463015e-21
3.529122217e-20
4.577482513e-20
-4.131726668e-21
1.170961131e-19
-4.863503596e-20
1.499034329e-19
-8.523677143e-20
1.341303334e-19
-9.420056656e-20
4.25238761e-20
-6.62723319e-20
-8.672077018e-20
-2.042983662e-19
-6.558694719e-09
8.05134205e-10
-7.997921063e-09
2.669246941e-09
-1.134617791e-08
4.645420694e-09
-1.76779497e-08
6.912124822e-09
-2.511120661e-08
9.062035245e-09
-2.598106296e-08
6.470465581e-09
-1.792293899e-08
2.940593197e-09
7.849242652e-10
3.189927433e-10
4.69671243e-19
4.927461229e-19
2.238398401e-19
5.020968083e-19
1.153104316e-19
1.696242069e-19
7.24583626e-20
5.742450515e-20
5.676486436e-20
1.982965404e-20
5.188649938e-20
7.745568876e-21
5.125331564e-20
4.384588311e-21
5.222401338e-20
3.885758424e-21
5.372003211e-20
4.182169045e-21
5.529744081e-20
4.56206515e-21
5.67782184e-20
4.806375958e-21
5.809888695e-20
4.873448627e-21
5.924577439e-20
4.781086274e-21
6.022620266e-20
4.562338223e-21
6.105528474e-20
4.24961994e-21
6.174982856e-20
3.869824791e-21
6.232560828e-20
3.443609882e-21
6.279626941e-20
2.98613165e-21
6.31730253e-20
2.508150687e-21
6.346471947e-20
2.017099507e-21
6.367803356e-20
1.517984746e-21
6.381772566e-20
1.014107205e-21
6.388683951e-20
5.07625214e-22
6.388481307e-20
-3.847430802e-32
5.621150631e-20
-6.146218333e-21
2.503047788e-20
6.353262456e-20
-2.722058072e-20
1.573012182e-19
-8.090986175e-20
1.917779113e-19
-1.208045283e-19
1.622321448e-19
-1.249879886e-19
3.491616099e-20
-8.451468242e-20
-1.389839428e-19
-2.947072141e-19
-3.626069482e-09
5.792618821e-10
-3.697971137e-09
2.741159582e-09
-4.592637956e-09
5.540101705e-09
-6.413470316e-09
8.732970889e-09
-7.125425431e-09
9.774001735e-09
-3.573071912e-09
2.918128737e-09
1.112888363e-09
-1.745354222e-09
-2.867522396e-17
1.431884538e-09
-5.105292004e-19
8.207220229e-20
-1.08631077e-19
1.001986635e-19
3.110729805e-21
5.788233363e-20
3.48635115e-20
2.567160646e-20
4.468077919e-20
1.001223279e-20
4.852551882e-20
3.900654536e-21
5.075448575e-20
2.155444067e-21
5.252042401e-20
2.119651421e-21
5.409992821e-20
2.602514894e-21
5.554175162e-20
3.120118683e-21
5.684529107e-20
3.502745075e-21
5.80065246e-20
3.71215641e-21
5.902702634e-20
3.760557375e-21
5.991348438e-20
3.675882263e-21
6.067548959e-20
3.487642867e-21
6.132361365e-20
3.221750478e-21
6.186813005e-20
2.899159214e-21
6.231828845e-20
2.536048471e-21
6.268197412e-20
2.144542881e-21
6.296560471e-20
1.733542815e-21
6.317415602e-20
1.309497463e-21
6.331124367e-20
8.770685489e-22
6.33792143e-20
4.396837307e-22
6.337361545e-20
-3.95575719e-32
5.55562586e-20
-5.615922902e-21
1.127303801e-20
9.439294166e-20
-5.622876727e-20
2.127573599e-19
-1.191848652e-19
2.42919451e-19
-1.599984289e-19
1.912530849e-19
-1.563089819e-19
1.943578188e-20
-1.018253412e-19
-2.052571823e-19
-4.024266035e-19
-1.965922012e-09
5.920231216e-12
-1.262800765e-09
2.038045952e-09
-1.059883175e-09
5.33719389e-09
-1.222638316e-09
8.895735899e-09
-1.268585352e-09
9.819956824e-09
-3.284777215e-09
4.934333284e-09
-3.794502594e-09
-1.235620658e-09
-5.160792349e-15
-2.362606275e-09
-4.515534289e-19
-2.413973771e-19
-1.509478861e-19
-2.004069187e-19
-2.909999736e-20
-6.396563696e-20
1.920413783e-20
-2.263266766e-20
3.856920094e-20
-9.352999423e-21
4.678030835e-20
-4.31064525e-21
5.07186931e-20
-1.783144919e-21
5.300328748e-20
-1.651490683e-22
5.4617532e-20
9.880727038e-22
5.592437801e-20
1.813092974e-21
5.70547024e-20
2.37226685e-21
5.805492556e-20
2.711811056e-21
5.894235122e-20
2.873045128e-21
5.972524499e-20
2.892939464e-21
6.04095972e-20
2.803278255e-21
6.100102239e-20
2.630345437e-21
6.150501931e-20
2.395208158e-21
6.192678286e-20
2.11434779e-21
6.227097406e-20
1.800421941e-21
6.254155936e-20
1.463025717e-21
6.27417271e-20
1.109387565e-21
6.287385885e-20
7.449776157e-22
6.293953057e-20
3.740308167e-22
6.293851845e-20
-3.237081883e-32
5.49565786e-20
-4.926154341e-21
-6.516406263e-21
1.42443271e-19
-9.227196164e-20
2.864675055e-19
-1.64938711e-19
3.037718876e-19
-2.037936452e-19
2.18315585e-19
-1.882506509e-19
-7.897902743e-21
-1.179167527e-19
-2.873804002e-19
-5.262372993e-19
-7.965003157e-10
-3.926474405e-10
-2.68365138e-10
1.509912264e-09
5.694507148e-11
5.011885641e-09
3.827995769e-10
8.569886242e-09
1.073648604e-09
9.129114165e-09
-1.320720177e-09
7.328713107e-09
-2.604958991e-09
4.863200087e-11
-3.005379623e-15
-4.967547896e-09
3.941591065e-21
-1.73333213e-19
-1.450684643e-20
-1.819585262e-19
1.223297194e-20
-9.070554256e-20
3.248380606e-20
-4.288363334e-20
4.361155511e-20
-2.0480921e-20
4.930780868e-20
-1.000710376e-20
5.233668896e-20
-4.812254956e-21
5.415650925e-20
-1.985215294e-21
5.544255227e-20
-2.982217432e-22
5.648355189e-20
7.718481767e-22
5.739424661e-20
1.461344543e-21
5.821615964e-20
1.889698108e-21
5.896224556e-20
2.126794981e-21
5.963558378e-20
2.219477509e-21
6.023666438e-20
2.202115049e-21
6.076588511e-20
2.101079931e-21
6.122415894e-20
1.936920975e-21
6.161285701e-20
1.725659337e-21
6.193357783e-20
1.47972423e-21
6.218792121e-20
1.208709615e-21
6.237731715e-20
9.20014952e-22
6.250291205e-20
6.193959885e-22
6.256549975e-20
3.114425684e-22
6.256463281e-20
-3.408909555e-32
5.445985916e-20
-4.110907342e-21
-3.093469104e-20
2.144153622e-19
-1.411728279e-19
3.846604462e-19
-2.250904918e-19
3.758754598e-19
-2.578210169e-19
2.392538488e-19
-2.244331644e-19
-5.307620676e-20
-1.344351972e-19
-3.891674109e-19
-6.665663287e-19
-2.518281291e-09
-9.848011077e-11
-2.823756606e-09
1.815388489e-09
-2.520022717e-09
4.708155625e-09
-1.41213976e-09
7.462011241e-09
1.150651795e-10
7.601920611e-09
4.088754771e-09
3.355038873e-09
4.649923492e-09
-5.125191612e-10
1.35212204e-20
-3.17614899e-10
1.064868175e-19
-2.662988103e-19
7.674684156e-20
-1.522185704e-19
6.005488116e-20
-7.401366236e-20
5.48865184e-20
-3.771539712e-20
5.408537236e-20
-1.967994802e-20
5.450265749e-20
-1.042460534e-20
5.516372862e-20
-5.473580862e-21
5.58435028e-20
-2.66527494e-21
5.651262219e-20
-9.676459799e-22
5.717304825e-20
1.111115617e-22
5.782260017e-20
8.114902162e-22
5.845325651e-20
1.258760135e-21
5.905492809e-20
1.524872518e-21
5.961822132e-20
1.655970254e-21
6.013562926e-20
1.684531899e-21
6.060172615e-20
1.63484523e-21
6.10128973e-20
1.52564552e-21
6.136692191e-20
1.371558323e-21
6.166256322e-20
1.184027759e-21
6.189922654e-20
9.720056326e-22
6.207669819e-20
7.425112849e-22
6.219495863e-20
5.011080277e-22
6.225405718e-20
2.523192132e-22
6.22536129e-20
-2.80868791e-32
5.380184309e-20
-2.952991215e-21
-6.714264282e-20
3.219375358e-19
-2.121470249e-19
5.176197899e-19
-3.080420383e-19
4.599565644e-19
-3.265527801e-19
2.459725171e-19
-2.661129762e-19
-1.253061815e-19
-1.509728671e-19
-5.160962896e-19
-8.234328804e-19
-4.774502129e-09
6.691787045e-10
-5.937727202e-09
2.978613316e-09
-6.204457569e-09
4.974891887e-09
-5.104956213e-09
6.362522931e-09
-2.958593151e-09
5.455573865e-09
-1.07137552e-09
1.467841239e-09
-7.965771277e-10
-7.873008533e-10
8.388847012e-19
-1.114185272e-09
3.118765109e-19
1.277653023e-19
1.549517487e-19
4.706151843e-21
9.635314639e-20
-1.541513213e-20
7.29219675e-20
-1.428434248e-20
6.334071504e-20
-1.009887292e-20
5.945368196e-20
-6.537802367e-21
5.797203454e-20
-3.992213276e-21
5.754113176e-20
-2.234694234e-21
5.759137973e-20
-1.018246351e-21
5.787342691e-20
-1.713042142e-22
5.826987009e-20
4.146764479e-22
5.871936889e-20
8.089015679e-22
5.918602582e-20
1.057876625e-21
5.964678296e-20
1.194901579e-21
6.00859426e-20
1.245091911e-21
6.049252644e-20
1.228014068e-21
6.085881011e-20
1.159148061e-21
6.117939134e-20
1.050795967e-21
6.145054109e-20
9.127275311e-22
6.166973219e-20
7.526919978e-22
6.183529493e-20
5.768514124e-22
6.194616981e-20
3.901598716e-22
6.200173797e-20
1.967019093e-22
6.200380436e-20
-2.129093874e-32
5.265037142e-20
-8.954329877e-22
-1.123493044e-19
4.735150127e-19
-2.926576652e-19
6.858832596e-19
-3.912988716e-19
5.467840575e-19
-3.835564484e-19
2.264381762e-19
-2.907547673e-19
-2.298977363e-19
-1.542203479e-19
-6.644192319e-19
-9.835468128e-19
-4.492847846e-09
9.978569177e-10
-5.194211736e-09
3.679983873e-09
-5.255360711e-09
5.036052573e-09
-3.650922073e-09
4.75810185e-09
-5.242933719e-11
1.857100829e-09
1.43228387e-09
-1.685043025e-11
1.493343062e-10
4.956659962e-10
3.376013076e-19
-9.648447825e-10
1.885599629e-19
1.312137682e-19
1.348304672e-19
5.843561538e-20
9.748393604e-20
2.193132831e-20
7.710743706e-20
6.092028315e-21
6.690178559e-20
1.065926063e-22
6.199927105e-20
-1.635532399e-21
5.972955358e-20
-1.7227972e-21
5.875757964e-20
-1.263071276e-21
5.843832187e-20
-6.993778846e-22
5.845940757e-20
-1.928047352e-22
5.866409521e-20
2.095611508e-22
5.896834395e-20
5.042236288e-22
5.932305078e-20
7.027481719e-22
5.969697329e-20
8.205723088e-22
6.006886475e-20
8.728150151e-22
6.042366044e-20
8.728604994e-22
6.075045801e-20
8.320259428e-22
6.104132291e-20
7.596445057e-22
6.129050556e-20
6.632993269e-22
6.149389161e-20
5.49103017e-22
6.164860339e-20
4.219801399e-22
6.175271185e-20
2.859362501e-22
6.180503606e-20
1.443086946e-22
6.180197229e-20
-2.206470751e-32
5.103184586e-20
2.581783662e-21
-1.279840505e-19
6.391088113e-19
-2.953485898e-19
8.412030572e-19
-3.60737177e-19
6.003591805e-19
-3.186558064e-19
1.725649489e-19
-2.160835075e-19
-3.442597962e-19
-1.020617598e-19
-7.902293345e-19
-1.091502091e-18
-4.316969459e-09
5.875253751e-10
-3.409817403e-09
2.772840756e-09
-2.318392901e-09
3.944643444e-09
-8.715621391e-10
3.311291293e-09
1.199506889e-09
-2.139472218e-10
1.921298617e-09
-7.38621165e-10
9.648413824e-10
1.452139559e-09
1.697427867e-19
8.034641036e-19
1.15614189e-19
9.944725655e-20
9.832618135e-20
7.572359187e-20
8.164463605e-20
3.861279594e-20
7.112200135e-20
1.661452832e-20
6.515966059e-20
6.068738828e-21
6.191200625e-20
1.611865316e-21
6.018927951e-20
-3.872792847e-25
5.932127304e-20
-3.954352359e-22
5.894489502e-20
-3.234145124e-22
5.886177345e-20
-1.10131632e-22
5.895875769e-20
1.121048884e-22
5.916686849e-20
2.95626601e-22
5.944087491e-20
4.282498829e-22
5.9749216e-20
5.117424308e-22
6.006891024e-20
5.526448327e-22
6.038282588e-20
5.584925365e-22
6.067807657e-20
5.363573001e-22
6.094497773e-20
4.923691837e-22
6.117630925e-20
4.316446728e-22
6.136676873e-20
3.58376492e-22
6.15125595e-20
2.759818102e-22
6.16110843e-20
1.8726594e-22
6.166072736e-20
9.458474412e-23
6.165969722e-20
-1.310049957e-32
5.091956476e-20
6.027899604e-21
-2.631331816e-20
7.029196217e-19
-4.367402373e-20
8.465190477e-19
-8.073332151e-21
5.529452463e-19
5.797295547e-20
9.472718896e-20
9.669707423e-20
-3.94773381e-19
7.316892682e-20
-7.78489368e-19
-1.024226631e-18
-5.163516279e-09
1.118367739e-10
-3.534025436e-09
1.143359975e-09
-1.499662505e-09
1.910296235e-09
2.821230181e-10
1.529526246e-09
-1.627400519e-10
2.309372857e-10
-9.150744145e-10
1.373387682e-11
-7.870314252e-20
5.370737213e-10
3.022588187e-19
4.535323248e-19
9.192140022e-20
3.097846749e-19
6.121538313e-20
1.064295738e-19
5.964636843e-20
4.018172392e-20
6.057621186e-20
1.568454314e-20
6.070278708e-20
5.941961803e-21
6.029975366e-20
2.01463421e-21
5.979423155e-20
5.048093145e-22
5.939329376e-20
5.121249822e-24
5.91581779e-20
-8.87285678e-23
5.908400997e-20
-3.643416081e-23
5.91422794e-20
5.333270763e-23
5.929949177e-20
1.378874412e-22
5.952436746e-20
2.028323588e-22
5.97901184e-20
2.454453826e-22
6.007475794e-20
2.674678359e-22
6.036069064e-20
2.720453042e-22
6.063408846e-20
2.6248194e-22
6.088425322e-20
2.417761536e-22
6.110304107e-20
2.124874667e-22
6.128437405e-20
1.767399873e-22
6.142384363e-20
1.362792232e-22
6.15184031e-20
9.254721565e-23
6.156614262e-20
4.676224474e-23
6.156374427e-20
-2.203110339e-33
5.270390326e-20
7.598559108e-21
2.380993558e-19
5.041032424e-19
5.531480539e-19
5.19426671e-19
7.309926759e-19
3.632883594e-19
7.910160163e-19
2.291348193e-20
6.82085391e-19
-2.976310262e-19
3.759324142e-19
-4.841233814e-19
-6.541865527e-19
-5.364971764e-09
-4.221602628e-09
-2.311296973e-09
-7.817612042e-10
-5.508137125e-10
-5.370737178e-10
-6.882681398e-19
-4.212466599e-19
-1.114619993e-19
-5.032466734e-21
3.514918765e-20
5.083363052e-20
5.677545948e-20
5.878992876e-20
5.929454348e-20
5.929944394e-20
5.921047231e-20
5.917377684e-20
5.922683414e-20
5.936443669e-20
5.956698049e-20
5.981214085e-20
6.007933541e-20
6.035112728e-20
6.061338267e-20
6.085496453e-20
6.106729359e-20
6.124391329e-20
6.138011162e-20
6.147261813e-20
6.151938038e-20
6.151411343e-20
6.182636188e-20
5.59802821e-19
1.073314087e-18
1.430706964e-18
1.447726808e-18
1.144202298e-18
6.541865527e-19
)
;

boundaryField
{
    lowerWall
    {
        type            calculated;
        value           uniform 0;
    }
    atmosphere
    {
        type            calculated;
        value           nonuniform List<scalar> 
80
(
-1.575495015e-08
-2.325913097e-08
-2.787297563e-08
-3.192160654e-08
-3.474592929e-08
-2.888721384e-08
-4.558890925e-09
3.766984056e-08
7.552508914e-08
5.52367767e-08
1.464998383e-08
1.765778591e-08
6.643696696e-09
1.014953674e-08
6.097286011e-09
1.078016813e-09
-5.031559773e-10
2.438355178e-09
3.358039418e-09
-2.178777424e-09
-5.041114479e-09
-5.77220225e-09
-5.529443465e-09
-6.382471121e-09
-6.571355051e-09
-6.664811256e-09
-6.862907561e-09
-6.822655348e-09
-6.787557694e-09
-6.231599457e-09
-5.645257641e-09
-3.185061438e-09
-5.874597549e-10
-4.69188818e-09
-9.470934953e-09
-7.925554364e-09
2.651273088e-09
2.712475745e-08
4.096532334e-08
-8.010665897e-09
2.833455256e-09
-3.897811877e-09
-1.146212486e-08
-1.328677911e-08
-1.669809799e-08
-1.426445387e-08
-1.689064624e-08
-1.817386586e-08
-2.069608013e-08
-2.444233746e-08
-3.079207619e-08
-3.244303297e-08
-3.860528345e-08
-4.614959808e-08
-4.885496743e-08
-3.123455638e-08
1.130802278e-08
4.546243683e-08
5.058410436e-08
3.955107662e-08
3.040585864e-08
2.44721296e-08
1.919366735e-08
1.496890666e-08
1.30801656e-08
1.26176958e-08
1.133928807e-08
9.203795115e-09
7.65232104e-09
5.707294287e-09
6.308098988e-09
3.851946408e-09
2.539265169e-09
1.195067902e-09
2.224114883e-09
4.006844374e-09
4.164173114e-09
4.727303055e-09
5.63920869e-09
5.476813393e-09
)
;
    }
    rightWall
    {
        type            empty;
    }
    leftWall
    {
        type            empty;
    }
    frontAndBack
    {
        type            calculated;
        value           nonuniform List<scalar> 
80
(
0
0
0
0
0
0
0
0
0
0
0
0
0
0
0
0
0
0
0
0
0
0
0
0
0
0
0
0
0
0
0
0
0
0
0
0
0
0
0
0
0
6.018531076e-36
0
0
0
0
2.40741243e-35
0
0
0
0
0
0
0
0
0
0
0
0
0
0
0
0
0
0
0
0
0
0
0
0
0
0
0
0
1.925929944e-34
0
0
0
0
)
;
    }
}


// ************************************************************************* //
