/*--------------------------------*- C++ -*----------------------------------*\
| =========                 |                                                 |
| \\      /  F ield         | OpenFOAM: The Open Source CFD Toolbox           |
|  \\    /   O peration     | Version:  2506                                  |
|   \\  /    A nd           | Website:  www.openfoam.com                      |
|    \\/     M anipulation  |                                                 |
\*---------------------------------------------------------------------------*/
FoamFile
{
    version     2.0;
    format      ascii;
    arch        "LSB;label=32;scalar=64";
    class       volVectorField;
    location    "0.005";
    object      U;
}
// * * * * * * * * * * * * * * * * * * * * * * * * * * * * * * * * * * * * * //

dimensions      [0 1 -1 0 0 0 0];

internalField   nonuniform List<vector> 
3200
(
(0 1.249187217 0.125482368)
(0 1.327045368 0.4438327539)
(0 -0.09767197132 -0.6582197043)
(0 -0.15270845 -0.9470400369)
(0 -0.4968362528 0.03817164652)
(0 -0.09936673173 -0.08597453359)
(0 -0.03954002408 -0.1653312155)
(0 0.0001194376235 -0.03650846148)
(0 1.252447444e-11 1.09128485e-11)
(0 2.088182991e-11 5.051723007e-12)
(0 1.326684414e-11 2.562065108e-12)
(0 9.300170613e-12 1.404584912e-12)
(0 7.076212333e-12 8.193384598e-13)
(0 5.759010332e-12 4.978189124e-13)
(0 4.954083414e-12 3.070555886e-13)
(0 4.460430866e-12 1.865394011e-13)
(0 4.166812494e-12 1.07016412e-13)
(0 4.006433265e-12 5.329544787e-14)
(0 3.936239031e-12 1.682821674e-14)
(0 3.92693499e-12 -7.597114127e-15)
(0 3.957839351e-12 -2.338445052e-14)
(0 4.014022089e-12 -3.287622346e-14)
(0 4.084572375e-12 -3.77440913e-14)
(0 4.16145928e-12 -3.920569073e-14)
(0 4.238756147e-12 -3.815579079e-14)
(0 4.312102944e-12 -3.525739019e-14)
(0 4.378311293e-12 -3.100787725e-14)
(0 4.435061691e-12 -2.578369446e-14)
(0 4.48068453e-12 -1.987059046e-14)
(0 4.514013832e-12 -1.348865292e-14)
(0 4.534286809e-12 -6.814985574e-15)
(0 2.270543205e-12 -7.64051332e-25)
(0 9.90048231e-12 -3.859571323e-13)
(0 1.73163574e-11 -2.244694041e-11)
(0 8.645248077e-11 -2.468402303e-11)
(0 6.727536965e-11 -1.844614236e-11)
(0 1.82816836e-10 -5.026645094e-12)
(0 7.648389965e-11 1.12244572e-11)
(0 1.225147923e-10 2.501813536e-11)
(0 1.619832089e-11 3.533426969e-11)
(0 1.852940223 0.09519206106)
(0 2.224981463 0.3062273184)
(0 1.663523431 1.993023458)
(0 1.219549594 1.199677737)
(0 -0.07324156934 -0.1365303572)
(0 0.1941456608 -0.345621431)
(0 0.0358912461 0.02737189583)
(0 8.213633362e-12 9.990246515e-12)
(0 1.530294973e-11 2.294619414e-11)
(0 1.252166576e-11 1.177548982e-11)
(0 9.619706048e-12 6.35399818e-12)
(0 7.557443964e-12 3.641499422e-12)
(0 6.169446333e-12 2.19426526e-12)
(0 5.246727461e-12 1.362676119e-12)
(0 4.642803903e-12 8.508927779e-13)
(0 4.260391689e-12 5.185971444e-13)
(0 4.033568541e-12 2.952189787e-13)
(0 3.91624507e-12 1.426025311e-13)
(0 3.875346469e-12 3.841122594e-14)
(0 3.886722322e-12 -3.145718055e-14)
(0 3.932560242e-12 -7.647244793e-14)
(0 3.999662448e-12 -1.032779223e-13)
(0 4.078242908e-12 -1.166665015e-13)
(0 4.16104758e-12 -1.201510882e-13)
(0 4.242704448e-12 -1.163288076e-13)
(0 4.319250858e-12 -1.071327872e-13)
(0 4.387784989e-12 -9.401081475e-14)
(0 4.446198978e-12 -7.805287393e-14)
(0 4.492979572e-12 -6.008687803e-14)
(0 4.527069437e-12 -4.075617787e-14)
(0 4.547775462e-12 -2.058194849e-14)
(0 2.277358191e-12 -1.743936014e-24)
(0 9.954355189e-12 -8.275184344e-13)
(0 1.423516785e-11 -5.454799229e-11)
(0 5.012740006e-11 -6.282378706e-11)
(0 1.186685162e-11 -4.612027914e-11)
(0 1.223805753e-10 -1.416742705e-11)
(0 1.580548012e-11 2.636414327e-11)
(0 7.921846893e-11 6.293169845e-11)
(0 2.527593858e-12 8.838865941e-11)
(0 2.23053809 0.05208312954)
(0 2.230134473 0.3011975276)
(0 2.26881697 1.291337987)
(0 2.166455719 1.448584406)
(0 1.336285425 0.9926535397)
(0 -0.06642683254 -0.02727633219)
(0 -4.523115314e-06 0.05685716935)
(0 2.198594299e-12 2.678156426e-11)
(0 3.986421744e-12 2.444127119e-11)
(0 4.28961411e-12 1.275119735e-11)
(0 5.132853748e-12 7.436922651e-12)
(0 5.140437693e-12 4.613133948e-12)
(0 4.79738903e-12 2.953530243e-12)
(0 4.41563785e-12 1.907711785e-12)
(0 4.110004439e-12 1.215224955e-12)
(0 3.904757067e-12 7.41718535e-13)
(0 3.790817881e-12 4.126404757e-13)
(0 3.749625513e-12 1.834644882e-13)
(0 3.762179319e-12 2.565080982e-14)
(0 3.812051316e-12 -8.019021247e-14)
(0 3.88601861e-12 -1.477876723e-13)
(0 3.973828035e-12 -1.871116979e-13)
(0 4.067699209e-12 -2.055049331e-13)
(0 4.161796974e-12 -2.084111456e-13)
(0 4.251774448e-12 -1.998813323e-13)
(0 4.334420937e-12 -1.829404869e-13)
(0 4.407391207e-12 -1.598546808e-13)
(0 4.468985628e-12 -1.323292318e-13)
(0 4.517981226e-12 -1.016619279e-13)
(0 4.553518761e-12 -6.886341806e-14)
(0 4.575042986e-12 -3.47485591e-14)
(0 2.291125154e-12 -2.385023665e-24)
(0 1.005182505e-11 -8.003942387e-13)
(0 1.327679208e-11 -5.798934079e-11)
(0 1.077262892e-11 -7.175189685e-11)
(0 -5.128247887e-11 -5.305225271e-11)
(0 5.001720417e-11 -1.917193242e-11)
(0 -5.539437359e-11 2.718979292e-11)
(0 2.727777485e-11 7.144570888e-11)
(0 -1.525507119e-11 1.007728306e-10)
(0 2.558522286 0.01819400913)
(0 2.723828803 0.4102811441)
(0 2.705166635 1.210297542)
(0 2.629247801 1.878634717)
(0 1.804406899 2.009599893)
(0 -0.08940160543 1.019168784)
(0 -3.310806067e-05 -0.06024790491)
(0 -2.389402278e-11 -8.737784353e-12)
(0 -2.857115509e-11 5.45020544e-12)
(0 -4.482660934e-12 7.351133235e-12)
(0 1.481642647e-12 6.029366546e-12)
(0 3.074051557e-12 4.420593533e-12)
(0 3.46402417e-12 3.099019838e-12)
(0 3.508422172e-12 2.099427027e-12)
(0 3.476810653e-12 1.36058884e-12)
(0 3.45780721e-12 8.204232989e-13)
(0 3.475314494e-12 4.301715558e-13)
(0 3.529255404e-12 1.529754929e-13)
(0 3.611691768e-12 -3.906787043e-14)
(0 3.71328384e-12 -1.67151576e-13)
(0 3.825638756e-12 -2.47361337e-13)
(0 3.941945187e-12 -2.918608286e-13)
(0 4.05694346e-12 -3.098125474e-13)
(0 4.166671181e-12 -3.080896024e-13)
(0 4.268175107e-12 -2.918324036e-13)
(0 4.359277509e-12 -2.648848606e-13)
(0 4.438396244e-12 -2.301286925e-13)
(0 4.504391731e-12 -1.897357678e-13)
(0 4.556445385e-12 -1.453602627e-13)
(0 4.593982806e-12 -9.82867497e-14)
(0 4.61663888e-12 -4.954305516e-14)
(0 2.31210675e-12 -3.296815138e-24)
(0 1.015885554e-11 -6.081362768e-13)
(0 1.293822702e-11 -4.329489001e-11)
(0 -6.860853848e-12 -5.867825853e-11)
(0 -8.180840896e-11 -4.632971894e-11)
(0 1.304747669e-11 -2.007505391e-11)
(0 -9.24528218e-11 1.948397254e-11)
(0 -7.396219316e-13 5.802256633e-11)
(0 -2.512366952e-11 8.445328516e-11)
(0 2.794685982 -0.2329454497)
(0 3.382400109 0.2839645676)
(0 3.547296275 1.572625691)
(0 3.207079267 2.521836134)
(0 2.577701613 4.252631316)
(0 0.01857972983 1.458512392)
(0 1.544261111e-05 -0.003513122972)
(0 1.967940547e-11 -1.144736873e-11)
(0 2.339500742e-11 2.065961848e-12)
(0 4.868780072e-12 5.173770551e-12)
(0 2.202314046e-12 4.908818511e-12)
(0 2.210090985e-12 3.940858496e-12)
(0 2.476222525e-12 2.922534214e-12)
(0 2.677206852e-12 2.030391928e-12)
(0 2.831000711e-12 1.307284149e-12)
(0 2.974339782e-12 7.492190589e-13)
(0 3.123370075e-12 3.346546732e-13)
(0 3.280386086e-12 3.734054992e-14)
(0 3.44205225e-12 -1.677365689e-13)
(0 3.603757849e-12 -3.019740125e-13)
(0 3.761309357e-12 -3.826301492e-13)
(0 3.911376825e-12 -4.231475844e-13)
(0 4.051470435e-12 -4.337892853e-13)
(0 4.179777118e-12 -4.222954217e-13)
(0 4.29497919e-12 -3.944640964e-13)
(0 4.396124648e-12 -3.546293919e-13)
(0 4.482540299e-12 -3.060364797e-13)
(0 4.553754057e-12 -2.511283389e-13)
(0 4.609430244e-12 -1.917636195e-13)
(0 4.649335969e-12 -1.293827506e-13)
(0 4.673329736e-12 -6.513569342e-14)
(0 2.340668209e-12 -4.070241816e-24)
(0 1.028305547e-11 -4.427285879e-13)
(0 1.340624464e-11 -2.506110519e-11)
(0 -5.337523611e-12 -3.903856074e-11)
(0 -8.234293114e-11 -3.443160106e-11)
(0 1.002911805e-11 -1.813650774e-11)
(0 -9.690885073e-11 1.027389645e-11)
(0 -5.258777521e-12 3.816925965e-11)
(0 -2.675194994e-11 5.872626742e-11)
(0 2.34674287 -0.7259755328)
(0 3.813369049 -0.2495854253)
(0 4.257957626 1.278937345)
(0 5.122974657 2.349943811)
(0 2.883702695 4.12837094)
(0 12.82839591 2.782261078)
(0 -1.361824179e-12 4.563838091e-12)
(0 -1.117346767e-11 3.352387761e-11)
(0 -7.193733193e-12 1.387640691e-11)
(0 -1.639814998e-12 6.369159169e-12)
(0 2.487305921e-13 4.491280626e-12)
(0 1.08776726e-12 3.511486857e-12)
(0 1.553557602e-12 2.619868226e-12)
(0 1.893172107e-12 1.792325329e-12)
(0 2.195637784e-12 1.088940897e-12)
(0 2.485177735e-12 5.345194694e-13)
(0 2.763435985e-12 1.218978286e-13)
(0 3.026864162e-12 -1.705205942e-13)
(0 3.272377206e-12 -3.672330433e-13)
(0 3.49839026e-12 -4.903659058e-13)
(0 3.704465185e-12 -5.580231246e-13)
(0 3.890786051e-12 -5.842981437e-13)
(0 4.057795623e-12 -5.798927838e-13)
(0 4.20599637e-12 -5.528297284e-13)
(0 4.335841136e-12 -5.090886733e-13)
(0 4.447705126e-12 -4.531217717e-13)
(0 4.541897297e-12 -3.882518958e-13)
(0 4.618664591e-12 -3.169742699e-13)
(0 4.678190974e-12 -2.411831462e-13)
(0 4.720610732e-12 -1.623423708e-13)
(0 4.74602163e-12 -8.161865866e-14)
(0 2.377242443e-12 -4.592581546e-24)
(0 1.04354542e-11 -3.977312497e-13)
(0 1.40340198e-11 -1.168513094e-11)
(0 3.498817786e-12 -2.282761263e-11)
(0 -7.040382481e-11 -2.313618853e-11)
(0 2.208171788e-11 -1.468396187e-11)
(0 -8.640812578e-11 3.6191186e-12)
(0 1.420618687e-12 2.150114881e-11)
(0 -2.43261066e-11 3.579646812e-11)
(0 0.4000671814 -2.267778247)
(0 1.730270655 -1.418067613)
(0 2.377190865 1.401742197)
(0 3.519848582 2.954048032)
(0 2.535918772 2.598793729)
(0 3.599677381 0.138736157)
(0 -0.1251364507 12.33537567)
(0 -1.556181342e-11 1.539582098e-11)
(0 -1.907389561e-11 -1.831720908e-12)
(0 -4.51631109e-12 1.935014778e-12)
(0 -6.553582652e-13 3.175662376e-12)
(0 3.38678585e-13 2.993941956e-12)
(0 7.570609963e-13 2.253128595e-12)
(0 1.146279523e-12 1.430104952e-12)
(0 1.573194852e-12 7.216407041e-13)
(0 2.007296714e-12 1.780265189e-13)
(0 2.418330011e-12 -2.11053596e-13)
(0 2.791255215e-12 -4.740771616e-13)
(0 3.122206938e-12 -6.403002166e-13)
(0 3.412967768e-12 -7.342238142e-13)
(0 3.667377119e-12 -7.747828088e-13)
(0 3.889507166e-12 -7.761150595e-13)
(0 4.08293885e-12 -7.486441823e-13)
(0 4.250581228e-12 -7.000340213e-13)
(0 4.394687147e-12 -6.359297546e-13)
(0 4.516961426e-12 -5.605054107e-13)
(0 4.618687801e-12 -4.768628635e-13)
(0 4.700822807e-12 -3.873239603e-13)
(0 4.764062143e-12 -2.9364538e-13)
(0 4.808900456e-12 -1.971784694e-13)
(0 4.835672107e-12 -9.89966239e-14)
(0 2.422286868e-12 -4.968948184e-24)
(0 1.06260712e-11 -4.259675766e-13)
(0 1.457859796e-11 -4.33145467e-12)
(0 1.189610293e-11 -1.249058374e-11)
(0 -5.793953771e-11 -1.463545102e-11)
(0 3.583130828e-11 -1.095814472e-11)
(0 -7.356596779e-11 -8.052667845e-14)
(0 1.025671725e-11 1.020874263e-11)
(0 -2.105525427e-11 1.91505879e-11)
(0 -2.987601934 -2.87433533)
(0 -2.836596753 -2.311657376)
(0 -1.94043447 -0.6033040397)
(0 -1.206221866 1.283372354)
(0 -1.493582 2.084714971)
(0 -5.020228873 5.32594555)
(0 -5.302325006 9.482154589)
(0 4.999291264e-13 -2.917740838e-12)
(0 3.820583235e-12 -1.408191872e-11)
(0 3.367705229e-12 6.080948716e-14)
(0 1.30765777e-12 3.282414696e-12)
(0 1.652334791e-13 3.03549562e-12)
(0 -1.027940201e-14 1.968604183e-12)
(0 3.616842162e-13 9.533318395e-13)
(0 9.435593502e-13 1.89496245e-13)
(0 1.552483435e-12 -3.329954902e-13)
(0 2.111332304e-12 -6.700605137e-13)
(0 2.597617542e-12 -8.744248509e-13)
(0 3.012230553e-12 -9.856611716e-13)
(0 3.363907668e-12 -1.031441026e-12)
(0 3.662573939e-12 -1.030757261e-12)
(0 3.916924678e-12 -9.967215323e-13)
(0 4.133876661e-12 -9.385246803e-13)
(0 4.318710798e-12 -8.62726465e-13)
(0 4.475369747e-12 -7.74086698e-13)
(0 4.606772017e-12 -6.761020042e-13)
(0 4.715078747e-12 -5.713637832e-13)
(0 4.801882074e-12 -4.618073677e-13)
(0 4.868336465e-12 -3.488905186e-13)
(0 4.915259488e-12 -2.337256995e-13)
(0 4.943200099e-12 -1.171880358e-13)
(0 2.476239067e-12 -5.146375916e-24)
(0 1.085815066e-11 -4.77726357e-13)
(0 1.505442155e-11 -1.263463603e-12)
(0 1.748063919e-11 -6.895004695e-12)
(0 -4.901530487e-11 -9.005516063e-12)
(0 4.631116941e-11 -7.732460662e-12)
(0 -6.329259137e-11 -1.767508443e-12)
(0 1.760236712e-11 3.36862111e-12)
(0 -1.827378852e-11 8.308908378e-12)
(0 -6.040036033 -2.425043243)
(0 -7.449228953 -1.336472927)
(0 -7.574351562 0.976791275)
(0 -7.57542048 3.328084246)
(0 -7.614967951 5.199146133)
(0 -6.691894936 6.169529757)
(0 -2.241695231 4.910410152)
(0 0.5578957554 -5.218730689)
(0 7.616521487e-12 -5.257864344e-12)
(0 1.073421721e-11 7.004371356e-12)
(0 2.319327863e-12 6.860124711e-12)
(0 -9.751319278e-13 3.897026725e-12)
(0 -1.325102784e-12 1.632464756e-12)
(0 -6.328284147e-13 2.251258228e-13)
(0 2.868675218e-13 -5.839893935e-13)
(0 1.147739955e-12 -1.029437458e-12)
(0 1.876900651e-12 -1.261769792e-12)
(0 2.475654557e-12 -1.367890785e-12)
(0 2.965190763e-12 -1.396472992e-12)
(0 3.367871679e-12 -1.375115973e-12)
(0 3.702096613e-12 -1.320075578e-12)
(0 3.981739746e-12 -1.241476201e-12)
(0 4.216933918e-12 -1.145991762e-12)
(0 4.41501921e-12 -1.038249e-12)
(0 4.581311607e-12 -9.215816481e-13)
(0 4.71968434e-12 -7.984480673e-13)
(0 4.832982438e-12 -6.706807031e-13)
(0 4.923296072e-12 -5.396504721e-13)
(0 4.992143812e-12 -4.063829699e-13)
(0 5.040602939e-12 -2.716469339e-13)
(0 5.069397807e-12 -1.360298023e-13)
(0 2.539474903e-12 -5.219144069e-24)
(0 1.113286942e-11 -5.281754937e-13)
(0 1.549737911e-11 -6.246987706e-13)
(0 2.05175691e-11 -4.319993067e-12)
(0 -4.366722732e-11 -5.61484894e-12)
(0 5.304115017e-11 -5.298462321e-12)
(0 -5.632464537e-11 -2.348858962e-12)
(0 2.277042741e-11 -4.32966183e-13)
(0 -1.626462001e-11 1.79028419e-12)
(0 -4.431904927 -1.637334)
(0 -6.571491148 -1.340416058)
(0 -6.987906313 0.0275583645)
(0 -6.687393735 1.514180577)
(0 -4.968744997 1.533753204)
(0 -0.7347535152 -0.669153397)
(0 0.7279491423 -0.138802654)
(0 2.549982317 -2.891844648)
(0 4.555067906e-12 2.915551778e-12)
(0 4.822119132e-12 1.756950165e-11)
(0 -2.780621088e-12 1.227145989e-11)
(0 -5.062426476e-12 4.060027791e-12)
(0 -3.682180305e-12 4.391059712e-13)
(0 -1.854769933e-12 -1.101299875e-12)
(0 -3.110039304e-13 -1.721136719e-12)
(0 8.747030364e-13 -1.938984422e-12)
(0 1.772878977e-12 -1.979684285e-12)
(0 2.462914341e-12 -1.938882725e-12)
(0 3.005005364e-12 -1.857220696e-12)
(0 3.440305082e-12 -1.752464785e-12)
(0 3.796213712e-12 -1.632946753e-12)
(0 4.091008493e-12 -1.503106806e-12)
(0 4.337103862e-12 -1.365701427e-12)
(0 4.543120912e-12 -1.22267913e-12)
(0 4.715170679e-12 -1.075529012e-12)
(0 4.857672962e-12 -9.254184137e-13)
(0 4.973876343e-12 -7.732555808e-13)
(0 5.066179807e-12 -6.197298257e-13)
(0 5.136340003e-12 -4.653448211e-13)
(0 5.185612655e-12 -3.104517982e-13)
(0 5.214847033e-12 -1.552851099e-13)
(0 2.61226887e-12 -5.174293292e-24)
(0 1.14511296e-11 -5.653080329e-13)
(0 1.595344231e-11 -1.10726424e-12)
(0 2.186764698e-11 -3.414169697e-12)
(0 -4.086871904e-11 -3.769021448e-12)
(0 5.690348489e-11 -3.667514002e-12)
(0 -5.203568267e-11 -2.440871796e-12)
(0 2.608095768e-11 -2.368875495e-12)
(0 -1.493969464e-11 -1.837988233e-12)
(0 -1.180062505 -0.1868220234)
(0 -2.216110581 0.554056971)
(0 -2.458379942 0.5801660413)
(0 -1.980751491 0.2501670866)
(0 -0.1262317307 0.05397471406)
(0 -0.2475710104 0.5318556998)
(0 1.227348657 0.3292627593)
(0 -0.7653688869 -1.955414357)
(0 -0.002211797901 2.109645154)
(0 -1.563043125e-11 1.238043486e-11)
(0 -2.40743504e-11 7.710031448e-12)
(0 -1.280748574e-11 -3.674790395e-13)
(0 -6.486430449e-12 -2.834762108e-12)
(0 -2.793071104e-12 -3.348285069e-12)
(0 -5.508170255e-13 -3.260264319e-12)
(0 8.891923879e-13 -3.025678796e-12)
(0 1.877002348e-12 -2.779093788e-12)
(0 2.598118146e-12 -2.550716163e-12)
(0 3.151608703e-12 -2.341057349e-12)
(0 3.592145622e-12 -2.144566011e-12)
(0 3.951454592e-12 -1.956136634e-12)
(0 4.248985072e-12 -1.772304443e-12)
(0 4.497361594e-12 -1.5910274e-12)
(0 4.705191626e-12 -1.411233383e-12)
(0 4.878572324e-12 -1.232431324e-12)
(0 5.021957771e-12 -1.054435232e-12)
(0 5.138671026e-12 -8.771895605e-13)
(0 5.231206831e-12 -7.006674769e-13)
(0 5.301421839e-12 -5.248158284e-13)
(0 5.35066265e-12 -3.495315821e-13)
(0 5.379849605e-12 -1.746584678e-13)
(0 2.694760013e-12 -5.034554564e-24)
(0 1.181273492e-11 -5.869292659e-13)
(0 1.645426439e-11 -1.92389402e-12)
(0 2.225968645e-11 -3.298586289e-12)
(0 -3.964138227e-11 -2.907344412e-12)
(0 5.888046942e-11 -2.72699116e-12)
(0 -4.960812772e-11 -2.408313864e-12)
(0 2.804412488e-11 -3.265390769e-12)
(0 -1.412762888e-11 -3.680430242e-12)
(0 -1.41477086 -0.3091173462)
(0 -1.633781194 -0.2288158525)
(0 -1.350936352 -0.1155484493)
(0 -1.179302608 -0.2407096174)
(0 -0.9676629395 -0.682185413)
(0 -1.353555772 -1.260242092)
(0 -0.3734781417 0.08421819099)
(0 -1.973687422 -1.159522641)
(0 -0.07785077077 -0.6401307687)
(0 -2.277314355e-11 -2.83768248e-12)
(0 -3.370527405e-11 -1.16034071e-11)
(0 -1.560721971e-11 -1.040522575e-11)
(0 -6.662986334e-12 -8.062391015e-12)
(0 -2.280272144e-12 -6.196814754e-12)
(0 1.160234251e-14 -4.94594436e-12)
(0 1.355873567e-12 -4.124368478e-12)
(0 2.247841611e-12 -3.560293122e-12)
(0 2.90095078e-12 -3.143818783e-12)
(0 3.411155516e-12 -2.811713307e-12)
(0 3.825225797e-12 -2.528601432e-12)
(0 4.16847528e-12 -2.274731401e-12)
(0 4.456117728e-12 -2.038951023e-12)
(0 4.698174922e-12 -1.814876077e-12)
(0 4.901716988e-12 -1.598802233e-12)
(0 5.071968831e-12 -1.388532332e-12)
(0 5.212914725e-12 -1.182703443e-12)
(0 5.327644098e-12 -9.804006809e-13)
(0 5.41855354e-12 -7.809358868e-13)
(0 5.487475898e-12 -5.837211204e-13)
(0 5.535770016e-12 -3.881999784e-13)
(0 5.564378615e-12 -1.938149027e-13)
(0 2.786927337e-12 -4.919360534e-24)
(0 1.22177683e-11 -5.939252469e-13)
(0 1.701086933e-11 -2.667853884e-12)
(0 2.220061496e-11 -3.462766716e-12)
(0 -3.925749084e-11 -2.625685481e-12)
(0 5.97515782e-11 -2.318082513e-12)
(0 -4.835394176e-11 -2.42841615e-12)
(0 2.911790963e-11 -3.644593111e-12)
(0 -1.366521408e-11 -4.500034917e-12)
(0 -0.5332017069 0.1288402369)
(0 -0.8423847346 0.331573798)
(0 -0.9254153517 0.2691024496)
(0 -0.8603466848 0.03102056112)
(0 -1.174531842 -0.1110590968)
(0 -1.897533682 0.05618487689)
(0 -1.319712989 0.1761602386)
(0 -0.3943528686 -1.289494432)
(0 0.002695321847 -1.073236186)
(0 -2.078249463e-11 -1.270045253e-11)
(0 -2.751735517e-11 -3.675040721e-11)
(0 -9.26646964e-12 -2.158761294e-11)
(0 -2.278019454e-12 -1.281275441e-11)
(0 3.233755509e-13 -8.430634475e-12)
(0 1.521629251e-12 -6.202319938e-12)
(0 2.274843626e-12 -4.965546361e-12)
(0 2.857552043e-12 -4.193885717e-12)
(0 3.346697961e-12 -3.652573578e-12)
(0 3.766826054e-12 -3.233355395e-12)
(0 4.129127528e-12 -2.883376052e-12)
(0 4.441105001e-12 -2.575225945e-12)
(0 4.708840395e-12 -2.293882926e-12)
(0 4.937510384e-12 -2.030718183e-12)
(0 5.131535371e-12 -1.78056721e-12)
(0 5.294671114e-12 -1.540194685e-12)
(0 5.430089423e-12 -1.307447488e-12)
(0 5.540438582e-12 -1.080775543e-12)
(0 5.627886392e-12 -8.589561428e-13)
(0 5.694157747e-12 -6.409339801e-13)
(0 5.740568868e-12 -4.257306605e-13)
(0 5.768049583e-12 -2.123980875e-13)
(0 2.888574916e-12 -4.730147985e-24)
(0 1.266389849e-11 -5.867462288e-13)
(0 1.762776748e-11 -3.184965472e-12)
(0 2.201975095e-11 -3.652634896e-12)
(0 -3.922173823e-11 -2.652376472e-12)
(0 6.006962471e-11 -2.273540365e-12)
(0 -4.77645061e-11 -2.551315885e-12)
(0 2.965531258e-11 -3.79971435e-12)
(0 -1.342203378e-11 -4.780338368e-12)
(0 -0.8122009934 0.1034117914)
(0 -0.9618020797 0.1082067345)
(0 -1.11858692 -0.05256825637)
(0 -1.68297138 0.05737315179)
(0 -2.836339745 0.3012646707)
(0 -3.1088472 -0.4132098541)
(0 -1.886374042 -1.740652725)
(0 0.6369065525 -1.966232434)
(0 -0.007519557776 -0.7996321028)
(0 -1.248987637e-11 -4.287922554e-11)
(0 -1.187602868e-11 -7.040404588e-11)
(0 8.330432834e-12 -2.638203815e-11)
(0 6.493992134e-12 -1.317036223e-11)
(0 4.330162332e-12 -8.51063982e-12)
(0 3.476690456e-12 -6.467155218e-12)
(0 3.364307787e-12 -5.341612196e-12)
(0 3.560814394e-12 -4.597098585e-12)
(0 3.861481102e-12 -4.039254939e-12)
(0 4.180353042e-12 -3.585764917e-12)
(0 4.483355247e-12 -3.196319866e-12)
(0 4.757968406e-12 -2.848910924e-12)
(0 5.00062549e-12 -2.530632248e-12)
(0 5.211490638e-12 -2.233544009e-12)
(0 5.392240486e-12 -1.952554615e-12)
(0 5.545088553e-12 -1.684233731e-12)
(0 5.672333868e-12 -1.426118007e-12)
(0 5.776135443e-12 -1.176299679e-12)
(0 5.858395102e-12 -9.33181006e-13)
(0 5.92070138e-12 -6.953283253e-13)
(0 5.964305909e-12 -4.613883739e-13)
(0 5.990109276e-12 -2.300450669e-13)
(0 2.999325425e-12 -4.45353876e-24)
(0 1.315015283e-11 -5.676577664e-13)
(0 1.831478142e-11 -3.472732296e-12)
(0 2.190428724e-11 -3.779312067e-12)
(0 -3.92370085e-11 -2.816512663e-12)
(0 6.018493567e-11 -2.439336749e-12)
(0 -4.749961925e-11 -2.753315629e-12)
(0 2.990250909e-11 -3.869975174e-12)
(0 -1.33043003e-11 -4.80025823e-12)
(0 -0.4872518283 0.2753300195)
(0 -0.7439118929 0.5731572775)
(0 -1.238965332 0.9074758249)
(0 -2.44675664 1.506778022)
(0 -3.743849841 1.175823926)
(0 -3.802561904 -1.027423548)
(0 -2.901948995 -3.637310823)
(0 -1.695708291 -3.719214898)
(0 -0.3704617869 -0.2571190655)
(0 -0.001687212563 -0.001396433943)
(0 4.2732266e-11 1.471610072e-11)
(0 4.796716322e-11 -3.655706119e-13)
(0 1.559337888e-11 -4.976021221e-12)
(0 7.026582567e-12 -5.974408559e-12)
(0 4.690656874e-12 -5.814044206e-12)
(0 4.144900259e-12 -5.336647991e-12)
(0 4.1599093e-12 -4.813629258e-12)
(0 4.358031629e-12 -4.321562692e-12)
(0 4.609761127e-12 -3.87413303e-12)
(0 4.865981521e-12 -3.467241735e-12)
(0 5.106792618e-12 -3.093476184e-12)
(0 5.32420731e-12 -2.746197227e-12)
(0 5.515588018e-12 -2.420277126e-12)
(0 5.680845649e-12 -2.111880178e-12)
(0 5.821107721e-12 -1.818072962e-12)
(0 5.938023475e-12 -1.536494966e-12)
(0 6.033375583e-12 -1.26512733e-12)
(0 6.108857745e-12 -1.002142174e-12)
(0 6.16595038e-12 -7.458100919e-13)
(0 6.205852127e-12 -4.944482292e-13)
(0 6.229437957e-12 -2.463953896e-13)
(0 3.118619983e-12 -4.294926386e-24)
(0 1.36730171e-11 -5.378510141e-13)
(0 1.905827009e-11 -3.601220863e-12)
(0 2.192109191e-11 -3.844233741e-12)
(0 -3.917014857e-11 -3.018751927e-12)
(0 6.027985032e-11 -2.689548824e-12)
(0 -4.736084744e-11 -2.980242859e-12)
(0 3.00129937e-11 -3.903474893e-12)
(0 -1.32511103e-11 -4.702878019e-12)
(0 -0.0840465406 0.396327055)
(0 -0.3200116267 1.006450312)
(0 -0.6891711564 1.65379983)
(0 -1.362344676 2.3119196)
(0 -2.059398173 1.666058789)
(0 -1.882625394 -1.002198588)
(0 -1.729443801 -4.197175242)
(0 -1.78547488 -5.284324928)
(0 -0.3107165437 -2.006138416)
(0 3.19420952e-06 -0.4801221505)
(0 -1.075375577e-11 7.096937713e-11)
(0 -1.136204413e-11 1.51805042e-11)
(0 8.851541876e-13 -3.937407825e-13)
(0 3.492139347e-12 -4.596911231e-12)
(0 4.114451024e-12 -5.477941742e-12)
(0 4.364722735e-12 -5.377282965e-12)
(0 4.575899693e-12 -4.999223685e-12)
(0 4.80097733e-12 -4.559208702e-12)
(0 5.034673999e-12 -4.121945682e-12)
(0 5.264012093e-12 -3.705033661e-12)
(0 5.479012915e-12 -3.311554182e-12)
(0 5.673824547e-12 -2.940405366e-12)
(0 5.845807687e-12 -2.589492964e-12)
(0 5.99444465e-12 -2.256623368e-12)
(0 6.120473764e-12 -1.939689418e-12)
(0 6.2252795e-12 -1.636666968e-12)
(0 6.310488235e-12 -1.345577018e-12)
(0 6.37771234e-12 -1.064453032e-12)
(0 6.428395325e-12 -7.913221828e-13)
(0 6.463720611e-12 -5.24200045e-13)
(0 6.484557505e-12 -2.610932244e-13)
(0 3.245720815e-12 -4.269500026e-24)
(0 1.423044495e-11 -4.981797675e-13)
(0 1.986146969e-11 -3.651956543e-12)
(0 2.206156063e-11 -3.879326596e-12)
(0 -3.900142261e-11 -3.206057567e-12)
(0 6.041649973e-11 -2.934808305e-12)
(0 -4.725457097e-11 -3.178545415e-12)
(0 3.006950627e-11 -3.904678194e-12)
(0 -1.322733571e-11 -4.551403462e-12)
(0 0.0424937444 0.4464082042)
(0 0.2239382749 1.213981881)
(0 0.1252662137 1.87176092)
(0 0.3486443522 2.500530912)
(0 0.4203103163 1.89252521)
(0 0.7360532645 -0.4615150372)
(0 0.2089449807 -3.334735187)
(0 -1.009511177 -4.402810782)
(0 -2.082146881 -2.868507379)
(0 -0.000114886365 -0.2075480176)
(0 -1.892046283e-11 -2.156981612e-11)
(0 -2.347984199e-11 -9.543321983e-12)
(0 -4.184036548e-12 -7.182497902e-12)
(0 1.942381608e-12 -6.541579223e-12)
(0 3.910285141e-12 -6.123524266e-12)
(0 4.623618316e-12 -5.695316962e-12)
(0 4.977983563e-12 -5.246782453e-12)
(0 5.235309632e-12 -4.794105413e-12)
(0 5.463936168e-12 -4.34941286e-12)
(0 5.67637302e-12 -3.919397084e-12)
(0 5.871420913e-12 -3.507304085e-12)
(0 6.046268528e-12 -3.114382137e-12)
(0 6.199370015e-12 -2.740673944e-12)
(0 6.330649196e-12 -2.385439165e-12)
(0 6.441064122e-12 -2.047401865e-12)
(0 6.532135875e-12 -1.724913693e-12)
(0 6.605589519e-12 -1.416067051e-12)
(0 6.66311258e-12 -1.118774542e-12)
(0 6.706203366e-12 -8.308273211e-13)
(0 6.736081085e-12 -5.499401562e-13)
(0 6.753638002e-12 -2.737837448e-13)
(0 3.379713207e-12 -4.094005631e-24)
(0 1.481748847e-11 -4.505257859e-13)
(0 2.071186425e-11 -3.681905105e-12)
(0 2.22771791e-11 -3.910133412e-12)
(0 -3.876950093e-11 -3.352991614e-12)
(0 6.058980068e-11 -3.123553435e-12)
(0 -4.715121249e-11 -3.312868652e-12)
(0 3.010866283e-11 -3.865692151e-12)
(0 -1.321535545e-11 -4.369397113e-12)
(0 -0.1942831367 0.2082295756)
(0 0.4104667715 1.037364)
(0 0.675982819 1.631526367)
(0 1.281817552 2.028097978)
(0 1.776492048 1.513882804)
(0 2.115450341 -0.3666491152)
(0 1.573486701 -2.395962238)
(0 0.1107473385 -2.920946532)
(0 -1.641259232 -2.725705413)
(0 0.0006798408966 -2.459158215)
(0 -5.087134424e-13 -6.529840864e-11)
(0 2.996952863e-12 -2.460868417e-11)
(0 3.886896947e-12 -1.225131382e-11)
(0 4.551112983e-12 -8.263366282e-12)
(0 4.960713285e-12 -6.779262686e-12)
(0 5.241464547e-12 -6.033686769e-12)
(0 5.477111242e-12 -5.498477902e-12)
(0 5.698346924e-12 -5.021025419e-12)
(0 5.909382328e-12 -4.562216101e-12)
(0 6.106120868e-12 -4.115847745e-12)
(0 6.284027861e-12 -3.68389196e-12)
(0 6.440454688e-12 -3.269156415e-12)
(0 6.574750659e-12 -2.873393599e-12)
(0 6.687716729e-12 -2.497068015e-12)
(0 6.780999236e-12 -2.139574736e-12)
(0 6.856614314e-12 -1.799528767e-12)
(0 6.916627386e-12 -1.475012025e-12)
(0 6.96295207e-12 -1.163756965e-12)
(0 6.997229711e-12 -8.632767612e-13)
(0 7.020764187e-12 -5.709556838e-13)
(0 7.034497661e-12 -2.841066127e-13)
(0 3.519504559e-12 -3.825396324e-24)
(0 1.542995733e-11 -3.934701169e-13)
(0 2.159415545e-11 -3.715943458e-12)
(0 2.25184459e-11 -3.944383847e-12)
(0 -3.852249488e-11 -3.449710219e-12)
(0 6.077344683e-11 -3.235373218e-12)
(0 -4.70497165e-11 -3.369533055e-12)
(0 3.014284557e-11 -3.781224572e-12)
(0 -1.320754043e-11 -4.164505396e-12)
(0 -0.2698930765 -0.1434160863)
(0 0.005145103225 0.4292152488)
(0 0.6112937435 1.04383486)
(0 1.301230092 1.237529164)
(0 1.950278594 0.8511032127)
(0 2.308746593 -0.1991400412)
(0 1.874969393 -1.52345827)
(0 0.8648020063 -2.096172582)
(0 1.076269294 -2.404596918)
(0 0.003376376614 -2.170273739)
(0 7.814246074e-12 -1.617749944e-11)
(0 2.914658945e-11 -1.180003431e-11)
(0 1.216128134e-11 -8.95070897e-12)
(0 7.414432738e-12 -7.481261366e-12)
(0 6.139964654e-12 -6.696476313e-12)
(0 5.904403101e-12 -6.161678936e-12)
(0 5.990644913e-12 -5.692401041e-12)
(0 6.171571433e-12 -5.22930323e-12)
(0 6.369113842e-12 -4.762580952e-12)
(0 6.554697161e-12 -4.297889757e-12)
(0 6.718112243e-12 -3.843267301e-12)
(0 6.856766889e-12 -3.40496915e-12)
(0 6.971458415e-12 -2.986687417e-12)
(0 7.064468059e-12 -2.589874167e-12)
(0 7.13860337e-12 -2.214309666e-12)
(0 7.196698586e-12 -1.858625472e-12)
(0 7.241361321e-12 -1.520706433e-12)
(0 7.274847844e-12 -1.197973699e-12)
(0 7.299004648e-12 -8.875749361e-13)
(0 7.315251233e-12 -5.865072617e-13)
(0 7.324593686e-12 -2.916894939e-13)
(0 3.66381982e-12 -3.509437613e-24)
(0 1.606208859e-11 -3.278987764e-13)
(0 2.251216151e-11 -3.753150359e-12)
(0 2.27574587e-11 -3.97331105e-12)
(0 -3.829140456e-11 -3.4926422e-12)
(0 6.094648337e-11 -3.268831601e-12)
(0 -4.695526065e-11 -3.35032506e-12)
(0 3.017493587e-11 -3.65166296e-12)
(0 -1.320096149e-11 -3.939359778e-12)
(0 0.1739817522 -0.01548027609)
(0 -0.04281341602 0.09090824619)
(0 0.3054285734 0.3058366995)
(0 0.8489674787 0.4689604919)
(0 1.317945753 0.2712237964)
(0 1.645091386 -0.03553480541)
(0 1.411262904 -0.8945390484)
(0 0.7831310732 -2.033899588)
(0 1.03357307 -1.973185255)
(0 6.320904915e-05 -1.375951743)
(0 5.037747063e-12 2.466255196e-11)
(0 9.805724035e-12 2.086355526e-12)
(0 8.20566989e-12 -4.270244686e-12)
(0 6.80534564e-12 -6.014511814e-12)
(0 6.280295714e-12 -6.363708497e-12)
(0 6.245539819e-12 -6.224147492e-12)
(0 6.409486949e-12 -5.880140686e-12)
(0 6.628167013e-12 -5.441207248e-12)
(0 6.840795801e-12 -4.960912186e-12)
(0 7.025434519e-12 -4.469861869e-12)
(0 7.176948468e-12 -3.98632224e-12)
(0 7.297034573e-12 -3.52077302e-12)
(0 7.389845642e-12 -3.07852045e-12)
(0 7.46009448e-12 -2.661437833e-12)
(0 7.51224793e-12 -2.269170798e-12)
(0 7.550217547e-12 -1.899965729e-12)
(0 7.57727916e-12 -1.551224968e-12)
(0 7.596083567e-12 -1.219867067e-12)
(0 7.608696148e-12 -9.025524102e-13)
(0 7.616649629e-12 -5.958171876e-13)
(0 7.621004923e-12 -2.961443527e-13)
(0 3.811194053e-12 -3.234052928e-24)
(0 1.670753008e-11 -2.547934922e-13)
(0 2.344133607e-11 -3.780552748e-12)
(0 2.297851686e-11 -3.981095325e-12)
(0 -3.808895343e-11 -3.48066498e-12)
(0 6.109971768e-11 -3.231011117e-12)
(0 -4.687062077e-11 -3.264359178e-12)
(0 3.020549087e-11 -3.481045249e-12)
(0 -1.31945115e-11 -3.695271321e-12)
(0 0.403421932 0.06375170851)
(0 0.363346014 0.225042188)
(0 0.4107555376 0.1645093716)
(0 0.5801414649 0.1464237762)
(0 0.9816123673 -0.01028944696)
(0 1.218173192 -0.1526580008)
(0 0.8860582723 -0.7913646814)
(0 0.3481573134 -1.736637964)
(0 0.08536149895 -1.762649583)
(0 -1.122913225e-07 -0.9815030071)
(0 -1.619556634e-12 4.823090729e-12)
(0 -4.967915326e-14 -5.042598539e-13)
(0 4.060413999e-12 -4.202126276e-12)
(0 5.320968927e-12 -5.942838865e-12)
(0 5.930328976e-12 -6.519685931e-12)
(0 6.387970912e-12 -6.4910575e-12)
(0 6.773585157e-12 -6.162810721e-12)
(0 7.090799933e-12 -5.694473374e-12)
(0 7.340459221e-12 -5.169997898e-12)
(0 7.529287107e-12 -4.634323703e-12)
(0 7.667201092e-12 -4.111389216e-12)
(0 7.764568678e-12 -3.613284437e-12)
(0 7.830793602e-12 -3.145187878e-12)
(0 7.873817711e-12 -2.708189214e-12)
(0 7.900075475e-12 -2.300972942e-12)
(0 7.914644416e-12 -1.920846042e-12)
(0 7.921459982e-12 -1.564367334e-12)
(0 7.923520402e-12 -1.22772614e-12)
(0 7.923054527e-12 -9.069603175e-13)
(0 7.921659291e-12 -5.980705923e-13)
(0 7.920410873e-12 -2.970695062e-13)
(0 3.959964173e-12 -2.829384589e-24)
(0 1.735927323e-11 -1.733826954e-13)
(0 2.437725483e-11 -3.783726821e-12)
(0 2.318220125e-11 -3.952971118e-12)
(0 -3.791340268e-11 -3.414004181e-12)
(0 6.123388568e-11 -3.130976573e-12)
(0 -4.679475633e-11 -3.122075721e-12)
(0 3.023526318e-11 -3.274282606e-12)
(0 -1.3187639e-11 -3.432890029e-12)
(0 0.4618067528 0.0238300132)
(0 0.5231694654 0.1037477448)
(0 0.6065243395 0.1039630067)
(0 0.673718694 -0.02819941702)
(0 0.6194470891 -0.5044953848)
(0 1.178960304 0.3505284961)
(0 0.8436098946 0.1974407254)
(0 0.05683501576 -0.9818731144)
(0 -0.1598527946 -1.838109648)
(0 4.702754631e-05 -1.151735811)
(0 -4.585300873e-13 -8.552592109e-12)
(0 5.983824824e-13 -4.895561579e-12)
(0 2.76709088e-12 -6.091169872e-12)
(0 4.487785985e-12 -7.035021751e-12)
(0 5.732077078e-12 -7.281133512e-12)
(0 6.602415029e-12 -7.05758062e-12)
(0 7.206071075e-12 -6.585572489e-12)
(0 7.620979837e-12 -6.003873913e-12)
(0 7.900945472e-12 -5.390280895e-12)
(0 8.084043201e-12 -4.78604545e-12)
(0 8.197987735e-12 -4.211625599e-12)
(0 8.263235911e-12 -3.675787722e-12)
(0 8.294940865e-12 -3.180759302e-12)
(0 8.304309416e-12 -2.725160612e-12)
(0 8.299591102e-12 -2.305687207e-12)
(0 8.286823154e-12 -1.918079076e-12)
(0 8.270399062e-12 -1.557674387e-12)
(0 8.253490584e-12 -1.219714805e-12)
(0 8.238351696e-12 -8.994981665e-13)
(0 8.226540441e-12 -5.924366435e-13)
(0 8.219075515e-12 -2.940606443e-13)
(0 4.108263559e-12 -1.990593222e-24)
(0 1.800888127e-11 -8.376490132e-14)
(0 2.530263389e-11 -3.751314804e-12)
(0 2.337212443e-11 -3.878106881e-12)
(0 -3.775777095e-11 -3.293338186e-12)
(0 6.13540365e-11 -2.976458201e-12)
(0 -4.67246915e-11 -2.932102069e-12)
(0 3.026535384e-11 -3.035355816e-12)
(0 -1.317997333e-11 -3.152090304e-12)
(0 0.4421663528 0.0146623321)
(0 0.4592041232 0.06305442525)
(0 0.4310156364 0.1066536367)
(0 0.4793873415 0.03016087067)
(0 -0.003387985667 -0.31369282)
(0 -0.148535026 -0.3551188423)
(0 0.2412467548 -0.06288761017)
(0 0.4936862042 -0.910632534)
(0 0.4474896664 -1.805771127)
(0 0.0001831283063 -1.112367566)
(0 4.814783972e-13 1.050849092e-11)
(0 2.18052694e-12 -4.663335979e-12)
(0 1.920953828e-12 -8.23196911e-12)
(0 4.131005287e-12 -8.824931735e-12)
(0 5.907770106e-12 -8.512243577e-12)
(0 7.083531935e-12 -7.872554235e-12)
(0 7.827291864e-12 -7.118019354e-12)
(0 8.286091527e-12 -6.345164161e-12)
(0 8.558287684e-12 -5.60120596e-12)
(0 8.707942403e-12 -4.907950808e-12)
(0 8.77745882e-12 -4.273276674e-12)
(0 8.795434975e-12 -3.697478539e-12)
(0 8.781420711e-12 -3.176901492e-12)
(0 8.748889807e-12 -2.7060101e-12)
(0 8.707157012e-12 -2.278539186e-12)
(0 8.662657235e-12 -1.88810952e-12)
(0 8.619824252e-12 -1.528536476e-12)
(0 8.581696623e-12 -1.193961932e-12)
(0 8.550332689e-12 -8.788819839e-13)
(0 8.527096813e-12 -5.781137884e-13)
(0 8.512847517e-12 -2.867330149e-13)
(0 4.254024817e-12 -1.181297789e-24)
(0 1.864769646e-11 1.262534274e-14)
(0 2.62133303e-11 -3.67635188e-12)
(0 2.355512506e-11 -3.750182167e-12)
(0 -3.761420324e-11 -3.119697496e-12)
(0 6.146586423e-11 -2.773077014e-12)
(0 -4.66572552e-11 -2.700455735e-12)
(0 3.029681355e-11 -2.766737784e-12)
(0 -1.31712718e-11 -2.851969598e-12)
(0 0.510596213 0.01377000641)
(0 0.5207597324 0.05755619431)
(0 0.556122221 0.1239280899)
(0 0.5734992118 0.2731358048)
(0 0.4649344741 0.1554298084)
(0 0.0538275611 0.001193945671)
(0 0.2815195697 -0.2771477278)
(0 0.2160643958 -1.034389757)
(0 0.3060192946 -1.318362375)
(0 2.271819433e-05 -0.9275214106)
(0 -1.581268075e-11 -2.312789084e-11)
(0 -1.83827641e-11 -1.627987894e-11)
(0 -1.394504876e-12 -1.334842811e-11)
(0 4.207511519e-12 -1.15204966e-11)
(0 6.684454578e-12 -1.007035166e-11)
(0 7.996639252e-12 -8.802371046e-12)
(0 8.733461149e-12 -7.668782222e-12)
(0 9.137793231e-12 -6.657555708e-12)
(0 9.338158825e-12 -5.761428684e-12)
(0 9.411972486e-12 -4.971273447e-12)
(0 9.408460004e-12 -4.276046515e-12)
(0 9.359611093e-12 -3.663942501e-12)
(0 9.286409304e-12 -3.123356141e-12)
(0 9.202671721e-12 -2.643442086e-12)
(0 9.117491682e-12 -2.214354498e-12)
(0 9.036825865e-12 -1.827286291e-12)
(0 8.964546649e-12 -1.474401218e-12)
(0 8.903145076e-12 -1.148714753e-12)
(0 8.85419984e-12 -8.439519482e-13)
(0 8.81868941e-12 -5.543980236e-13)
(0 8.797189304e-12 -2.747544986e-13)
(0 4.394996574e-12 -4.8273223e-25)
(0 1.926457213e-11 1.135056279e-13)
(0 2.708658785e-11 -3.55599622e-12)
(0 2.37322421e-11 -3.567271261e-12)
(0 -3.747819023e-11 -2.894952218e-12)
(0 6.157309562e-11 -2.52491556e-12)
(0 -4.659037551e-11 -2.431023198e-12)
(0 3.03301995e-11 -2.469617454e-12)
(0 -1.316146784e-11 -2.531097671e-12)
(0 0.5256929194 0.006612225983)
(0 0.5282155577 0.0268620739)
(0 0.5581241306 0.07098459632)
(0 0.6025877561 0.1936253996)
(0 0.6341603445 0.207901076)
(0 0.5568149567 -0.05391289701)
(0 0.6486161891 -0.3117432182)
(0 0.2402591094 -0.9310707848)
(0 0.924120065 -1.634438892)
(0 0.001574720839 -0.4770191317)
(0 -3.075228394e-13 -4.327460406e-11)
(0 1.175463056e-11 -2.418718979e-11)
(0 6.680336167e-12 -1.736135405e-11)
(0 7.409081734e-12 -1.383827701e-11)
(0 8.625895663e-12 -1.144629301e-11)
(0 9.485101373e-12 -9.597790546e-12)
(0 9.972107203e-12 -8.097176178e-12)
(0 1.019344506e-11 -6.854842825e-12)
(0 1.024456994e-11 -5.815675585e-12)
(0 1.019332457e-11 -4.939663015e-12)
(0 1.008478977e-11 -4.195685975e-12)
(0 9.948125349e-12 -3.558879457e-12)
(0 9.801921127e-12 -3.009131423e-12)
(0 9.657891449e-12 -2.530045764e-12)
(0 9.523312807e-12 -2.108152538e-12)
(0 9.402610516e-12 -1.732282954e-12)
(0 9.29839579e-12 -1.393069661e-12)
(0 9.212145893e-12 -1.08254463e-12)
(0 9.144649419e-12 -7.9381056e-13)
(0 9.096294263e-12 -5.207679854e-13)
(0 9.067245541e-12 -2.57886408e-13)
(0 4.528779316e-12 4.345110379e-25)
(0 1.985034023e-11 2.179106435e-13)
(0 2.790979078e-11 -3.39103903e-12)
(0 2.390451344e-11 -3.331570036e-12)
(0 -3.734741469e-11 -2.622369222e-12)
(0 6.167750411e-11 -2.235413644e-12)
(0 -4.652325769e-11 -2.126422651e-12)
(0 3.036545529e-11 -2.1444481e-12)
(0 -1.315068571e-11 -2.187916328e-12)
(0 0.5331653439 0.006115828145)
(0 0.533511646 0.01646924594)
(0 0.5511056996 0.04740222192)
(0 0.5863459026 0.1358334931)
(0 0.6907322951 0.1821333459)
(0 0.6850162517 0.03200526307)
(0 0.7313467402 -0.1756031349)
(0 0.4596597585 -1.038189113)
(0 0.4543285354 -1.384469343)
(0 1.285990654e-11 -2.727573698e-11)
(0 5.13711732e-13 -1.351305774e-11)
(0 7.417887078e-12 -1.994158121e-11)
(0 8.954407898e-12 -1.807152272e-11)
(0 1.012257256e-11 -1.502495599e-11)
(0 1.092494105e-11 -1.227874667e-11)
(0 1.134575609e-11 -1.004531583e-11)
(0 1.147640887e-11 -8.267281731e-12)
(0 1.141929382e-11 -6.84895469e-12)
(0 1.125333864e-11 -5.706756631e-12)
(0 1.10319621e-11 -4.776009407e-12)
(0 1.078924356e-11 -4.008147795e-12)
(0 1.054616565e-11 -3.366747635e-12)
(0 1.0315243e-11 -2.824232767e-12)
(0 1.010365061e-11 -2.359448239e-12)
(0 9.915254492e-12 -1.955922515e-12)
(0 9.751908742e-12 -1.600622129e-12)
(0 9.614284973e-12 -1.283050091e-12)
(0 9.502404177e-12 -9.945833743e-13)
(0 9.415976484e-12 -7.279759448e-13)
(0 9.354613562e-12 -4.769768085e-13)
(0 9.317957289e-12 -2.360267191e-13)
(0 4.652882982e-12 1.53010224e-24)
(0 2.039405336e-11 3.252820058e-13)
(0 2.866384508e-11 -3.184468614e-12)
(0 2.407041609e-11 -3.047769189e-12)
(0 -3.722196614e-11 -2.306165075e-12)
(0 6.177886389e-11 -1.907772969e-12)
(0 -4.64564416e-11 -1.788698572e-12)
(0 3.040185379e-11 -1.791510818e-12)
(0 -1.313925291e-11 -1.821174016e-12)
(0 0.5490229353 0.002848124337)
(0 0.5555070407 0.006749983244)
(0 0.5676914567 0.02673426389)
(0 0.5964061434 0.05799481014)
(0 0.6752757037 0.08771841195)
(0 0.6755079684 -0.03040672589)
(0 0.7590513437 0.01152974853)
(0 0.4067458888 -0.6791143252)
(0 -0.001030719359 -1.241032165)
(0 -3.195394304e-12 -1.941470622e-11)
(0 -2.856842223e-12 -2.517191424e-11)
(0 7.196165581e-12 -2.399229113e-11)
(0 1.159696138e-11 -1.995820259e-11)
(0 1.320185778e-11 -1.591127361e-11)
(0 1.360553583e-11 -1.259841573e-11)
(0 1.349656632e-11 -1.003744237e-11)
(0 1.316846834e-11 -8.077674716e-12)
(0 1.275397017e-11 -6.566930015e-12)
(0 1.231751523e-11 -5.386374696e-12)
(0 1.189193341e-11 -4.449463019e-12)
(0 1.149405154e-11 -3.694144823e-12)
(0 1.113204038e-11 -3.075724467e-12)
(0 1.080922052e-11 -2.561593243e-12)
(0 1.05262017e-11 -2.127579854e-12)
(0 1.028213892e-11 -1.755456731e-12)
(0 1.007548294e-11 -1.431225246e-12)
(0 9.904434545e-12 -1.14391959e-12)
(0 9.767220039e-12 -8.847582301e-13)
(0 9.662255985e-12 -6.465299469e-13)
(0 9.588243488e-12 -4.231383842e-13)
(0 9.544222349e-12 -2.092494518e-13)
(0 4.764806035e-12 2.688441201e-24)
(0 2.088389066e-11 4.326924214e-13)
(0 2.934431635e-11 -2.94000481e-12)
(0 2.422967985e-11 -2.721212751e-12)
(0 -3.710332324e-11 -1.950783745e-12)
(0 6.18753785e-11 -1.54514108e-12)
(0 -4.639161883e-11 -1.41986911e-12)
(0 3.0438052e-11 -1.411434224e-12)
(0 -1.312768613e-11 -1.430351517e-12)
(0 0.5458199543 -0.003244241069)
(0 0.561065774 -0.002504350975)
(0 0.5720828507 0.01794235138)
(0 0.6271424193 0.03231025378)
(0 0.6633534189 0.08736714987)
(0 0.7799393577 0.01116152824)
(0 0.8892565457 0.08778043435)
(0 0.8995643565 -0.5296353551)
(0 0.0006063031989 -0.9891346293)
(0 -9.743610303e-12 -6.451212586e-11)
(0 -4.279383353e-12 -4.525064209e-11)
(0 1.263159873e-11 -3.089734131e-11)
(0 1.703542541e-11 -2.185771696e-11)
(0 1.748235941e-11 -1.606351983e-11)
(0 1.679877228e-11 -1.216619316e-11)
(0 1.58664971e-11 -9.428364652e-12)
(0 1.494692123e-11 -7.439041182e-12)
(0 1.411059384e-11 -5.954709253e-12)
(0 1.337080563e-11 -4.822339581e-12)
(0 1.272419197e-11 -3.941316585e-12)
(0 1.216298211e-11 -3.243241469e-12)
(0 1.167871723e-11 -2.680409233e-12)
(0 1.126338761e-11 -2.218829094e-12)
(0 1.090978712e-11 -1.833810937e-12)
(0 1.06116091e-11 -1.507087738e-12)
(0 1.036344588e-11 -1.224890953e-12)
(0 1.016075199e-11 -9.766332807e-13)
(0 9.99979382e-12 -7.539889971e-13)
(0 9.87759633e-12 -5.502395908e-13)
(0 9.791894057e-12 -3.597963388e-13)
(0 9.741095673e-12 -1.778351182e-13)
(0 4.862132434e-12 3.540921066e-24)
(0 2.130971319e-11 5.373594907e-13)
(0 2.992455068e-11 -2.662042938e-12)
(0 2.437548593e-11 -2.358041813e-12)
(0 -3.699602131e-11 -1.561353426e-12)
(0 6.196335216e-11 -1.151242295e-12)
(0 -4.63316198e-11 -1.022559607e-12)
(0 3.0472147e-11 -1.005711174e-12)
(0 -1.311666729e-11 -1.016068032e-12)
(0 0.5430400288 -0.01578069012)
(0 0.5754687003 -0.02992994359)
(0 0.5955802991 -0.02379550679)
(0 0.665636612 -0.06388236088)
(0 0.6879763798 -0.0343294894)
(0 0.7298671309 -0.201419468)
(0 0.2987616944 -0.02434138568)
(0 0.6353156807 0.1688554623)
(0 0.004117799141 -0.08404175588)
(0 2.68229532e-12 -1.391242081e-10)
(0 3.060451798e-11 -6.057637173e-11)
(0 3.058909071e-11 -3.248868739e-11)
(0 2.643078286e-11 -2.051180031e-11)
(0 2.289338158e-11 -1.431889347e-11)
(0 2.024069101e-11 -1.057446149e-11)
(0 1.822371829e-11 -8.070777865e-12)
(0 1.664212374e-11 -6.295414651e-12)
(0 1.537067177e-11 -4.99051555e-12)
(0 1.43309079e-11 -4.006947018e-12)
(0 1.347103152e-11 -3.250214042e-12)
(0 1.275495889e-11 -2.65709049e-12)
(0 1.215645275e-11 -2.183839503e-12)
(0 1.165581882e-11 -1.799500188e-12)
(0 1.123794306e-11 -1.481742745e-12)
(0 1.08910589e-11 -1.214186699e-12)
(0 1.06059374e-11 -9.846100725e-13)
(0 1.03753365e-11 -7.83723049e-13)
(0 1.019361373e-11 -6.043119112e-13)
(0 1.005644864e-11 -4.406318284e-13)
(0 9.960647961e-12 -2.879658353e-13)
(0 9.904018688e-12 -1.42289137e-13)
(0 4.942641153e-12 4.101097259e-24)
(0 2.16622785e-11 6.382935115e-13)
(0 3.039765057e-11 -2.355327964e-12)
(0 2.450435706e-11 -1.965102523e-12)
(0 -3.690437992e-11 -1.143882227e-12)
(0 6.203873347e-11 -7.30747316e-13)
(0 -4.627964021e-11 -6.004070377e-13)
(0 3.050202769e-11 -5.770417081e-13)
(0 -1.310694178e-11 -5.803507293e-13)
(0 0.4985204513 -0.03623430678)
(0 0.5481435908 -0.05028979388)
(0 0.5336335662 -0.0516273759)
(0 0.6157178283 -0.04575521662)
(0 0.4001603437 -0.01425313412)
(0 0.6998968962 0.4517878715)
(0 -0.09445558231 0.3013673117)
(0 0.1142555555 -0.7488158586)
(0 0.0004711208476 -0.3276734849)
(0 6.646842459e-11 -4.364508322e-11)
(0 1.023413759e-10 -2.544275361e-11)
(0 5.269617015e-11 -1.796923721e-11)
(0 3.520521933e-11 -1.338190541e-11)
(0 2.741969824e-11 -1.012578993e-11)
(0 2.304688789e-11 -7.74197281e-12)
(0 2.014554394e-11 -5.984852145e-12)
(0 1.802718354e-11 -4.681325921e-12)
(0 1.639906148e-11 -3.704989549e-12)
(0 1.511110714e-11 -2.964715758e-12)
(0 1.40740485e-11 -2.395496482e-12)
(0 1.322935665e-11 -1.951060755e-12)
(0 1.253630753e-11 -1.598353793e-12)
(0 1.196548437e-11 -1.313586777e-12)
(0 1.149510061e-11 -1.079472199e-12)
(0 1.110874177e-11 -8.833072931e-13)
(0 1.079390953e-11 -7.156408336e-13)
(0 1.054105015e-11 -5.693348099e-13)
(0 1.034288504e-11 -4.3889678e-13)
(0 1.019394241e-11 -3.200007112e-13)
(0 1.009023675e-11 -2.091365931e-13)
(0 1.002906151e-11 -1.033436852e-13)
(0 5.004421571e-12 4.921454269e-24)
(0 2.193276435e-11 7.335312042e-13)
(0 3.075118353e-11 -2.023719944e-12)
(0 2.461156463e-11 -1.548531628e-12)
(0 -3.683290833e-11 -7.044454469e-13)
(0 6.209744463e-11 -2.890051311e-13)
(0 -4.623886703e-11 -1.580528977e-13)
(0 3.05256218e-11 -1.293900675e-13)
(0 -1.309923556e-11 -1.266792544e-13)
(0 0.451625532 -0.07427456636)
(0 0.5517283488 -0.08813575285)
(0 0.5893109325 -0.06796810127)
(0 0.6288129691 0.01339373722)
(0 0.7404874319 -0.02906230583)
(0 0.6918844715 0.1442966126)
(0 2.283253865 0.6092448282)
(0 1.448228449 0.09259003542)
(0 0.002532696416 0.152336469)
(0 2.337410677e-11 1.041586485e-10)
(0 5.62007732e-11 2.033498275e-11)
(0 4.264993891e-11 -5.636064815e-13)
(0 3.427423014e-11 -4.920789487e-12)
(0 2.853331418e-11 -5.060382813e-12)
(0 2.438162879e-11 -4.282804309e-12)
(0 2.128436518e-11 -3.445323624e-12)
(0 1.892198634e-11 -2.740043846e-12)
(0 1.708728193e-11 -2.183402559e-12)
(0 1.564040096e-11 -1.751433358e-12)
(0 1.448468652e-11 -1.415993572e-12)
(0 1.355210158e-11 -1.153295256e-12)
(0 1.279392673e-11 -9.449186579e-13)
(0 1.217470041e-11 -7.770105296e-13)
(0 1.166822254e-11 -6.392436972e-13)
(0 1.125489027e-11 -5.239268915e-13)
(0 1.091990988e-11 -4.253143325e-13)
(0 1.065208055e-11 -3.390832011e-13)
(0 1.044294783e-11 -2.619413374e-13)
(0 1.028620883e-11 -1.913347416e-13)
(0 1.017730499e-11 -1.252282608e-13)
(0 1.011315528e-11 -6.193749153e-14)
(0 5.045984838e-12 5.724359923e-24)
(0 2.211446476e-11 8.214771714e-13)
(0 3.097628099e-11 -1.671129823e-12)
(0 2.469319985e-11 -1.114206461e-12)
(0 -3.678537324e-11 -2.49333779e-13)
(0 6.21360527e-11 1.679514369e-13)
(0 -4.621201587e-11 2.989093632e-13)
(0 3.054115892e-11 3.321050817e-13)
(0 -1.309417021e-11 3.401381912e-13)
(0 0.2546892277 -0.1298846131)
(0 0.5044212619 -0.191631734)
(0 0.5723272829 -0.1243153769)
(0 0.5892592879 -0.1766889365)
(0 0.68608047 -0.2308996348)
(0 0.5884146417 -0.7934541042)
(0 1.40210403 -0.7301178393)
(0 0.7763752225 1.809361382)
(0 -4.328401003e-05 1.089207127)
(0 -1.388548763e-11 1.059117479e-11)
(0 -2.352253193e-12 3.208460101e-12)
(0 2.744039791e-11 3.006164623e-13)
(0 3.0708443e-11 -6.772665407e-13)
(0 2.805768341e-11 -9.121403899e-13)
(0 2.466194708e-11 -8.835423294e-13)
(0 2.16883044e-11 -7.736031474e-13)
(0 1.928910461e-11 -6.50119453e-13)
(0 1.738767197e-11 -5.371438455e-13)
(0 1.587851613e-11 -4.416266939e-13)
(0 1.46721866e-11 -3.63754395e-13)
(0 1.370043157e-11 -3.012111541e-13)
(0 1.291259225e-11 -2.510126123e-13)
(0 1.227115933e-11 -2.102823451e-13)
(0 1.174818424e-11 -1.765497716e-13)
(0 1.132267114e-11 -1.478298599e-13)
(0 1.097875322e-11 -1.2260228e-13)
(0 1.070442315e-11 -9.974553631e-14)
(0 1.04906335e-11 -7.84562801e-14)
(0 1.033065548e-11 -5.817136597e-14)
(0 1.0219634e-11 -3.850056262e-14)
(0 1.015428977e-11 -1.917293297e-14)
(0 5.066359063e-12 5.890524552e-24)
(0 2.220292103e-11 8.994031414e-13)
(0 3.107330419e-11 -1.300762209e-12)
(0 2.474738078e-11 -6.672468919e-13)
(0 -3.676424353e-11 2.15341434e-13)
(0 6.215218832e-11 6.337203204e-13)
(0 -4.62010211e-11 7.642016899e-13)
(0 3.054735756e-11 8.013969832e-13)
(0 -1.309219985e-11 8.142465968e-13)
(0 0.04520851818 -0.3405340577)
(0 0.3971573381 -0.3830193697)
(0 0.5043657357 -0.09542372784)
(0 0.6335751584 -0.01209904057)
(0 0.2403788228 -0.04525380719)
(0 0.3466719331 -0.274187846)
(0 -1.298778313 0.07974176931)
(0 -0.1986475186 0.8731925537)
(0 -0.001141234261 1.015064795)
(0 2.741343862e-11 -8.774702083e-11)
(0 4.610188602e-11 -1.818985233e-11)
(0 3.876421227e-11 -7.651345184e-13)
(0 3.306147328e-11 2.823244765e-12)
(0 2.832703839e-11 2.972614896e-12)
(0 2.452016604e-11 2.434393765e-12)
(0 2.151778806e-11 1.884570268e-12)
(0 1.915844564e-11 1.450315596e-12)
(0 1.729577469e-11 1.126571264e-12)
(0 1.581379041e-11 8.8582189e-13)
(0 1.462510206e-11 7.038084521e-13)
(0 1.366484336e-11 5.632065325e-13)
(0 1.288485554e-11 4.523511738e-13)
(0 1.224916325e-11 3.634433138e-13)
(0 1.173067503e-11 2.911690362e-13)
(0 1.130883776e-11 2.317770342e-13)
(0 1.09679942e-11 1.82493985e-13)
(0 1.069622655e-11 1.411640613e-13)
(0 1.0484522e-11 1.060304179e-13)
(0 1.032616455e-11 7.560231916e-14)
(0 1.021630342e-11 4.857024858e-14)
(0 1.015165584e-11 2.374402743e-14)
(0 5.065157771e-12 6.011579219e-24)
(0 2.219739073e-11 9.667651098e-13)
(0 3.103066754e-11 -9.161899332e-13)
(0 2.477010865e-11 -2.131026974e-13)
(0 -3.677147178e-11 6.831381002e-13)
(0 6.214443595e-11 1.1015079e-12)
(0 -4.620698429e-11 1.231074659e-12)
(0 3.054348846e-11 1.271846493e-12)
(0 -1.309358587e-11 1.289102292e-12)
(0 0.3726366207 -0.4730241398)
(0 0.5288441004 -0.7525821817)
(0 0.8650904767 -0.3425589848)
(0 1.148135047 -0.03577634103)
(0 1.018589984 0.1160548339)
(0 0.8806432542 0.4067817262)
(0 0.3009393173 0.2744048254)
(0 -0.7539074175 0.9727558315)
(0 -0.008112892779 1.04332872)
(0 8.543335394e-11 9.12500954e-12)
(0 8.485099179e-11 1.27754265e-11)
(0 4.845349501e-11 1.200542167e-11)
(0 3.444619242e-11 9.762771995e-12)
(0 2.766883241e-11 7.544945763e-12)
(0 2.357390245e-11 5.763925117e-12)
(0 2.070422623e-11 4.427181678e-12)
(0 1.85311056e-11 3.440259754e-12)
(0 1.682317826e-11 2.707309432e-12)
(0 1.545575332e-11 2.154551581e-12)
(0 1.434957124e-11 1.729971009e-12)
(0 1.344897429e-11 1.397875257e-12)
(0 1.271282904e-11 1.133754873e-12)
(0 1.210997719e-11 9.205252349e-13)
(0 1.161651796e-11 7.460075929e-13)
(0 1.121399609e-11 6.01288689e-13)
(0 1.088814025e-11 4.796541806e-13)
(0 1.062795958e-11 3.758892437e-13)
(0 1.042507176e-11 2.858154952e-13)
(0 1.027319531e-11 2.059793654e-13)
(0 1.016777571e-11 1.33433723e-13)
(0 1.010571952e-11 6.55727314e-14)
(0 5.042615035e-12 6.361564983e-24)
(0 2.209775219e-11 1.023056561e-12)
(0 3.086120155e-11 -5.212627831e-13)
(0 2.476344828e-11 2.428274381e-13)
(0 -3.680626198e-11 1.147732368e-12)
(0 6.211313485e-11 1.564564924e-12)
(0 -4.622987728e-11 1.692716829e-12)
(0 3.052947175e-11 1.73663268e-12)
(0 -1.309837419e-11 1.757891337e-12)
(0 0.7584397231 -0.428167585)
(0 0.9116060885 -0.9482030158)
(0 1.300391273 -0.5961694231)
(0 1.733004159 -0.07859512659)
(0 1.454287529 0.3682025322)
(0 1.094204629 0.7532954412)
(0 0.1283583079 1.287750418)
(0 -1.045827365 1.148093408)
(0 1.744755266e-11 2.152905822e-10)
(0 7.34233072e-11 1.10257649e-10)
(0 4.924939026e-11 4.842858769e-11)
(0 3.575155776e-11 2.624861778e-11)
(0 2.860099738e-11 1.667746431e-11)
(0 2.432819151e-11 1.168049073e-11)
(0 2.140240195e-11 8.649157749e-12)
(0 1.919412269e-11 6.619945294e-12)
(0 1.743857339e-11 5.176215886e-12)
(0 1.601006652e-11 4.107853292e-12)
(0 1.483645199e-11 3.295114292e-12)
(0 1.386842574e-11 2.663661885e-12)
(0 1.306862723e-11 2.164572173e-12)
(0 1.240750552e-11 1.764257066e-12)
(0 1.186141597e-11 1.438877479e-12)
(0 1.141143848e-11 1.171035436e-12)
(0 1.104248435e-11 9.477167434e-13)
(0 1.074259476e-11 7.589554823e-13)
(0 1.050238787e-11 5.969355618e-13)
(0 1.031461212e-11 4.553709634e-13)
(0 1.017378277e-11 3.290689688e-13)
(0 1.007589679e-11 2.136112757e-13)
(0 1.001822212e-11 1.051076918e-13)
(0 4.99958504e-12 6.409348617e-24)
(0 2.190823215e-11 1.066384985e-12)
(0 3.056683438e-11 -1.198003574e-13)
(0 2.472767034e-11 6.95811916e-13)
(0 -3.68673262e-11 1.603489995e-12)
(0 6.205947674e-11 2.016656404e-12)
(0 -4.626892975e-11 2.142658511e-12)
(0 3.050571672e-11 2.189143514e-12)
(0 -1.310643999e-11 2.213923773e-12)
(0 0.6445722666 -0.5753472767)
(0 1.180446104 -1.443559097)
(0 1.731030374 -1.241218287)
(0 2.308061335 -0.2185895339)
(0 2.389750511 0.9549964993)
(0 1.509142204 1.560312045)
(0 0.8238877271 1.838688861)
(0 -0.01510319269 1.582767955)
(0 1.732459553e-11 1.22729464e-10)
(0 -6.395373612e-11 7.575708066e-11)
(0 8.419605683e-13 4.443153566e-11)
(0 1.670237162e-11 2.788303882e-11)
(0 1.987806536e-11 1.901794866e-11)
(0 1.964052585e-11 1.38503908e-11)
(0 1.851335702e-11 1.053226384e-11)
(0 1.723128437e-11 8.227198976e-12)
(0 1.60190136e-11 6.536768073e-12)
(0 1.494207667e-11 5.25274587e-12)
(0 1.401156191e-11 4.254380366e-12)
(0 1.321902912e-11 3.464995354e-12)
(0 1.254956947e-11 2.832502812e-12)
(0 1.198713434e-11 2.319821487e-12)
(0 1.151675556e-11 1.899676503e-12)
(0 1.112535723e-11 1.551520196e-12)
(0 1.080191613e-11 1.259574956e-12)
(0 1.053735907e-11 1.011514093e-12)
(0 1.032437506e-11 7.975320438e-13)
(0 1.015720517e-11 6.096701546e-13)
(0 1.003143563e-11 4.413179269e-13)
(0 9.943814429e-12 2.868336277e-13)
(0 9.892108245e-12 1.412439131e-13)
(0 4.937507344e-12 6.197410791e-24)
(0 2.163557653e-11 1.095170868e-12)
(0 3.01625818e-11 2.841594978e-13)
(0 2.466537421e-11 1.141224954e-12)
(0 -3.69523433e-11 2.045165009e-12)
(0 6.198546374e-11 2.452056892e-12)
(0 -4.632275603e-11 2.574938184e-12)
(0 3.047302181e-11 2.623229801e-12)
(0 -1.31175237e-11 2.650928565e-12)
(0 -0.1867874435 -0.9842106872)
(0 0.02822281865 -2.192369554)
(0 -0.01004974618 -1.974114838)
(0 0.2796007091 -0.9875159669)
(0 1.018769049 1.013292461)
(0 0.7340123909 2.673408962)
(0 0.4081693742 2.502489183)
(0 0.006032798461 2.012611561)
(0 -1.93174238e-11 -4.596351159e-12)
(0 -4.516869946e-12 2.383281923e-11)
(0 1.375348425e-12 2.565747426e-11)
(0 1.033797076e-11 2.183406784e-11)
(0 1.456834936e-11 1.766092674e-11)
(0 1.584250669e-11 1.417084809e-11)
(0 1.577921013e-11 1.14023162e-11)
(0 1.519862693e-11 9.219819673e-12)
(0 1.446412028e-11 7.49090397e-12)
(0 1.372767881e-11 6.111965613e-12)
(0 1.304870147e-11 5.004653284e-12)
(0 1.244654818e-11 4.109441015e-12)
(0 1.192345336e-11 3.380641658e-12)
(0 1.147467921e-11 2.78286711e-12)
(0 1.109311468e-11 2.288489901e-12)
(0 1.077133693e-11 1.875784128e-12)
(0 1.050247824e-11 1.52753641e-12)
(0 1.028055185e-11 1.229986684e-12)
(0 1.010054393e-11 9.720073175e-13)
(0 9.958398003e-12 7.444617571e-13)
(0 9.850946248e-12 5.397006071e-13)
(0 9.775822772e-12 3.511599852e-13)
(0 9.731388493e-12 1.730338939e-13)
(0 4.858341127e-12 5.916730828e-24)
(0 2.1287526e-11 1.1100001e-12)
(0 2.9650518e-11 6.860392372e-13)
(0 2.457666241e-11 1.573941505e-12)
(0 -3.705911174e-11 2.467540361e-12)
(0 6.189341708e-11 2.865472883e-12)
(0 -4.638962067e-11 2.984192315e-12)
(0 3.04324345e-11 3.033378223e-12)
(0 -1.313127564e-11 3.063264784e-12)
(0 -2.154503934 -0.8904148122)
(0 -3.800470351 -0.9882049598)
(0 -4.757148947 -0.8283755632)
(0 -3.961180112 -0.5899521036)
(0 -2.054132932 0.5103238045)
(0 -0.4693720616 2.36625458)
(0 -0.9734558053 2.109992908)
(0 0.0005050897995 2.06002525)
(0 -3.007139989e-11 -3.201354693e-11)
(0 -3.334643654e-11 -1.121670668e-12)
(0 -1.156790821e-12 1.253154322e-11)
(0 8.705824108e-12 1.613478631e-11)
(0 1.221484562e-11 1.562084132e-11)
(0 1.338191531e-11 1.376975631e-11)
(0 1.35623286e-11 1.168632314e-11)
(0 1.331987214e-11 9.758845802e-12)
(0 1.291115954e-11 8.095056612e-12)
(0 1.245582598e-11 6.699541447e-12)
(0 1.200903731e-11 5.54280196e-12)
(0 1.15950175e-11 4.587465752e-12)
(0 1.122299556e-11 3.797772206e-12)
(0 1.089498258e-11 3.142543537e-12)
(0 1.060967258e-11 2.595654193e-12)
(0 1.036440374e-11 2.135599475e-12)
(0 1.015611869e-11 1.74480018e-12)
(0 9.981829977e-12 1.40888658e-12)
(0 9.838850133e-12 1.116047468e-12)
(0 9.724898455e-12 8.564689701e-13)
(0 9.638133853e-12 6.218625759e-13)
(0 9.577147716e-12 4.050703799e-13)
(0 9.54094826e-12 1.99732629e-13)
(0 4.76447345e-12 5.80743498e-24)
(0 2.087484859e-11 1.111627103e-12)
(0 2.905711055e-11 1.081260755e-12)
(0 2.446722805e-11 1.989171884e-12)
(0 -3.718359135e-11 2.866015395e-12)
(0 6.178652617e-11 3.252373463e-12)
(0 -4.646733239e-11 3.365854908e-12)
(0 3.038523118e-11 3.414872703e-12)
(0 -1.314727304e-11 3.446078958e-12)
(0 -3.26818807 0.5583969699)
(0 -4.809237676 -0.7071201296)
(0 -4.571640281 -2.666761607)
(0 -3.767729875 -3.547306612)
(0 -2.763274187 -2.260856189)
(0 -2.111967509 1.643598801)
(0 -1.619720507 1.680297909)
(0 -0.00445597774 1.450501943)
(0 3.279868152e-11 -6.389168321e-11)
(0 4.035596759e-11 -8.497636871e-12)
(0 1.863180541e-11 9.455580872e-12)
(0 1.342726887e-11 1.45526771e-11)
(0 1.220331935e-11 1.491786072e-11)
(0 1.190798851e-11 1.360100755e-11)
(0 1.176829963e-11 1.181435927e-11)
(0 1.16073604e-11 1.003417743e-11)
(0 1.140481593e-11 8.430934946e-12)
(0 1.117542416e-11 7.048315212e-12)
(0 1.093662578e-11 5.879499928e-12)
(0 1.070151843e-11 4.899806664e-12)
(0 1.047853115e-11 4.080421689e-12)
(0 1.027256119e-11 3.393887555e-12)
(0 1.008617062e-11 2.816000496e-12)
(0 9.920482921e-12 2.326174375e-12)
(0 9.775765347e-12 1.90718754e-12)
(0 9.651799134e-12 1.544716556e-12)
(0 9.548126321e-12 1.226829004e-12)
(0 9.46421311e-12 9.435048102e-13)
(0 9.399547658e-12 6.862099721e-13)
(0 9.353692825e-12 4.475257717e-13)
(0 9.326318113e-12 2.208277675e-13)
(0 4.658608498e-12 5.432495776e-24)
(0 2.041067865e-11 1.099207438e-12)
(0 2.83957603e-11 1.466065474e-12)
(0 2.43399039e-11 2.383360086e-12)
(0 -3.732240279e-11 3.237171622e-12)
(0 6.166781035e-11 3.6092711e-12)
(0 -4.655370035e-11 3.716298482e-12)
(0 3.033273124e-11 3.763892122e-12)
(0 -1.316507115e-11 3.795396614e-12)
(0 0.654298132 0.5341914638)
(0 0.5736689655 0.6526264213)
(0 1.094255757 -0.6502055051)
(0 -0.8697383238 -1.8607851)
(0 -2.109135879 -1.107896054)
(0 -2.178478462 0.8083088997)
(0 -1.365321522 0.3613620951)
(0 -0.01299241238 0.005553555152)
(0 6.857634256e-11 3.541935632e-11)
(0 4.034107794e-11 2.190109437e-11)
(0 2.189352315e-11 1.923567636e-11)
(0 1.416810396e-11 1.770250292e-11)
(0 1.126317607e-11 1.589692082e-11)
(0 1.027841386e-11 1.390205069e-11)
(0 9.995498474e-12 1.193590687e-11)
(0 9.936447813e-12 1.013257564e-11)
(0 9.925297328e-12 8.546202683e-12)
(0 9.904390963e-12 7.183264146e-12)
(0 9.860528763e-12 6.027024011e-12)
(0 9.795939257e-12 5.051778444e-12)
(0 9.717076454e-12 4.230172198e-12)
(0 9.630561391e-12 3.536558739e-12)
(0 9.5419594e-12 2.948279452e-12)
(0 9.455590782e-12 2.445914099e-12)
(0 9.37466087e-12 2.013066033e-12)
(0 9.301471441e-12 1.635969052e-12)
(0 9.237638387e-12 1.303051093e-12)
(0 9.184279423e-12 1.004513351e-12)
(0 9.142154815e-12 7.319474014e-13)
(0 9.111765512e-12 4.77995992e-13)
(0 9.093422488e-12 2.360543909e-13)
(0 4.543645682e-12 4.650938224e-24)
(0 1.9905671e-11 1.073655159e-12)
(0 2.768295843e-11 1.836440478e-12)
(0 2.419777667e-11 2.75313381e-12)
(0 -3.747225794e-11 3.578091855e-12)
(0 6.154020999e-11 3.933385263e-12)
(0 -4.664656051e-11 4.032699704e-12)
(0 3.027625701e-11 4.077471592e-12)
(0 -1.318421978e-11 4.108128679e-12)
(0 -0.2268169416 0.2964230751)
(0 -0.3243102415 -0.7321452185)
(0 -0.1187754232 -1.450821317)
(0 -0.5830669786 -1.124505928)
(0 -0.6413527321 -0.7124713839)
(0 -0.4745478779 0.2627585386)
(0 -0.001175558865 0.0002428787425)
(0 -1.196651587e-10 6.233698863e-11)
(0 4.553830095e-11 7.184573248e-11)
(0 2.417369762e-11 4.144120716e-11)
(0 1.443321397e-11 2.788349327e-11)
(0 1.008851333e-11 2.112472879e-11)
(0 8.402867114e-12 1.706524855e-11)
(0 7.946974553e-12 1.417434209e-11)
(0 7.998824577e-12 1.189462009e-11)
(0 8.217656215e-12 1.001405032e-11)
(0 8.455504437e-12 8.438083583e-12)
(0 8.656245485e-12 7.111540707e-12)
(0 8.805140077e-12 5.99355003e-12)
(0 8.904666617e-12 5.050084735e-12)
(0 8.963311441e-12 4.251895265e-12)
(0 8.990668448e-12 3.573867284e-12)
(0 8.99552598e-12 2.994629095e-12)
(0 8.985269503e-12 2.496132403e-12)
(0 8.9658203e-12 2.063195265e-12)
(0 8.941784194e-12 1.683046135e-12)
(0 8.91667062e-12 1.344896386e-12)
(0 8.893109419e-12 1.039552692e-12)
(0 8.873030298e-12 7.590721941e-13)
(0 8.857799815e-12 4.964589049e-13)
(0 8.848322121e-12 2.453955139e-13)
(0 4.422554107e-12 4.283894411e-24)
(0 1.937400581e-11 1.034757391e-12)
(0 2.694255485e-11 2.189500027e-12)
(0 2.404546436e-11 3.096235419e-12)
(0 -3.762962079e-11 3.886809691e-12)
(0 6.140668832e-11 4.22276804e-12)
(0 -4.674374658e-11 4.313041465e-12)
(0 3.021713955e-11 4.353488635e-12)
(0 -1.320426283e-11 4.382072114e-12)
(0 0.3176533453 0.5331876903)
(0 0.2947652915 0.4474041708)
(0 -0.5003425202 -0.9534156446)
(0 -0.6974104854 -0.9655260059)
(0 -0.14244246 -1.397829775)
(0 -0.03555872796 -0.3472081694)
(0 -6.183963745e-11 -7.402018737e-12)
(0 -7.941981942e-11 1.441133996e-10)
(0 -2.156528131e-11 7.257450725e-11)
(0 -3.620482472e-12 4.413526692e-11)
(0 1.577044779e-12 2.97324308e-11)
(0 3.349859244e-12 2.184769258e-11)
(0 4.312789369e-12 1.706500063e-11)
(0 5.107785402e-12 1.383544118e-11)
(0 5.835206711e-12 1.145417699e-11)
(0 6.479911302e-12 9.590983428e-12)
(0 7.022787712e-12 8.080614533e-12)
(0 7.459857411e-12 6.831330178e-12)
(0 7.79907279e-12 5.78559545e-12)
(0 8.054284492e-12 4.903133715e-12)
(0 8.240859004e-12 4.153454456e-12)
(0 8.373295221e-12 3.512375992e-12)
(0 8.464224519e-12 2.960229634e-12)
(0 8.524156951e-12 2.480788367e-12)
(0 8.561574601e-12 2.060536744e-12)
(0 8.583172563e-12 1.688125426e-12)
(0 8.594144944e-12 1.353937883e-12)
(0 8.598455231e-12 1.049731456e-12)
(0 8.599061027e-12 7.683326837e-13)
(0 8.598088831e-12 5.033752522e-13)
(0 8.596963583e-12 2.490702948e-13)
(0 4.298250168e-12 3.988302643e-24)
(0 1.882820879e-11 9.843978352e-13)
(0 2.618242359e-11 2.522849566e-12)
(0 2.388435701e-11 3.410846453e-12)
(0 -3.77917664e-11 4.161862084e-12)
(0 6.1269914e-11 4.476080737e-12)
(0 -4.684318976e-11 4.556015338e-12)
(0 3.015669282e-11 4.590627137e-12)
(0 -1.322474306e-11 4.615903466e-12)
(0 0.9201834876 0.2568725731)
(0 1.144292799 0.3680612889)
(0 0.9736360563 -0.2587539326)
(0 -0.06635837454 -0.7335094999)
(0 0.2782403708 -1.548682888)
(0 0.07956545293 1.551315176)
(0 -0.0001615416998 -0.2536434303)
(0 -2.921952767e-11 5.376140486e-11)
(0 -4.266365469e-11 4.197773824e-11)
(0 -1.866837642e-11 3.279284092e-11)
(0 -7.854360376e-12 2.506328719e-11)
(0 -2.578916843e-12 1.946861225e-11)
(0 3.906157191e-13 1.551161086e-11)
(0 2.336150919e-12 1.264821857e-11)
(0 3.754366825e-12 1.049561583e-11)
(0 4.844093753e-12 8.815079623e-12)
(0 5.695851187e-12 7.462065959e-12)
(0 6.361226403e-12 6.347592538e-12)
(0 6.876943614e-12 5.414395483e-12)
(0 7.272525623e-12 4.62341679e-12)
(0 7.572553717e-12 3.946416113e-12)
(0 7.797443627e-12 3.361950681e-12)
(0 7.963938355e-12 2.853124301e-12)
(0 8.085576612e-12 2.406255583e-12)
(0 8.173157359e-12 2.010039072e-12)
(0 8.235185332e-12 1.654982166e-12)
(0 8.27827665e-12 1.333000298e-12)
(0 8.30750422e-12 1.037105724e-12)
(0 8.326674095e-12 7.611558657e-13)
(0 8.338537426e-12 4.996429271e-13)
(0 8.344946869e-12 2.475119597e-13)
(0 4.173483812e-12 3.234872937e-24)
(0 1.828116016e-11 9.243527819e-13)
(0 2.543030998e-11 2.834872261e-12)
(0 2.37205559e-11 3.696103876e-12)
(0 -3.795470759e-11 4.402635442e-12)
(0 6.113299661e-11 4.692747284e-12)
(0 -4.694265436e-11 4.761075374e-12)
(0 3.009629257e-11 4.788403097e-12)
(0 -1.32451867e-11 4.809202593e-12)
(0 1.061974081 0.2273376819)
(0 1.225116163 0.2933688293)
(0 0.9904527533 0.4554571969)
(0 1.107129079 -0.1707374154)
(0 -0.1391665215 -2.994447864)
(0 0.5903743437 0.1413709233)
(0 0.0002281600842 -0.1834074931)
(0 -2.254649848e-11 -1.531945288e-12)
(0 -3.505568391e-11 1.626109474e-11)
(0 -2.053493357e-11 1.999507191e-11)
(0 -1.174718389e-11 1.825925947e-11)
(0 -6.201817086e-12 1.545180872e-11)
(0 -2.507604305e-12 1.286456753e-11)
(0 9.179036972e-14 1.075009869e-11)
(0 2.002067764e-12 9.064888574e-12)
(0 3.44636143e-12 7.711556462e-12)
(0 4.555300627e-12 6.604903966e-12)
(0 5.412186935e-12 5.682548777e-12)
(0 6.074897042e-12 4.9009776e-12)
(0 6.586305122e-12 4.229726798e-12)
(0 6.979392895e-12 3.646842558e-12)
(0 7.280003409e-12 3.135885435e-12)
(0 7.508529422e-12 2.684062616e-12)
(0 7.681071722e-12 2.281072692e-12)
(0 7.810301184e-12 1.918383016e-12)
(0 7.906133789e-12 1.588764802e-12)
(0 7.976268503e-12 1.285977569e-12)
(0 8.026610799e-12 1.004539177e-12)
(0 8.06159823e-12 7.395471074e-13)
(0 8.084444925e-12 4.865326549e-13)
(0 8.097320656e-12 2.413364741e-13)
(0 4.050738209e-12 2.635155017e-24)
(0 1.774204602e-11 8.544768407e-13)
(0 2.469582369e-11 3.125002585e-12)
(0 2.355639359e-11 3.952406742e-12)
(0 -3.811553688e-11 4.609566999e-12)
(0 6.099861607e-11 4.873044764e-12)
(0 -4.704007518e-11 4.928468543e-12)
(0 3.003725384e-11 4.947177668e-12)
(0 -1.326513509e-11 4.962463201e-12)
(0 1.333877086 0.1219359288)
(0 1.593490122 0.1450109179)
(0 1.316606909 0.1012419016)
(0 3.269436943 -0.1005023503)
(0 -0.2737504305 -0.4492125161)
(0 0.3250751234 0.6941942949)
(0 6.54685578e-06 0.3895323894)
(0 -7.702539811e-12 -5.170028583e-12)
(0 -1.699542469e-11 8.746871941e-12)
(0 -1.667021192e-11 1.266701997e-11)
(0 -1.239762357e-11 1.25268314e-11)
(0 -7.973608786e-12 1.121477781e-11)
(0 -4.311094306e-12 9.744832368e-12)
(0 -1.463528036e-12 8.422672758e-12)
(0 7.158245929e-13 7.302263906e-12)
(0 2.384109146e-12 6.361310223e-12)
(0 3.666843502e-12 5.563399893e-12)
(0 4.657300036e-12 4.876701072e-12)
(0 5.424121636e-12 4.277242052e-12)
(0 6.018390581e-12 3.747677637e-12)
(0 6.478712353e-12 3.275345752e-12)
(0 6.834663685e-12 2.850688379e-12)
(0 7.109125612e-12 2.466170717e-12)
(0 7.319897013e-12 2.115591036e-12)
(0 7.480849469e-12 1.793655201e-12)
(0 7.602779885e-12 1.495716034e-12)
(0 7.694051025e-12 1.217607427e-12)
(0 7.761073759e-12 9.55530031e-13)
(0 7.808667573e-12 7.059655325e-13)
(0 7.840326793e-12 4.65607625e-13)
(0 7.858414214e-12 2.313031073e-13)
(0 3.932147338e-12 2.192810513e-24)
(0 1.722206487e-11 7.767913866e-13)
(0 2.399003471e-11 3.392524659e-12)
(0 2.339450576e-11 4.180019139e-12)
(0 -3.827147121e-11 4.783259738e-12)
(0 6.086929732e-11 5.017693206e-12)
(0 -4.713350772e-11 5.059067968e-12)
(0 2.998081128e-11 5.068081951e-12)
(0 -1.328415861e-11 5.07704307e-12)
(0 1.138228459 0.1221338909)
(0 1.189477553 0.1220660446)
(0 0.98263155 -0.2343569108)
(0 1.315431128 0.1661781368)
(0 -0.4853919752 0.2991454224)
(0 0.06179459362 0.9751818582)
(0 -6.438392273e-12 2.033442952e-11)
(0 -6.804055467e-12 5.560204659e-12)
(0 -1.527163524e-11 1.31742443e-11)
(0 -1.675497458e-11 9.399346796e-12)
(0 -1.319942606e-11 7.966284843e-12)
(0 -8.983816122e-12 7.13576578e-12)
(0 -5.299709356e-12 6.477551368e-12)
(0 -2.350778092e-12 5.893639504e-12)
(0 -5.929477059e-14 5.360271003e-12)
(0 1.707497417e-12 4.868032891e-12)
(0 3.070691475e-12 4.410670134e-12)
(0 4.126029094e-12 3.983607049e-12)
(0 4.945873607e-12 3.583617112e-12)
(0 5.584408821e-12 3.208404483e-12)
(0 6.082403637e-12 2.856182163e-12)
(0 6.470828375e-12 2.525358614e-12)
(0 6.773432078e-12 2.214346099e-12)
(0 7.008556206e-12 1.921467418e-12)
(0 7.190426182e-12 1.644929749e-12)
(0 7.330086016e-12 1.382835464e-12)
(0 7.436082499e-12 1.133206745e-12)
(0 7.514968904e-12 8.940108259e-13)
(0 7.571675824e-12 6.631808608e-13)
(0 7.6097825e-12 4.386313969e-13)
(0 7.631713031e-12 2.182692525e-13)
(0 3.819435101e-12 1.547888765e-24)
(0 1.672766593e-11 6.930200142e-13)
(0 2.332606519e-11 3.637264096e-12)
(0 2.323843986e-11 4.379638629e-12)
(0 -3.841957246e-11 4.924811064e-12)
(0 6.074749054e-11 5.12798765e-12)
(0 -4.722114848e-11 5.15439422e-12)
(0 2.992807055e-11 5.152982162e-12)
(0 -1.33018793e-11 5.155095888e-12)
(0 1.34932675 0.09994064795)
(0 1.402818451 0.2131238922)
(0 1.201472066 0.2515938683)
(0 1.06880578 0.7168668677)
(0 -0.4478470234 0.6580116726)
(0 0.4817025092 0.7553705079)
(0 -1.391947068e-11 1.544582679e-11)
(0 -3.326770676e-11 1.831863897e-11)
(0 -3.325504191e-11 8.890356721e-12)
(0 -2.187817182e-11 3.790009754e-12)
(0 -1.466120459e-11 2.803134603e-12)
(0 -9.462342261e-12 2.884598074e-12)
(0 -5.553220582e-12 3.136009077e-12)
(0 -2.580808402e-12 3.314157622e-12)
(0 -3.097820201e-13 3.377219567e-12)
(0 1.434508276e-12 3.33989693e-12)
(0 2.782417661e-12 3.22763205e-12)
(0 3.830247014e-12 3.063435764e-12)
(0 4.648919069e-12 2.865219414e-12)
(0 5.290955632e-12 2.646149269e-12)
(0 5.795666484e-12 2.415629795e-12)
(0 6.19282762e-12 2.180228061e-12)
(0 6.505234416e-12 1.944395334e-12)
(0 6.750480663e-12 1.711006167e-12)
(0 6.942217514e-12 1.48176111e-12)
(0 7.091056881e-12 1.257489028e-12)
(0 7.205226387e-12 1.03837429e-12)
(0 7.291047875e-12 8.241279093e-13)
(0 7.353288144e-12 6.14117668e-13)
(0 7.395415184e-12 4.074685252e-13)
(0 7.419782817e-12 2.031420996e-13)
(0 3.713878086e-12 9.914274372e-25)
(0 1.626449282e-11 6.044065654e-13)
(0 2.270929975e-11 3.859207528e-12)
(0 2.309042048e-11 4.552242059e-12)
(0 -3.855743236e-11 5.035784262e-12)
(0 6.063524596e-11 5.205814806e-12)
(0 -4.730153015e-11 5.216605196e-12)
(0 2.987988971e-11 5.204409102e-12)
(0 -1.331801288e-11 5.199447018e-12)
(0 1.451407377 0.1257175576)
(0 1.427551635 0.2893547614)
(0 1.396512189 0.5168307349)
(0 0.9467471265 1.204312629)
(0 -0.3547057938 0.9794686675)
(0 0.4262975825 1.022471185)
(0 -0.5190311651 0.07952309)
(0 -2.536321236e-11 -2.359995558e-12)
(0 -3.996439035e-11 -9.88545574e-12)
(0 -2.284219771e-11 -5.932964269e-12)
(0 -1.410483774e-11 -3.428693706e-12)
(0 -8.650941648e-12 -1.53667316e-12)
(0 -4.870149809e-12 -1.324652204e-13)
(0 -2.109567602e-12 8.497182021e-13)
(0 -3.355546297e-14 1.49456659e-12)
(0 1.5579099e-12 1.886721195e-12)
(0 2.79423031e-12 2.09653171e-12)
(0 3.763616458e-12 2.177288251e-12)
(0 4.528587112e-12 2.167681249e-12)
(0 5.134819202e-12 2.095351133e-12)
(0 5.616482429e-12 1.979969838e-12)
(0 5.999593914e-12 1.835539032e-12)
(0 6.304210185e-12 1.67200868e-12)
(0 6.545921982e-12 1.49640446e-12)
(0 6.736909043e-12 1.313620654e-12)
(0 6.886699196e-12 1.126986131e-12)
(0 7.00272138e-12 9.386750477e-13)
(0 7.090712282e-12 7.500105012e-13)
(0 7.15501644e-12 5.616938728e-13)
(0 7.198806932e-12 3.73982185e-13)
(0 7.224244506e-12 1.868291551e-13)
(0 3.616293002e-12 4.596998311e-25)
(0 1.583655886e-11 5.125082108e-13)
(0 2.21446107e-11 4.058026307e-12)
(0 2.29524113e-11 4.698617004e-12)
(0 -3.868313233e-11 5.117962435e-12)
(0 6.053408293e-11 5.253554265e-12)
(0 -4.737367281e-11 5.248417833e-12)
(0 2.983676549e-11 5.225417851e-12)
(0 -1.333241055e-11 5.213388852e-12)
(0 1.654905653 0.1889476166)
(0 1.656764816 0.2256924675)
(0 1.672807319 0.7318039843)
(0 1.562076989 1.722916854)
(0 -0.1239678824 1.589137053)
(0 0.3086583451 1.124012671)
(0 -1.50473321e-11 -6.441479009e-12)
(0 -2.041070235e-11 -2.927126955e-11)
(0 -1.976308078e-11 -2.307474714e-11)
(0 -1.542141439e-11 -1.420810296e-11)
(0 -1.026491348e-11 -9.048138693e-12)
(0 -6.166113775e-12 -5.470177003e-12)
(0 -3.16682922e-12 -2.978985922e-12)
(0 -9.53776591e-13 -1.277405027e-12)
(0 7.27220973e-13 -1.353901315e-13)
(0 2.036473396e-12 6.158979455e-13)
(0 3.072984717e-12 1.094492394e-12)
(0 3.901396553e-12 1.381510494e-12)
(0 4.566981952e-12 1.532873095e-12)
(0 5.103244221e-12 1.587612281e-12)
(0 5.535854383e-12 1.573368852e-12)
(0 5.884866462e-12 1.509958074e-12)
(0 6.166099844e-12 1.411701025e-12)
(0 6.392092638e-12 1.288984111e-12)
(0 6.572799185e-12 1.14933122e-12)
(0 6.716111274e-12 9.981602366e-13)
(0 6.828250757e-12 8.393299832e-13)
(0 6.9140667e-12 6.755452209e-13)
(0 6.977259828e-12 5.086637166e-13)
(0 7.020550467e-12 3.399348723e-13)
(0 7.045800632e-12 1.701901657e-13)
(0 3.52704893e-12 -1.575586009e-25)
(0 1.544541323e-11 4.189811074e-13)
(0 2.16318647e-11 4.233023602e-12)
(0 2.282540386e-11 4.819358748e-12)
(0 -3.879559509e-11 5.173335368e-12)
(0 6.04447123e-11 5.274026376e-12)
(0 -4.743727787e-11 5.252988758e-12)
(0 2.979872236e-11 5.219371855e-12)
(0 -1.334509473e-11 5.20039048e-12)
(0 1.95025557 0.1952439617)
(0 2.067634795 0.4252216582)
(0 1.497137885 1.588180776)
(0 1.02730371 2.874503257)
(0 0.2770204513 2.209779893)
(0 0.3595879093 1.429406684)
(0 -1.68741376e-11 -5.678995403e-12)
(0 -1.109739449e-11 -1.480678799e-11)
(0 -4.239183083e-12 -1.827276831e-11)
(0 -8.815585466e-12 -1.87763971e-11)
(0 -5.366911784e-12 -1.308523387e-11)
(0 -2.581788877e-12 -8.316813595e-12)
(0 -6.773778329e-13 -5.035870927e-12)
(0 7.340281885e-13 -2.844948488e-12)
(0 1.85974751e-12 -1.374603745e-12)
(0 2.787792426e-12 -3.822187918e-13)
(0 3.559842858e-12 2.84037826e-13)
(0 4.201997158e-12 7.213938069e-13)
(0 4.734688899e-12 9.946940732e-13)
(0 5.175314959e-12 1.148864207e-12)
(0 5.538828223e-12 1.215944531e-12)
(0 5.837926088e-12 1.219230688e-12)
(0 6.083236221e-12 1.175856825e-12)
(0 6.283552177e-12 1.098500482e-12)
(0 6.446085169e-12 9.965595934e-13)
(0 6.576697959e-12 8.769932111e-13)
(0 6.680106365e-12 7.449385539e-13)
(0 6.760046015e-12 6.041745301e-13)
(0 6.819406092e-12 4.574773807e-13)
(0 6.860333381e-12 3.068995957e-13)
(0 6.884309634e-12 1.539939922e-13)
(0 3.446102836e-12 -5.120043368e-25)
(0 1.509048544e-11 3.242762545e-13)
(0 2.117591127e-11 4.38393703e-12)
(0 2.271058832e-11 4.9154412e-12)
(0 -3.889466204e-11 5.204320483e-12)
(0 6.036686861e-11 5.270453655e-12)
(0 -4.749282918e-11 5.233731395e-12)
(0 2.976527741e-11 5.189656947e-12)
(0 -1.335626488e-11 5.163749361e-12)
(0 2.462888256 0.09593472121)
(0 3.074303629 0.2999112781)
(0 2.084651796 0.6517845251)
(0 9.199931197 0.7510615036)
(0 0.5491810103 2.531377661)
(0 -0.2654196407 1.715255262)
(0 -0.1652095077 0.338854234)
(0 -3.077845475e-10 -8.787932468e-09)
(0 -1.014835636e-11 -6.079740184e-11)
(0 -1.023387266e-11 -2.953842963e-11)
(0 1.946700256e-13 -1.619959611e-11)
(0 1.883249165e-12 -9.676033838e-12)
(0 2.305035888e-12 -6.002750127e-12)
(0 2.70749059e-12 -3.691900362e-12)
(0 3.189950669e-12 -2.135838421e-12)
(0 3.695114967e-12 -1.054193876e-12)
(0 4.176597315e-12 -2.975076304e-13)
(0 4.612052801e-12 2.253397167e-13)
(0 4.994452352e-12 5.756518759e-13)
(0 5.324494679e-12 7.97215677e-13)
(0 5.606220864e-12 9.223252087e-13)
(0 5.844778756e-12 9.751714657e-13)
(0 6.045369639e-12 9.739993493e-13)
(0 6.212795406e-12 9.326029503e-13)
(0 6.351291914e-12 8.614136983e-13)
(0 6.464490235e-12 7.683136747e-13)
(0 6.555432076e-12 6.592541916e-13)
(0 6.626605526e-12 5.387328559e-13)
(0 6.679984893e-12 4.101664754e-13)
(0 6.717067078e-12 2.76187303e-13)
(0 6.738901037e-12 1.388833675e-13)
(0 3.373054938e-12 -9.129312422e-25)
(0 1.477048728e-11 2.305155562e-13)
(0 2.076147743e-11 4.510084814e-12)
(0 2.260441703e-11 4.987359957e-12)
(0 -3.898219074e-11 5.213066527e-12)
(0 6.029902574e-11 5.24595431e-12)
(0 -4.75416017e-11 5.193927585e-12)
(0 2.9735516e-11 5.139326302e-12)
(0 -1.336625915e-11 5.106244427e-12)
(0 2.587238471 0.08809408922)
(0 2.440114902 0.3619674783)
(0 1.566804317 0.1666249431)
(0 -0.01803698456 -0.09378105036)
(0 -0.602897485 11.07018814)
(0 -1.740440402 1.865070818)
(0 -1.083737459 -0.2454173039)
(0 -0.004945985515 -0.1670180453)
(0 3.890756823e-11 -5.373338231e-11)
(0 3.578211194e-11 -2.2379688e-11)
(0 1.449548401e-11 -1.24987164e-11)
(0 7.615057109e-12 -8.184999726e-12)
(0 5.306755643e-12 -5.607210542e-12)
(0 4.600939894e-12 -3.784055826e-12)
(0 4.497453996e-12 -2.422637693e-12)
(0 4.626123217e-12 -1.401196204e-12)
(0 4.83937645e-12 -6.452066525e-13)
(0 5.075156664e-12 -9.817238202e-14)
(0 5.306564859e-12 2.853645476e-13)
(0 5.521988292e-12 5.420291419e-13)
(0 5.716784011e-12 7.009767328e-13)
(0 5.889600228e-12 7.851356843e-13)
(0 6.040667706e-12 8.123684175e-13)
(0 6.170966526e-12 7.964987909e-13)
(0 6.281795893e-12 7.481779426e-13)
(0 6.374538453e-12 6.755914877e-13)
(0 6.450525546e-12 5.850276115e-13)
(0 6.510958299e-12 4.813304072e-13)
(0 6.556860539e-12 3.68262027e-13)
(0 6.589050273e-12 2.487945495e-13)
(0 6.608122331e-12 1.253494254e-13)
(0 3.307219468e-12 -1.589901868e-24)
(0 1.448202215e-11 1.396461458e-13)
(0 2.039560624e-11 4.61110031e-12)
(0 2.250799521e-11 5.035882269e-12)
(0 -3.905932074e-11 5.201763672e-12)
(0 6.023960405e-11 5.203492501e-12)
(0 -4.758501251e-11 5.136536736e-12)
(0 2.970845604e-11 5.070894501e-12)
(0 -1.337543147e-11 5.029956445e-12)
(0 3.087400975 0.1722601737)
(0 2.930700862 0.872810663)
(0 2.468171937 1.819693405)
(0 0.6580678379 2.621709467)
(0 -0.6809933587 10.52444712)
(0 -1.070489101 2.909153561)
(0 -1.1633313 -1.845883036)
(0 -0.001562352678 -1.267967512)
(0 2.239728504e-11 4.244415174e-11)
(0 3.095800447e-11 6.212712547e-12)
(0 1.43893583e-11 -3.230607592e-12)
(0 8.774755026e-12 -4.958054139e-12)
(0 6.705979788e-12 -4.457038045e-12)
(0 5.892063439e-12 -3.414466337e-12)
(0 5.572810291e-12 -2.369448219e-12)
(0 5.472546008e-12 -1.482735289e-12)
(0 5.479621137e-12 -7.839458308e-13)
(0 5.542624001e-12 -2.581857143e-13)
(0 5.634653876e-12 1.219524113e-13)
(0 5.740106864e-12 3.845639031e-13)
(0 5.849327406e-12 5.544202604e-13)
(0 5.956170441e-12 6.520271936e-13)
(0 6.056732746e-12 6.938391105e-13)
(0 6.148604931e-12 6.928441172e-13)
(0 6.23038461e-12 6.592050393e-13)
(0 6.301339903e-12 6.008424105e-13)
(0 6.361170996e-12 5.239282984e-13)
(0 6.409839942e-12 4.332919958e-13)
(0 6.447449035e-12 3.327498647e-13)
(0 6.474154477e-12 2.253744173e-13)
(0 6.490106487e-12 1.137173751e-13)
(0 3.247705513e-12 -1.965909785e-24)
(0 1.422091229e-11 5.197735857e-14)
(0 2.006577193e-11 4.687411008e-12)
(0 2.241840566e-11 5.062716339e-12)
(0 -3.912835421e-11 5.172952642e-12)
(0 6.018662902e-11 5.145871596e-12)
(0 -4.762447569e-11 5.064092097e-12)
(0 2.968328381e-11 4.986299077e-12)
(0 -1.338405078e-11 4.936317468e-12)
(0 3.697780496 0.1572129461)
(0 3.588151425 1.142390171)
(0 3.215473076 2.719684231)
(0 1.359889743 4.307467535)
(0 0.04206505737 9.43167962)
(0 0.2575791407 3.775640625)
(0 0.05269134837 -1.410742426)
(0 0.0008235273962 -1.584356117)
(0 -1.200113429e-11 3.693664411e-11)
(0 -1.01937241e-11 7.71182999e-12)
(0 3.324717327e-12 -1.678348995e-12)
(0 6.388626656e-12 -3.95957682e-12)
(0 6.850343446e-12 -3.848417446e-12)
(0 6.68852972e-12 -3.047314435e-12)
(0 6.429185043e-12 -2.157945986e-12)
(0 6.211625606e-12 -1.376346017e-12)
(0 6.063926026e-12 -7.496481881e-13)
(0 5.981054906e-12 -2.72572292e-13)
(0 5.949314477e-12 7.607169849e-14)
(0 5.954456141e-12 3.198586267e-13)
(0 5.984247302e-12 4.8011597e-13)
(0 6.029019078e-12 5.747137085e-13)
(0 6.081484629e-12 6.181147092e-13)
(0 6.136332454e-12 6.218301481e-13)
(0 6.189794187e-12 5.949508546e-13)
(0 6.239261712e-12 5.446383846e-13)
(0 6.282975131e-12 4.76543563e-13)
(0 6.319779865e-12 3.95151696e-13)
(0 6.34894296e-12 3.040645127e-13)
(0 6.370017783e-12 2.062315986e-13)
(0 6.382747914e-12 1.041438326e-13)
(0 3.193502093e-12 -2.099820184e-24)
(0 1.398342958e-11 -3.22782602e-14)
(0 1.977102185e-11 4.739775613e-12)
(0 2.233461224e-11 5.069748865e-12)
(0 -3.919125127e-11 5.12889061e-12)
(0 6.013844581e-11 5.075311292e-12)
(0 -4.766096215e-11 4.978497221e-12)
(0 2.965961688e-11 4.886956257e-12)
(0 -1.339221314e-11 4.826347285e-12)
(0 3.913909152 0.06716396688)
(0 3.550181304 1.448200675)
(0 3.060493165 3.636074677)
(0 0.9802059159 5.968479962)
(0 -0.07941140203 9.839302575)
(0 0.09069297815 3.547855766)
(0 1.054566531 -1.357979586)
(0 1.175069612e-05 -1.012677279)
(0 -7.830967102e-12 -2.35826566e-11)
(0 -7.903936013e-12 -1.088748939e-11)
(0 2.71795149e-12 -7.235040469e-12)
(0 6.604686576e-12 -5.353487571e-12)
(0 7.618242173e-12 -3.929736946e-12)
(0 7.582534898e-12 -2.768420672e-12)
(0 7.243778709e-12 -1.838664546e-12)
(0 6.880843806e-12 -1.115052437e-12)
(0 6.583394862e-12 -5.657252196e-13)
(0 6.368343887e-12 -1.585234415e-13)
(0 6.227084794e-12 1.350514726e-13)
(0 6.144151136e-12 3.386850843e-13)
(0 6.104182488e-12 4.714711152e-13)
(0 6.09416918e-12 5.485945863e-13)
(0 6.103849185e-12 5.820718465e-13)
(0 6.125441077e-12 5.814053874e-13)
(0 6.153192847e-12 5.541227598e-13)
(0 6.182932612e-12 5.062084223e-13)
(0 6.211684307e-12 4.424473443e-13)
(0 6.237360892e-12 3.666991769e-13)
(0 6.258528938e-12 2.821193272e-13)
(0 6.274233797e-12 1.913404388e-13)
(0 6.283874888e-12 9.662527059e-14)
(0 3.14356168e-12 -2.47388519e-24)
(0 1.376464147e-11 -1.115239281e-13)
(0 1.949363935e-11 4.76889028e-12)
(0 2.225259483e-11 5.058305946e-12)
(0 -3.92502677e-11 5.070982593e-12)
(0 6.009367978e-11 4.993124171e-12)
(0 -4.769501347e-11 4.880927734e-12)
(0 2.963744882e-11 4.773927521e-12)
(0 -1.339987516e-11 4.70098405e-12)
(0 2.4779413 0.3237036159)
(0 1.598728623 2.235976151)
(0 1.265281428 4.926056882)
(0 -0.6838418452 7.950033205)
(0 -1.195533435 10.00593946)
(0 -0.2220301474 2.243481744)
(0 0.6831935153 -1.488485945)
(0 -0.02373046912 -0.7006476061)
(0 9.858270741e-13 -2.929852454e-11)
(0 6.006759469e-12 -2.059505212e-11)
(0 8.858719148e-12 -1.102083967e-11)
(0 9.693930178e-12 -6.289595878e-12)
(0 9.435410345e-12 -3.748617799e-12)
(0 8.77960212e-12 -2.257962925e-12)
(0 8.082553278e-12 -1.313236707e-12)
(0 7.484564932e-12 -6.794726698e-13)
(0 7.020455021e-12 -2.396784691e-13)
(0 6.681831599e-12 6.915060528e-14)
(0 6.446523002e-12 2.83971758e-13)
(0 6.290875783e-12 4.283574763e-13)
(0 6.194156804e-12 5.184853522e-13)
(0 6.13961981e-12 5.661165698e-13)
(0 6.11429543e-12 5.801661858e-13)
(0 6.108383368e-12 5.675888112e-13)
(0 6.114597222e-12 5.339171402e-13)
(0 6.127586296e-12 4.836155851e-13)
(0 6.143465886e-12 4.203294846e-13)
(0 6.159451848e-12 3.470715888e-13)
(0 6.173584222e-12 2.663688864e-13)
(0 6.184523727e-12 1.803834999e-13)
(0 6.191407475e-12 9.101639047e-14)
(0 3.096876823e-12 -2.981031073e-24)
(0 1.355958238e-11 -1.841422396e-13)
(0 1.923740053e-11 4.775198201e-12)
(0 2.217400763e-11 5.029482562e-12)
(0 -3.930555909e-11 5.000169483e-12)
(0 6.005191209e-11 4.900030829e-12)
(0 -4.772686731e-11 4.772067164e-12)
(0 2.961675723e-11 4.648152343e-12)
(0 -1.340704481e-11 4.561283109e-12)
(0 -0.9397731357 0.8861790861)
(0 -1.51517649 3.149929592)
(0 -1.495902806 6.195883798)
(0 -2.345365361 9.045671713)
(0 -1.912756768 9.132848004)
(0 0.5883120202 1.094941415)
(0 0.438319382 -1.347779162)
(0 -0.1172633405 -0.366289938)
(0 -0.0002687231787 -0.02430236005)
(0 1.039697046e-11 -1.940219065e-11)
(0 1.702340773e-11 -9.96366353e-12)
(0 1.387690845e-11 -5.035437367e-12)
(0 1.164987513e-11 -2.517171494e-12)
(0 1.001791599e-11 -1.201569193e-12)
(0 8.822268964e-12 -4.768489428e-13)
(0 7.954402044e-12 -4.992288865e-14)
(0 7.332018137e-12 2.173334827e-13)
(0 6.891994115e-12 3.908324333e-13)
(0 6.586291665e-12 5.033264944e-13)
(0 6.37866473e-12 5.722848457e-13)
(0 6.241941582e-12 6.079912282e-13)
(0 6.155850014e-12 6.172132846e-13)
(0 6.105321427e-12 6.048790031e-13)
(0 6.079192031e-12 5.74856613e-13)
(0 6.069219621e-12 5.303308297e-13)
(0 6.069344956e-12 4.73997333e-13)
(0 6.075140311e-12 4.081753478e-13)
(0 6.083400293e-12 3.348833379e-13)
(0 6.091840849e-12 2.558982011e-13)
(0 6.098881301e-12 1.728072057e-13)
(0 6.103491388e-12 8.705678163e-14)
(0 3.05254529e-12 -3.179847499e-24)
(0 1.33651683e-11 -2.514875907e-13)
(0 1.899566044e-11 4.759571794e-12)
(0 2.209861236e-11 4.984897629e-12)
(0 -3.935757805e-11 4.917756028e-12)
(0 6.001224435e-11 4.796897567e-12)
(0 -4.775774442e-11 4.652546633e-12)
(0 2.95964357e-11 4.510485454e-12)
(0 -1.34142052e-11 4.408083184e-12)
(0 -3.662226752 1.086196354)
(0 -3.919321813 3.293458935)
(0 -3.276146568 6.217784995)
(0 -2.60882512 8.420719374)
(0 -1.063589949 7.307665377)
(0 1.566383809 0.435729182)
(0 0.2487580641 -0.934119605)
(0 -0.1036136553 -0.09241662121)
(0 0.0002731241425 -0.1215821755)
(0 1.243587149e-11 -1.105646147e-11)
(0 2.321925102e-11 -4.402272938e-12)
(0 1.714042221e-11 -1.371316653e-12)
(0 1.326927852e-11 -8.305840804e-14)
(0 1.081992467e-11 4.457089232e-13)
(0 9.234199583e-12 6.573324529e-13)
(0 8.178747357e-12 7.392937619e-13)
(0 7.461210343e-12 7.680995308e-13)
(0 6.96782461e-12 7.73516956e-13)
(0 6.627975415e-12 7.662142862e-13)
(0 6.395540517e-12 7.494599543e-13)
(0 6.239085243e-12 7.239752652e-13)
(0 6.136507585e-12 6.898582283e-13)
(0 6.071938759e-12 6.472700908e-13)
(0 6.033835194e-12 5.966169155e-13)
(0 6.013737942e-12 5.385415136e-13)
(0 6.005430814e-12 4.738584235e-13)
(0 6.004351891e-12 4.034846414e-13)
(0 6.007174701e-12 3.283843682e-13)
(0 6.01150809e-12 2.495317458e-13)
(0 6.015682307e-12 1.678900106e-13)
(0 6.018600269e-12 8.440367886e-14)
(0 3.009820041e-12 -3.157430155e-24)
(0 1.317799872e-11 -3.122537657e-13)
(0 1.875496717e-11 4.721197811e-12)
(0 2.202474572e-11 4.92486524e-12)
(0 -3.940745571e-11 4.824886135e-12)
(0 5.997238957e-11 4.685103874e-12)
(0 -4.779111999e-11 4.52323278e-12)
(0 2.957311718e-11 4.361226906e-12)
(0 -1.342279061e-11 4.240783443e-12)
(0 -4.061050521 1.203392593)
(0 -4.219137878 2.698718635)
(0 -3.29047594 4.723875249)
(0 -1.625494913 6.25658262)
(0 0.732281956 4.86544571)
(0 2.053888455 0.7195462697)
(0 0.2202029637 -0.1536851327)
(0 -0.03298328403 -0.01919670346)
(0 0.001428047498 -0.1517282912)
(0 1.069690821e-11 2.220837422e-12)
(0 2.66774275e-11 4.750983331e-12)
(0 1.819612298e-11 4.035509648e-12)
(0 1.34669007e-11 3.110548568e-12)
(0 1.075830685e-11 2.410126008e-12)
(0 9.115853802e-12 1.921171405e-12)
(0 8.065169122e-12 1.581661194e-12)
(0 7.366241331e-12 1.342249548e-12)
(0 6.89010887e-12 1.16891848e-12)
(0 6.562234664e-12 1.038550244e-12)
(0 6.336425709e-12 9.35360522e-13)
(0 6.182339856e-12 8.485848773e-13)
(0 6.079144839e-12 7.709655014e-13)
(0 6.012080114e-12 6.977159111e-13)
(0 5.970463454e-12 6.257887331e-13)
(0 5.946461129e-12 5.533502298e-13)
(0 5.934288084e-12 4.794028138e-13)
(0 5.929666256e-12 4.035157881e-13)
(0 5.929447398e-12 3.256355557e-13)
(0 5.931346492e-12 2.45953826e-13)
(0 5.933753234e-12 1.648175384e-13)
(0 5.935601378e-12 8.266807158e-14)
(0 2.968141611e-12 -3.266191542e-24)
(0 1.29946783e-11 -3.655667068e-13)
(0 1.852128462e-11 4.658430361e-12)
(0 2.195543405e-11 4.849780847e-12)
(0 -3.945582047e-11 4.724208086e-12)
(0 5.992844925e-11 4.568055103e-12)
(0 -4.78334911e-11 4.385875482e-12)
(0 2.954041437e-11 4.199342262e-12)
(0 -1.343549785e-11 4.055370995e-12)
(0 -3.167553984 1.205147466)
(0 -2.919034834 2.312890299)
(0 -2.191763796 3.195982534)
(0 -0.6149006786 3.85819128)
(0 1.406252881 3.046488279)
(0 1.707965934 1.37216299)
(0 0.6313660538 0.5850091698)
(0 0.5479558704 0.2329200121)
(0 0.0006766213749 -0.1017985885)
(0 1.165681971e-11 3.479828276e-11)
(0 2.499508079e-11 1.711011011e-11)
(0 1.549998745e-11 9.65182766e-12)
(0 1.164389488e-11 6.07961526e-12)
(0 9.630547509e-12 4.163071499e-12)
(0 8.405734769e-12 3.035561146e-12)
(0 7.5998255e-12 2.32392572e-12)
(0 7.048467629e-12 1.850315676e-12)
(0 6.664125306e-12 1.521354521e-12)
(0 6.394417457e-12 1.283704295e-12)
(0 6.20557515e-12 1.104842135e-12)
(0 6.074690222e-12 9.640314618e-13)
(0 5.985638618e-12 8.476944026e-13)
(0 5.926761991e-12 7.468297316e-13)
(0 5.889469513e-12 6.55462673e-13)
(0 5.867352022e-12 5.696603853e-13)
(0 5.855596373e-12 4.868818235e-13)
(0 5.850584632e-12 4.055375932e-13)
(0 5.849612739e-12 3.246874749e-13)
(0 5.850690073e-12 2.438305863e-13)
(0 5.852396553e-12 1.627585364e-13)
(0 5.853782731e-12 8.14511421e-14)
(0 2.92715197e-12 -3.283839751e-24)
(0 1.281487765e-11 -4.122045003e-13)
(0 1.828874055e-11 4.569353691e-12)
(0 2.189064134e-11 4.761480999e-12)
(0 -3.950542671e-11 4.621503162e-12)
(0 5.987371441e-11 4.452618716e-12)
(0 -4.789487193e-11 4.243588591e-12)
(0 2.948881422e-11 4.021422938e-12)
(0 -1.34563014e-11 3.842103443e-12)
(0 -2.430648492 0.9256208591)
(0 -1.863412945 1.897492364)
(0 -1.290739762 2.386027269)
(0 -0.3387884001 2.544254867)
(0 0.7042462956 2.35376543)
(0 0.859234699 1.711107421)
(0 0.6632266102 0.9314972541)
(0 0.4261627236 0.5192047001)
(0 0.0004938889401 0.3826134842)
(0 -3.724341205e-12 3.696207472e-11)
(0 1.506225633e-12 1.921026202e-11)
(0 7.165628129e-12 1.138207008e-11)
(0 7.978144541e-12 7.393007418e-12)
(0 7.714252737e-12 5.126977775e-12)
(0 7.276708024e-12 3.7340702e-12)
(0 6.879923651e-12 2.828160793e-12)
(0 6.563670133e-12 2.213730736e-12)
(0 6.323497489e-12 1.782477766e-12)
(0 6.145722277e-12 1.470067499e-12)
(0 6.016752876e-12 1.236267935e-12)
(0 5.925192123e-12 1.054998437e-12)
(0 5.861943109e-12 9.089437164e-13)
(0 5.819848385e-12 7.864386055e-13)
(0 5.793294108e-12 6.795656243e-13)
(0 5.777880279e-12 5.829425718e-13)
(0 5.770165292e-12 4.929243864e-13)
(0 5.767471907e-12 4.070648237e-13)
(0 5.767740391e-12 3.237465739e-13)
(0 5.769417553e-12 2.419230685e-13)
(0 5.771373789e-12 1.609351813e-13)
(0 5.772842842e-12 8.03779718e-14)
(0 2.886690469e-12 -3.343186606e-24)
(0 1.263735154e-11 -4.518510999e-13)
(0 1.805603892e-11 4.451029255e-12)
(0 2.183043555e-11 4.66325639e-12)
(0 -3.956068714e-11 4.526186235e-12)
(0 5.979894126e-11 4.349713036e-12)
(0 -4.798827527e-11 4.100787519e-12)
(0 2.940631367e-11 3.820599999e-12)
(0 -1.349020075e-11 3.583449601e-12)
(0 -1.955217363 0.641142761)
(0 -1.502797529 1.391583002)
(0 -1.051928275 1.804993653)
(0 -0.5336848687 1.941922666)
(0 -0.04229139262 1.942070445)
(0 0.252308259 1.575937789)
(0 0.4233651001 1.050875487)
(0 0.2095482021 0.6700524275)
(0 6.58544201e-05 0.484309177)
(0 -1.963022174e-12 9.742520046e-12)
(0 -5.084436046e-13 1.146204278e-11)
(0 3.682732852e-12 9.273175832e-12)
(0 5.388802578e-12 6.983360626e-12)
(0 5.97161029e-12 5.217756487e-12)
(0 6.106917788e-12 3.945576866e-12)
(0 6.079486036e-12 3.040913964e-12)
(0 6.002784601e-12 2.393967841e-12)
(0 5.920462069e-12 1.924757179e-12)
(0 5.848207626e-12 1.577818005e-12)
(0 5.790506088e-12 1.315160399e-12)
(0 5.747366003e-12 1.110746232e-12)
(0 5.717078787e-12 9.466387367e-13)
(0 5.697383898e-12 8.104114861e-13)
(0 5.685973479e-12 6.934164011e-13)
(0 5.680710784e-12 5.896194244e-13)
(0 5.679718625e-12 4.948092048e-13)
(0 5.68140682e-12 4.060522289e-13)
(0 5.684470984e-12 3.213123333e-13)
(0 5.68787868e-12 2.391808457e-13)
(0 5.690851456e-12 1.586815091e-13)
(0 5.692847549e-12 7.912562228e-14)
(0 2.846773998e-12 -3.452838124e-24)
(0 1.246149494e-11 -4.856747635e-13)
(0 1.782827732e-11 4.301033387e-12)
(0 2.177552642e-11 4.561562762e-12)
(0 -3.962775373e-11 4.452614743e-12)
(0 5.969208191e-11 4.274981301e-12)
(0 -4.812997281e-11 3.962990448e-12)
(0 2.927831485e-11 3.585728041e-12)
(0 -1.354328673e-11 3.252566995e-12)
(0 -1.533336101 0.4677634816)
(0 -1.275120612 1.055819041)
(0 -0.9854807746 1.401676292)
(0 -0.6626930344 1.556931674)
(0 -0.3410922214 1.578487438)
(0 -0.05883998039 1.333913879)
(0 0.2351252745 1.027146808)
(0 0.2338033341 0.792479214)
(0 5.142593243e-05 0.6202529665)
(0 -9.686738452e-15 5.949730452e-12)
(0 1.129560096e-12 7.717097492e-12)
(0 2.686945972e-12 7.265222011e-12)
(0 3.922725196e-12 6.049497317e-12)
(0 4.676468977e-12 4.815106229e-12)
(0 5.099865501e-12 3.789564628e-12)
(0 5.328314627e-12 2.995949337e-12)
(0 5.447513348e-12 2.396469439e-12)
(0 5.507347652e-12 1.944764207e-12)
(0 5.536125497e-12 1.601285197e-12)
(0 5.549681103e-12 1.335807142e-12)
(0 5.556670461e-12 1.12618508e-12)
(0 5.561608363e-12 9.564521237e-13)
(0 5.566626049e-12 8.151524449e-13)
(0 5.572502046e-12 6.940710697e-13)
(0 5.579273083e-12 5.873127531e-13)
(0 5.586598096e-12 4.906443956e-13)
(0 5.593975036e-12 4.010257623e-13)
(0 5.600869008e-12 3.16272011e-13)
(0 5.606786729e-12 2.348078374e-13)
(0 5.611318566e-12 1.554850147e-13)
(0 5.614161332e-12 7.744329103e-14)
(0 2.807564847e-12 -3.289285541e-24)
(0 1.228901929e-11 -5.130107336e-13)
(0 1.759557455e-11 4.116526072e-12)
(0 2.172278449e-11 4.466246435e-12)
(0 -3.971665248e-11 4.420966145e-12)
(0 5.953556709e-11 4.249511123e-12)
(0 -4.834290333e-11 3.836483731e-12)
(0 2.908465025e-11 3.300126189e-12)
(0 -1.36239719e-11 2.810946622e-12)
(0 -1.19595301 0.3656659674)
(0 -1.048216918 0.8594054698)
(0 -0.8649529931 1.160371483)
(0 -0.6465605095 1.30461597)
(0 -0.4099388501 1.305616107)
(0 -0.1772237338 1.07976484)
(0 0.1060224421 0.7862581062)
(0 0.2126212758 0.7929098705)
(0 3.188669071e-05 0.7516300069)
(0 6.33059452e-14 4.623617354e-12)
(0 9.236257345e-13 6.307333951e-12)
(0 2.015132677e-12 6.021112587e-12)
(0 2.938686795e-12 5.134296957e-12)
(0 3.711677601e-12 4.203604078e-12)
(0 4.287760896e-12 3.401625454e-12)
(0 4.686390847e-12 2.756848896e-12)
(0 4.951599471e-12 2.25119588e-12)
(0 5.125277828e-12 1.856544091e-12)
(0 5.239250561e-12 1.546750222e-12)
(0 5.315405971e-12 1.300597127e-12)
(0 5.368010985e-12 1.101735366e-12)
(0 5.406046152e-12 9.378347446e-13)
(0 5.435002844e-12 7.996796745e-13)
(0 5.458133787e-12 6.804087271e-13)
(0 5.47728411e-12 5.749226268e-13)
(0 5.493431634e-12 4.794358179e-13)
(0 5.507034435e-12 3.911391588e-13)
(0 5.518253059e-12 3.079454359e-13)
(0 5.527091684e-12 2.282955513e-13)
(0 5.53348691e-12 1.51008617e-13)
(0 5.537362535e-12 7.516323006e-14)
(0 2.769330707e-12 -3.120646618e-24)
(0 1.212135962e-11 -5.333655747e-13)
(0 1.73716759e-11 3.895083315e-12)
(0 2.167221258e-11 4.393489068e-12)
(0 -3.984287169e-11 4.4609839e-12)
(0 5.930093215e-11 4.302752933e-12)
(0 -4.866416888e-11 3.728551767e-12)
(0 2.879289363e-11 2.938609247e-12)
(0 -1.374569508e-11 2.202615019e-12)
(0 -1.045436871 0.3168604808)
(0 -0.9251429553 0.7332393447)
(0 -0.7732969308 0.9934461251)
(0 -0.6018827089 1.123593862)
(0 -0.4231996881 1.101242233)
(0 -0.2887031951 0.9000871034)
(0 -0.3971617967 0.7363863758)
(0 -0.5985180685 0.9526679355)
(0 5.454330465e-05 0.8910773332)
(0 1.780382071e-12 9.477775317e-12)
(0 2.66364506e-12 7.013778309e-12)
(0 1.513908978e-12 5.3775951e-12)
(0 2.105216686e-12 4.26297258e-12)
(0 2.943797474e-12 3.463386848e-12)
(0 3.653110318e-12 2.856483815e-12)
(0 4.177885053e-12 2.37862447e-12)
(0 4.547208544e-12 1.994919641e-12)
(0 4.802901994e-12 1.683464744e-12)
(0 4.980178533e-12 1.428574023e-12)
(0 5.104666248e-12 1.218096994e-12)
(0 5.193908079e-12 1.042328146e-12)
(0 5.259552671e-12 8.934780653e-13)
(0 5.309200032e-12 7.653311012e-13)
(0 5.347744998e-12 6.529708146e-13)
(0 5.378300174e-12 5.525422144e-13)
(0 5.402814628e-12 4.610448889e-13)
(0 5.422484654e-12 3.761557597e-13)
(0 5.4380254e-12 2.960794986e-13)
(0 5.44984991e-12 2.194233981e-13)
(0 5.458186245e-12 1.450927211e-13)
(0 5.463152715e-12 7.220228403e-14)
(0 2.732401616e-12 -3.109405739e-24)
(0 1.195870612e-11 -5.479859386e-13)
(0 1.715284324e-11 3.637168469e-12)
(0 2.161341114e-11 4.371196752e-12)
(0 -4.003701529e-11 4.618447334e-12)
(0 5.893901471e-11 4.477673819e-12)
(0 -4.915502164e-11 3.647925477e-12)
(0 2.835055191e-11 2.461201288e-12)
(0 -1.392993017e-11 1.342467711e-12)
(0 -1.008737707 0.2569781218)
(0 -0.8727195751 0.6027217875)
(0 -0.7133823185 0.8274161058)
(0 -0.5403921147 0.9582419725)
(0 -0.3586149185 0.9796675847)
(0 -0.3011200019 0.9902228961)
(0 -0.5524779641 0.9277954977)
(0 -0.8414832238 0.5511417295)
(0 -4.054116128e-12 1.034671447e-11)
(0 -6.098251167e-12 1.476125135e-11)
(0 -3.014605398e-12 7.067443897e-12)
(0 -7.356730526e-13 4.212516776e-12)
(0 1.024478543e-12 3.076611041e-12)
(0 2.305188836e-12 2.530486341e-12)
(0 3.202998518e-12 2.18229647e-12)
(0 3.824826673e-12 1.906243242e-12)
(0 4.256439745e-12 1.666390837e-12)
(0 4.558932209e-12 1.453819451e-12)
(0 4.773882811e-12 1.265984368e-12)
(0 4.929160094e-12 1.100891751e-12)
(0 5.043392056e-12 9.560084163e-13)
(0 5.129049107e-12 8.284273389e-13)
(0 5.194495594e-12 7.152066914e-13)
(0 5.245344901e-12 6.136125015e-13)
(0 5.285358185e-12 5.212410902e-13)
(0 5.317045179e-12 4.360548714e-13)
(0 5.342069045e-12 3.563668806e-13)
(0 5.361520697e-12 2.807991378e-13)
(0 5.376104906e-12 2.082301196e-13)
(0 5.386265796e-12 1.377396454e-13)
(0 5.392269813e-12 6.855506531e-14)
(0 2.697128423e-12 -3.128283651e-24)
(0 1.180380279e-11 -5.56579262e-13)
(0 1.694118584e-11 3.350745675e-12)
(0 2.152257293e-11 4.446734113e-12)
(0 -4.035291234e-11 4.96249943e-12)
(0 5.83733248e-11 4.835607167e-12)
(0 -4.990482519e-11 3.603736558e-12)
(0 2.768380473e-11 1.803412314e-12)
(0 -1.420643794e-11 1.001855218e-13)
(0 -0.9066209364 0.1841939966)
(0 -0.7840067248 0.4497861583)
(0 -0.6183433854 0.6441149793)
(0 -0.4386522854 0.7884339519)
(0 -0.1816052277 0.849186161)
(0 -0.07589038895 1.045902447)
(0 -0.01253341482 1.067793715)
(0 -0.001838384309 0.5807259416)
(0 -1.210467531e-11 1.233961527e-12)
(0 -1.782366955e-11 6.539938903e-12)
(0 -7.885092144e-12 2.274906334e-12)
(0 -2.476923878e-12 1.328417511e-12)
(0 4.231862515e-13 1.300467415e-12)
(0 2.049482903e-12 1.399648777e-12)
(0 3.028867219e-12 1.435968688e-12)
(0 3.661979421e-12 1.39765667e-12)
(0 4.094784753e-12 1.310577383e-12)
(0 4.402495525e-12 1.199436203e-12)
(0 4.627250832e-12 1.080653526e-12)
(0 4.794690296e-12 9.634819652e-13)
(0 4.921443667e-12 8.523945034e-13)
(0 5.018750947e-12 7.490267879e-13)
(0 5.094385194e-12 6.534677486e-13)
(0 5.153779397e-12 5.650434353e-13)
(0 5.200742544e-12 4.827659876e-13)
(0 5.237940419e-12 4.05576529e-13)
(0 5.26722892e-12 3.324661774e-13)
(0 5.289888639e-12 2.625270012e-13)
(0 5.306790418e-12 1.949638016e-13)
(0 5.31851119e-12 1.290846989e-13)
(0 5.32541307e-12 6.428072003e-14)
(0 2.663846551e-12 -3.067381116e-24)
(0 1.165751217e-11 -5.602127764e-13)
(0 1.674366433e-11 3.065049975e-12)
(0 2.135283522e-11 4.700813941e-12)
(0 -4.087458526e-11 5.592318505e-12)
(0 5.750217137e-11 5.456526773e-12)
(0 -5.102034267e-11 3.600579271e-12)
(0 2.671092828e-11 8.66088102e-13)
(0 -1.460752399e-11 -1.712467141e-12)
(0 -0.7359501763 0.1279249971)
(0 -0.6389533015 0.2974294861)
(0 -0.4802341202 0.417123559)
(0 -0.3350707901 0.5190133163)
(0 -0.01487890522 0.5642002573)
(0 0.0949441061 0.8671420543)
(0 0.1708758778 0.9850194847)
(0 0.0008168390024 0.7407817199)
(0 -1.66644169e-11 -4.418261982e-13)
(0 -2.306640425e-11 -1.011719308e-11)
(0 -8.226126809e-12 -5.846627913e-12)
(0 -1.710111971e-12 -2.474221279e-12)
(0 1.095709809e-12 -6.028103132e-13)
(0 2.440690109e-12 3.31667881e-13)
(0 3.201006411e-12 7.642672643e-13)
(0 3.699435368e-12 9.378318802e-13)
(0 4.058219278e-12 9.788219299e-13)
(0 4.329008352e-12 9.526931214e-13)
(0 4.537928573e-12 8.937135259e-13)
(0 4.700901072e-12 8.199935233e-13)
(0 4.828936879e-12 7.410692928e-13)
(0 4.930122353e-12 6.61828065e-13)
(0 5.010512241e-12 5.846055668e-13)
(0 5.07464314e-12 5.103390629e-13)
(0 5.125891278e-12 4.392139182e-13)
(0 5.166745369e-12 3.710292262e-13)
(0 5.199019517e-12 3.05403381e-13)
(0 5.224018322e-12 2.418867415e-13)
(0 5.242662604e-12 1.80019803e-13)
(0 5.255582714e-12 1.193593314e-13)
(0 5.263185115e-12 5.948577873e-14)
(0 2.632847703e-12 -3.059616929e-24)
(0 1.15213082e-11 -5.580251508e-13)
(0 1.654769109e-11 2.847965566e-12)
(0 2.102350168e-11 5.260058866e-12)
(0 -4.171519714e-11 6.634630543e-12)
(0 5.621486459e-11 6.427072407e-12)
(0 -5.259703066e-11 3.626442408e-12)
(0 2.53722405e-11 -4.903839268e-13)
(0 -1.515568218e-11 -4.339709915e-12)
(0 -0.6119484012 0.1015373731)
(0 -0.5497338367 0.2441818114)
(0 -0.4184288531 0.3398709436)
(0 -0.2908670616 0.4583123497)
(0 0.1681877929 0.4249887565)
(0 0.2348133161 0.9614212618)
(0 0.5858040814 1.044129604)
(0 -0.1134615166 0.5473130281)
(0 -1.742510988e-11 -1.168807965e-11)
(0 -1.872223173e-11 -3.624351045e-11)
(0 -2.421203115e-13 -1.306836579e-11)
(0 2.766893722e-12 -4.775866722e-12)
(0 3.229075412e-12 -1.569159826e-12)
(0 3.41656048e-12 -2.344403936e-13)
(0 3.635031219e-12 3.515938636e-13)
(0 3.876534086e-12 6.10575923e-13)
(0 4.109645994e-12 7.141815668e-13)
(0 4.317387121e-12 7.387997192e-13)
(0 4.494551234e-12 7.215158735e-13)
(0 4.642046063e-12 6.817142048e-13)
(0 4.763278209e-12 6.300683543e-13)
(0 4.862287221e-12 5.726194848e-13)
(0 4.942896192e-12 5.127971386e-13)
(0 5.008387748e-12 4.525034156e-13)
(0 5.061432707e-12 3.927314497e-13)
(0 5.104129881e-12 3.339328168e-13)
(0 5.138086435e-12 2.762405085e-13)
(0 5.164505061e-12 2.196049353e-13)
(0 5.184263007e-12 1.638760887e-13)
(0 5.197977166e-12 1.088519382e-13)
(0 5.206053739e-12 5.430567538e-14)
(0 2.604360772e-12 -3.201107214e-24)
(0 1.139648272e-11 -5.489862562e-13)
(0 1.636440244e-11 2.826894428e-12)
(0 2.043621381e-11 6.304983373e-12)
(0 -4.299557806e-11 8.229460046e-12)
(0 5.44234405e-11 7.815311304e-12)
(0 -5.467892344e-11 3.636103518e-12)
(0 2.366807573e-11 -2.439669735e-12)
(0 -1.584819785e-11 -8.053675909e-12)
(0 -0.4563152703 0.04703221536)
(0 -0.4005764757 0.087681779)
(0 -0.2511736993 0.04472270508)
(0 -0.2615546041 -0.1199923871)
(0 0.1126580608 -0.1118680966)
(0 -0.2346536928 0.4650812874)
(0 0.8361693347 1.266969085)
(0 0.01654887945 2.227357522)
(0 2.927650717e-07 -0.1305331538)
(0 1.676399825e-11 -1.58308166e-11)
(0 2.324151693e-11 -5.407385748e-12)
(0 9.789093989e-12 -1.991723659e-12)
(0 5.637136137e-12 -6.635277028e-13)
(0 4.361443798e-12 -5.186999276e-14)
(0 4.046022728e-12 2.659663667e-13)
(0 4.062023071e-12 4.386913896e-13)
(0 4.186443074e-12 5.285254413e-13)
(0 4.336342658e-12 5.668072152e-13)
(0 4.480843059e-12 5.71837237e-13)
(0 4.609453552e-12 5.552823491e-13)
(0 4.719842159e-12 5.248753884e-13)
(0 4.812851137e-12 4.857905938e-13)
(0 4.890396172e-12 4.4146725e-13)
(0 4.954577451e-12 3.941538978e-13)
(0 5.00732068e-12 3.452840334e-13)
(0 5.050254428e-12 2.957386648e-13)
(0 5.084691636e-12 2.460292599e-13)
(0 5.111653902e-12 1.964240182e-13)
(0 5.131909607e-12 1.470339895e-13)
(0 5.146012301e-12 9.787113188e-14)
(0 5.154333176e-12 4.888719197e-14)
(0 2.578542027e-12 -3.019389203e-24)
(0 1.128306235e-11 -5.329708303e-13)
(0 1.618454398e-11 3.20139288e-12)
(0 1.949182452e-11 8.063427562e-12)
(0 -4.480785041e-11 1.05049998e-11)
(0 5.210006285e-11 9.640159588e-12)
(0 -5.72228119e-11 3.539254422e-12)
(0 2.168902312e-11 -5.164615575e-12)
(0 -1.66450797e-11 -1.309871304e-11)
(0 -0.5045031798 0.04976980186)
(0 -0.5502330264 0.1318173842)
(0 -0.7217480704 0.1925381893)
(0 -1.071013329 0.2421275146)
(0 -1.669623199 0.4151250597)
(0 -2.522142779 0.4732579628)
(0 -2.355611415 0.3815182432)
(0 0.1179837731 0.03491825872)
(0 3.373705029e-11 2.538790938e-11)
(0 2.701094089e-11 3.034221238e-11)
(0 1.35660775e-11 9.228761521e-12)
(0 7.510751767e-12 2.879880826e-12)
(0 5.168929078e-12 9.58637184e-13)
(0 4.34605455e-12 4.245163165e-13)
(0 4.125592601e-12 3.254453061e-13)
(0 4.139093161e-12 3.496937714e-13)
(0 4.23776182e-12 3.944186251e-13)
(0 4.360698917e-12 4.280647856e-13)
(0 4.483026368e-12 4.4374316e-13)
(0 4.595084214e-12 4.427034344e-13)
(0 4.693786454e-12 4.283622342e-13)
(0 4.778879082e-12 4.04203313e-13)
(0 4.851259496e-12 3.73131526e-13)
(0 4.912204532e-12 3.373660998e-13)
(0 4.963017474e-12 2.98518205e-13)
(0 5.004875108e-12 2.577151685e-13)
(0 5.038771789e-12 2.157205173e-13)
(0 5.065509791e-12 1.730340357e-13)
(0 5.085710121e-12 1.299697689e-13)
(0 5.099830369e-12 8.671485784e-14)
(0 5.108182607e-12 4.337345542e-14)
(0 2.55547358e-12 -2.915035853e-24)
(0 1.118298168e-11 -5.079081972e-13)
(0 1.600760568e-11 4.232561735e-12)
(0 1.813211961e-11 1.078255158e-11)
(0 -4.71762243e-11 1.355466649e-11)
(0 4.929632372e-11 1.18577488e-11)
(0 -6.009421358e-11 3.21168924e-12)
(0 1.961343241e-11 -8.806272193e-12)
(0 -1.747055205e-11 -1.961153762e-11)
(0 -0.307874057 0.07100663858)
(0 -0.273797742 0.2670217724)
(0 -0.3028089423 0.5000002615)
(0 -0.4121456137 0.7754872781)
(0 -0.5872683849 0.9230753812)
(0 -0.628879022 0.4760148744)
(0 0.1383255308 0.05197805167)
(0 0.0003322371836 0.009827644527)
(0 -2.051969653e-11 2.302015869e-11)
(0 -2.476580854e-11 2.409181887e-11)
(0 -4.220814622e-12 9.100261622e-12)
(0 1.518969652e-12 3.323844464e-12)
(0 3.181771628e-12 1.193675473e-12)
(0 3.72825192e-12 4.658489365e-13)
(0 3.971200183e-12 2.616012951e-13)
(0 4.13099639e-12 2.402163938e-13)
(0 4.264814089e-12 2.713873576e-13)
(0 4.385667193e-12 3.072873533e-13)
(0 4.495481707e-12 3.323648413e-13)
(0 4.594072627e-12 3.434242015e-13)
(0 4.681342037e-12 3.416657459e-13)
(0 4.757620429e-12 3.295288194e-13)
(0 4.823558959e-12 3.094905123e-13)
(0 4.87996413e-12 2.836630108e-13)
(0 4.927669748e-12 2.537107638e-13)
(0 4.96745674e-12 2.208872048e-13)
(0 5.000010503e-12 1.861077427e-13)
(0 5.025903153e-12 1.500256929e-13)
(0 5.045590429e-12 1.130992883e-13)
(0 5.059415987e-12 7.564703014e-14)
(0 5.067618319e-12 3.789235779e-14)
(0 2.535168572e-12 -3.121678837e-24)
(0 1.109473935e-11 -4.717500346e-13)
(0 1.583164762e-11 6.18945303e-12)
(0 1.634271257e-11 1.466333081e-11)
(0 -5.008006072e-11 1.740278448e-11)
(0 4.608319938e-11 1.43419634e-11)
(0 -6.314883004e-11 2.494375549e-12)
(0 1.762887692e-11 -1.342857066e-11)
(0 -1.824571239e-11 -2.755392693e-11)
(0 -0.2028444671 0.02703150559)
(0 -0.1154522487 0.1916681831)
(0 -0.08044727425 0.4254913061)
(0 -0.0845509138 0.6875515405)
(0 -0.1198071552 0.7386720686)
(0 -0.06965783514 0.07079404323)
(0 -0.5134764158 -0.2726763087)
(0 -0.008012555247 0.1870960222)
(0 -1.802742822e-11 -6.347273652e-12)
(0 -2.410945896e-11 -4.008330209e-12)
(0 -7.20189683e-12 -2.433321334e-13)
(0 -3.958343814e-13 1.215575521e-13)
(0 2.310933551e-12 2.636933461e-14)
(0 3.413980372e-12 -1.639962856e-14)
(0 3.899960058e-12 1.489196593e-14)
(0 4.148879223e-12 7.81800941e-14)
(0 4.304832779e-12 1.436235039e-13)
(0 4.4216764e-12 1.973284663e-13)
(0 4.519163216e-12 2.35000477e-13)
(0 4.604385119e-12 2.569586986e-13)
(0 4.679891071e-12 2.653441001e-13)
(0 4.746703848e-12 2.627528691e-13)
(0 4.805393687e-12 2.516368449e-13)
(0 4.856424784e-12 2.340838366e-13)
(0 4.900241668e-12 2.117746949e-13)
(0 4.937272087e-12 1.860158504e-13)
(0 4.967910277e-12 1.577985929e-13)
(0 4.992501337e-12 1.278627413e-13)
(0 5.011331458e-12 9.675540111e-14)
(0 5.024623438e-12 6.488184659e-14)
(0 5.032535577e-12 3.25485819e-14)
(0 2.517581223e-12 -2.877498657e-24)
(0 1.101996567e-11 -4.232039358e-13)
(0 1.565628882e-11 9.263458137e-12)
(0 1.404905427e-11 1.977025545e-11)
(0 -5.363049282e-11 2.191759384e-11)
(0 4.234772406e-11 1.675684181e-11)
(0 -6.643085876e-11 1.041273774e-12)
(0 1.576779457e-11 -1.91475322e-11)
(0 -1.895355721e-11 -3.677959046e-11)
(0 -0.09553021859 -0.02640038531)
(0 -0.03288479765 0.1214477625)
(0 -0.00887467658 0.402094309)
(0 0.01978577724 0.6962876542)
(0 0.04622274055 0.7703764743)
(0 0.1118251859 0.6415650308)
(0 -0.3510761537 0.03922434256)
(0 -0.006229935384 -0.6978851349)
(0 1.660656891e-13 -1.662964142e-11)
(0 -4.237666788e-13 -1.52946178e-11)
(0 -9.092679293e-14 -6.186847181e-12)
(0 1.78867112e-12 -2.62065204e-12)
(0 3.043814447e-12 -1.193356817e-12)
(0 3.716774552e-12 -5.727099604e-13)
(0 4.065779905e-12 -2.63815995e-13)
(0 4.259727928e-12 -8.601457449e-14)
(0 4.383962461e-12 2.759403842e-14)
(0 4.477044166e-12 1.03397646e-13)
(0 4.55511194e-12 1.533444557e-13)
(0 4.62441625e-12 1.840603666e-13)
(0 4.687136208e-12 1.999936044e-13)
(0 4.743913173e-12 2.044966789e-13)
(0 4.794889926e-12 2.002157321e-13)
(0 4.84010198e-12 1.892570147e-13)
(0 4.879601762e-12 1.732851653e-13)
(0 4.913480638e-12 1.536002851e-13)
(0 4.941857394e-12 1.312058468e-13)
(0 4.964859962e-12 1.068694133e-13)
(0 4.982609534e-12 8.117610067e-14)
(0 4.995209168e-12 5.457494417e-14)
(0 5.002736472e-12 2.74189354e-14)
(0 2.50261999e-12 -2.658992301e-24)
(0 1.095710457e-11 -3.639678667e-13)
(0 1.548017643e-11 1.36746315e-11)
(0 1.086806145e-11 2.619449939e-11)
(0 -5.838326133e-11 2.68943367e-11)
(0 3.755202729e-11 1.850190462e-11)
(0 -7.031304793e-11 -1.866412526e-12)
(0 1.384007053e-11 -2.640845464e-11)
(0 -1.965595104e-11 -4.729980867e-11)
(0 -0.1779334405 -0.03902189695)
(0 -0.2257429893 0.1126131368)
(0 -0.2319575758 0.3846939891)
(0 -0.1818923895 0.6609320972)
(0 -0.02187960183 0.7266916972)
(0 0.03349491933 0.510196378)
(0 0.7176072634 -0.02763643053)
(0 5.830460794e-13 -7.622819656e-13)
(0 4.781659205e-12 -1.756411802e-11)
(0 7.336707913e-12 -1.336708386e-11)
(0 5.472068909e-12 -6.588768197e-12)
(0 4.597655982e-12 -3.223961219e-12)
(0 4.35887563e-12 -1.606434761e-12)
(0 4.343521194e-12 -8.172683639e-13)
(0 4.386655444e-12 -4.114334327e-13)
(0 4.440289257e-12 -1.860196094e-13)
(0 4.494245e-12 -5.063470892e-14)
(0 4.547426818e-12 3.531838954e-14)
(0 4.599825937e-12 9.091339036e-14)
(0 4.651034267e-12 1.259383297e-13)
(0 4.700327384e-12 1.460667e-13)
(0 4.746925976e-12 1.550179105e-13)
(0 4.790154023e-12 1.554658779e-13)
(0 4.829494217e-12 1.494370064e-13)
(0 4.864584938e-12 1.385026598e-13)
(0 4.895192768e-12 1.238887064e-13)
(0 4.921179405e-12 1.065500796e-13)
(0 4.94247159e-12 8.722860991e-14)
(0 4.959036989e-12 6.650104948e-14)
(0 4.970866273e-12 4.482016065e-14)
(0 4.977960632e-12 2.255047126e-14)
(0 2.490162287e-12 -2.488774509e-24)
(0 1.090661371e-11 -2.87090419e-13)
(0 1.52501552e-11 2.026323589e-11)
(0 6.112371544e-12 3.478559687e-11)
(0 -6.511892072e-11 3.267492563e-11)
(0 3.115666047e-11 1.92828577e-11)
(0 -7.499541899e-11 -6.850420294e-12)
(0 1.185798036e-11 -3.578556594e-11)
(0 -2.032157198e-11 -5.932579494e-11)
(0 -0.3205781418 0.0249234566)
(0 -0.4381333279 0.1888814817)
(0 -0.520161853 0.3901212581)
(0 -0.4803255833 0.5651189222)
(0 -0.3380011925 0.5150846296)
(0 -0.1065507639 0.0817569022)
(0 -0.1002708884 -0.04135128341)
(0 -7.922781655e-06 -0.04985953893)
(0 1.249150321e-11 -5.539686496e-12)
(0 1.867157613e-11 -5.90049674e-12)
(0 1.005219584e-11 -3.57715178e-12)
(0 6.771004556e-12 -2.079989584e-12)
(0 5.450507302e-12 -1.191152838e-12)
(0 4.91177588e-12 -6.784963082e-13)
(0 4.69702866e-12 -3.786317655e-13)
(0 4.620526652e-12 -1.95998767e-13)
(0 4.60530046e-12 -7.943569322e-14)
(0 4.618592266e-12 -2.407706097e-15)
(0 4.64573188e-12 4.904666656e-14)
(0 4.679569559e-12 8.270646812e-14)
(0 4.716215789e-12 1.033099657e-13)
(0 4.753312351e-12 1.140348733e-13)
(0 4.789309022e-12 1.171849524e-13)
(0 4.823138762e-12 1.145143719e-13)
(0 4.854053462e-12 1.073917432e-13)
(0 4.881528058e-12 9.689417157e-14)
(0 4.905197297e-12 8.387021159e-14)
(0 4.924810931e-12 6.898790521e-14)
(0 4.940201085e-12 5.277450789e-14)
(0 4.95125859e-12 3.565071597e-14)
(0 4.957916311e-12 1.79608449e-14)
(0 2.480069519e-12 -1.978519637e-24)
(0 1.086737364e-11 -1.588099421e-13)
(0 1.492138042e-11 3.081664121e-11)
(0 3.40490616e-13 4.726237173e-11)
(0 -7.234859822e-11 4.009172033e-11)
(0 2.525694582e-11 1.925481291e-11)
(0 -7.837210893e-11 -1.389345839e-11)
(0 1.133941295e-11 -4.72348383e-11)
(0 -2.039925974e-11 -7.261493727e-11)
(0 -0.3330897024 0.08538231194)
(0 -0.3806875567 0.2919354824)
(0 -0.4466487887 0.4050679575)
(0 -0.3936862592 0.4365727626)
(0 -0.2005060347 0.3232460601)
(0 0.1936408631 0.1158253956)
(0 0.02556105751 -0.1052209557)
(0 -2.074592015e-06 -0.1420347616)
(0 7.546280921e-12 1.034931916e-11)
(0 1.293619524e-11 2.525670689e-12)
(0 9.292576143e-12 2.60647847e-13)
(0 6.983654924e-12 -3.276925667e-13)
(0 5.760368906e-12 -3.996912127e-13)
(0 5.156042266e-12 -3.269333907e-13)
(0 4.869152985e-12 -2.286004191e-13)
(0 4.739485329e-12 -1.399106204e-13)
(0 4.687836061e-12 -6.870496941e-14)
(0 4.675909177e-12 -1.456435797e-14)
(0 4.684940111e-12 2.496950395e-14)
(0 4.705297566e-12 5.252500787e-14)
(0 4.731655789e-12 7.042499189e-14)
(0 4.760800963e-12 8.061895552e-14)
(0 4.790633522e-12 8.471627704e-14)
(0 4.819701008e-12 8.403498268e-14)
(0 4.846964738e-12 7.964696014e-14)
(0 4.871671237e-12 7.241761889e-14)
(0 4.893273139e-12 6.304107432e-14)
(0 4.911375887e-12 5.207180059e-14)
(0 4.9256998e-12 3.995326209e-14)
(0 4.93605261e-12 2.704384487e-14)
(0 4.942309916e-12 1.364042416e-14)
(0 2.472201442e-12 -1.736497354e-24)
(0 1.08338032e-11 6.985565634e-14)
(0 1.46098421e-11 4.559082611e-11)
(0 -1.052988009e-12 6.273051234e-11)
(0 -7.137724465e-11 4.760706543e-11)
(0 2.931200341e-11 1.71241069e-11)
(0 -7.235194446e-11 -2.300052224e-11)
(0 1.738976835e-11 -5.937340158e-11)
(0 -1.82136867e-11 -8.499147949e-11)
(0 -0.3781778367 0.07167261153)
(0 -0.3062666345 0.2902063228)
(0 -0.233113742 0.3954984249)
(0 -0.1443049784 0.3336879875)
(0 -0.002236297205 -0.009861821318)
(0 0.2124982423 -0.1145403845)
(0 0.127114819 0.2142581382)
(0 7.585946801e-06 -0.0003932528813)
(0 4.604748767e-12 9.232412775e-12)
(0 8.558870768e-12 5.36636829e-12)
(0 7.198832655e-12 2.42176497e-12)
(0 6.110665496e-12 9.082622653e-13)
(0 5.451266478e-12 2.470132574e-13)
(0 5.082866674e-12 -9.466833402e-16)
(0 4.88405143e-12 -6.892737919e-14)
(0 4.780422102e-12 -6.634026049e-14)
(0 4.730646722e-12 -4.091169588e-14)
(0 4.712266739e-12 -1.211745469e-14)
(0 4.712821246e-12 1.286664157e-14)
(0 4.725025047e-12 3.199400919e-14)
(0 4.744309736e-12 4.523992219e-14)
(0 4.767603637e-12 5.329258959e-14)
(0 4.792725049e-12 5.701839391e-14)
(0 4.818069445e-12 5.725412143e-14)
(0 4.842436098e-12 5.473532972e-14)
(0 4.864922172e-12 5.008054758e-14)
(0 4.884851479e-12 4.379775999e-14)
(0 4.901723119e-12 3.629918036e-14)
(0 4.915173129e-12 2.7918478e-14)
(0 4.924945752e-12 1.89280876e-14)
(0 4.930872466e-12 9.555737549e-15)
(0 2.466429095e-12 -1.40393105e-24)
(0 1.079643099e-11 3.628059667e-13)
(0 1.486681957e-11 5.807252183e-11)
(0 1.350581194e-11 7.239976582e-11)
(0 -4.554329964e-11 4.950802185e-11)
(0 5.991780361e-11 1.098340941e-11)
(0 -4.320772944e-11 -3.206608933e-11)
(0 3.842908189e-11 -6.666498448e-11)
(0 -1.112896602e-11 -8.966936399e-11)
(0 -0.4512285057 0.02072270764)
(0 -0.3652595641 0.1538845878)
(0 -0.1903487864 0.2406727994)
(0 -0.05891930288 0.1917851216)
(0 0.1093786889 -0.02242742948)
(0 -0.1429628843 -0.02021467819)
(0 -3.146508054e-12 4.632211159e-14)
(0 8.942160271e-12 1.88015916e-11)
(0 1.576640066e-11 1.636929574e-11)
(0 6.125473744e-12 7.286126629e-12)
(0 4.834470063e-12 3.151780794e-12)
(0 4.808903212e-12 1.291962858e-12)
(0 4.851159958e-12 4.804280253e-13)
(0 4.840101629e-12 1.45059981e-13)
(0 4.803759408e-12 2.017688141e-14)
(0 4.767501012e-12 -1.561255944e-14)
(0 4.742058866e-12 -1.648572321e-14)
(0 4.729687515e-12 -5.862631713e-15)
(0 4.729051575e-12 6.61750384e-15)
(0 4.737670847e-12 1.734056169e-14)
(0 4.752954369e-12 2.524328967e-14)
(0 4.772579435e-12 3.028751254e-14)
(0 4.794595054e-12 3.280450675e-14)
(0 4.817417943e-12 3.322151363e-14)
(0 4.839791164e-12 3.19535696e-14)
(0 4.860733667e-12 2.936581349e-14)
(0 4.879491771e-12 2.576528558e-14)
(0 4.895496605e-12 2.140465917e-14)
(0 4.908328707e-12 1.649044134e-14)
(0 4.917689869e-12 1.119252623e-14)
(0 4.923381829e-12 5.653879554e-15)
(0 2.462645705e-12 -5.964717882e-25)
(0 1.074731565e-11 5.76791902e-13)
(0 1.591226852e-11 5.41696024e-11)
(0 5.011361682e-11 6.148396689e-11)
(0 1.197137335e-11 3.976210784e-11)
(0 1.214828612e-10 3.495567446e-12)
(0 1.22289367e-11 -3.231226516e-11)
(0 7.581902695e-11 -5.701877836e-11)
(0 8.895755981e-13 -7.447749124e-11)
(0 -0.4382735541 -0.002245495386)
(0 -0.4084273709 0.03174838267)
(0 -0.2605741042 0.06332464774)
(0 -0.1143652647 0.05903737188)
(0 -0.01348212035 0.05650415616)
(0 -0.08028456842 0.023928425)
(0 -2.847120055e-05 0.08579856019)
(0 -1.684416074e-11 1.814648894e-11)
(0 -2.130762672e-11 1.239138697e-11)
(0 -4.659778567e-12 4.257182954e-12)
(0 1.204668837e-12 1.607268957e-12)
(0 3.439312727e-12 6.273817257e-13)
(0 4.3043636e-12 2.376784721e-13)
(0 4.62261553e-12 8.058536839e-14)
(0 4.72337889e-12 2.019237258e-14)
(0 4.743759497e-12 2.048499929e-16)
(0 4.74039665e-12 -3.549142712e-15)
(0 4.735369966e-12 -1.457366432e-15)
(0 4.736024439e-12 2.133308305e-15)
(0 4.743650833e-12 5.515497648e-15)
(0 4.757256687e-12 8.113294353e-15)
(0 4.775164854e-12 9.817815304e-15)
(0 4.795659051e-12 1.069871344e-14)
(0 4.817218508e-12 1.088181217e-14)
(0 4.838580398e-12 1.04992776e-14)
(0 4.858733888e-12 9.671046144e-15)
(0 4.876890325e-12 8.49949867e-15)
(0 4.892448275e-12 7.069599493e-15)
(0 4.904960996e-12 5.451168928e-15)
(0 4.91410919e-12 3.701888626e-15)
(0 4.91967994e-12 1.870489789e-15)
(0 2.460775215e-12 -7.567073445e-26)
(0 1.070853892e-11 3.185969718e-13)
(0 1.780633364e-11 2.237718921e-11)
(0 8.62335709e-11 2.390825479e-11)
(0 6.528845509e-11 1.543646052e-11)
(0 1.746014418e-10 3.215322554e-13)
(0 6.0681707e-11 -1.374896934e-11)
(0 1.074154796e-10 -2.238009039e-11)
(0 9.867903892e-12 -2.926850431e-11)
)
;

boundaryField
{
    lowerWall
    {
        type            slip;
    }
    atmosphere
    {
        type            pressureInletOutletVelocity;
        tangentialVelocity uniform (0 0 0);
        value           nonuniform List<vector> 
80
(
(0 1.249187217 0)
(0 1.852940223 0)
(0 2.23053809 0)
(0 2.558522286 0)
(0 2.794685982 0)
(0 2.34674287 0)
(0 0.4000671814 0)
(0 -2.987601934 -2.87433533)
(0 -6.040036033 -2.425043243)
(0 -4.431904927 -1.637334)
(0 -1.180062505 -0.1868220234)
(0 -1.41477086 -0.3091173462)
(0 -0.5332017069 0.1288402369)
(0 -0.8122009934 0.1034117914)
(0 -0.4872518283 0.2753300195)
(0 -0.0840465406 0.396327055)
(0 0.0424937444 0)
(0 -0.1942831367 0.2082295756)
(0 -0.2698930765 -0.1434160863)
(0 0.1739817522 0)
(0 0.403421932 0)
(0 0.4618067528 0)
(0 0.4421663528 0)
(0 0.510596213 0)
(0 0.5256929194 0)
(0 0.5331653439 0)
(0 0.5490229353 0)
(0 0.5458199543 0)
(0 0.5430400288 0)
(0 0.4985204513 0)
(0 0.451625532 0)
(0 0.2546892277 0)
(0 0.04520851818 0)
(0 0.3726366207 0)
(0 0.7584397231 0)
(0 0.6445722666 0)
(0 -0.1867874435 -0.9842106872)
(0 -2.154503934 -0.8904148122)
(0 -3.26818807 0.5583969699)
(0 0.654298132 0)
(0 -0.2268169416 0.2964230751)
(0 0.3176533453 0)
(0 0.9201834876 0)
(0 1.061974081 0)
(0 1.333877086 0)
(0 1.138228459 0)
(0 1.34932675 0)
(0 1.451407377 0)
(0 1.654905653 0)
(0 1.95025557 0)
(0 2.462888256 0)
(0 2.587238471 0)
(0 3.087400975 0)
(0 3.697780496 0)
(0 3.913909152 0)
(0 2.4779413 0)
(0 -0.9397731357 0.8861790861)
(0 -3.662226752 1.086196354)
(0 -4.061050521 1.203392593)
(0 -3.167553984 1.205147466)
(0 -2.430648492 0.9256208591)
(0 -1.955217363 0.641142761)
(0 -1.533336101 0.4677634816)
(0 -1.19595301 0.3656659674)
(0 -1.045436871 0.3168604808)
(0 -1.008737707 0.2569781218)
(0 -0.9066209364 0.1841939966)
(0 -0.7359501763 0.1279249971)
(0 -0.6119484012 0.1015373731)
(0 -0.4563152703 0.04703221536)
(0 -0.5045031798 0.04976980186)
(0 -0.307874057 0.07100663858)
(0 -0.2028444671 0.02703150559)
(0 -0.09553021859 -0.02640038531)
(0 -0.1779334405 -0.03902189695)
(0 -0.3205781418 0.0249234566)
(0 -0.3330897024 0.08538231194)
(0 -0.3781778367 0.07167261153)
(0 -0.4512285057 0.02072270764)
(0 -0.4382735541 -0.002245495386)
)
;
    }
    rightWall
    {
        type            empty;
    }
    leftWall
    {
        type            empty;
    }
    frontAndBack
    {
        type            slip;
    }
}


// ************************************************************************* //
