/*--------------------------------*- C++ -*----------------------------------*\
| =========                 |                                                 |
| \\      /  F ield         | OpenFOAM: The Open Source CFD Toolbox           |
|  \\    /   O peration     | Version:  2506                                  |
|   \\  /    A nd           | Website:  www.openfoam.com                      |
|    \\/     M anipulation  |                                                 |
\*---------------------------------------------------------------------------*/
FoamFile
{
    version     2.0;
    format      ascii;
    arch        "LSB;label=32;scalar=64";
    class       surfaceScalarField;
    location    "0.006";
    object      phi;
}
// * * * * * * * * * * * * * * * * * * * * * * * * * * * * * * * * * * * * * //

dimensions      [0 3 -1 0 0 0 0];

oriented        oriented;

internalField   nonuniform List<scalar> 
6280
(
8.835579407e-09
-2.705255619e-09
9.585876948e-09
-7.502961961e-10
-3.185559304e-09
1.277143855e-08
-3.810829731e-09
6.252731731e-10
-9.85447287e-10
-2.825370112e-09
7.407778876e-10
-1.726206624e-09
1.085711157e-18
7.407944856e-10
5.054482109e-19
7.415325984e-19
2.895488836e-19
2.158993135e-19
1.860621905e-19
1.034866931e-19
1.309738769e-19
5.50887601e-20
9.899723119e-20
3.197746785e-20
7.929753466e-20
1.970083724e-20
6.678283099e-20
1.25161352e-20
5.879824264e-20
7.98628546e-21
5.380970312e-20
4.99047269e-21
5.085107229e-20
2.960771105e-21
4.927574694e-20
1.577643696e-21
4.86349373e-20
6.432639991e-22
4.861148684e-20
2.599876683e-23
4.897990014e-20
-3.657674291e-22
4.957993161e-20
-5.972667084e-22
5.029808285e-20
-7.153164832e-22
5.105433994e-20
-7.534921918e-22
5.179262937e-20
-7.357511203e-22
5.247393854e-20
-6.790860036e-22
5.307134777e-20
-5.955003573e-22
5.356646283e-20
-4.934737848e-22
5.39469045e-20
-3.790363532e-22
5.420460821e-20
-2.565525628e-22
5.433474862e-20
-1.29307487e-22
5.43391488e-20
-1.598471312e-32
6.152557899e-20
-7.189893181e-21
4.133147665e-19
-3.622561047e-19
8.268675553e-19
-4.225911402e-19
1.147897827e-18
-3.29630837e-19
1.232384506e-18
-9.302266967e-20
1.033361269e-18
1.904968724e-19
5.930448716e-19
4.317910429e-19
5.845211205e-19
1.092605448e-08
-2.743982411e-09
1.200288604e-08
-1.827123094e-09
6.332062197e-09
1.844226984e-08
-1.712256199e-09
8.669606578e-09
-3.122206132e-09
-1.415412063e-09
-7.407962725e-10
-4.107631185e-09
-2.899096061e-19
-1.78468191e-20
2.160500617e-19
2.355746731e-19
1.771353664e-19
2.548140088e-19
1.376642575e-19
1.429586959e-19
1.078625846e-19
8.489197737e-20
8.672060058e-20
5.312154585e-20
7.211283262e-20
3.43111986e-20
6.225298125e-20
2.237904062e-20
5.580242987e-20
1.44403096e-20
5.178000153e-20
9.016742117e-21
4.946794488e-20
5.276979906e-21
4.834136724e-20
2.70863688e-21
4.801767207e-20
9.715950085e-22
4.821972065e-20
-1.712664404e-22
4.874840086e-20
-8.896085355e-22
4.946188183e-20
-1.305957579e-21
5.025990714e-20
-1.508730461e-21
5.107208102e-20
-1.561369795e-21
5.184929449e-20
-1.509082762e-21
5.255752419e-20
-1.383889748e-21
5.317337434e-20
-1.208386333e-21
5.368090026e-20
-9.985115822e-22
5.406938829e-20
-7.65565877e-22
5.433185329e-20
-5.176817177e-22
5.446405611e-20
-2.609070538e-22
5.446653461e-20
-1.998280668e-32
4.557563701e-20
-8.767547744e-21
2.124797977e-19
-5.465784684e-19
4.658727761e-19
-6.916464577e-19
6.443275371e-19
-5.233916068e-19
7.110146085e-19
-1.749741093e-19
6.171685026e-19
2.690835456e-19
3.466346643e-19
6.87067526e-19
9.24423609e-19
9.81604122e-09
-8.076615594e-10
9.17058629e-09
-1.181661886e-09
1.327368953e-08
1.433917904e-08
9.925633925e-09
1.201767966e-08
2.78535116e-09
5.724894227e-09
6.927739274e-16
-1.322268744e-09
-1.706949693e-19
-3.166487302e-20
1.734605261e-20
4.753365159e-20
6.528040258e-20
2.068800573e-19
7.959753898e-20
1.286424377e-19
7.609215308e-20
8.839870975e-20
6.791025333e-20
6.130524597e-20
6.018067465e-20
4.204301022e-20
5.431425023e-20
2.824811015e-20
5.037886238e-20
1.837872688e-20
4.804023932e-20
1.135874081e-20
4.689960186e-20
6.421288772e-21
4.660432537e-20
3.007819516e-21
4.687481062e-20
7.051482256e-22
4.750137855e-20
-7.938078506e-22
4.833205181e-20
-1.716339919e-21
4.925910895e-20
-2.229131435e-21
5.020726781e-20
-2.453040454e-21
5.112436805e-20
-2.474714295e-21
5.19744875e-20
-2.355666765e-21
5.27330276e-20
-2.139245961e-21
5.338324909e-20
-1.855866732e-21
5.391384596e-20
-1.526861944e-21
5.431727245e-20
-1.167278192e-21
5.458862795e-20
-7.878966923e-22
5.472496316e-20
-3.967056734e-22
5.472792369e-20
-3.198798254e-32
4.610084285e-20
-8.523159855e-21
4.881736839e-21
-5.204910477e-19
-5.229916008e-21
-6.951429005e-19
8.468438605e-21
-5.504132216e-19
3.047646874e-20
-2.102770465e-19
4.007283469e-20
2.461952125e-19
2.834394539e-20
6.855059352e-19
9.462106871e-19
1.077662105e-08
4.584786543e-10
9.17269598e-09
4.222666629e-10
1.455225558e-08
8.959622483e-09
1.589623769e-08
1.067369939e-08
5.113799621e-09
1.650733769e-08
-1.686450481e-12
3.793219033e-09
-4.880075714e-19
-1.685641835e-12
-2.599516744e-19
-1.805220545e-19
-1.295705408e-20
-4.011415111e-20
3.935381103e-20
7.633245977e-20
4.899868931e-20
7.875516865e-20
4.864801758e-20
6.165770471e-20
4.638577458e-20
4.430747363e-20
4.444486696e-20
3.019165697e-20
4.335887631e-20
1.94677496e-20
4.310278728e-20
1.161820934e-20
4.34861326e-20
6.041605645e-21
4.430165408e-20
2.19619832e-21
4.537585455e-20
-3.650075782e-22
4.657884649e-20
-1.992784148e-21
4.78192603e-20
-2.952860136e-21
4.903519993e-20
-3.441256619e-21
5.018559397e-20
-3.599641263e-21
5.124341558e-20
-3.528804902e-21
5.219090831e-20
-3.299628475e-21
5.301640683e-20
-2.961571643e-21
5.371225388e-20
-2.549012814e-21
5.427342972e-20
-2.085864627e-21
5.469665395e-20
-1.588879222e-21
5.497981897e-20
-1.070001147e-21
5.512166884e-20
-5.380556396e-22
5.512497038e-20
-4.28475845e-32
4.547879302e-20
-6.952631448e-21
-1.085993868e-19
-3.81277002e-19
-2.730835274e-19
-5.440568782e-19
-3.738187674e-19
-4.628060226e-19
-3.892892399e-19
-2.07908976e-19
-3.199833263e-19
1.637893756e-19
-1.775212197e-19
5.299453281e-19
7.621493207e-19
1.177651226e-08
6.341550042e-10
1.108897493e-08
1.109808631e-09
1.367309955e-08
6.375503617e-09
1.713124026e-08
7.215562526e-09
7.015032525e-09
2.662355027e-08
3.754042188e-12
1.080450206e-08
1.03703528e-18
2.072552207e-12
4.288000374e-19
4.422432296e-19
1.034894783e-19
2.851968526e-19
4.177651991e-20
1.380463078e-19
3.190122537e-20
8.863180089e-20
3.129778649e-20
6.226294428e-20
3.226995792e-20
4.333754725e-20
3.372095959e-20
2.874332393e-20
3.550933605e-20
1.768243986e-20
3.752618358e-20
9.60479079e-21
3.964072528e-20
3.930792254e-21
4.174044818e-20
1.005181647e-22
4.374807798e-20
-2.368358196e-21
4.56187705e-20
-3.85920208e-21
4.733086382e-20
-4.660854506e-21
4.887681529e-20
-4.983274719e-21
5.025643033e-20
-4.975417384e-21
5.147259201e-20
-4.741232442e-21
5.252896514e-20
-4.352487019e-21
5.342896566e-20
-3.858427586e-21
5.417540207e-20
-3.292789426e-21
5.477041512e-20
-2.678758252e-21
5.521553202e-20
-2.032430895e-21
5.551176448e-20
-1.365218107e-21
5.565972448e-20
-6.855295585e-22
5.566098342e-20
-4.906239339e-32
4.691640265e-20
-6.238067489e-21
-1.177623045e-19
-2.314307703e-19
-3.123462347e-19
-3.628495763e-19
-4.485319762e-19
-3.397293172e-19
-4.870696508e-19
-1.824551308e-19
-4.132408216e-19
7.687913168e-20
-2.36265869e-19
3.398903781e-19
5.193451285e-19
1.477664421e-08
-6.050865801e-10
1.592165602e-08
-3.519864901e-11
2.375672964e-08
-1.459561266e-09
2.927927979e-08
1.693023527e-09
5.888869752e-08
-2.985854229e-09
8.181635127e-08
-1.21231396e-08
-1.855707353e-19
8.181843199e-08
-1.68107485e-19
4.247800303e-19
-4.366132048e-20
1.607511285e-19
-7.637986995e-21
1.020238543e-19
5.532368763e-21
7.546277161e-20
1.237238946e-20
5.542472151e-20
1.76757346e-20
3.803645549e-20
2.266007551e-20
2.376165706e-20
2.743168698e-20
1.291389208e-20
3.185218505e-20
5.187710948e-21
3.581045119e-20
-2.378092482e-23
3.927157182e-20
-3.356514814e-21
4.225723409e-20
-5.349567879e-21
4.481711807e-20
-6.414569521e-21
4.70084436e-20
-6.847858681e-21
4.888467263e-20
-6.855421872e-21
5.049061527e-20
-6.577452665e-21
5.186133743e-20
-6.108207693e-21
5.302302457e-20
-5.510672962e-21
5.399460382e-20
-4.826882904e-21
5.478943324e-20
-4.084980536e-21
5.541674248e-20
-3.303969622e-21
5.588274481e-20
-2.496886638e-21
5.619145303e-20
-1.672918125e-21
5.634525404e-20
-8.388341119e-22
5.634754333e-20
-5.553382322e-32
4.852733323e-20
-6.436642561e-21
-7.513901403e-20
-1.225926151e-19
-2.321313178e-19
-2.192312216e-19
-3.545554573e-19
-2.304119195e-19
-4.019605496e-19
-1.481316585e-19
-3.514434753e-19
1.328285095e-20
-2.066122913e-19
1.819814185e-19
3.061949668e-19
1.340646428e-08
-9.273115674e-10
1.485687482e-08
-1.485601722e-09
1.77660142e-08
-4.368685538e-09
2.424181323e-08
-4.782754049e-09
3.338361037e-08
-1.212762568e-08
1.146338377e-08
9.79711269e-09
-1.307976447e-14
9.328184999e-08
-3.497504479e-19
-3.536617986e-20
-1.023867306e-19
-8.661214724e-20
-3.419906973e-20
3.383700592e-20
-1.450568134e-20
5.577065295e-20
-5.015876558e-21
4.593665615e-20
3.400936166e-21
2.96218392e-20
1.181231054e-20
1.535288956e-20
1.970550585e-20
5.023678284e-21
2.664069318e-20
-1.744193206e-21
3.24777173e-20
-5.857340348e-21
3.727851876e-20
-8.153408282e-21
4.119223245e-20
-9.258873344e-21
4.438382891e-20
-9.60158359e-21
4.700088041e-20
-9.460480188e-21
4.916264183e-20
-9.013007195e-21
5.095986024e-20
-8.370708777e-21
5.245887216e-20
-7.603452093e-21
5.370681463e-20
-6.7551093e-21
5.473650619e-20
-5.853444912e-21
5.557044416e-20
-4.916266897e-21
5.622382546e-20
-3.955232306e-21
5.670671332e-20
-2.97820117e-21
5.702553704e-20
-1.990700956e-21
5.718408815e-20
-9.968550936e-22
5.718465011e-20
-6.035975312e-32
4.979311648e-20
-7.063270187e-21
-2.625108338e-20
-6.137548107e-20
-1.305820729e-19
-1.282734689e-19
-2.226594185e-19
-1.514406366e-19
-2.688270898e-19
-1.150449012e-19
-2.446996527e-19
-2.392306151e-20
-1.490240354e-19
7.322877742e-20
1.506334068e-19
1.294062175e-08
-1.212979e-09
1.483776627e-08
-3.382733836e-09
1.723680495e-08
-6.767701323e-09
2.686385516e-08
-1.440977386e-08
1.095158342e-08
3.784682014e-09
-3.405249907e-08
5.48012372e-08
-3.210881504e-08
9.133819981e-08
3.870779072e-20
-3.210880438e-08
1.880981819e-20
-6.67137302e-20
-1.22654227e-20
6.491292081e-20
-2.433967815e-20
6.784606703e-20
-2.13306935e-20
4.292932746e-20
-1.086801348e-20
1.916127225e-20
1.483099268e-21
3.004322146e-21
1.293763436e-20
-6.427857253e-21
2.252754603e-20
-1.13308859e-20
3.018164936e-20
-1.350817883e-20
3.61730537e-20
-1.414111397e-20
4.084952221e-20
-1.393106681e-20
4.452493231e-20
-1.327245515e-20
4.74483534e-20
-1.23794514e-20
4.980494025e-20
-1.136537211e-20
5.172711693e-20
-1.028888028e-20
5.330721495e-20
-9.179751991e-21
5.460847902e-20
-8.052842103e-21
5.567368421e-20
-6.915489205e-21
5.653147875e-20
-5.771365071e-21
5.72008566e-20
-4.622433266e-21
5.769421354e-20
-3.469917824e-21
5.80193829e-20
-2.314762207e-21
5.818094324e-20
-1.157832966e-21
5.818222993e-20
-6.389988938e-32
5.0939802e-20
-7.843566958e-21
9.907306959e-21
-3.516934458e-20
-5.169953475e-20
-8.003918408e-20
-1.146321573e-19
-1.016134535e-19
-1.542420456e-19
-8.851529711e-20
-1.490199195e-19
-4.222301295e-20
-9.526805674e-20
6.400559176e-21
4.882817956e-20
9.645826078e-09
-1.255641058e-09
9.638201499e-09
-3.375092732e-09
1.06692221e-08
-7.798694539e-09
5.532780705e-09
-9.273296812e-09
-2.064675684e-08
2.996425976e-08
-4.703504407e-08
8.118956397e-08
-1.254647476e-08
5.684965933e-08
-1.312739743e-14
-4.465524554e-08
9.472453242e-20
6.878196757e-20
-9.301108173e-21
1.689391709e-19
-4.925641772e-20
1.078023499e-19
-4.509874871e-20
3.877320358e-20
-2.702496359e-20
1.089577745e-21
-7.949080132e-21
-1.60688975e-20
8.034605715e-21
-2.240811838e-20
2.03502531e-20
-2.364302639e-20
2.954871423e-20
-2.270326382e-20
3.638310085e-20
-2.097177753e-20
4.150813387e-20
-1.90518388e-20
4.541793606e-20
-1.717772952e-20
4.84624327e-20
-1.541948096e-20
5.088143208e-20
-1.378010672e-20
5.283624521e-20
-1.22396362e-20
5.443412484e-20
-1.077378466e-20
5.574583192e-20
-9.360972296e-21
5.681780834e-20
-7.984253547e-21
5.768041055e-20
-6.631205188e-21
5.835337204e-20
-5.293134979e-21
5.884936916e-20
-3.964180629e-21
5.917631214e-20
-2.640507043e-21
5.933877621e-20
-1.319651707e-21
5.934028278e-20
-6.532599585e-32
5.20238861e-20
-8.545763375e-21
3.142663784e-20
-2.93976275e-20
-2.526545624e-21
-5.945787759e-20
-4.340214991e-20
-7.384262456e-20
-7.481519994e-20
-7.018186481e-20
-8.007311529e-20
-5.004224408e-20
-5.515517178e-20
-3.159304778e-20
-1.286380142e-20
7.151929247e-09
-9.06533929e-10
5.895169354e-09
-2.118315009e-09
3.227391591e-09
-5.130890706e-09
-8.401705303e-09
2.355832593e-09
-2.458480724e-08
4.614739525e-08
-2.763260489e-08
8.42373941e-08
-9.75755344e-09
3.897464948e-08
-8.137993016e-09
-4.627477115e-08
2.571450767e-20
-8.1379778e-09
-9.336790133e-20
2.880221255e-19
-1.182855641e-19
1.327207381e-19
-8.278237454e-20
3.271585495e-21
-4.418343883e-20
-3.750718081e-20
-1.428830102e-20
-4.596117803e-20
6.799697713e-21
-4.349209765e-20
2.129001567e-20
-3.812939294e-20
3.128020052e-20
-3.268978386e-20
3.830303958e-20
-2.799070736e-20
4.338224314e-20
-2.412669137e-20
4.717618462e-20
-2.096710232e-20
5.010180694e-20
-1.834059461e-20
5.24219026e-20
-1.609587775e-20
5.430209675e-20
-1.41157024e-20
5.584693721e-20
-1.231470887e-20
5.712255066e-20
-1.063294522e-20
5.81708567e-20
-9.029283419e-21
5.901848076e-20
-7.475992374e-21
5.968232639e-20
-5.954629457e-21
6.017304274e-20
-4.453059649e-21
6.049716748e-20
-2.963337353e-21
6.065842791e-20
-1.480204816e-21
6.066377176e-20
-6.438455698e-32
5.31782046e-20
-9.081962477e-21
4.225087398e-20
-3.329492489e-20
2.362798402e-20
-5.420612606e-20
-2.516015246e-21
-6.080269043e-20
-2.624248714e-20
-5.953429108e-20
-3.596924204e-20
-5.339190788e-20
-2.855922466e-20
-5.207800057e-20
-4.7959463e-20
5.12845099e-09
-1.378907184e-10
3.097058855e-09
-8.690952464e-11
-1.670830671e-09
-3.629849689e-10
-9.663170577e-09
1.034819448e-08
-1.439560881e-08
5.087985996e-08
-7.02049028e-09
7.686230411e-08
-1.284922354e-09
3.323912123e-08
-1.411676908e-08
-3.344289529e-08
-4.240201585e-14
-2.225467457e-08
-4.646007067e-19
1.630362531e-20
-2.477412135e-19
-8.413786831e-20
-1.235611409e-19
-1.209068645e-19
-5.263743604e-20
-1.084291534e-19
-1.181922063e-20
-8.67767846e-20
1.216240242e-20
-6.746975744e-20
2.672962475e-20
-5.26926679e-20
3.597927702e-20
-4.193565803e-20
4.216705558e-20
-3.417441768e-20
4.654183219e-20
-2.849700908e-20
4.980269233e-20
-2.422333489e-20
5.23465238e-20
-2.087986367e-20
5.440207796e-20
-1.81470363e-20
5.610309028e-20
-1.58125017e-20
5.752870087e-20
-1.373631635e-20
5.872621246e-20
-1.1826736e-20
5.972414774e-20
-1.002386793e-20
6.053984368e-20
-8.288774475e-21
6.11838962e-20
-6.596244213e-21
6.166276504e-20
-4.929997337e-21
6.198030002e-20
-3.279493897e-21
6.213863273e-20
-1.637782481e-21
6.214111634e-20
-6.500563611e-32
5.449756519e-20
-9.457898012e-21
4.668389579e-20
-4.030493155e-20
3.522305811e-20
-5.611556454e-20
1.80577861e-20
-5.674067852e-20
5.639369384e-22
-5.511855873e-20
-1.018836724e-20
-5.5715244e-20
-1.237495443e-20
-6.296558295e-20
-6.687046207e-20
5.306636242e-09
7.357682214e-10
3.548589989e-09
1.671141691e-09
-1.584087556e-09
4.769697638e-09
-4.31371837e-09
1.307784135e-08
-2.01418017e-09
4.858034878e-08
8.14276242e-09
6.670539338e-08
2.025144961e-08
2.113047479e-08
4.913046071e-09
-1.810445098e-08
-7.15882927e-15
-1.734167883e-08
-6.758493159e-19
-6.585619861e-19
-2.845045278e-19
-4.754820997e-19
-1.110834297e-19
-2.943268601e-19
-3.098506728e-20
-1.885272242e-19
7.487806526e-21
-1.252478303e-19
2.693949196e-20
-8.691821103e-20
3.748663462e-20
-6.323626929e-20
4.374051736e-20
-4.81858212e-20
4.784446417e-20
-3.82742089e-20
5.081550638e-20
-3.146349795e-20
5.314616354e-20
-2.654928811e-20
5.507935117e-20
-2.280840928e-20
5.673661256e-20
-1.979980768e-20
5.817927563e-20
-1.725084559e-20
5.943828122e-20
-1.499120954e-20
6.052908054e-20
-1.291371083e-20
6.145924119e-20
-1.095058463e-20
6.223237394e-20
-9.058909358e-21
6.285014308e-20
-7.211496205e-21
6.331326848e-20
-5.391117253e-21
6.362201143e-20
-3.586800485e-21
6.377641521e-20
-1.791408771e-21
6.377893395e-20
-6.490095013e-32
5.597737479e-20
-9.675811476e-21
4.793576464e-20
-4.708593222e-20
3.895446208e-20
-6.050363229e-20
2.678976695e-20
-5.767837082e-20
1.38269253e-20
-5.523301355e-20
3.614295824e-21
-5.857746028e-20
-3.27834435e-21
-6.914633631e-20
-7.668445537e-20
7.227273036e-09
1.254950543e-09
5.704809193e-09
3.193602121e-09
1.621919157e-09
8.852587067e-09
2.912131256e-12
1.469686243e-08
3.284424041e-09
4.529885681e-08
1.075163254e-08
5.92382037e-08
2.761447002e-08
4.267673623e-09
1.734164126e-08
-7.831520005e-09
-5.972291967e-19
-2.079316824e-19
-3.252201861e-19
-9.305709939e-19
-1.0334847e-19
-6.973526769e-19
-5.283793739e-21
-3.923914759e-19
3.22943266e-20
-2.261056481e-19
4.581742577e-20
-1.387686454e-19
5.06214337e-20
-9.17189635e-20
5.253708272e-20
-6.514843456e-20
5.365212966e-20
-4.929704872e-20
5.465517513e-20
-3.927295624e-20
5.572971623e-20
-3.253337582e-20
5.688704236e-20
-2.770181974e-20
5.808795277e-20
-2.400457825e-20
5.928557465e-20
-2.099282646e-20
6.043891168e-20
-1.839974161e-20
6.151577992e-20
-1.606383772e-20
6.249220674e-20
-1.388618431e-20
6.335091647e-20
-1.180572971e-20
6.407978709e-20
-9.78467872e-21
6.467052203e-20
-7.799632354e-21
6.511758524e-20
-5.836117044e-21
6.541740315e-20
-3.885152032e-21
6.556782398e-20
-1.941056345e-21
6.55689528e-20
-6.332412245e-32
5.760337693e-20
-9.727644613e-21
4.813072139e-20
-5.243477573e-20
3.93926552e-20
-6.513401307e-20
2.970967061e-20
-6.109690124e-20
1.966284372e-20
-5.826263187e-20
1.036271867e-20
-6.235136492e-20
1.437150272e-21
-7.329337319e-20
-8.178256233e-20
9.944577942e-09
1.509799291e-09
8.03628895e-09
5.101885418e-09
4.294504457e-09
1.259437505e-08
-1.447709543e-09
2.043908999e-08
-3.563790455e-09
4.74149456e-08
3.044902609e-09
5.262951411e-08
8.727718312e-09
-1.415129899e-09
5.04323717e-10
3.91870132e-10
-9.748029999e-19
5.043237173e-10
1.005403637e-19
-2.010857743e-18
2.016127295e-19
-7.984215147e-19
1.61002034e-19
-3.517776214e-19
1.196313293e-19
-1.847330588e-19
9.286710766e-20
-1.120016931e-19
7.719196264e-20
-7.604057606e-20
6.838846855e-20
-5.634143667e-20
6.367622214e-20
-4.458085806e-20
6.139475556e-20
-3.698705931e-20
6.05612723e-20
-3.169513251e-20
6.058428385e-20
-2.771994746e-20
6.109970456e-20
-2.451514875e-20
6.18786595e-20
-2.176705595e-20
6.277481557e-20
-1.929133215e-20
6.369343333e-20
-1.697808581e-20
6.457266134e-20
-1.476131896e-20
6.537196745e-20
-1.260132826e-20
6.606483346e-20
-1.047431602e-20
6.663403734e-20
-8.366142719e-21
6.706855026e-20
-6.268513189e-21
6.736149883e-20
-4.176621812e-21
6.750888033e-20
-2.08768406e-21
6.750951851e-20
-5.882612789e-32
5.942949522e-20
-9.663817076e-21
4.850241577e-20
-5.632811513e-20
3.92780563e-20
-6.927706359e-20
3.060379336e-20
-6.552322097e-20
2.210298085e-20
-6.283736799e-20
1.344370183e-20
-6.676526195e-20
3.706845713e-21
-7.6628307e-20
-8.461057081e-20
1.298751374e-08
1.908041875e-09
1.004669762e-08
8.042699975e-09
4.425686073e-09
1.821539462e-08
-5.917262173e-09
3.078203771e-08
-1.128263735e-08
5.278032025e-08
-6.66020028e-09
4.800711864e-08
-7.691323441e-09
-3.839697696e-10
-4.321053572e-09
-2.978406067e-09
-1.530875087e-09
-2.285854782e-09
1.118865037e-18
-1.530875023e-09
6.482564567e-19
5.76178541e-20
3.280465966e-19
-3.156834224e-20
1.92362695e-19
-4.904759155e-20
1.288282247e-19
-4.846460675e-20
9.689110202e-20
-4.410034114e-20
8.014904716e-20
-3.959582764e-20
7.12700209e-20
-3.569774381e-20
6.668668235e-20
-3.239916034e-20
6.453645735e-20
-2.954005408e-20
6.378908256e-20
-2.696759434e-20
6.384779736e-20
-2.456889138e-20
6.43543833e-20
-2.226878297e-20
6.508806192e-20
-2.002032285e-20
6.591020018e-20
-1.779573883e-20
6.673265204e-20
-1.557955071e-20
6.74989797e-20
-1.336380734e-20
6.817300676e-20
-1.114497821e-20
6.873166687e-20
-8.922004889e-21
6.916044163e-20
-6.695115782e-21
6.945043659e-20
-4.465130397e-21
6.959656439e-20
-2.233076157e-21
6.96006311e-20
-5.901713507e-32
6.137641888e-20
-9.45597334e-21
4.954846756e-20
-5.931941065e-20
3.986543696e-20
-7.296041332e-20
3.142114339e-20
-7.017853337e-20
2.343046682e-20
-6.792131671e-20
1.491318362e-20
-7.132027728e-20
4.765723551e-21
-7.955179927e-20
-8.637927864e-20
1.594788018e-08
3.010982807e-09
1.094437535e-08
1.304621002e-08
1.609624926e-09
2.755014898e-08
-1.197332387e-08
4.436496102e-08
-1.951253699e-08
6.031952648e-08
-1.693819083e-08
4.543280277e-08
-1.857376153e-08
1.251560967e-09
-1.073295148e-08
-1.081918984e-08
-4.166799697e-09
-8.852006489e-09
-6.281491123e-18
-5.697674749e-09
5.586947804e-19
6.331561935e-19
3.105671729e-19
2.165599586e-19
1.929456798e-19
6.857552885e-20
1.331924903e-19
1.129104189e-20
1.013956155e-19
-1.230041497e-20
8.404713099e-20
-2.224371633e-20
7.456860437e-20
-2.621500626e-20
6.954578861e-20
-2.737167537e-20
6.71089171e-20
-2.709824457e-20
6.618778551e-20
-2.604138332e-20
6.614790577e-20
-2.452389658e-20
6.660284341e-20
-2.271870216e-20
6.731264594e-20
-2.072530019e-20
6.81263883e-20
-1.860488631e-20
6.894839541e-20
-1.639723222e-20
6.971780883e-20
-1.412925435e-20
7.039598008e-20
-1.181966432e-20
7.095855597e-20
-9.481686486e-21
7.139042702e-20
-7.124763257e-21
7.168249082e-20
-4.755700733e-21
7.182964054e-20
-2.379497977e-21
7.183071003e-20
-6.170993819e-32
6.350558109e-20
-9.146533967e-21
5.131810271e-20
-6.194998356e-20
4.142316266e-20
-7.643084913e-20
3.282395635e-20
-7.467794523e-20
2.465640865e-20
-7.28274645e-20
1.58265807e-20
-7.556187101e-20
5.304101852e-21
-8.209943088e-20
-8.760917946e-20
1.732209825e-08
6.182461251e-09
9.154611997e-09
2.121370126e-08
-2.947842315e-09
3.965259583e-08
-1.525329716e-08
5.667040985e-08
-1.826005179e-08
6.332629925e-08
-1.282072978e-08
3.999351343e-08
-1.30648429e-08
1.495702527e-09
-9.793651257e-09
-1.40903502e-08
-5.836702516e-09
-1.280896483e-08
1.266610507e-17
-1.153437724e-08
1.405839265e-19
3.071326142e-19
1.625821631e-19
1.94562642e-19
1.356611929e-19
9.549821681e-20
1.096010335e-19
3.735358867e-20
9.145231416e-20
5.851356887e-21
8.007584106e-20
-1.08635389e-20
7.341193526e-20
-1.954679298e-20
6.981921941e-20
-2.377419713e-20
6.816577835e-20
-2.543978542e-20
6.770527225e-20
-2.557568916e-20
6.79531002e-20
-2.476643976e-20
6.859624538e-20
-2.335662375e-20
6.943305983e-20
-2.155710194e-20
7.033404239e-20
-1.950112865e-20
7.121637327e-20
-1.727512078e-20
7.202739886e-20
-1.493620474e-20
7.273395791e-20
-1.252263584e-20
7.33154792e-20
-1.006023403e-20
7.375948954e-20
-7.566509055e-21
7.405869358e-20
-5.05340534e-21
7.420913852e-20
-2.529214554e-21
7.42129902e-20
-5.699014911e-32
6.579014559e-20
-8.742167411e-21
5.359756722e-20
-6.457430635e-20
4.36738575e-20
-7.987149835e-20
3.47441693e-20
-7.884590538e-20
2.602749608e-20
-7.718355075e-20
1.660259061e-20
-7.920750515e-20
5.648680589e-21
-8.421478206e-20
-8.849407411e-20
1.346874467e-08
1.39494791e-08
1.950473811e-09
3.273197135e-08
-9.967872935e-09
5.157091708e-08
-1.731000129e-08
6.401255735e-08
-1.52506526e-08
6.126700162e-08
-9.270913529e-09
3.401385769e-08
-8.244442437e-09
4.692367101e-10
-8.111227513e-09
-1.422358054e-08
-5.157751763e-09
-1.576242431e-08
1.906447554e-19
-1.669212769e-08
2.52160304e-20
3.025953936e-19
6.351841031e-20
1.562610668e-19
7.751656474e-20
8.150167404e-20
7.809880169e-20
3.677373796e-20
7.473741837e-20
9.215839499e-21
7.139258697e-20
-7.514940188e-21
6.918453112e-20
-1.733437255e-20
6.815363111e-20
-2.273846376e-20
6.802987461e-20
-2.531094467e-20
6.851452166e-20
-2.605505311e-20
6.93629162e-20
-2.560937929e-20
7.039576719e-20
-2.43840177e-20
7.148903312e-20
-2.264511219e-20
7.256005026e-20
-2.056719467e-20
7.355528931e-20
-1.826574684e-20
7.444096776e-20
-1.581766864e-20
7.519635972e-20
-1.327432856e-20
7.580920418e-20
-1.067002707e-20
7.627259326e-20
-8.027594695e-21
7.658288437e-20
-5.362186854e-21
7.673835307e-20
-2.683948763e-21
7.673919979e-20
-5.546793755e-32
6.818879456e-20
-8.206097665e-21
5.613957316e-20
-6.734086347e-20
4.621814377e-20
-8.331336798e-20
3.687621167e-20
-8.260064932e-20
2.746819572e-20
-8.084734321e-20
1.734331621e-20
-8.215224912e-20
5.926229685e-21
-8.586607009e-20
-8.910097087e-20
1.876418076e-09
2.50967208e-08
-1.088879021e-08
4.549718073e-08
-1.852631904e-08
5.92084356e-08
-1.894374805e-08
6.442999016e-08
-1.105061592e-08
5.337389608e-08
-1.845383623e-09
2.480865208e-08
-2.063783346e-09
6.876475236e-10
-1.840398864e-09
-1.44469317e-08
-3.746565957e-10
-1.722814539e-08
-3.715853277e-18
-1.70667772e-08
-1.244821087e-19
-1.711903169e-20
-1.124090242e-20
4.30206094e-20
3.278862865e-20
3.747372165e-20
5.054090323e-20
1.902386426e-20
5.800663869e-20
1.753236089e-21
6.157315462e-20
-1.107767457e-20
6.378043991e-20
-1.953730303e-20
6.55811502e-20
-2.453432153e-20
6.728576617e-20
-2.701045815e-20
6.896019548e-20
-2.772416783e-20
7.058827779e-20
-2.723191024e-20
7.21346727e-20
-2.592478193e-20
7.356695064e-20
-2.407191517e-20
7.486149809e-20
-2.185656646e-20
7.600336751e-20
-1.940279955e-20
7.698430784e-20
-1.679422315e-20
7.780066121e-20
-1.408685008e-20
7.845163655e-20
-1.131786143e-20
7.89380011e-20
-8.511606966e-21
7.926112246e-20
-5.683775731e-21
7.942230184e-20
-2.844379261e-21
7.942919114e-20
-5.318899242e-32
7.080385075e-20
-7.597338936e-21
5.880744697e-20
-7.01590774e-20
4.879121584e-20
-8.665936972e-20
3.897621235e-20
-8.588129405e-20
2.886067972e-20
-8.380267021e-20
1.804783292e-20
-8.440812667e-20
6.178198813e-21
-8.706392789e-20
-8.945544715e-20
-1.745443314e-08
3.5327388e-08
-2.444312446e-08
5.248586079e-08
-2.456896777e-08
5.933429586e-08
-1.78181279e-08
5.767915424e-08
-5.89513723e-09
4.145092785e-08
3.637704241e-09
1.527585084e-08
5.283310289e-09
-9.57926295e-10
3.299161805e-09
-1.246273863e-08
2.259484322e-09
-1.618842017e-08
-1.447049291e-18
-1.480727911e-08
-6.737266241e-20
-8.799751238e-20
-1.67877851e-20
-7.56352433e-21
1.433877126e-20
6.34875854e-21
3.327027505e-20
9.477393579e-23
4.517572803e-20
-1.01490815e-20
5.311352615e-20
-1.901172408e-20
5.878342142e-20
-2.520291823e-20
6.310501358e-20
-2.885110553e-20
6.657205649e-20
-3.047244993e-20
6.945245307e-20
-3.059930515e-20
7.18954061e-20
-2.966933474e-20
7.398753946e-20
-2.801124893e-20
7.578229934e-20
-2.586110297e-20
7.7315265e-20
-2.338421458e-20
7.861194391e-20
-2.069450193e-20
7.969168091e-20
-1.786942295e-20
8.056964987e-20
-1.496086326e-20
8.125789102e-20
-1.200287394e-20
8.176583233e-20
-9.017141763e-21
8.210051893e-20
-6.016895755e-21
8.22666811e-20
-3.009769613e-21
8.226476628e-20
-5.364124989e-32
7.354076239e-20
-6.882693927e-21
6.15075189e-20
-7.293923855e-20
5.125405526e-20
-8.976723566e-20
4.092758421e-20
-8.86495587e-20
3.014730809e-20
-8.609233055e-20
1.871058297e-20
-8.603922499e-20
6.420836664e-21
-8.784078168e-20
-8.956683492e-20
-3.194302343e-08
3.895132532e-08
-3.108579335e-08
5.16286126e-08
-2.39995913e-08
5.224811075e-08
-1.303565222e-08
4.67152396e-08
-2.593522631e-09
3.100880652e-08
5.212584321e-09
7.469772714e-09
8.074344196e-09
-3.819648685e-09
5.512765108e-09
-9.901116751e-09
2.599125147e-09
-1.327474067e-08
7.75663804e-20
-1.22081397e-08
1.059282255e-20
1.705298822e-20
-2.875502287e-21
5.90555277e-21
8.084786658e-21
-4.609921484e-21
2.302641961e-20
-1.484443215e-20
3.631308545e-20
-2.343260378e-20
4.6922332e-20
-2.961725106e-20
5.513523411e-20
-3.341161246e-20
6.148366919e-20
-3.519477173e-20
6.644520127e-20
-3.542897894e-20
7.038242349e-20
-3.453131624e-20
7.35534919e-20
-3.28349093e-20
7.613768542e-20
-3.05897871e-20
7.825918774e-20
-2.797700551e-20
8.000497764e-20
-2.512461548e-20
8.14370229e-20
-2.212147031e-20
8.260024059e-20
-1.902799929e-20
8.352763919e-20
-1.588421828e-20
8.424362319e-20
-1.271556554e-20
8.476607834e-20
-9.537146585e-21
8.510764507e-20
-6.356862691e-21
8.527645071e-20
-3.177779671e-21
8.527735807e-20
-4.937093735e-32
7.645815679e-20
-6.074601892e-21
6.424018939e-20
-7.55336609e-20
5.361594188e-20
-9.250324869e-20
4.274234533e-20
-9.08697195e-20
3.134478486e-20
-8.776377105e-20
1.934979422e-20
-8.71111499e-20
6.668671746e-21
-8.822535794e-20
-8.94299356e-20
-3.566815281e-08
3.489265054e-08
-2.766124697e-08
4.362170276e-08
-1.63721205e-08
4.095898313e-08
-4.057137135e-09
3.440027024e-08
6.892093825e-09
2.00595923e-08
1.16560639e-08
2.705829561e-09
1.041867263e-08
-2.582210869e-09
6.095976031e-09
-5.57836413e-09
2.898004493e-09
-1.007672585e-08
5.851171664e-19
-9.310118325e-09
-2.557906708e-21
9.001869239e-20
-1.339097623e-20
1.673938736e-20
-2.149724011e-21
-1.58495191e-20
1.443824799e-20
-3.142992238e-20
3.012843818e-20
-3.911956023e-20
4.31279706e-20
-4.261301474e-20
5.335207484e-20
-4.363145444e-20
6.124946198e-20
-4.308730464e-20
6.734286397e-20
-4.151726981e-20
7.207883043e-20
-3.926196102e-20
7.57986141e-20
-3.654911248e-20
7.875046701e-20
-3.353592211e-20
8.111157777e-20
-3.033245294e-20
8.300812281e-20
-2.701568957e-20
8.453049393e-20
-2.363867187e-20
8.574402159e-20
-2.023680274e-20
8.669629194e-20
-1.683238576e-20
8.742204214e-20
-1.343798676e-20
8.794636223e-20
-1.005899186e-20
8.828672809e-20
-6.695607527e-21
8.845423038e-20
-3.344472153e-21
8.845704035e-20
-4.108594236e-32
7.952352117e-20
-5.150707856e-21
6.704171986e-20
-7.78631196e-20
5.593831137e-20
-9.475916669e-20
4.448965016e-20
-9.251388936e-20
3.2508578e-20
-8.885078829e-20
1.999945705e-20
-8.766804342e-20
6.937870029e-21
-8.822856878e-20
-8.90233881e-20
-2.934080648e-08
2.614294679e-08
-1.814786164e-08
3.242877188e-08
-7.127088664e-09
2.993821544e-08
1.783220336e-09
2.548997714e-08
8.337008268e-09
1.350582661e-08
9.374027536e-09
1.668845943e-09
4.552320204e-09
2.239561008e-09
2.00891931e-09
-3.034909751e-09
2.044898331e-09
-1.011265838e-08
1.590045348e-18
-7.26519289e-09
-7.732961533e-20
4.858070503e-20
-4.597988313e-20
-1.460954014e-20
-1.77301273e-20
-4.409750348e-20
6.74861014e-21
-5.590607687e-20
2.663498367e-20
-5.90024644e-20
4.21095309e-20
-5.808364438e-20
5.389622464e-20
-5.541362765e-20
6.281949681e-20
-5.20055977e-20
6.959817276e-20
-4.829074199e-20
7.479167897e-20
-4.445002379e-20
7.881180447e-20
-4.056354753e-20
8.195393618e-20
-3.667225604e-20
8.442834113e-20
-3.280111949e-20
8.638514052e-20
-2.896692802e-20
8.793236305e-20
-2.518063039e-20
8.914843858e-20
-2.144807924e-20
9.009069093e-20
-1.77704931e-20
9.080103704e-20
-1.414498849e-20
9.130974657e-20
-1.056522192e-20
9.163786347e-20
-7.022099157e-21
9.179870254e-20
-3.504502371e-21
9.180050438e-20
-3.590513961e-32
8.280309655e-20
-4.165778742e-21
6.996582362e-20
-7.983607344e-20
5.830755809e-20
-9.645930589e-20
4.62551149e-20
-9.355337159e-20
3.370238131e-20
-8.936525325e-20
2.069577589e-20
-8.772656392e-20
7.243563663e-21
-8.784026243e-20
-8.831070636e-20
-2.066362604e-08
1.714156722e-08
-1.062587879e-08
2.239104866e-08
-2.666538304e-09
2.197888005e-08
3.153642386e-09
1.966981429e-08
5.584000449e-09
1.107550544e-08
1.184194255e-09
6.068699045e-09
-6.290495987e-09
9.714300656e-09
-5.950263348e-09
-3.375078828e-09
-2.175918986e-09
-1.388693264e-08
3.10424255e-18
-9.44107737e-09
-1.415424669e-19
-7.658434078e-20
-7.546785139e-20
-8.068326692e-20
-2.953870068e-20
-9.002472889e-20
3.652222607e-21
-8.909433656e-20
2.755380368e-20
-8.290028397e-20
4.477954763e-20
-7.530553349e-20
5.730425459e-20
-6.793371172e-20
6.653435251e-20
-6.123066661e-20
7.343889096e-20
-5.519007578e-20
7.867815524e-20
-4.968382814e-20
8.270309595e-20
-4.458277447e-20
8.582507273e-20
-3.978841146e-20
8.82625326e-20
-3.523279728e-20
9.017143815e-20
-3.087019953e-20
9.16649142e-20
-2.666875916e-20
9.282602472e-20
-2.260432685e-20
9.371619554e-20
-1.865648965e-20
9.438080361e-20
-1.480625131e-20
9.485286933e-20
-1.103481906e-20
9.515546025e-20
-7.323076382e-21
9.530320491e-20
-3.651452611e-21
9.530775018e-20
-2.85847153e-32
8.623761971e-20
-3.107234977e-21
7.302071458e-20
-8.142843503e-20
6.076693461e-20
-9.756305549e-20
4.809657569e-20
-9.397407264e-20
3.497324767e-20
-8.930826134e-20
2.146552854e-20
-8.728310296e-20
7.596316674e-21
-8.703408265e-20
-8.724484563e-20
-1.589617156e-08
1.04860966e-08
-8.498504919e-09
1.49933949e-08
-2.573496133e-09
1.605386849e-08
1.958714017e-09
1.513761822e-08
7.490883866e-10
1.228516084e-08
-8.628496334e-09
1.544631564e-08
-1.512618759e-08
1.621204437e-08
-1.164132642e-08
-6.859848282e-09
-6.199777032e-09
-1.932839924e-08
2.195157098e-18
-1.564081438e-08
-1.472795797e-19
-3.804801546e-20
-8.48093183e-20
-1.43152567e-19
-2.860830836e-20
-1.46223653e-19
9.846275195e-21
-1.275464447e-19
3.514855417e-20
-1.081989182e-19
5.215136939e-20
-9.230451723e-20
6.400729971e-20
-7.978509791e-20
7.257494334e-20
-6.979327751e-20
7.894513859e-20
-6.155495951e-20
8.377920891e-20
-5.451231258e-20
8.749745897e-20
-4.829522526e-20
9.038068692e-20
-4.266576518e-20
9.262513035e-20
-3.747140368e-20
9.437287852e-20
-3.261224212e-20
9.572934651e-20
-2.801980649e-20
9.677386192e-20
-2.36439277e-20
9.756643388e-20
-1.944486845e-20
9.815223586e-20
-1.538871548e-20
9.856461202e-20
-1.144474592e-20
9.882708402e-20
-7.583955956e-21
9.895465752e-20
-3.778252293e-21
9.895561668e-20
-1.95495291e-32
8.983118518e-20
-1.991474561e-21
7.620550686e-20
-8.261114056e-20
6.33449889e-20
-9.805925055e-20
5.004982595e-20
-9.376915916e-20
3.634876765e-20
-8.867270726e-20
2.232306458e-20
-8.632080503e-20
8.000896503e-21
-8.577408679e-20
-8.57739853e-20
-1.327480566e-08
6.389629233e-09
-8.310221129e-09
1.002880555e-08
-3.7392411e-09
1.148288486e-08
-2.873474374e-10
1.168573585e-08
-4.349792879e-10
1.243281294e-08
-4.416656362e-09
1.942802203e-08
-3.88583573e-09
1.568128875e-08
-1.6497063e-09
-9.095888908e-09
-2.157001289e-09
-1.882105036e-08
2.773493632e-18
-1.779775726e-08
-2.5585056e-19
-4.061113314e-19
-8.788040355e-20
-3.111217769e-19
-9.931099982e-21
-2.241709979e-19
2.919380162e-20
-1.666685387e-19
5.104295517e-20
-1.300446142e-19
6.467078872e-20
-1.059281197e-19
7.399912011e-20
-8.910864838e-20
8.081326134e-20
-7.660231048e-20
8.598778552e-20
-6.672408774e-20
8.999629623e-20
-5.851514276e-20
9.312691905e-20
-5.14199733e-20
9.557504842e-20
-4.51079552e-20
9.748429191e-20
-3.937473793e-20
9.896531415e-20
-3.40874811e-20
1.001052253e-19
-2.915423054e-20
1.009729212e-19
-2.450666857e-20
1.016225868e-19
-2.009032916e-20
1.020962054e-19
-1.585900497e-20
1.02425402e-19
-1.177151158e-20
1.026327877e-19
-7.789770352e-21
1.027329098e-19
-3.87761769e-21
1.027374864e-19
-8.742250793e-33
9.354075334e-20
-8.047643538e-22
7.951700931e-20
-8.339497866e-20
6.604576674e-20
-9.794395125e-20
5.212446207e-20
-9.293732766e-20
3.783551075e-20
-8.744846321e-20
2.326926413e-20
-8.481713151e-20
8.455792286e-21
-8.402194206e-20
-8.384780804e-20
-1.062553702e-08
3.976847466e-09
-7.265973145e-09
6.669234298e-09
-3.622099733e-09
7.839014444e-09
-4.718511742e-10
8.535495392e-09
3.642719618e-09
8.318254437e-09
5.710609947e-09
1.736016921e-08
1.107073287e-08
1.032122505e-08
1.365071579e-08
-1.167582055e-08
8.314396441e-09
-1.348470886e-08
-1.082436642e-17
-9.483368402e-09
-1.645393953e-19
-1.062150942e-18
-9.294736385e-22
-4.747309501e-19
4.75713592e-20
-2.726695609e-19
6.581772619e-20
-1.849110191e-19
7.515944958e-20
-1.393825549e-19
8.149026009e-20
-1.12254628e-19
8.6505458e-20
-9.411905575e-20
9.069148408e-20
-8.078319241e-20
9.41967305e-20
-7.022386659e-20
9.709146569e-20
-6.140413053e-20
9.943893715e-20
-5.376150664e-20
1.013082657e-19
-4.697126274e-20
1.027715487e-19
-4.083201179e-20
1.038985647e-19
-3.520861806e-20
1.047527873e-19
-3.000289588e-20
1.053892606e-19
-2.51381481e-20
1.05853911e-19
-2.055075973e-20
1.061836988e-19
-1.618546169e-20
1.064071432e-19
-1.199252926e-20
1.065449403e-19
-7.926003656e-21
1.066105275e-19
-3.942451313e-21
1.066136548e-19
5.56927876e-33
9.741712298e-20
3.804080365e-22
8.295266498e-20
-8.373735955e-20
6.88662225e-20
-9.721277825e-20
5.431175511e-20
-9.147161686e-20
3.942166168e-20
-8.562233459e-20
2.429242643e-20
-8.274968825e-20
8.95349854e-21
-8.174353302e-20
-8.14235186e-20
-8.462659733e-09
2.666910015e-09
-6.856202188e-09
5.062778882e-09
-5.119868016e-09
6.102691552e-09
-2.114309457e-09
5.529942989e-09
3.338677601e-09
2.865279231e-09
8.085425906e-09
1.261346482e-08
1.193136588e-08
6.475328157e-09
1.005664603e-08
-9.801010572e-09
6.135625616e-09
-9.563663408e-09
-1.946637025e-17
-3.347742773e-09
4.20565742e-19
-1.343194774e-19
2.011330106e-19
-2.552967445e-19
1.35329901e-19
-2.068643455e-19
1.113461904e-19
-1.609242781e-19
1.022873765e-19
-1.303199566e-19
9.962583231e-20
-1.095886746e-19
9.984132134e-20
-9.432967115e-20
1.012508099e-19
-8.218742445e-20
1.030164666e-19
-7.198395126e-20
1.047340896e-19
-6.311594184e-20
1.06229181e-19
-5.525059702e-20
1.074475166e-19
-4.818347831e-20
1.083949425e-19
-4.177330414e-20
1.091042869e-19
-3.59119707e-20
1.09617535e-19
-3.051050877e-20
1.09976649e-19
-2.549222184e-20
1.102192091e-19
-2.0789069e-20
1.103766312e-19
-1.633952507e-20
1.104736688e-19
-1.208711372e-20
1.105284927e-19
-7.979241663e-21
1.105529788e-19
-3.96616289e-21
1.105559976e-19
1.454687015e-32
1.013413632e-19
1.585233469e-21
8.644896468e-20
-8.365115441e-20
7.175003351e-20
-9.586853389e-20
5.656882293e-20
-8.937854957e-20
4.107428167e-20
-8.319107706e-20
2.536852627e-20
-8.010499686e-20
9.480959285e-21
-7.891571932e-20
-7.84713945e-20
-6.231189584e-09
1.737873755e-09
-4.559028151e-09
3.390629529e-09
-2.069296428e-09
3.612980109e-09
1.474132766e-09
1.986531815e-09
1.568018502e-09
2.771415618e-09
2.850910036e-10
1.38963902e-08
-2.09385579e-09
8.854224085e-09
-7.276061008e-09
-4.618825712e-09
-3.069247773e-09
-1.377047697e-08
-1.480552449e-19
-6.416990522e-09
2.987958626e-19
-5.811727577e-19
2.495641699e-19
-2.060659186e-19
1.812699684e-19
-1.385680564e-19
1.419505119e-19
-1.216018798e-19
1.230186584e-19
-1.113843205e-19
1.148848358e-19
-1.014504437e-19
1.11983568e-19
-9.142349028e-20
1.114542831e-19
-8.16527997e-20
1.11884476e-19
-7.2408513e-20
1.125994344e-19
-6.382507245e-20
1.132962998e-19
-5.594143613e-20
1.138576908e-19
-4.873867769e-20
1.142562759e-19
-4.216565557e-20
1.145057488e-19
-3.615536339e-20
1.14635822e-19
-3.06348885e-20
1.146798018e-19
-2.553112142e-20
1.14668753e-19
-2.077372536e-20
1.146290426e-19
-1.629639749e-20
1.145815409e-19
-1.203709212e-20
1.145415715e-19
-7.937623528e-21
1.145191417e-19
-3.942906608e-21
1.145231558e-19
2.218985927e-32
1.053171291e-19
2.78258383e-21
8.996242761e-20
-8.310210778e-20
7.465096239e-20
-9.391118838e-20
5.884858002e-20
-8.666375091e-20
4.275228737e-20
-8.015743973e-20
2.646723825e-20
-7.688033267e-20
1.002199743e-20
-7.552951042e-20
-7.497789347e-20
-5.945129754e-09
1.934000714e-09
-7.679408789e-09
5.124926242e-09
-1.235668964e-08
8.290296279e-09
-2.354319472e-08
1.317308865e-08
-3.943322581e-08
1.866147023e-08
-3.980286015e-08
1.42659934e-08
-2.318695571e-08
-7.761689652e-09
-1.56496734e-08
-1.215613898e-08
-5.866869424e-09
-2.355326977e-08
4.43446717e-17
-1.228386002e-08
6.723194016e-19
7.045508597e-19
3.170612724e-19
1.491937503e-19
1.98236145e-19
-1.97408902e-20
1.521680713e-19
-7.55308918e-20
1.329525352e-19
-9.216503815e-20
1.249117892e-19
-9.340530585e-20
1.217542586e-19
-8.826102986e-20
1.206985698e-19
-8.059174155e-20
1.204679165e-19
-7.217223478e-20
1.204830707e-19
-6.383443387e-20
1.204990582e-19
-5.595141859e-20
1.204307129e-19
-4.86641262e-20
1.202665681e-19
-4.199524732e-20
1.200262237e-19
-3.590892487e-20
1.197395891e-19
-3.034256649e-20
1.194371979e-19
-2.522365104e-20
1.191460809e-19
-2.047828131e-20
1.18888348e-19
-1.603517389e-20
1.186810095e-19
-1.182713397e-20
1.185362884e-19
-7.791152487e-21
1.184620483e-19
-3.867760243e-21
1.18467153e-19
3.704797808e-32
1.092855011e-19
3.955417526e-21
9.344044416e-20
-8.206216516e-20
7.751099279e-20
-9.133537867e-20
6.10962805e-20
-8.333611606e-20
4.44097933e-20
-7.65330387e-20
2.755539336e-20
-7.308569315e-20
1.055916619e-20
-7.159164753e-20
-7.094691805e-20
-2.655927754e-09
1.851227519e-09
-2.963252526e-09
5.432274668e-09
-4.210714631e-09
9.537793375e-09
-7.4043178e-09
1.636673327e-08
-1.545786089e-08
2.671501004e-08
-2.075422556e-08
1.956234341e-08
-2.071064326e-08
-7.805346495e-09
-5.146698134e-09
-2.77201254e-08
-3.900732871e-09
-2.479926255e-08
-4.049264424e-19
-1.618460387e-08
1.138574657e-19
3.925071406e-19
1.481274343e-19
1.149247473e-19
1.424461434e-19
-1.405764977e-20
1.355339249e-19
-6.861576817e-20
1.317122675e-19
-8.833967121e-20
1.300560652e-19
-9.174471321e-20
1.294235469e-19
-8.762357368e-20
1.291180765e-19
-8.028089189e-20
1.288057174e-19
-7.185426569e-20
1.28366086e-19
-6.338902745e-20
1.277863506e-19
-5.53656824e-20
1.270995918e-19
-4.797115984e-20
1.263528905e-19
-4.124230216e-20
1.255925821e-19
-3.514258062e-20
1.248585045e-19
-2.960288366e-20
1.241825676e-19
-2.454269891e-20
1.235891883e-19
-1.988058194e-20
1.230963879e-19
-1.5538822e-20
1.227169909e-19
-1.144500865e-20
1.224596806e-19
-7.531971875e-21
1.223298086e-19
-3.736890647e-21
1.223317408e-19
5.085581557e-32
1.131886193e-19
5.089350541e-21
9.682853538e-20
-8.050669497e-20
8.027262373e-20
-8.813269956e-20
6.325818881e-20
-7.940829483e-20
4.600203196e-20
-7.233846054e-20
2.86008531e-20
-6.874371879e-20
1.107565436e-20
-6.712421863e-20
-6.639918813e-20
1.515530921e-09
1.551499615e-09
2.200578315e-09
4.747271507e-09
3.524789227e-09
8.213612254e-09
7.474595959e-09
1.241693201e-08
1.390418789e-08
2.028537239e-08
1.604751171e-08
1.741897131e-08
1.143140248e-08
-3.189294745e-09
8.138740727e-09
-2.442749479e-08
2.242999192e-09
-1.890356417e-08
-6.253323717e-18
-1.394159103e-08
-1.666594858e-19
-1.353915358e-19
1.914507832e-20
-7.087895767e-20
8.788802498e-20
-8.279862927e-20
1.158100219e-19
-9.653486267e-20
1.283072255e-19
-1.0083314e-19
1.341772047e-19
-9.761023886e-20
1.367662287e-19
-9.020760929e-20
1.375447028e-19
-8.105392407e-20
1.372709557e-19
-7.157485245e-20
1.363894311e-19
-6.250166567e-20
1.351808732e-19
-5.415105677e-20
1.338284495e-19
-4.661248084e-20
1.324526121e-19
-3.986022424e-20
1.31132279e-19
-3.381628056e-20
1.299186893e-19
-2.838380017e-20
1.288446846e-19
-2.346378209e-20
1.279309482e-19
-1.896257111e-20
1.271902012e-19
-1.479449206e-20
1.266300277e-19
-1.088201448e-20
1.262547619e-19
-7.154723239e-21
1.260666992e-19
-3.547751245e-21
1.260672884e-19
5.326905599e-32
1.17008223e-19
6.143353964e-21
1.000747702e-19
-7.837741232e-20
8.288620208e-20
-8.429700631e-20
6.528707622e-20
-7.489539038e-20
4.748938068e-20
-6.760188773e-20
2.957527939e-20
-6.38883029e-20
1.155668983e-20
-6.216284991e-20
-6.137017506e-20
4.747065339e-09
1.157568805e-09
5.84277914e-09
3.651584345e-09
7.832784536e-09
6.223637586e-09
1.145472956e-08
8.794973173e-09
1.971367698e-08
1.202638874e-08
2.531738448e-08
1.181522853e-08
2.268085179e-08
-5.527570486e-10
1.14908882e-08
-1.323752989e-08
4.035113611e-09
-1.144779017e-08
3.105160539e-19
-9.906457766e-09
-1.046270205e-19
-2.785564801e-19
7.225327004e-21
-1.827304319e-19
7.415179158e-20
-1.497231154e-19
1.115117446e-19
-1.338918801e-19
1.315301266e-19
-1.208476584e-19
1.415798343e-19
-1.076553507e-19
1.459199139e-19
-9.454256361e-20
1.470237744e-19
-8.215221712e-20
1.463441424e-19
-7.088943181e-20
1.4474004e-19
-6.089160182e-20
1.427194491e-19
-5.212427929e-20
1.405807061e-19
-4.446738669e-20
1.384965558e-19
-3.776978668e-20
1.365647594e-19
-3.187853696e-20
1.348387073e-19
-2.665232849e-20
1.333458955e-19
-2.196614476e-20
1.320990273e-19
-1.771147972e-20
1.311026788e-19
-1.379455032e-20
1.30357319e-19
-1.013376871e-20
1.298617338e-19
-6.657070756e-21
1.296144504e-19
-3.299341603e-21
1.296158933e-19
6.434197714e-32
1.206085291e-19
7.143220274e-21
1.031027518e-19
-7.567544925e-20
8.528862257e-20
-7.983533187e-20
6.713599655e-20
-6.982855983e-20
4.883733507e-20
-6.236393428e-20
3.045516262e-20
-5.856436611e-20
1.199021067e-20
-5.675464178e-20
-5.590742474e-20
7.211226273e-09
7.408478237e-10
8.469366654e-09
2.39344883e-09
1.043309009e-08
4.259940002e-09
1.3018396e-08
6.20969583e-09
1.767781349e-08
7.366999578e-09
2.195814816e-08
7.53490956e-09
1.831091252e-08
3.094509499e-09
1.016668353e-08
-5.093308565e-09
4.610233332e-09
-5.891325936e-09
2.645129935e-18
-5.296225961e-09
-1.04148386e-20
-2.754879536e-19
4.023264772e-20
-2.333769772e-19
8.998302693e-20
-1.994715097e-19
1.245559662e-19
-1.684618978e-19
1.447224344e-19
-1.410101405e-19
1.546926214e-19
-1.176208934e-19
1.583102604e-19
-9.815490009e-20
1.582865597e-19
-8.21227535e-20
1.563419724e-19
-6.893891084e-20
1.535073625e-19
-5.805094913e-20
1.503763417e-19
-4.898703166e-20
1.472783061e-19
-4.136297124e-20
1.443878055e-19
-3.487297445e-20
1.417909679e-19
-2.927574578e-20
1.395248911e-19
-2.438085283e-20
1.376005606e-19
-2.003702397e-20
1.360159567e-19
-1.61226754e-20
1.347634604e-19
-1.253844992e-20
1.338340169e-19
-9.201395271e-21
1.33219463e-19
-6.040397768e-21
1.32913792e-19
-2.992527271e-21
1.329179983e-19
7.352229075e-32
1.24003787e-19
8.049622009e-21
1.058834964e-19
-7.235855419e-20
8.745526189e-20
-7.475930587e-20
6.877952121e-20
-6.42383239e-20
5.002362401e-20
-5.666839471e-20
3.122434505e-20
-5.28229321e-20
1.236771779e-20
-5.095434445e-20
-5.006698784e-20
8.810592051e-09
2.740025157e-10
1.034832739e-08
8.557256234e-10
1.290503547e-08
1.703259953e-09
1.629094057e-08
2.823854638e-09
1.947124452e-08
4.18675594e-09
2.053640521e-08
6.469773299e-09
1.677692668e-08
6.853952798e-09
9.665889922e-09
2.0176599e-09
4.254537419e-09
-4.799623432e-10
2.909617834e-18
-1.041684472e-09
3.090081493e-20
-2.277086645e-19
7.413811893e-20
-2.766132872e-19
1.209926389e-19
-2.463240106e-19
1.520077234e-19
-1.994742238e-19
1.681116815e-19
-1.571101148e-19
1.741586147e-19
-1.236632281e-19
1.74342407e-19
-9.833333383e-20
1.714704023e-19
-7.924484669e-20
1.672299341e-19
-6.469237097e-20
1.6257128e-19
-5.33861982e-20
1.580004021e-19
-4.440996446e-20
1.537683029e-19
-3.712456551e-20
1.499850342e-19
-3.108344986e-20
1.466858608e-19
-2.597064174e-20
1.438687199e-19
-2.155831494e-20
1.415149091e-19
-1.767841653e-20
1.396001822e-19
-1.420373479e-20
1.381005151e-19
-1.103515443e-20
1.369950144e-19
-8.092931921e-21
1.362673335e-19
-5.310572621e-21
1.359063193e-19
-2.630374289e-21
1.359090834e-19
7.954779374e-32
1.270982104e-19
8.849690822e-21
1.083746299e-19
-6.843813426e-20
8.935193545e-20
-6.908847206e-20
7.019376373e-20
-5.816535657e-20
5.103139373e-20
-5.056605196e-20
3.187152575e-20
-4.672055348e-20
1.268340953e-20
-4.482218982e-20
-4.39107045e-20
9.592397864e-09
-2.341770837e-10
1.112813794e-08
-6.799931104e-10
1.390498043e-08
-1.073530049e-09
1.810482374e-08
-1.375913983e-09
2.173550349e-08
5.56112982e-10
2.235240268e-08
5.852809578e-09
1.863180693e-08
1.057443645e-08
9.498614095e-09
1.115081547e-08
3.419135398e-11
8.984470679e-09
-1.403857952e-18
-1.007433915e-09
-1.798314297e-20
-3.95112252e-19
1.044273723e-19
-3.990228988e-19
1.678424257e-19
-3.097370763e-19
1.943718324e-19
-2.260009107e-19
2.015585683e-19
-1.64293354e-19
1.994885089e-19
-1.215885727e-19
1.934308942e-19
-9.227007424e-20
1.860228781e-19
-7.183062681e-20
1.785361069e-19
-5.719930902e-20
1.715475137e-19
-4.639142772e-20
1.652858011e-19
-3.814212673e-20
1.598094185e-19
-3.164202354e-20
1.550978423e-19
-2.63657643e-20
1.510981876e-19
-2.196515111e-20
1.477486183e-19
-1.820338496e-20
1.449895909e-19
-1.491458887e-20
1.427687625e-19
-1.197867032e-20
1.410427376e-19
-9.305473749e-21
1.397773737e-19
-6.824583451e-21
1.389475318e-19
-4.47858098e-21
1.385366936e-19
-2.218410784e-21
1.385411721e-19
8.336977834e-32
1.298756391e-19
9.507894506e-21
1.105340063e-19
-6.389937292e-20
9.095471195e-20
-6.286078166e-20
7.13622664e-20
-5.165784161e-20
5.184925803e-20
-4.41127763e-20
3.238944654e-20
-4.031792145e-20
1.293367526e-20
-3.842206289e-20
-3.750402113e-20
9.104595902e-09
-8.219770492e-10
1.116803488e-08
-2.743387251e-09
1.547196676e-08
-5.377376424e-09
2.198201165e-08
-7.885908658e-09
2.812586291e-08
-5.587754511e-09
2.920290154e-08
4.775694937e-09
2.2335069e-08
1.74421386e-08
1.778175419e-08
1.570417746e-08
4.326491243e-09
2.243977636e-08
-2.016627807e-17
3.319182817e-09
-2.230251987e-20
-1.041771137e-18
1.937131999e-19
-6.150379541e-19
2.515785913e-19
-3.676009735e-19
2.560793891e-19
-2.30498411e-19
2.442633496e-19
-1.524741147e-19
2.288070074e-19
-1.06127912e-19
2.138703416e-19
-7.732778424e-20
2.006541959e-19
-5.860816258e-20
1.893439882e-19
-4.588266296e-20
1.797968147e-19
-3.683798664e-20
1.717859043e-19
-3.012511918e-20
1.650856777e-19
-2.493577269e-20
1.594984555e-19
-2.077260839e-20
1.548599538e-19
-1.73209623e-20
1.510374144e-19
-1.437557524e-20
1.479255094e-19
-1.179792001e-20
1.454419591e-19
-9.490888028e-21
1.435236279e-19
-7.383480867e-21
1.421233762e-19
-5.421346935e-21
1.41207702e-19
-3.560770447e-21
1.407551044e-19
-1.764705333e-21
1.407580161e-19
8.654822416e-32
1.322011399e-19
1.005497941e-20
1.123037651e-19
-5.880461462e-20
9.222694101e-20
-5.613536612e-20
7.226671145e-20
-4.478230885e-20
5.24682738e-20
-3.737381336e-20
3.277354375e-20
-3.36801014e-20
1.311649057e-20
-3.182038183e-20
-3.091440665e-20
7.209526091e-09
-1.091643489e-09
8.269850688e-09
-3.803651842e-09
1.028846636e-08
-7.395923419e-09
1.148366996e-08
-9.081122998e-09
1.058996336e-08
-4.694118208e-09
5.066478273e-09
1.029917813e-08
1.3286628e-09
2.117985832e-08
1.226264363e-08
4.770410246e-09
1.001165454e-08
2.46908986e-08
-4.333658083e-17
1.333078029e-08
4.049213475e-19
-1.630264496e-18
4.411508598e-19
-6.512667151e-19
3.886811538e-19
-3.151296303e-19
3.341036854e-19
-1.759183754e-19
2.906095523e-19
-1.089769166e-19
2.576071352e-19
-7.312101144e-20
2.325899633e-19
-5.230485261e-20
2.133796955e-19
-3.939147131e-20
1.983886645e-19
-3.088505247e-20
1.865096821e-19
-2.495257901e-20
1.769752507e-19
-2.058449342e-20
1.69248842e-19
-1.720334791e-20
1.629501016e-19
-1.446802697e-20
1.578053409e-19
-1.217063558e-20
1.536150696e-19
-1.018013689e-20
1.502325414e-19
-8.410696665e-21
1.475493663e-19
-6.803522405e-21
1.454857618e-19
-5.316244513e-21
1.439839527e-19
-3.916583521e-21
1.430037671e-19
-2.57848259e-21
1.425198097e-19
-1.279663866e-21
1.425232195e-19
9.137495649e-32
1.34115238e-19
1.045283856e-20
1.136827068e-19
-5.317452826e-20
9.317128022e-20
-4.897512992e-20
7.290694215e-20
-3.760243479e-20
5.2887462e-20
-3.041358115e-20
3.302318146e-20
-2.687251164e-20
1.323157566e-20
-2.508392917e-20
-2.420962035e-20
2.530350621e-09
-7.01331881e-10
1.434830292e-09
-2.708079776e-09
-2.115793238e-09
-3.845303621e-09
-6.804060718e-09
-4.392907628e-09
-1.022289877e-08
-1.275362671e-09
-1.292865511e-08
1.3004879e-08
-1.078200288e-08
1.903324993e-08
-1.901236934e-08
1.300075422e-08
-5.663198228e-09
1.13417192e-08
7.103035802e-17
7.667582111e-09
1.386953462e-18
3.031126858e-19
7.772869857e-19
-4.159874429e-20
5.278924087e-19
-6.573243518e-20
4.010451442e-19
-4.906920381e-20
3.264654574e-19
-3.439422497e-20
2.78423294e-19
-2.507414161e-20
2.455033446e-19
-1.937910924e-20
2.218861143e-19
-1.576789347e-20
2.04321138e-19
-1.331349631e-20
1.908777677e-19
-1.150266352e-20
1.803563962e-19
-1.005676574e-20
1.71984163e-19
-8.824985699e-21
1.65247493e-19
-7.725487251e-21
1.597958395e-19
-6.713452605e-21
1.553845099e-19
-5.763705e-21
1.518397157e-19
-4.861274991e-21
1.490366442e-19
-3.996322779e-21
1.468854228e-19
-3.161450546e-21
1.453220536e-19
-2.350318484e-21
1.443025859e-19
-1.556964749e-21
1.437994736e-19
-7.754996883e-22
1.438020408e-19
8.458600537e-32
1.355518691e-19
1.069649336e-20
1.146489895e-19
-4.707391526e-20
9.377589959e-20
-4.145306851e-20
7.32787258e-20
-3.018955324e-20
5.310612827e-20
-2.330004019e-20
3.31388345e-20
-1.996172204e-20
1.327942155e-20
-1.827948744e-20
-1.745692324e-20
2.564665155e-09
-5.162813313e-10
6.037168991e-10
-7.471294371e-10
-6.37380161e-09
3.132173374e-09
-1.859017069e-08
7.82343261e-09
-2.776846415e-08
7.902674794e-09
-2.137344067e-08
6.609922453e-09
-1.628112482e-08
1.394093507e-08
-1.508580271e-08
1.180543111e-08
-7.667582088e-09
3.9234988e-09
-2.811201485e-16
-2.631816352e-16
1.044021016e-18
3.298986309e-19
7.531522149e-19
2.492709563e-19
5.445556401e-19
1.428659027e-19
4.15720123e-19
7.976776573e-20
3.357855408e-19
4.554349021e-20
2.841183264e-19
2.659788168e-20
2.491145603e-19
1.563020263e-20
2.243405115e-19
9.012095029e-21
2.061319708e-19
4.901316311e-21
1.923236655e-19
2.312073784e-21
1.815881763e-19
6.851101061e-22
1.730836614e-19
-3.142666095e-22
1.662595276e-19
-8.954343772e-22
1.607455871e-19
-1.193981187e-21
1.562869399e-19
-1.299993029e-21
1.527046679e-19
-1.274436075e-21
1.498715164e-19
-1.159115956e-21
1.476965549e-19
-9.82995275e-22
1.461154073e-19
-7.663531469e-22
1.450840509e-19
-5.236230976e-22
1.445749733e-19
-2.654089268e-22
1.445779362e-19
7.983164217e-32
1.364796731e-19
1.078673848e-20
1.151877465e-19
-4.058412859e-20
9.403437022e-20
-3.365051961e-20
7.338076151e-20
-2.262005468e-20
5.312543384e-20
-1.610359512e-20
3.312233143e-20
-1.301495637e-20
1.326129151e-20
-1.147326022e-20
-1.07222958e-20
1.991542948e-09
-1.576099054e-10
1.08592667e-09
1.584083601e-10
-5.615964967e-10
4.779673504e-09
-6.297231456e-09
1.355887788e-08
-1.088896926e-08
1.249422466e-08
-1.024355714e-08
5.964528536e-09
-9.323902233e-09
1.30212794e-08
-3.923498454e-09
6.405027687e-09
-3.224669104e-18
1.30296379e-18
1.793133784e-18
2.875895905e-18
9.634064864e-19
1.159625928e-18
6.467485269e-19
5.65930699e-19
4.814575031e-19
3.081578009e-19
3.814958475e-19
1.797312165e-19
3.168399323e-19
1.10203037e-19
2.731506473e-19
7.029207323e-20
2.424964527e-19
4.62896018e-20
2.202297328e-19
3.128421722e-20
2.035427282e-19
2.159410438e-20
1.906967018e-19
1.516420938e-20
1.805887996e-19
1.079923829e-20
1.725024937e-19
7.778181445e-21
1.659609808e-19
5.65196801e-21
1.606395753e-19
4.132918856e-21
1.563124968e-19
3.032093759e-21
1.52819988e-19
2.222564057e-21
1.500476371e-19
1.61720059e-21
1.47913197e-19
1.154841963e-21
1.463581374e-19
7.914316651e-22
1.453422651e-19
4.941608688e-22
1.448403822e-19
2.374445863e-22
1.448442883e-19
8.240105689e-32
1.369279134e-19
1.069497282e-20
1.153026803e-19
-3.376086833e-20
9.395372624e-20
-2.565225618e-20
7.321846898e-20
-1.49687438e-20
5.295002533e-20
-8.893892239e-21
3.297758031e-20
-6.098714928e-21
1.317949964e-20
-4.729866867e-21
-4.06940899e-21
1.967488769e-09
7.072789177e-10
5.216007303e-10
1.604265533e-09
5.12909772e-10
4.788224882e-09
-6.386382247e-10
1.471052508e-08
-6.308100505e-09
1.816362201e-08
-6.618558806e-09
6.275043574e-09
-3.350999188e-09
9.753715415e-09
3.17714694e-17
3.054027466e-09
-1.545108591e-18
8.120906062e-19
7.690313089e-20
1.253884184e-18
3.697092183e-19
8.668211609e-19
3.889756288e-19
5.466646075e-19
3.530309188e-19
3.441034506e-19
3.11967668e-19
2.207970734e-19
2.769289685e-19
1.452460623e-19
2.491481759e-19
9.807799958e-20
2.274910681e-19
6.795183021e-20
2.105396199e-19
4.824083862e-20
1.971128332e-19
3.502641169e-20
1.863317307e-19
2.595120002e-20
1.775677427e-19
1.956930438e-20
1.703762802e-19
1.497569851e-20
1.644419317e-19
1.159214568e-20
1.595387502e-19
9.041533568e-21
1.555029671e-19
7.072809371e-21
1.522146245e-19
5.515305195e-21
1.495852784e-19
4.250406448e-21
1.475497867e-19
3.193620322e-21
1.460608666e-19
2.282974551e-21
1.450855488e-19
1.471311365e-21
1.446029376e-19
7.209825242e-22
1.446060603e-19
7.491218612e-32
1.368267295e-19
1.046802052e-20
1.149833051e-19
-2.671929029e-20
9.352971501e-20
-1.754925805e-20
7.279544003e-20
-7.318294865e-21
5.258634908e-20
-1.743436945e-21
3.271046883e-20
7.210511957e-22
1.303750697e-20
1.888490038e-21
2.441508845e-21
3.184966822e-09
1.608250844e-09
1.48627858e-09
3.302941917e-09
2.809375984e-10
5.993336142e-09
6.163014939e-10
1.437521232e-08
-5.16852559e-09
2.39484967e-08
-5.851915973e-09
6.958314868e-09
1.981229271e-09
1.920651216e-09
-1.18931281e-17
5.035421326e-09
-1.102669979e-18
-4.419778342e-20
-3.101588666e-19
4.613743425e-19
4.955266496e-20
5.071098961e-19
1.864144718e-19
4.098033593e-19
2.297245416e-19
3.007953088e-19
2.364166569e-19
2.141082972e-19
2.297609058e-19
1.519067343e-19
2.190220065e-19
1.088223233e-19
2.077800766e-19
7.919904759e-20
1.97325193e-19
5.870100208e-20
1.880376216e-19
4.431952265e-20
1.799498351e-19
3.404482427e-20
1.729741369e-19
2.655101058e-20
1.669927274e-19
2.096310023e-20
1.618913196e-19
1.669932559e-20
1.57570026e-19
1.336819538e-20
1.53945463e-19
1.070222322e-20
1.509497258e-19
8.515341247e-21
1.485284923e-19
6.675387e-21
1.466391409e-19
5.086142422e-21
1.452492034e-19
3.675429605e-21
1.4433522e-19
2.38704775e-21
1.438819551e-19
1.175131184e-21
1.438831045e-19
6.15934503e-32
1.362683473e-19
1.007620035e-20
1.142712076e-19
-1.952393253e-20
9.279573197e-20
-9.42426925e-21
7.213329108e-20
2.603959228e-22
5.204906811e-20
5.282236703e-21
3.233100625e-20
7.383075134e-21
1.284057713e-20
8.324377118e-21
8.755503779e-21
3.641717322e-09
2.249755828e-09
3.552617085e-09
3.391907669e-09
2.725904273e-09
6.81998807e-09
4.696719008e-09
1.240443663e-08
3.703325633e-09
2.49419445e-08
2.604827338e-09
8.056797124e-09
2.7563066e-09
1.768988957e-09
-6.476291162e-18
7.791732333e-09
-5.959503215e-19
-5.585200297e-19
-2.644234051e-19
1.298475207e-19
-4.775387179e-20
2.904407233e-19
7.740642133e-20
2.846444371e-19
1.4303753e-19
2.35166876e-19
1.74215094e-19
1.829340529e-19
1.866764948e-19
1.394500412e-19
1.893987308e-19
1.061051942e-19
1.87282031e-19
8.132075294e-20
1.829437136e-19
6.304439901e-20
1.777629232e-19
4.950567613e-20
1.724560214e-19
3.935738878e-20
1.673862265e-19
3.1626659e-20
1.627289528e-19
2.562624442e-20
1.585601894e-19
2.087376222e-20
1.549040538e-19
1.702960612e-20
1.51758581e-19
1.385244774e-20
1.491097715e-19
1.116834043e-20
1.469392477e-19
8.8495414e-21
1.452284281e-19
6.800017074e-21
1.439608216e-19
4.9454511e-21
1.431233034e-19
3.226242377e-21
1.427068239e-19
1.592454487e-21
1.427101624e-19
5.638766769e-32
1.352450431e-19
9.535530541e-21
1.131855926e-19
-1.226621054e-20
9.176943517e-20
-1.358462579e-21
7.125004034e-20
7.69614225e-21
5.135405974e-20
1.211974742e-20
3.185096664e-20
1.383019582e-20
1.259500633e-20
1.452584336e-20
1.482393565e-20
8.268105833e-09
2.408844886e-09
9.853674156e-09
1.806369785e-09
8.797164404e-09
7.876449363e-09
5.988549193e-09
1.521311524e-08
8.455570246e-09
2.247512038e-08
7.523435648e-09
8.98933259e-09
-3.530561279e-09
1.282314699e-08
4.658184593e-18
4.261171089e-09
9.44975437e-20
7.028234646e-19
-1.038304559e-19
3.281755124e-19
-5.355015799e-20
2.401615979e-19
2.792886025e-20
2.031673949e-19
9.080470687e-20
1.72293227e-19
1.307310823e-19
1.430100429e-19
1.533316477e-19
1.168530914e-19
1.646142896e-19
9.482693902e-20
1.690056771e-19
7.69340333e-20
1.694049907e-19
6.264999961e-20
1.676146358e-19
5.130123362e-20
1.647252916e-19
4.225220539e-20
1.613858119e-19
3.497180332e-20
1.579764706e-19
2.904129165e-20
1.547160333e-19
2.413973103e-20
1.517268955e-19
2.002388955e-20
1.490744737e-19
1.650949583e-20
1.467909725e-19
1.345590724e-20
1.448897234e-19
1.075429941e-20
1.433738621e-19
8.318819194e-21
1.422416128e-19
6.080017526e-21
1.414895155e-19
3.979944862e-21
1.411143694e-19
1.968408191e-21
1.411203212e-19
4.751290552e-32
1.337752119e-19
8.875586448e-21
1.117478937e-19
-5.040495533e-21
9.047489094e-20
6.564232328e-21
7.01684194e-20
1.49190381e-20
5.052034225e-20
1.870941453e-20
3.128405419e-20
2.00105637e-20
1.230797995e-20
2.044745998e-20
2.060535914e-20
1.544916774e-09
5.339865097e-09
-1.003389067e-09
4.354672669e-09
2.59549947e-10
6.613545427e-09
-4.374658627e-09
1.984735801e-08
-1.046560435e-08
2.856611554e-08
-7.280042906e-09
5.803792108e-09
-4.261171077e-09
9.804300252e-09
-3.607125523e-19
8.656079548e-19
-2.789668501e-19
6.21077759e-19
-1.91844109e-19
2.41053424e-19
-9.0544361e-20
1.388633906e-19
-2.945307629e-21
1.155709305e-19
6.152152275e-20
1.078283766e-19
1.045741308e-19
9.996039759e-20
1.313054954e-19
9.012562023e-20
1.467213839e-19
7.941544009e-20
1.547216434e-19
6.893841745e-20
1.580562247e-19
5.932029734e-20
1.585656076e-19
5.079696194e-20
1.574448896e-19
4.337825522e-20
1.554553002e-19
3.696690049e-20
1.530749099e-19
3.142723292e-20
1.506001918e-19
2.661982917e-20
1.482125017e-19
2.241657617e-20
1.460208851e-19
1.870559456e-20
1.440893647e-19
1.539135709e-20
1.424542432e-19
1.239280409e-20
1.411350605e-19
9.64083078e-21
1.401415402e-19
7.075762248e-21
1.394779788e-19
4.64504515e-21
1.391459612e-19
2.301200342e-21
1.39149977e-19
3.436144612e-32
1.319183277e-19
8.097942597e-21
1.100024156e-19
2.073865645e-21
8.894984293e-20
1.426656191e-20
6.891843741e-20
2.18669408e-20
4.957051754e-20
2.499897246e-20
3.064553516e-20
2.587965963e-20
1.198718871e-20
2.605137304e-20
2.606601135e-20
-1.196835069e-08
1.201741844e-08
-1.190858413e-08
4.294904922e-09
-2.347663106e-09
-2.947279095e-09
5.275268259e-09
1.222444724e-08
-8.85065444e-10
3.472647183e-08
-6.871196215e-09
1.178989797e-08
2.633840494e-17
2.933103987e-09
-1.505472806e-18
-3.927819487e-19
-6.591091569e-19
-2.252852815e-19
-2.940341423e-19
-1.240204795e-19
-1.138368211e-19
-4.133098632e-20
-1.068786149e-20
1.242674331e-20
5.365354373e-20
4.34897268e-20
9.473935341e-20
5.887755504e-20
1.205953152e-19
6.427327881e-20
1.362443612e-19
6.377052101e-20
1.451035233e-19
6.008375845e-20
1.495328893e-19
5.489570607e-20
1.511469009e-19
4.918793373e-20
1.510335348e-19
4.349680646e-20
1.499156327e-19
3.809016112e-20
1.482675062e-19
3.308075866e-20
1.463969388e-19
2.849561799e-20
1.445015201e-19
2.431682907e-20
1.427066476e-19
2.050479225e-20
1.410908117e-19
1.701097887e-20
1.397022699e-19
1.378460212e-20
1.385699919e-19
1.077582872e-20
1.377108231e-19
7.937067585e-21
1.37134134e-19
5.223210962e-21
1.368447609e-19
2.591316657e-21
1.368471062e-19
2.569031578e-32
1.297055956e-19
7.233432916e-21
1.079872519e-19
8.99069601e-21
8.722841219e-20
2.167521484e-20
6.752945531e-20
2.848243721e-20
4.852708782e-20
3.094301199e-20
2.995023118e-20
3.140064336e-20
1.16398619e-20
3.130732025e-20
3.117934384e-20
-2.291610069e-08
1.996323416e-08
-2.53508935e-08
6.729677504e-09
-2.151967582e-08
-6.778593938e-09
-1.271036799e-08
3.415050538e-09
-5.866677022e-09
2.78827005e-08
-5.920219343e-09
1.184344061e-08
-1.636110519e-16
-2.987115233e-09
-1.538894658e-18
-3.2223548e-18
-5.578442375e-19
-1.206334268e-18
-2.113446491e-19
-4.705176279e-19
-6.007909152e-20
-1.92593378e-19
2.0375122e-20
-6.802554633e-20
6.904137198e-20
-5.174452407e-21
1.001350772e-19
2.778663215e-20
1.200925574e-19
4.431920331e-20
1.325575987e-19
5.130934711e-20
1.399154709e-19
5.273017505e-20
1.438251169e-19
5.099064331e-20
1.454557736e-19
4.756207813e-20
1.456268895e-19
4.333070884e-20
1.449062302e-19
3.881602189e-20
1.436823655e-19
3.430985995e-20
1.422181499e-19
2.996487968e-20
1.406894833e-19
2.585015019e-20
1.392128342e-19
2.19855971e-20
1.378644349e-19
1.836301472e-20
1.366934965e-19
1.495866985e-20
1.357312308e-19
1.174070861e-20
1.349969665e-19
8.673383988e-21
1.345022397e-19
5.71935455e-21
1.342534442e-19
2.840824134e-21
1.342547221e-19
1.291214909e-32
1.271828998e-19
6.302648441e-21
1.0573878e-19
1.56333278e-20
8.534524096e-20
2.87186262e-20
6.602990872e-20
3.471432802e-20
4.741057467e-20
3.650405056e-20
2.921081216e-20
3.654454949e-20
1.127182607e-20
3.619189907e-20
3.592464069e-20
-2.559044473e-08
2.723660394e-08
-3.151854332e-08
1.265771865e-08
-3.364815586e-08
-4.648939892e-09
-3.31333077e-08
2.900124194e-09
-1.606564305e-08
1.081506279e-08
-7.237597889e-09
3.015395561e-09
-3.406806163e-09
-6.817907051e-09
7.675157482e-19
-3.406806221e-09
1.780455686e-19
-6.168643036e-19
6.657960082e-20
-3.590550118e-19
6.448874012e-20
-1.905005204e-19
8.322621592e-20
-8.67612189e-20
1.020024565e-19
-2.394841572e-20
1.166676483e-19
1.312417081e-20
1.270827012e-19
3.390737017e-20
1.339784266e-19
4.441730972e-20
1.381759392e-19
4.853678606e-20
1.403965518e-19
4.877444066e-20
1.412244043e-19
4.673885629e-20
1.411122025e-19
4.3447772e-20
1.404000683e-19
3.953320052e-20
1.393373852e-19
3.537760363e-20
1.381034204e-19
3.120369508e-20
1.368249302e-19
2.713309683e-20
1.355902519e-19
2.322425032e-20
1.344600901e-19
1.949665948e-20
1.334755352e-19
1.594622751e-20
1.326639062e-19
1.255484833e-20
1.32042937e-19
9.296322573e-21
1.316237093e-19
6.139939559e-21
1.314126201e-19
3.052593153e-21
1.314141839e-19
3.090879507e-33
1.243782919e-19
5.33325285e-21
1.032959721e-19
2.19141915e-20
8.333048612e-20
3.53340472e-20
6.444311827e-20
4.051829857e-20
4.623661249e-20
4.165230057e-20
2.843591798e-20
4.128941754e-20
1.088660964e-20
4.068682723e-20
4.028473031e-20
-2.8208753e-08
3.063209614e-08
-2.813093443e-08
1.258007971e-08
-2.851063281e-08
-4.268985646e-09
-2.616647738e-08
5.558371344e-10
-1.556271468e-08
2.113398685e-10
-1.212407538e-08
-4.232613223e-10
-6.563961957e-09
-1.237802037e-08
4.310788562e-17
-9.970768268e-09
4.349097686e-19
-5.887228983e-20
2.351326533e-19
-1.592753546e-19
1.682280416e-19
-1.235944369e-19
1.460390191e-19
-6.457033426e-20
1.390750431e-19
-1.698211896e-20
1.374508477e-19
1.475095798e-20
1.375926408e-19
3.37685465e-20
1.38097903e-19
4.391553712e-20
1.384135938e-19
4.822503099e-20
1.383609674e-19
4.883129919e-20
1.3793332e-19
4.717098188e-20
1.371976311e-19
4.418818454e-20
1.362444714e-19
4.049125115e-20
1.351634767e-19
3.646347122e-20
1.340328221e-19
3.2338987e-20
1.329160837e-19
2.82540792e-20
1.31862661e-19
2.428145931e-20
1.309096581e-19
2.045298996e-20
1.300841561e-19
1.677460687e-20
1.294053804e-19
1.323603215e-20
1.28886554e-19
9.817035689e-21
1.285363629e-19
6.491427076e-21
1.283600269e-19
3.229575132e-21
1.283618875e-19
-1.379246493e-33
1.213725106e-19
4.315522915e-21
1.006939115e-19
2.77913943e-20
8.121248256e-20
4.146542637e-20
6.278655793e-20
4.586088856e-20
4.501429804e-20
4.636634177e-20
2.762914656e-20
4.561876519e-20
1.048507442e-20
4.477654002e-20
4.424329818e-20
-1.84240415e-08
3.369476429e-08
-2.435311951e-08
1.85092239e-08
-3.096445736e-08
2.342399768e-09
-2.918493774e-08
-1.22362021e-09
-2.686613895e-08
-2.107546926e-09
-2.112842236e-09
-2.517650509e-08
3.480356025e-09
-1.797124561e-08
-4.220217185e-18
-6.490413522e-09
3.319464793e-19
2.264025939e-19
2.708147124e-19
-9.8142726e-20
2.272521442e-19
-8.003091226e-20
1.936272344e-19
-3.094355358e-20
1.7080812e-19
5.839113127e-21
1.564684362e-19
2.909303302e-20
1.477396314e-19
4.250009345e-20
1.424073968e-19
4.925110433e-20
1.39019862e-19
5.161634096e-20
1.367006501e-19
5.115458099e-20
1.349505227e-19
4.892544435e-20
1.335006977e-19
4.564259259e-20
1.322166915e-19
4.177997812e-20
1.310389925e-19
3.7645832e-20
1.299479143e-19
3.343446898e-20
1.289434638e-19
2.926254899e-20
1.280341917e-19
2.519432471e-20
1.27231275e-19
2.125907838e-20
1.265455813e-19
1.74630527e-20
1.25986384e-19
1.379753451e-20
1.255609454e-19
1.024427607e-20
1.25274511e-19
6.779094287e-21
1.251304518e-19
3.374244626e-21
1.251358831e-19
-1.226312514e-32
1.181192139e-19
3.320917686e-21
9.793634369e-20
3.317290017e-20
7.899074383e-20
4.706096368e-20
6.106161255e-20
5.070670901e-20
4.374399359e-20
5.062578428e-20
2.678918244e-20
4.951782212e-20
1.006587016e-20
4.844553847e-20
4.778269543e-20
-1.95615104e-08
1.66032315e-08
-8.539005428e-09
7.486712995e-09
-4.090553497e-09
-2.106050071e-09
7.012061541e-09
-1.232628854e-08
1.351641692e-08
-8.61190554e-09
1.939068164e-08
-3.105075418e-08
1.166058643e-08
-1.024123114e-08
3.059190894e-11
5.139445694e-09
5.782878707e-21
3.059193917e-11
2.889262807e-19
-3.812863661e-19
2.763395029e-19
-6.744344916e-20
2.304099011e-19
1.498758239e-20
1.940620399e-19
4.218882596e-20
1.698754967e-19
5.328177071e-20
1.544906423e-19
5.788757665e-20
1.447726335e-19
5.897231397e-20
1.38558102e-19
5.783448528e-20
1.344715134e-19
5.524508137e-20
1.316676709e-19
5.173347828e-20
1.296380832e-19
4.767660557e-20
1.280825453e-19
4.334003672e-20
1.268276295e-19
3.890516887e-20
1.257759943e-19
3.449025434e-20
1.248752395e-19
3.016708936e-20
1.240989453e-19
2.597401701e-20
1.234352493e-19
2.192579023e-20
1.228800631e-19
1.802086458e-20
1.224331255e-19
1.424667061e-20
1.220957636e-19
1.058335054e-20
1.218696613e-19
7.00636178e-21
1.217562072e-19
3.488271273e-21
1.217576774e-19
-2.150662553e-32
1.147387444e-19
2.334452967e-21
9.506814058e-20
3.804210155e-20
7.669335489e-20
5.208580747e-20
5.927881256e-20
5.503804199e-20
4.242741665e-20
5.441906904e-20
2.591470556e-20
5.297484377e-20
9.627667569e-21
5.167832762e-20
5.088394007e-20
-1.79910115e-08
4.917763519e-09
-6.352828109e-09
-4.151466853e-09
2.243459767e-09
-1.070233979e-08
1.26938822e-08
-2.277671339e-08
2.167738907e-08
-1.759544775e-08
1.808684243e-08
-2.746021734e-08
9.610527616e-09
-1.764761416e-09
3.201864139e-09
1.154809426e-08
1.937137523e-17
3.232456065e-09
6.027827902e-19
3.96585599e-19
3.587708034e-19
1.765695539e-19
2.576111447e-19
1.161485753e-19
2.051549846e-19
9.464667099e-20
1.744813026e-19
8.395740889e-20
1.555753796e-19
7.679603799e-20
1.436348048e-19
7.091597986e-20
1.359686981e-19
6.550406113e-20
1.309599104e-19
6.025763643e-20
1.276107982e-19
5.508663426e-20
1.253015144e-19
4.999013336e-20
1.236476775e-19
4.499816247e-20
1.224127149e-19
4.01442855e-20
1.214528294e-19
3.545402272e-20
1.206821672e-19
3.094129972e-20
1.200507186e-19
2.660866907e-20
1.195303237e-19
2.244904449e-20
1.191058692e-19
1.844781478e-20
1.187698054e-19
1.458482048e-20
1.185187748e-19
1.083599823e-20
1.183515708e-19
7.174658637e-21
1.182679359e-19
3.572438507e-21
1.182719383e-19
-2.355549789e-32
1.112155724e-19
1.385485447e-21
9.211027157e-20
4.234609326e-20
7.432548369e-20
5.652067019e-20
5.743962544e-20
5.884074445e-20
4.106480108e-20
5.773584028e-20
2.500561899e-20
5.597839586e-20
9.170431016e-21
5.445933335e-20
5.352799017e-20
9.036832246e-09
3.338069499e-09
8.347413153e-09
-3.462050587e-09
7.991945289e-09
-1.034688489e-08
5.628051893e-09
-2.041282625e-08
1.059120406e-08
-2.255868913e-08
8.626554417e-09
-2.549575326e-08
4.304769475e-09
2.556960633e-09
2.333254115e-09
1.351959349e-08
1.430718436e-17
5.56571013e-09
3.835894892e-19
4.892647935e-19
2.983495083e-19
2.618102715e-19
2.361092404e-19
1.783899109e-19
1.944657225e-19
1.362916702e-19
1.673199317e-19
1.111050717e-19
1.496953215e-19
9.442312774e-20
1.38222886e-19
8.239138899e-20
1.307222734e-19
7.300799909e-20
1.257889082e-19
6.519462305e-20
1.225142973e-19
5.836512351e-20
1.203095435e-19
5.219891961e-20
1.187938005e-19
4.651793445e-20
1.177224522e-19
4.12195053e-20
1.169401063e-19
3.623998086e-20
1.163495365e-19
3.153518391e-20
1.15891094e-19
2.707012354e-20
1.15529094e-19
2.281374628e-20
1.152428749e-19
1.873639411e-20
1.150209832e-19
1.480867837e-20
1.148574353e-19
1.100106065e-20
1.147493507e-19
7.283758804e-21
1.146954974e-19
3.626781743e-21
1.146985181e-19
-2.706603728e-32
1.076269026e-19
4.504942236e-22
8.908150183e-20
4.609020398e-20
7.190097456e-20
6.035133652e-20
5.555079606e-20
6.210780867e-20
3.966065309e-20
6.056800723e-20
2.406596706e-20
5.851753713e-20
8.69670611e-21
5.677449858e-20
5.569835321e-20
1.80127996e-08
9.043519e-10
1.750540485e-08
-2.954673488e-09
1.462903879e-08
-7.470520639e-09
8.310739369e-09
-1.409451316e-08
4.500243261e-09
-1.874812118e-08
-1.050384976e-09
-1.994514364e-08
-4.45078344e-09
5.957315096e-09
-1.713053799e-09
1.078183988e-08
1.145128217e-17
3.852656282e-09
1.575284314e-19
-8.715286078e-20
2.149289064e-19
2.044104433e-19
1.940109997e-19
1.993088423e-19
1.69279124e-19
1.610249705e-19
1.506379878e-19
1.297480988e-19
1.376635827e-19
1.073999518e-19
1.288394961e-19
9.121831519e-20
1.229088974e-19
7.894177049e-20
1.189594087e-19
6.914757363e-20
1.163480934e-19
6.098012517e-20
1.146285583e-19
5.392224615e-20
1.134953714e-19
4.765487237e-20
1.127429277e-19
4.19755357e-20
1.122353094e-19
3.675094983e-20
1.118844761e-19
3.188910813e-20
1.116347167e-19
2.732270865e-20
1.114517418e-19
2.299926365e-20
1.113151591e-19
1.887519474e-20
1.112133655e-19
1.491231001e-20
1.111401334e-19
1.107569769e-20
1.110923736e-19
7.33245292e-21
1.110687157e-19
3.650885844e-21
1.110721583e-19
-3.140703138e-32
1.039283482e-19
-4.106690588e-22
8.598395399e-20
4.923333023e-20
6.9419373e-20
6.356617742e-20
5.361702249e-20
6.482714734e-20
3.822241576e-20
6.290474341e-20
2.310305333e-20
6.058146595e-20
8.210804933e-21
5.861275598e-20
5.73828609e-20
1.196583581e-08
5.992395347e-10
1.170199361e-08
-2.690879059e-09
9.664210169e-09
-5.432762557e-09
5.451369798e-09
-9.881669925e-09
1.582452821e-09
-1.48791577e-08
6.118938706e-10
-1.897462213e-08
3.116592477e-09
3.452559871e-09
1.937034548e-09
1.196138685e-08
-8.829916194e-19
5.7896908e-09
4.500808105e-19
1.102101171e-18
2.098279358e-19
4.446638055e-19
1.557271279e-19
2.534106109e-19
1.380022523e-19
1.787512144e-19
1.282898408e-19
1.394623601e-19
1.214819461e-19
1.142101572e-19
1.165629514e-19
9.613999743e-20
1.131147005e-19
8.239302769e-20
1.107919602e-19
7.147358987e-20
1.092902144e-19
6.248533122e-20
1.083611845e-19
5.485479995e-20
1.078160347e-19
4.820348717e-20
1.075183418e-19
4.227654009e-20
1.073734677e-19
3.68989303e-20
1.073180767e-19
3.194738151e-20
1.073112717e-19
2.733215939e-20
1.073276729e-19
2.298524343e-20
1.073522744e-19
1.885266189e-20
1.073767532e-19
1.488953332e-20
1.073968886e-19
1.105685224e-20
1.074108065e-19
7.319385592e-21
1.074178298e-19
3.644264665e-21
1.074226374e-19
-3.778801774e-32
1.002235381e-19
-1.21960147e-21
8.286882961e-20
5.178688803e-20
6.691753323e-20
6.616778612e-20
5.166049513e-20
6.700128369e-20
3.676325558e-20
6.47442232e-20
2.212446387e-20
6.216494323e-20
7.715777109e-21
5.996756118e-20
5.857239541e-20
9.271930889e-09
4.896369169e-10
8.574813922e-09
-1.993764855e-09
6.117712752e-09
-2.975656624e-09
1.566074237e-09
-5.330023859e-09
-3.718046379e-09
-9.595036785e-09
-7.270092405e-09
-1.542262782e-08
-9.824722822e-10
-2.835103764e-09
2.282269345e-09
8.696642328e-09
4.81376297e-18
8.071960716e-09
-2.061262576e-19
2.298116074e-19
1.857448222e-20
2.199635558e-19
8.106773147e-20
1.909182465e-19
9.871339794e-20
1.611069176e-19
1.030376379e-19
1.351398976e-19
1.034117863e-19
1.138381859e-19
1.028159817e-19
9.673833114e-20
1.021952627e-19
8.301657659e-20
1.018037015e-19
7.186821543e-20
1.016596831e-19
6.263255386e-20
1.017098717e-19
5.480785056e-20
1.018890876e-19
4.802745252e-20
1.021407321e-19
4.202794903e-20
1.024219189e-19
3.662062668e-20
1.027028545e-19
3.166913562e-20
1.029643558e-19
2.70731309e-20
1.031950914e-19
2.275672613e-20
1.033891458e-19
1.866052171e-20
1.035440721e-19
1.473616833e-20
1.03659422e-19
1.094267493e-20
1.037356856e-19
7.243888743e-21
1.037735652e-19
3.606744437e-21
1.037747709e-19
-3.771126816e-32
9.654114257e-20
-1.993082323e-21
7.976466816e-20
5.376228995e-20
6.441844855e-20
6.816440313e-20
4.969524873e-20
6.864170247e-20
3.528650105e-20
6.609532935e-20
2.112603439e-20
6.327021765e-20
7.206221114e-21
6.083360263e-20
5.925243209e-20
8.104469439e-09
3.76108385e-10
7.209065482e-09
-1.098365435e-09
5.774272153e-09
-1.540851428e-09
3.019064234e-09
-2.574807913e-09
-2.218051198e-09
-4.357927574e-09
-7.442972061e-09
-1.019772687e-08
-4.817240385e-09
-5.460844347e-09
-1.861477796e-09
5.740890487e-09
-4.753524059e-19
6.210495347e-09
-2.141188974e-19
-5.000855084e-19
-1.047090863e-20
1.631600158e-20
5.125640258e-20
1.291918183e-19
7.274637794e-20
1.396182588e-19
8.173592622e-20
1.26152028e-19
8.631193159e-20
1.092642193e-19
8.909422715e-20
9.395840268e-20
9.104690154e-20
8.106654325e-20
9.256803996e-20
7.034991024e-20
9.383497984e-20
6.136854597e-20
9.492947371e-20
5.371630826e-20
9.588958414e-20
4.707025082e-20
9.67334097e-20
4.118693766e-20
9.747042785e-20
3.588628733e-20
9.810684982e-20
3.103522363e-20
9.864795101e-20
2.653433493e-20
9.909888694e-20
2.230784624e-20
9.946479244e-20
1.829637483e-20
9.975057868e-20
1.445180236e-20
9.99606358e-20
1.073367482e-20
1.000985413e-19
7.106669431e-21
1.001668207e-19
3.538784536e-21
1.001699178e-19
-3.449650163e-32
9.285283214e-20
-2.683540304e-21
7.667890551e-20
5.513521629e-20
6.192995076e-20
6.956388624e-20
4.771999635e-20
6.976899582e-20
3.377434688e-20
6.698346399e-20
2.008006234e-20
6.390944297e-20
6.660731558e-21
6.119928278e-20
5.938704415e-20
6.766928188e-09
3.016518962e-10
6.346468364e-09
-6.77905224e-10
5.728642519e-09
-9.230065445e-10
4.924988311e-09
-1.771149827e-09
2.066770043e-09
-1.499710292e-09
-3.302111035e-09
-4.828851782e-09
-4.021209794e-09
-4.741731576e-09
-1.665067668e-09
3.384780723e-09
2.197091526e-18
4.545444313e-09
3.037241831e-19
3.602734634e-19
1.024049021e-19
2.176357076e-19
6.168284307e-20
1.699147393e-19
5.92801472e-20
1.420221712e-19
6.48481175e-20
1.205856253e-19
7.100611494e-20
1.031081254e-19
7.620236772e-20
8.87643512e-20
8.033026852e-20
7.694108377e-20
8.35866757e-20
6.709609767e-20
8.618274212e-20
5.877514245e-20
8.828341627e-20
5.161831204e-20
9.000627098e-20
4.535005135e-20
9.143275938e-20
3.976304152e-20
9.261936415e-20
3.47021685e-20
9.360596113e-20
3.005096239e-20
9.442146231e-20
2.572097308e-20
9.508741554e-20
2.164378749e-20
9.562021997e-20
1.776517558e-20
9.603245114e-20
1.404085516e-20
9.633363042e-20
1.043344352e-20
9.653065641e-20
6.910255617e-21
9.662803618e-20
3.441689126e-21
9.663454788e-20
-3.722760282e-32
8.925614735e-20
-3.314082111e-21
7.366054397e-20
5.592992642e-20
5.948087511e-20
7.039424726e-20
4.572683591e-20
7.044051603e-20
3.218367343e-20
6.746924113e-20
1.89281219e-20
6.411005724e-20
6.036956204e-21
6.10369128e-20
5.889794019e-20
6.411882659e-09
2.702598943e-10
5.980143821e-09
-2.461532909e-10
5.380613333e-09
-3.23449886e-10
4.465190318e-09
-8.557230598e-10
3.424592937e-09
-4.591110321e-10
-3.449788392e-10
-1.059274389e-09
-2.644538667e-09
-2.44214783e-09
-8.886122271e-10
1.628882979e-09
2.061127395e-18
3.656847495e-09
1.621555137e-19
7.409176077e-19
5.468404415e-20
3.251075887e-19
3.379027495e-20
1.908092959e-19
3.784360136e-20
1.379699666e-19
4.737061755e-20
1.110600759e-19
5.666234077e-20
9.381817586e-20
6.437910029e-20
8.104962279e-20
7.048528242e-20
7.083713914e-20
7.526572048e-20
6.231802235e-20
7.902591171e-20
5.501736641e-20
8.201515558e-20
4.8631502e-20
8.441926115e-20
4.294837515e-20
8.637188636e-20
3.781280542e-20
8.796815803e-20
3.310819869e-20
8.927597182e-20
2.874531216e-20
9.034427673e-20
2.465464179e-20
9.120880363e-20
2.078099575e-20
9.189589954e-20
1.707953744e-20
9.242503951e-20
1.351287222e-20
9.281044251e-20
1.004889013e-20
9.306208991e-20
6.659155763e-21
9.318634706e-20
3.317687085e-21
9.318685909e-20
-3.68110773e-32
8.575257847e-20
-3.8829499e-21
7.073264635e-20
5.614912853e-20
5.707132553e-20
7.070635674e-20
4.367729059e-20
7.075212738e-20
3.043552776e-20
6.765374077e-20
1.757644179e-20
6.391432379e-20
5.26970634e-21
6.029022425e-20
5.764163768e-20
6.099796732e-09
2.616454981e-10
5.755051425e-09
9.860353732e-11
5.178102678e-09
2.535116169e-10
4.116922781e-09
2.054521896e-10
3.124291855e-09
5.335136959e-10
7.731400645e-10
1.29189363e-09
-2.559499994e-09
8.905263247e-10
-1.901356295e-09
9.707683325e-10
3.20033258e-19
1.755503362e-09
-2.528953502e-19
1.028426061e-19
-7.961435571e-20
1.518269651e-19
-1.904905436e-20
1.302447116e-19
1.093371067e-20
1.079882494e-19
3.012871755e-20
9.186643994e-20
4.38937877e-20
8.00547423e-20
5.416661665e-20
7.077864307e-20
6.196616563e-20
6.303962101e-20
6.796506454e-20
5.632126703e-20
7.26400473e-20
5.034458011e-20
7.633202872e-20
4.494174619e-20
7.928369142e-20
3.999894718e-20
8.166727963e-20
3.543142352e-20
8.36052715e-20
3.117233431e-20
8.518530144e-20
2.716727717e-20
8.647063069e-20
2.337112337e-20
8.750734532e-20
1.974586305e-20
8.832923431e-20
1.625896926e-20
8.896105742e-20
1.288209267e-20
8.942070815e-20
9.590004429e-21
8.972062124e-20
6.359736833e-21
8.986865997e-20
3.169880673e-21
8.986986483e-20
-3.71974706e-32
8.236583741e-20
-4.385200497e-21
6.791397729e-20
5.58003583e-20
5.468783576e-20
7.058344285e-20
4.150615194e-20
7.085151334e-20
2.84156309e-20
6.768713022e-20
1.589699414e-20
6.337826651e-20
4.271717392e-21
5.886219536e-20
5.538740163e-20
6.252055127e-09
2.498684111e-10
5.907830634e-09
4.428293938e-10
5.410823496e-09
7.505135439e-10
4.463519123e-09
1.152745072e-09
3.52721083e-09
1.469817589e-09
2.433270869e-09
2.385847691e-09
1.48011034e-10
3.175822148e-09
-2.698965064e-10
1.388700761e-09
-7.407649506e-19
1.485620225e-09
-2.036504888e-19
-3.243746835e-20
-1.011966083e-19
4.937341243e-20
-4.130551654e-20
7.035428841e-20
-5.188098787e-21
7.187180741e-20
1.83170199e-20
6.836258273e-20
3.461768847e-20
6.375554876e-20
4.642759459e-20
5.8970394e-20
5.524781164e-20
5.42212292e-20
6.198837762e-20
4.958263435e-20
6.723721338e-20
4.509773796e-20
7.138922972e-20
4.079176589e-20
7.471616776e-20
3.667406532e-20
7.740819042e-20
3.274143501e-20
7.960021437e-20
2.89822694e-20
8.138914764e-20
2.538017461e-20
8.284537038e-20
2.191655497e-20
8.402045152e-20
1.8572221e-20
8.495235772e-20
1.532826126e-20
8.566896918e-20
1.216642767e-20
8.619044055e-20
9.069229008e-21
8.653076508e-20
6.019864912e-21
8.66987793e-20
3.002082329e-21
8.670010872e-20
-3.691007794e-32
7.915730972e-20
-4.845296289e-21
6.521878744e-20
5.493839776e-20
5.230165492e-20
7.015164466e-20
3.911508227e-20
7.095593368e-20
2.596515363e-20
6.778005196e-20
1.371873506e-20
6.257009649e-20
2.927922164e-21
5.659980428e-20
5.178942177e-20
6.484702989e-09
2.829778771e-10
6.193234544e-09
7.342905007e-10
5.776372621e-09
1.167361387e-09
5.057853635e-09
1.871253236e-09
4.458229927e-09
2.069446786e-09
3.849750041e-09
2.994346104e-09
3.317729645e-09
3.70788172e-09
2.504297662e-09
2.202164171e-09
-1.939946883e-18
3.989933297e-09
-1.217749171e-19
-5.051425349e-20
-8.021572703e-20
7.81452235e-21
-3.978799754e-20
2.99271834e-20
-8.697323469e-21
4.078201838e-20
1.370998593e-20
4.595641514e-20
2.983253371e-20
4.763429459e-20
4.167842979e-20
4.712596226e-20
5.060921679e-20
4.529207387e-20
5.750348123e-20
4.269011156e-20
6.293124131e-20
3.967178797e-20
6.727152915e-20
3.645333972e-20
7.078353746e-20
3.316394442e-20
7.364902481e-20
2.987781569e-20
7.599811958e-20
2.663497035e-20
7.7925528e-20
2.345443956e-20
7.950103641e-20
2.034255491e-20
8.077649178e-20
1.729807636e-20
8.179052413e-20
1.431532179e-20
8.257177052e-20
1.138604842e-20
8.314107645e-20
8.500565499e-21
8.351298249e-20
5.648381071e-21
8.369669697e-20
2.818572744e-21
8.369909746e-20
-3.571333437e-32
7.606408217e-20
-5.217430754e-21
6.262716881e-20
5.357498459e-20
4.983300783e-20
6.959694226e-20
3.633823538e-20
7.13686403e-20
2.284248614e-20
6.821890951e-20
1.079076185e-20
6.156735217e-20
1.072336812e-21
5.326514323e-20
4.633592166e-20
7.092052747e-09
3.034037753e-10
6.898770203e-09
9.275612961e-10
6.57159703e-09
1.49452352e-09
5.933057901e-09
2.509794429e-09
5.252413703e-09
2.75010975e-09
3.735995766e-09
4.510798746e-09
2.957867525e-09
4.486056179e-09
2.679286528e-09
2.480780295e-09
-1.579703212e-18
6.669233842e-09
-6.284728975e-20
1.146660532e-19
-5.810306457e-20
3.070573587e-21
-2.893316256e-20
7.5785367e-22
-3.522926716e-21
1.537257851e-20
1.538786539e-20
2.704666496e-20
2.932420138e-20
3.369910614e-20
3.98445414e-20
3.660693313e-20
4.800725449e-20
3.713083503e-20
5.448515764e-20
3.621379058e-20
5.971279306e-20
3.444580481e-20
6.398213385e-20
3.218570313e-20
6.749740872e-20
2.965039792e-20
7.040617947e-20
2.697075361e-20
7.281758878e-20
2.422520115e-20
7.481364336e-20
2.145991194e-20
7.645655786e-20
1.87010175e-20
7.77937372e-20
1.596209707e-20
7.886125077e-20
1.324881454e-20
7.968628759e-20
1.056181696e-20
8.028889203e-20
7.898564213e-21
8.068317417e-20
5.254500194e-21
8.087812423e-20
2.623820689e-21
8.088006593e-20
-3.513118312e-32
7.318853566e-20
-5.530220968e-21
6.013891446e-20
5.182434449e-20
4.716792756e-20
6.92192661e-20
3.290607861e-20
7.254859519e-20
1.865766313e-20
6.941055254e-20
6.715104956e-21
6.045554546e-20
-1.553287923e-21
4.848056035e-20
3.825686153e-20
7.462250306e-09
3.797368009e-10
7.212759009e-09
1.177046387e-09
6.878501139e-09
1.828785979e-09
6.341361491e-09
3.046955587e-09
6.423149983e-09
2.668355866e-09
4.78398703e-09
6.150004235e-09
9.794697207e-10
8.290620347e-09
2.577469298e-10
3.202532288e-09
-2.174360149e-18
6.926986537e-09
-1.73399495e-19
-1.600163962e-19
-6.041578632e-20
-1.09912883e-19
-1.431843772e-20
-4.533898149e-20
8.151159738e-21
-7.096282347e-21
2.204030657e-20
1.315843241e-20
3.223202837e-20
2.350841084e-20
4.036844329e-20
2.847170464e-20
4.709021004e-20
3.041040562e-20
5.271717187e-20
3.058826791e-20
5.745269138e-20
2.971179391e-20
6.144682863e-20
2.819312363e-20
6.481776441e-20
2.628103985e-20
6.766062701e-20
2.412944851e-20
7.005229958e-20
2.183502355e-20
7.205474892e-20
1.945885711e-20
7.371763743e-20
1.70393919e-20
7.508045467e-20
1.460038785e-20
7.617425318e-20
1.215595392e-20
7.702303485e-20
9.713794469e-21
7.764482801e-20
7.277346577e-21
7.805249466e-20
4.847220935e-21
7.825430354e-20
2.422205483e-21
7.825624903e-20
-3.439777754e-32
7.049704177e-20
-5.774307006e-21
5.767206072e-20
4.984925875e-20
4.404206272e-20
6.950062721e-20
2.834130856e-20
7.516751984e-20
1.277915531e-20
7.191601999e-20
8.718100491e-22
5.930861193e-20
-5.340067225e-21
4.163956063e-20
2.639106986e-20
8.678739964e-09
3.530717275e-10
8.723079721e-09
1.132711593e-09
8.838015606e-09
1.713870831e-09
8.923827179e-09
2.961175286e-09
8.63035079e-09
2.961869574e-09
4.819574602e-09
9.960815121e-09
1.096822128e-09
1.20134072e-08
7.579129439e-10
3.541478271e-09
-1.408906649e-18
7.684905039e-09
-1.223385772e-19
-8.912628162e-19
4.158234387e-21
-2.364094384e-19
2.392426143e-20
-6.510457432e-20
2.84058745e-20
-1.157714559e-20
3.239028499e-20
9.174834642e-21
3.719532217e-20
1.870429774e-20
4.230714427e-20
2.336095955e-20
4.726807233e-20
2.54506912e-20
5.184069787e-20
2.601695033e-20
5.59340211e-20
2.561984629e-20
5.953474484e-20
2.45938218e-20
6.266617308e-20
2.315105011e-20
6.536620204e-20
2.143083874e-20
6.767613313e-20
1.952645703e-20
6.963528372e-20
1.75009852e-20
7.127863338e-20
1.539720869e-20
7.263602074e-20
1.324403382e-20
7.373209373e-20
1.106076574e-20
7.458658696e-20
8.860026273e-21
7.521470237e-20
6.649787119e-21
7.562747921e-20
4.434821824e-21
7.583209806e-20
2.21777695e-21
7.58342642e-20
-3.524490105e-32
6.799517702e-20
-5.943578735e-21
5.505601583e-20
4.798839084e-20
3.99949279e-20
7.121321087e-20
2.190063415e-20
8.018006646e-20
4.297700056e-21
7.646236047e-20
-7.589278399e-21
5.814140675e-20
-1.080607633e-20
3.180358376e-20
9.059307791e-21
8.804653365e-09
4.855869563e-10
8.474997317e-09
1.462379718e-09
7.597375983e-09
2.59151505e-09
6.146953226e-09
4.411624379e-09
2.290471127e-09
6.818376925e-09
1.163393421e-09
1.108790451e-08
1.796890579e-09
1.13799092e-08
-2.943137256e-09
8.281493262e-09
1.260636545e-17
4.74176779e-09
5.34272155e-19
5.422284058e-19
1.754629369e-19
1.224000741e-19
7.745169016e-20
3.290703262e-20
4.915785473e-20
1.671729406e-20
4.191974809e-20
1.641364338e-20
4.185198397e-20
1.877290339e-20
4.439687593e-20
2.081704792e-20
4.783433146e-20
2.20143349e-20
5.144359383e-20
2.240887402e-20
5.490799661e-20
2.2156695e-20
5.809197316e-20
2.141114159e-20
6.094596171e-20
2.02983744e-20
6.346182033e-20
1.891627763e-20
6.56506613e-20
1.73388685e-20
6.75315072e-20
1.562132055e-20
6.912545851e-20
1.380434455e-20
7.045275267e-20
1.19177131e-20
7.153135426e-20
9.983007319e-21
7.23763478e-20
8.015731263e-21
7.299973707e-20
6.026938313e-21
7.341043433e-20
4.024493917e-21
7.361432111e-20
2.014076659e-21
7.361742016e-20
-3.609854733e-32
6.572970766e-20
-6.063181336e-21
5.19898247e-20
4.692833777e-20
3.431969123e-20
7.553492686e-20
1.257847293e-20
8.883962731e-20
-7.889868971e-21
8.3874197e-20
-1.962035557e-20
5.681780965e-20
-1.850095871e-20
1.763151537e-20
-1.596729515e-20
1.037467934e-08
4.479399256e-10
1.051744696e-08
1.319625246e-09
1.005772901e-08
3.051246434e-09
8.399467413e-09
6.069896389e-09
3.688574304e-09
1.152927544e-08
-9.44593742e-10
1.572106828e-08
-3.01272876e-09
1.344803215e-08
-4.741767776e-09
1.001051024e-08
3.67615859e-20
8.771450695e-19
1.156448321e-19
4.633451608e-19
8.596993341e-20
1.520750357e-19
6.12619516e-20
5.761543399e-20
4.885420405e-20
2.912556112e-20
4.42790081e-20
2.098947103e-20
4.38961285e-20
1.915655984e-20
4.559416291e-20
1.911990643e-20
4.822887057e-20
1.938061681e-20
5.119141482e-20
1.944739929e-20
5.41624432e-20
1.91868011e-20
5.697920596e-20
1.859555896e-20
5.956386495e-20
1.771491514e-20
6.18844112e-20
1.659692282e-20
6.393311335e-20
1.529132376e-20
6.571453121e-20
1.384100303e-20
6.723882706e-20
1.228107083e-20
6.851804688e-20
1.063941762e-20
6.956407821e-20
8.937784383e-21
7.038755485e-20
7.192929804e-21
7.099729268e-20
5.417725779e-21
7.140001708e-20
3.622129214e-21
7.160024445e-20
1.814030307e-21
7.159909946e-20
-3.66086359e-32
6.360451778e-20
-6.072774992e-21
4.799753743e-20
4.773547733e-20
2.606714707e-20
8.411693326e-20
-7.686923582e-22
1.025938922e-19
-2.483565931e-20
9.488473317e-20
-3.598999569e-20
5.491814834e-20
-2.881353423e-20
-2.597530883e-21
-5.130643553e-20
1.136246236e-08
2.371739101e-10
1.220521003e-08
4.768839483e-10
1.264513396e-08
2.611319348e-09
1.163037939e-08
7.084636432e-09
8.778707836e-09
1.438092244e-08
5.423660982e-09
1.907607747e-08
4.074372315e-09
1.479726699e-08
-2.046328577e-17
1.408486456e-08
-9.792436997e-19
-8.656164553e-19
-1.957340426e-19
-3.201645341e-19
-8.489668346e-21
-3.516912974e-20
3.277207874e-20
1.635405742e-20
4.071811396e-20
2.117998652e-20
4.244609691e-20
1.926207325e-20
4.385947509e-20
1.774389932e-20
4.585487329e-20
1.712532708e-20
4.829565305e-20
1.694073398e-20
5.093081663e-20
1.681320336e-20
5.357120106e-20
1.654744726e-20
5.609856214e-20
1.606927497e-20
5.844587263e-20
1.536870528e-20
6.057881214e-20
1.446508323e-20
6.248279262e-20
1.338841983e-20
6.415459901e-20
1.217022851e-20
6.559717384e-20
1.083946258e-20
6.681641365e-20
9.421058845e-21
6.781922363e-20
7.93575008e-21
6.861235083e-20
6.40045346e-21
6.920169611e-20
4.828887787e-21
6.959191817e-20
3.232253968e-21
6.978621414e-20
1.619907523e-21
6.979088264e-20
-3.868157919e-32
6.170634539e-20
-5.998078328e-21
4.25577014e-20
5.208432136e-20
1.426692225e-20
9.905935316e-20
-1.911750116e-20
1.22896789e-19
-4.716250319e-20
1.098733701e-19
-5.690701328e-20
5.160874725e-20
-4.17325261e-20
-3.08245184e-20
-9.956452959e-20
1.248655805e-08
-2.382281774e-10
1.411404819e-08
-1.150609757e-09
1.479652312e-08
1.928829469e-09
1.36628679e-08
8.218263536e-09
1.100247229e-08
1.70412826e-08
6.158656188e-09
2.391984e-08
1.54585276e-09
1.941002274e-08
-3.375763784e-18
1.563070741e-08
3.571167505e-19
-6.09070823e-20
8.926268188e-20
-5.231041231e-20
4.303351882e-20
1.106025468e-20
3.759800784e-20
2.178988229e-20
3.880020069e-20
1.997821708e-20
4.092792298e-20
1.713490144e-20
4.324090285e-20
1.543158032e-20
4.567028019e-20
1.469670415e-20
4.816812242e-20
1.444371831e-20
5.066506053e-20
1.431715595e-20
5.309302877e-20
1.412042784e-20
5.539799245e-20
1.376530454e-20
5.754225058e-20
1.322546546e-20
5.950214874e-20
1.250620783e-20
6.126460129e-20
1.162697451e-20
6.282383308e-20
1.061196846e-20
6.417877011e-20
9.485441313e-21
6.533110489e-20
8.269562927e-21
6.628392701e-20
6.983668865e-21
6.704078516e-20
5.644217612e-21
6.760506229e-20
4.26509493e-21
6.797957172e-20
2.858074082e-21
6.816630662e-20
1.43333533e-21
6.816795428e-20
-3.477740822e-32
5.997508932e-20
-5.809213598e-21
3.515645025e-20
6.210314867e-20
-1.855895741e-21
1.227234339e-19
-4.29627642e-20
1.509222069e-19
-7.473338182e-20
1.285876895e-19
-8.173124373e-20
4.555277251e-20
-5.666856471e-20
-6.8939623e-20
-1.627586281e-19
1.088144885e-08
2.024292327e-10
1.048543449e-08
-7.546087195e-10
9.769629193e-09
2.644612798e-09
9.505226998e-09
8.482637578e-09
8.773816744e-09
1.777265699e-08
6.843567126e-09
2.585005323e-08
4.279454144e-09
2.197410437e-08
2.978745421e-18
1.991016081e-08
5.739764404e-19
5.865581015e-19
1.526324173e-19
3.69033701e-19
5.376314643e-20
1.099297124e-19
3.578634263e-20
3.976698879e-20
3.595688505e-20
1.980807814e-20
3.922460186e-20
1.386770158e-20
4.250602668e-20
1.215076191e-20
4.541729435e-20
1.178612558e-20
4.804156006e-20
1.182021379e-20
5.046833242e-20
1.189120932e-20
5.273790547e-20
1.185173689e-20
5.485815338e-20
1.164598135e-20
5.682299295e-20
1.126157576e-20
5.862291543e-20
1.070724232e-20
6.024959524e-20
1.000124067e-20
6.169730594e-20
9.165173776e-21
6.296289172e-20
8.2207213e-21
6.404521082e-20
7.188038078e-21
6.494447575e-20
6.085105209e-21
6.566166247e-20
4.927618513e-21
6.619804144e-20
3.729171203e-21
6.655483297e-20
2.501590158e-21
6.673297129e-20
1.255346751e-21
6.673693182e-20
-3.806643459e-32
5.841745252e-20
-5.494094759e-21
2.542131299e-20
8.029953533e-20
-2.269361303e-20
1.574901096e-19
-7.223902767e-20
1.873861985e-19
-1.067018343e-19
1.499942546e-19
-1.090793429e-19
3.487650733e-20
-7.25231856e-20
-1.185481399e-19
-2.418073151e-19
1.148677558e-09
4.567811088e-09
-2.474314894e-09
2.868368441e-09
-1.917211088e-09
2.087488911e-09
3.44513169e-10
6.220897748e-09
2.254734647e-09
1.586241291e-08
3.083434619e-09
2.502133392e-08
2.640383441e-09
2.241715061e-08
-1.506541794e-18
2.25505431e-08
-4.114147701e-19
9.384747604e-20
-1.064716023e-19
6.409061345e-20
-1.639957723e-20
1.985785757e-20
1.582743197e-20
7.540282687e-21
3.001650849e-20
5.619379751e-21
3.750766219e-20
6.377030595e-21
4.214139036e-20
7.51760556e-21
4.545138255e-20
8.476780979e-21
4.811255559e-20
9.159755985e-21
5.042885999e-20
9.575681654e-21
5.253214993e-20
9.749276256e-21
5.447374779e-20
9.705251828e-21
5.626865951e-20
9.467555578e-21
5.791691378e-20
9.059886657e-21
5.941352834e-20
8.505515194e-21
6.075285346e-20
7.8267101e-21
6.19302085e-20
7.044180112e-21
6.294227795e-20
6.176713825e-21
6.378698906e-20
5.241049693e-21
6.446321516e-20
4.251938834e-21
6.49704604e-20
3.222346381e-21
6.530858956e-20
2.16374253e-21
6.547762454e-20
1.086446649e-21
6.548292601e-20
-3.762914556e-32
5.702311004e-20
-5.042945957e-21
1.298919941e-20
1.095336955e-19
-4.869183522e-20
2.058229453e-19
-1.070790975e-19
2.326920744e-19
-1.424727678e-19
1.723317509e-19
-1.377389409e-19
1.708898123e-20
-8.825638243e-20
-1.810829781e-19
-3.365891448e-19
-1.067318633e-08
1.064067645e-08
-1.367302845e-08
5.868201456e-09
-1.202422615e-08
4.386788819e-10
-8.684713666e-09
2.881378176e-09
-4.499948624e-09
1.167764622e-08
3.683790811e-10
2.015299881e-08
1.836641193e-09
2.094888852e-08
-2.313262644e-18
2.438718367e-08
-5.303704744e-19
-7.444781978e-19
-1.507043544e-19
-3.155754273e-19
-2.87171521e-20
-1.021291749e-19
1.390652904e-20
-3.50830924e-20
3.077415934e-20
-1.124787206e-20
3.864823715e-20
-1.496577343e-21
4.310056578e-20
3.065833201e-21
4.613435756e-20
5.443616474e-21
4.852848126e-20
6.76632137e-21
5.060245459e-20
7.502452569e-21
5.24881255e-20
7.864395106e-21
5.423605154e-20
7.958148029e-21
5.586099059e-20
7.84345719e-21
5.736254231e-20
7.559179875e-21
5.873472324e-20
7.134168401e-21
5.997032347e-20
6.59191602e-21
6.106274222e-20
5.952520252e-21
6.200661382e-20
5.233533604e-21
6.27978782e-20
4.450389617e-21
6.343362271e-20
3.616694081e-21
6.391185655e-20
2.744493659e-21
6.423129368e-20
1.844558014e-21
6.439117789e-20
9.266814375e-22
6.439435633e-20
-3.325738161e-32
5.578162121e-20
-4.435770019e-21
-3.042697316e-21
1.535582802e-19
-8.167393664e-20
2.711060419e-19
-1.495511199e-19
2.874879535e-19
-1.834871211e-19
1.932116473e-19
-1.681810874e-19
-1.127069927e-20
-1.0378282e-19
-2.585334554e-19
-4.468973471e-19
-1.872572182e-08
1.747449218e-08
-2.437220037e-08
1.151467712e-08
-2.66784786e-08
2.744962225e-09
-2.534214699e-08
1.545049988e-09
-2.020307593e-08
6.538572639e-09
-1.318354764e-08
1.313346897e-08
-7.096146131e-09
1.486149398e-08
7.64532176e-19
1.729103738e-08
2.150782549e-19
-1.396404764e-19
6.27418991e-20
-1.63238985e-19
3.832893042e-20
-7.77159893e-20
3.774174937e-20
-3.449562786e-20
4.052545406e-20
-1.403120875e-20
4.32106477e-20
-4.181307332e-21
4.547834905e-20
7.986808378e-22
4.745706245e-20
3.465519857e-21
4.926461246e-20
4.959445087e-21
5.096439713e-20
5.80338993e-21
5.258187842e-20
6.247672984e-21
5.41213607e-20
6.419449151e-21
5.557671327e-20
6.388899699e-21
5.693753084e-20
6.199156783e-21
5.819247086e-20
5.880008642e-21
5.933092771e-20
5.454209155e-21
6.034375557e-20
4.940393855e-21
6.122346984e-20
4.354453484e-21
6.196418266e-20
3.710226124e-21
6.256142229e-20
3.019904322e-21
6.30119209e-20
2.294334609e-21
6.331341711e-20
1.54328446e-21
6.346449645e-20
7.757052929e-22
6.346460532e-20
-3.553905143e-32
5.468882159e-20
-3.665982696e-21
-2.468013668e-20
2.181275577e-19
-1.257343217e-19
3.588120444e-19
-2.041821364e-19
3.528544859e-19
-2.331354567e-19
2.091089101e-19
-2.022132054e-19
-5.524657315e-20
-1.196265853e-19
-3.541722293e-19
-5.730492594e-19
-1.864017551e-08
2.352552864e-08
-2.501637684e-08
1.789088417e-08
-3.002557826e-08
7.754173068e-09
-3.232602145e-08
3.845495269e-09
-3.006804814e-08
4.280603712e-09
-2.235231225e-08
5.417746479e-09
-1.349724904e-08
6.006420453e-09
2.117802734e-18
3.793797948e-09
3.335640351e-19
2.690688746e-19
1.482648734e-19
2.2060276e-20
8.154929186e-20
-1.10002022e-20
5.820616849e-20
-1.115222523e-20
5.037535547e-20
-6.200018896e-21
4.819063587e-20
-1.996115355e-21
4.814518807e-20
8.446798973e-22
4.895098768e-20
2.66033382e-21
5.01085573e-20
3.802540281e-21
5.140868018e-20
4.503972548e-21
5.275365459e-20
4.903432181e-21
5.409081125e-20
5.083041508e-21
5.538697036e-20
5.093493826e-21
5.66183827e-20
4.968491188e-21
5.776667138e-20
4.732447925e-21
5.881711241e-20
4.404462369e-21
5.97578152e-20
4.000334704e-21
6.057924248e-20
3.53360234e-21
6.127386086e-20
3.016101463e-21
6.183585257e-20
2.458312449e-21
6.226087075e-20
1.86961496e-21
6.254583794e-20
1.258510994e-21
6.268879116e-20
6.328407244e-22
6.269036426e-20
-2.764363641e-32
5.351106366e-20
-2.495498516e-21
-5.313492618e-20
3.09973813e-19
-1.81793869e-19
4.741228529e-19
-2.697069759e-19
4.276863664e-19
-2.877242425e-19
2.14070172e-19
-2.354417761e-19
-1.205826691e-19
-1.326295942e-19
-4.700365325e-19
-7.122041525e-19
-1.315281344e-08
2.696676377e-08
-1.550607594e-08
2.024415464e-08
-1.569714753e-08
7.945256715e-09
-1.506842503e-08
3.216780864e-09
-1.191816996e-08
1.13037124e-09
-7.769840232e-09
1.269424442e-09
-3.793802249e-09
2.030391479e-09
5.772329722e-20
4.451399906e-20
1.595006178e-19
1.672915487e-19
1.152044121e-19
6.635663524e-20
8.139726884e-20
2.280715168e-20
6.315837482e-20
7.086968474e-21
5.457925901e-20
2.379498579e-21
5.103143112e-20
1.552201723e-21
4.996084199e-20
1.915827587e-21
5.009319414e-20
2.528596303e-21
5.080998957e-20
3.08640455e-21
5.180813982e-20
3.50651452e-21
5.293326391e-20
3.779019203e-21
5.410126357e-20
3.915759795e-21
5.526196772e-20
3.933504607e-21
5.638233943e-20
3.848821989e-21
5.743868582e-20
3.676780381e-21
5.841298474e-20
3.430804766e-21
5.929108283e-20
3.122825046e-21
6.00617416e-20
2.763464402e-21
6.071607185e-20
2.362212347e-21
6.124715509e-20
1.927582394e-21
6.164976679e-20
1.467264247e-21
6.192016767e-20
9.882780827e-22
6.205595043e-20
4.971344113e-22
6.205508955e-20
-2.185600333e-32
5.215391014e-20
-5.964322901e-22
-7.946178734e-20
4.267898063e-19
-2.266780889e-19
6.079909808e-19
-3.122695397e-19
5.001966099e-19
-3.112349809e-19
1.999796844e-19
-2.387488345e-19
-2.061224329e-19
-1.267515535e-19
-5.950858992e-19
-8.454809848e-19
-9.231077166e-09
2.692179015e-08
-7.796310846e-09
1.880939707e-08
-5.899255288e-09
6.048210211e-09
-5.545138574e-09
2.862682968e-09
-3.072133421e-09
-1.342620131e-09
-1.053186279e-09
-7.495122219e-10
-3.98566825e-15
9.771987894e-10
-2.612990818e-20
-6.421157575e-21
5.843988056e-20
8.272183293e-20
7.165493029e-20
5.314172826e-20
6.567708563e-20
2.878522543e-20
5.845090492e-20
1.43134786e-20
5.375196216e-20
7.078867239e-21
5.139505698e-20
3.909610022e-21
5.057361071e-20
2.73783884e-21
5.065100239e-20
2.451820677e-21
5.123009954e-20
2.507962627e-21
5.20806445e-20
2.656649547e-21
5.307000451e-20
2.790349863e-21
5.411900838e-20
2.867446102e-21
5.51772851e-20
2.875908957e-21
5.621029783e-20
2.816472698e-21
5.719271021e-20
2.695003244e-21
5.810500502e-20
2.519104115e-21
5.893172219e-20
2.296647186e-21
5.966048954e-20
2.035169044e-21
6.028144189e-20
1.741655349e-21
6.078683694e-20
1.422500705e-21
6.117078062e-20
1.083550326e-21
6.1429024e-20
7.301820632e-22
6.155881602e-20
3.674099234e-22
6.155878119e-20
-2.287739876e-32
5.090430975e-20
2.053922173e-21
-6.969194586e-20
5.325863954e-19
-1.855412897e-19
7.104921373e-19
-2.340107747e-19
5.355849097e-19
-2.085218246e-19
1.614349031e-19
-1.40487456e-19
-2.87210325e-19
-6.537668835e-20
-6.832486543e-19
-9.173829061e-19
-8.48796946e-09
2.207282129e-08
-3.698394876e-09
1.401983278e-08
-1.175112443e-09
3.524934172e-09
-8.886767668e-10
2.576265186e-09
-1.446613821e-10
-2.086639764e-09
3.480537702e-11
-9.289555919e-10
-6.212823297e-15
1.012029022e-09
-4.477631994e-20
3.073536786e-20
2.88597305e-20
9.085851396e-21
4.729842734e-20
3.470320103e-20
5.120533881e-20
2.487857938e-20
5.121629356e-20
1.430288341e-20
5.058270494e-20
7.712898316e-21
5.02232858e-20
4.269540125e-21
5.028759254e-20
2.67410078e-21
5.070714434e-20
2.032884857e-21
5.137878646e-20
1.836970063e-21
5.221434481e-20
1.82175884e-21
5.314710074e-20
1.858266038e-21
5.412747124e-20
1.887742125e-21
5.511784884e-20
1.886184452e-21
5.608882837e-20
1.846124674e-21
5.701681108e-20
1.767620221e-21
5.788254809e-20
1.653922887e-21
5.867024405e-20
1.509450878e-21
5.936697585e-20
1.338870429e-21
5.996228725e-20
1.146703753e-21
6.044788656e-20
9.37184772e-22
6.081741236e-20
7.142317489e-22
6.106625186e-20
4.81475985e-22
6.11914061e-20
2.423182567e-22
6.119316736e-20
-1.383172869e-32
5.11483468e-20
4.092086932e-21
2.869505498e-20
5.402401358e-19
4.762733579e-20
6.782117028e-19
9.300895353e-20
4.771221497e-19
1.377942956e-19
1.035936308e-19
1.444227149e-19
-3.068923485e-19
9.26630163e-20
-6.445409258e-19
-8.312451073e-19
-9.098788856e-09
1.239511061e-08
-2.385945982e-09
7.306990634e-09
-3.873728061e-10
1.526370623e-09
7.355669677e-10
1.45333818e-09
-2.08088458e-10
-1.142971885e-09
-7.152606941e-10
-4.217627937e-10
1.234642338e-18
2.967738682e-10
1.957681997e-19
4.832152729e-20
5.447726368e-20
1.50376865e-19
3.747380443e-20
5.17068578e-20
4.062964283e-20
2.172303318e-20
4.462630847e-20
1.030659347e-20
4.713934675e-20
5.200308667e-21
4.862784646e-20
2.781553505e-21
4.964637662e-20
1.656139613e-21
5.051122954e-20
1.168644931e-21
5.136357524e-20
9.852661123e-22
5.225085201e-20
9.351372281e-22
5.317657683e-20
9.331974106e-22
5.412591356e-20
9.390535759e-22
5.507778906e-20
9.349415405e-22
5.601032392e-20
9.141984169e-22
5.690311374e-20
8.754047804e-22
5.773807608e-20
8.1948931e-22
5.84996636e-20
7.48335642e-22
5.917480917e-20
6.641321174e-22
5.975276827e-20
5.690818058e-22
6.022493354e-20
4.652849758e-22
6.05846566e-20
3.547036826e-22
6.082709413e-20
2.391655876e-22
6.094908784e-20
1.203864338e-22
6.094997626e-20
-2.675999112e-33
5.173633035e-20
5.299006734e-21
2.189641172e-19
3.582143868e-19
4.756729706e-19
4.081560589e-19
6.474802379e-19
2.92235295e-19
6.968085072e-19
4.121098828e-20
5.905781355e-19
-2.137140738e-19
3.273128591e-19
-3.943261039e-19
-5.104559871e-19
-9.018792421e-09
-1.71179869e-09
-1.854132025e-10
1.267937367e-09
1.249784441e-10
-2.967737972e-10
-2.429155104e-19
-1.945939835e-19
-4.421702411e-20
7.489979907e-21
2.921320313e-20
3.952002366e-20
4.472059159e-20
4.750243256e-20
4.915888194e-20
5.032785072e-20
5.131344636e-20
5.22489122e-20
5.3182433e-20
5.412180153e-20
5.505704594e-20
5.597153028e-20
5.684719827e-20
5.766692242e-20
5.841546007e-20
5.907975886e-20
5.964897144e-20
6.011435224e-20
6.04691185e-20
6.070831498e-20
6.082870141e-20
6.082920789e-20
5.812668081e-20
4.095463263e-19
8.111517922e-19
1.096859561e-18
1.131545162e-18
9.113058512e-19
5.104559871e-19
)
;

boundaryField
{
    lowerWall
    {
        type            calculated;
        value           uniform 0;
    }
    atmosphere
    {
        type            calculated;
        value           nonuniform List<scalar> 
80
(
-6.130323888e-09
-1.088732535e-08
-1.175236015e-08
-1.204275955e-08
-1.195218664e-08
-1.353740118e-08
-1.308423694e-08
-1.265495009e-08
-9.603157815e-09
-7.501028648e-09
-5.897087587e-09
-6.180292033e-09
-7.746456817e-09
-1.019943053e-08
-1.338575831e-08
-1.705081724e-08
-2.049356651e-08
-2.123574971e-08
-1.302365538e-08
7.223749894e-09
2.83190707e-08
3.972683304e-08
3.809053471e-08
2.966504485e-08
2.255166849e-08
1.737127252e-08
1.303830541e-08
9.772587165e-09
7.160225171e-09
5.749010454e-09
2.738716389e-09
-1.21578153e-09
-4.353134041e-09
-6.794510334e-09
-8.343743567e-09
-9.08422538e-09
-8.516794212e-09
-6.939835349e-09
-2.920623001e-09
-2.749694403e-09
-2.350243242e-09
-2.832427515e-09
-4.085944189e-09
-4.283178061e-09
-8.427094164e-09
-4.475984188e-09
5.290689277e-09
1.49702466e-08
1.831705795e-08
2.48132085e-08
1.536146492e-08
3.665302759e-08
2.967647231e-08
-7.45713104e-09
-1.557907716e-08
-1.166074284e-08
-9.162338286e-09
-7.990946549e-09
-6.692463299e-09
-6.380463672e-09
-6.091154536e-09
-6.240262949e-09
-6.51780927e-09
-7.112482111e-09
-7.538587182e-09
-8.652075513e-09
-8.937166404e-09
-1.03370283e-08
-1.11516926e-08
-1.201115587e-08
-1.132211153e-08
-5.514066277e-09
4.60031611e-09
1.189190362e-08
1.25891404e-08
9.711579737e-09
9.276057441e-09
1.33369486e-08
1.877650259e-08
2.141390572e-08
)
;
    }
    rightWall
    {
        type            empty;
    }
    leftWall
    {
        type            empty;
    }
    frontAndBack
    {
        type            calculated;
        value           nonuniform List<scalar> 
80
(
-3.009265538e-36
0
0
-2.40741243e-35
0
0
0
0
0
0
0
0
0
0
0
0
0
0
0
0
0
0
0
0
0
0
0
0
0
0
0
0
0
-1.925929944e-34
-1.925929944e-34
0
0
-1.925929944e-34
0
-1.925929944e-34
0
0
0
0
0
-2.40741243e-35
0
0
0
0
0
0
0
0
0
0
0
0
0
0
0
0
0
0
0
0
0
0
0
0
0
0
0
0
1.925929944e-34
0
0
0
0
0
)
;
    }
}


// ************************************************************************* //
