/*--------------------------------*- C++ -*----------------------------------*\
| =========                 |                                                 |
| \\      /  F ield         | OpenFOAM: The Open Source CFD Toolbox           |
|  \\    /   O peration     | Version:  2506                                  |
|   \\  /    A nd           | Website:  www.openfoam.com                      |
|    \\/     M anipulation  |                                                 |
\*---------------------------------------------------------------------------*/
FoamFile
{
    version     2.0;
    format      ascii;
    arch        "LSB;label=32;scalar=64";
    class       volVectorField;
    location    "0.006";
    object      U;
}
// * * * * * * * * * * * * * * * * * * * * * * * * * * * * * * * * * * * * * //

dimensions      [0 1 -1 0 0 0 0];

internalField   nonuniform List<vector> 
3200
(
(0 0.4699949649 -0.1682831904)
(0 1.265062168 0.02670119092)
(0 -0.02179836558 -0.4574570012)
(0 -0.3998572324 -0.4961482398)
(0 -0.2923449783 0.03481171837)
(0 0.1123490703 0.06279076594)
(0 1.014481674e-05 0.1177286555)
(0 -4.943015709e-10 6.412875595e-10)
(0 1.157787559e-11 8.635972538e-12)
(0 1.902444291e-11 4.139467724e-12)
(0 1.268144269e-11 2.203550404e-12)
(0 9.198844322e-12 1.279098714e-12)
(0 7.131790634e-12 7.880334895e-13)
(0 5.843214626e-12 5.006454081e-13)
(0 5.023242945e-12 3.194514184e-13)
(0 4.50431783e-12 1.996189076e-13)
(0 4.186431016e-12 1.184308442e-13)
(0 4.005072769e-12 6.310574785e-14)
(0 3.91642737e-12 2.573055996e-14)
(0 3.889856966e-12 1.039950673e-15)
(0 3.903655479e-12 -1.463069716e-14)
(0 3.94239327e-12 -2.389066834e-14)
(0 3.995120578e-12 -2.861265933e-14)
(0 4.054096912e-12 -3.013968767e-14)
(0 4.113878773e-12 -2.943004481e-14)
(0 4.170662717e-12 -2.716344014e-14)
(0 4.221811453e-12 -2.382001429e-14)
(0 4.265512424e-12 -1.973895139e-14)
(0 4.300534693e-12 -1.516145413e-14)
(0 4.326060508e-12 -1.026210251e-14)
(0 4.341574273e-12 -5.172299478e-15)
(0 2.173389945e-12 -6.467514846e-25)
(0 9.311995125e-12 -2.96478863e-13)
(0 1.600280639e-11 -1.598609683e-11)
(0 5.455378715e-11 -1.904954244e-11)
(0 7.097465872e-11 -1.442675759e-11)
(0 1.156561867e-10 -3.998653868e-12)
(0 8.256177068e-11 8.555188048e-12)
(0 7.76866389e-11 1.947898125e-11)
(0 2.131442366e-11 2.60261858e-11)
(0 0.8605677312 -0.2579100987)
(0 1.072650263 -0.1702509833)
(0 0.7041357344 2.038262536)
(0 0.2345992145 0.5626729214)
(0 -0.4511969599 -0.5335350072)
(0 -0.1097644606 -0.3763849275)
(0 -1.160036579e-11 7.319023867e-14)
(0 -2.952592045e-12 9.414420144e-12)
(0 1.57259013e-11 1.882853289e-11)
(0 1.259198496e-11 9.857815558e-12)
(0 9.821073683e-12 5.599229499e-12)
(0 7.783327407e-12 3.403960548e-12)
(0 6.353337328e-12 2.160481433e-12)
(0 5.374632555e-12 1.395807033e-12)
(0 4.722216444e-12 8.970638026e-13)
(0 4.303297256e-12 5.602885923e-13)
(0 4.049917857e-12 3.295100404e-13)
(0 3.912372485e-12 1.714512231e-13)
(0 3.854361573e-12 6.459436031e-14)
(0 3.849495709e-12 -5.810706942e-15)
(0 3.87872486e-12 -5.021503859e-14)
(0 3.928411308e-12 -7.612897151e-14)
(0 3.988871559e-12 -8.896187778e-14)
(0 4.053279526e-12 -9.259447946e-14)
(0 4.11685502e-12 -8.979335529e-14)
(0 4.176272747e-12 -8.251903008e-14)
(0 4.229235941e-12 -7.21554676e-14)
(0 4.274170984e-12 -5.967941468e-14)
(0 4.310011542e-12 -4.578408921e-14)
(0 4.336049663e-12 -3.096937122e-14)
(0 4.351836376e-12 -1.560858163e-14)
(0 2.178562244e-12 -1.449116607e-24)
(0 9.349799821e-12 -6.597621489e-13)
(0 1.336781638e-11 -4.038340985e-11)
(0 3.138248599e-11 -4.971510813e-11)
(0 3.399554617e-11 -3.766561078e-11)
(0 7.398843269e-11 -1.148689609e-11)
(0 4.209467595e-11 2.091363989e-11)
(0 4.909090267e-11 5.016032917e-11)
(0 1.179834754e-11 6.720012131e-11)
(0 0.9394347776 -0.148808397)
(0 0.6317358347 -0.1350927515)
(0 0.9266046373 1.465637211)
(0 1.065436689 0.9518332763)
(0 0.5141128192 0.3471351672)
(0 -0.005806150286 -0.2124956759)
(0 -6.828590883e-12 -2.020179082e-12)
(0 -6.132531203e-12 1.132433306e-11)
(0 3.305073511e-12 1.846776264e-11)
(0 5.795117662e-12 1.086404534e-11)
(0 6.227587682e-12 6.931627485e-12)
(0 5.760096257e-12 4.577071673e-12)
(0 5.123637119e-12 3.054168353e-12)
(0 4.579796995e-12 2.025086031e-12)
(0 4.187724504e-12 1.312761459e-12)
(0 3.936764068e-12 8.150193173e-13)
(0 3.797593647e-12 4.679307471e-13)
(0 3.740157089e-12 2.286582558e-13)
(0 3.73916544e-12 6.706972936e-14)
(0 3.775047567e-12 -3.860297164e-14)
(0 3.833337215e-12 -1.042379382e-13)
(0 3.903646431e-12 -1.414035606e-13)
(0 3.978655071e-12 -1.584708366e-13)
(0 4.053265434e-12 -1.614433636e-13)
(0 4.123954222e-12 -1.545899811e-13)
(0 4.188300604e-12 -1.409254284e-13)
(0 4.244651068e-12 -1.225701226e-13)
(0 4.291883802e-12 -1.01014941e-13)
(0 4.329244737e-12 -7.731376275e-14)
(0 4.356236016e-12 -5.22231364e-14)
(0 4.372543645e-12 -2.630450909e-14)
(0 2.188998527e-12 -2.083281669e-24)
(0 9.424823216e-12 -7.074794807e-13)
(0 1.2853707e-11 -4.600159014e-11)
(0 3.727434692e-12 -5.948180081e-11)
(0 -1.288027108e-11 -4.603447573e-11)
(0 1.873313865e-11 -1.617183645e-11)
(0 -1.136536171e-11 2.267604173e-11)
(0 1.075850366e-11 5.925557821e-11)
(0 -1.536285144e-12 8.052997491e-11)
(0 0.9632780671 0.004345956587)
(0 0.7270461588 -0.03591331853)
(0 0.8269296388 0.7530717383)
(0 1.424759661 0.9280965795)
(0 0.962168818 0.5131702719)
(0 -0.01265203225 0.02873621881)
(0 -1.954491858e-11 -4.992220818e-12)
(0 -2.990795637e-11 -5.319537606e-12)
(0 -1.09163211e-11 6.670636247e-12)
(0 1.055870278e-12 8.198995899e-12)
(0 3.534100013e-12 6.686155136e-12)
(0 3.905868275e-12 4.918518027e-12)
(0 3.801351686e-12 3.454019354e-12)
(0 3.633225662e-12 2.337590685e-12)
(0 3.512149731e-12 1.513859059e-12)
(0 3.458466544e-12 9.190780062e-13)
(0 3.463556795e-12 4.985157767e-13)
(0 3.511511467e-12 2.081607134e-13)
(0 3.587100345e-12 1.360562589e-14)
(0 3.678188041e-12 -1.114636799e-13)
(0 3.775924271e-12 -1.867680022e-13)
(0 3.874178409e-12 -2.268155222e-13)
(0 3.968831756e-12 -2.421072687e-13)
(0 4.057160382e-12 -2.401407679e-13)
(0 4.137372955e-12 -2.262118096e-13)
(0 4.208292606e-12 -2.040327041e-13)
(0 4.269146429e-12 -1.761951818e-13)
(0 4.319427344e-12 -1.445090629e-13)
(0 4.358803347e-12 -1.102462965e-13)
(0 4.387058917e-12 -7.431591357e-14)
(0 4.404059512e-12 -3.739045252e-14)
(0 2.204866753e-12 -2.993776647e-24)
(0 9.507582135e-12 -6.23986542e-13)
(0 1.25012892e-11 -3.735012274e-11)
(0 -1.174784712e-11 -5.122704481e-11)
(0 -4.033061376e-11 -4.191410934e-11)
(0 -1.49693909e-11 -1.728984678e-11)
(0 -4.460161307e-11 1.70717513e-11)
(0 -1.364589346e-11 5.044403959e-11)
(0 -1.021432795e-11 7.088383874e-11)
(0 0.9561108835 0.07757304144)
(0 0.9297631239 0.1111905129)
(0 0.8908520467 0.7116209884)
(0 1.313349686 0.7983939372)
(0 1.290872814 2.430419112)
(0 -0.01836314485 0.6829822865)
(0 6.081247359e-07 2.954650555e-05)
(0 1.715961261e-11 1.046891183e-11)
(0 2.129165802e-11 9.803308058e-12)
(0 5.810639928e-12 8.575150702e-12)
(0 2.947109811e-12 6.695478782e-12)
(0 2.527960475e-12 4.95682596e-12)
(0 2.542709777e-12 3.505800835e-12)
(0 2.6396367e-12 2.357399236e-12)
(0 2.769211826e-12 1.486007578e-12)
(0 2.921420786e-12 8.489200052e-13)
(0 3.086676354e-12 3.988959159e-13)
(0 3.255246938e-12 9.186865939e-14)
(0 3.419541046e-12 -1.09334631e-13)
(0 3.574673939e-12 -2.340794491e-13)
(0 3.717985373e-12 -3.045485857e-13)
(0 3.848307164e-12 -3.369812535e-13)
(0 3.965329825e-12 -3.430023458e-13)
(0 4.069160893e-12 -3.308014938e-13)
(0 4.160062286e-12 -3.060846197e-13)
(0 4.238317232e-12 -2.727999692e-13)
(0 4.304174709e-12 -2.336720896e-13)
(0 4.357832688e-12 -1.905849152e-13)
(0 4.399437886e-12 -1.448524047e-13)
(0 4.42909186e-12 -9.740877018e-14)
(0 4.446859558e-12 -4.894340792e-14)
(0 2.226388979e-12 -3.673771573e-24)
(0 9.60211359e-12 -5.250019114e-13)
(0 1.275719475e-11 -2.41933544e-11)
(0 -1.346682947e-11 -3.604248927e-11)
(0 -4.501887167e-11 -3.217117676e-11)
(0 -2.225555574e-11 -1.590946073e-11)
(0 -5.284450035e-11 9.316880172e-12)
(0 -2.040272236e-11 3.459605668e-11)
(0 -1.273393488e-11 5.127194774e-11)
(0 1.081423666 0.00607583087)
(0 1.375864397 0.04878011639)
(0 1.05127945 0.2078126169)
(0 3.122549931 0.2777010997)
(0 0.9891193848 1.172534578)
(0 11.39611377 0.7165628031)
(0 -4.602210903e-12 6.703104445e-12)
(0 -1.452387922e-11 3.460666624e-11)
(0 -8.488473838e-12 1.783791924e-11)
(0 -2.051972299e-12 9.602806486e-12)
(0 -8.422472927e-14 6.5637829e-12)
(0 7.161903288e-13 4.707506632e-12)
(0 1.201924962e-12 3.25496011e-12)
(0 1.613432405e-12 2.100199239e-12)
(0 2.0036705e-12 1.223853278e-12)
(0 2.371354881e-12 5.917000695e-13)
(0 2.706505449e-12 1.562804532e-13)
(0 3.00328092e-12 -1.30239866e-13)
(0 3.261152237e-12 -3.08717043e-13)
(0 3.482974087e-12 -4.10950864e-13)
(0 3.673022467e-12 -4.603485275e-13)
(0 3.835724649e-12 -4.735478637e-13)
(0 3.975011516e-12 -4.621148019e-13)
(0 4.094078108e-12 -4.339776054e-13)
(0 4.19537448e-12 -3.945263992e-13)
(0 4.280705136e-12 -3.474124196e-13)
(0 4.351361483e-12 -2.951107985e-13)
(0 4.408247029e-12 -2.39309115e-13)
(0 4.451979492e-12 -1.811727013e-13)
(0 4.482967913e-12 -1.215254493e-13)
(0 4.501468282e-12 -6.097454682e-14)
(0 2.253810161e-12 -4.181882707e-24)
(0 9.715266446e-12 -5.021985824e-13)
(0 1.320286859e-11 -1.32806286e-11)
(0 -8.189938561e-12 -2.228785186e-11)
(0 -3.752344006e-11 -2.227434034e-11)
(0 -1.475255764e-11 -1.327784389e-11)
(0 -4.670404691e-11 3.022890923e-12)
(0 -1.67048908e-11 1.989746538e-11)
(0 -1.151432967e-11 3.19497445e-11)
(0 1.047896906 -0.08710912304)
(0 1.059906063 -0.05183912312)
(0 1.390536899 -0.3878218653)
(0 1.324307437 0.04001635762)
(0 2.794635414 -1.399824911)
(0 2.006988934 -2.237874178)
(0 0.01989166761 10.81951864)
(0 -1.424102348e-11 1.572598646e-11)
(0 -1.803175348e-11 2.964950394e-12)
(0 -5.463463467e-12 5.434434411e-12)
(0 -1.948190043e-12 5.249336983e-12)
(0 -7.808623159e-13 4.054455106e-12)
(0 -6.459761567e-14 2.706331788e-12)
(0 6.085298683e-13 1.564581865e-12)
(0 1.260712656e-12 7.175028147e-13)
(0 1.853847961e-12 1.377407097e-13)
(0 2.364736419e-12 -2.352448509e-13)
(0 2.790249442e-12 -4.603969238e-13)
(0 3.138830048e-12 -5.843376489e-13)
(0 3.423042455e-12 -6.406461244e-13)
(0 3.655388373e-12 -6.523335548e-13)
(0 3.84654089e-12 -6.347371627e-13)
(0 4.004900083e-12 -5.979264577e-13)
(0 4.136749296e-12 -5.484663914e-13)
(0 4.246627472e-12 -4.906312905e-13)
(0 4.337732833e-12 -4.272131126e-13)
(0 4.412278014e-12 -3.600498973e-13)
(0 4.471770785e-12 -2.903680771e-13)
(0 4.517221551e-12 -2.190035123e-13)
(0 4.549290015e-12 -1.465447633e-13)
(0 4.568385007e-12 -7.342756822e-14)
(0 2.287363526e-12 -4.634911367e-24)
(0 9.853578709e-12 -5.360573179e-13)
(0 1.363019915e-11 -6.562917397e-12)
(0 -1.89363104e-12 -1.292360207e-11)
(0 -2.758690905e-11 -1.464367838e-11)
(0 -3.61341437e-12 -1.042868805e-11)
(0 -3.655288527e-11 -8.952257222e-13)
(0 -9.798194914e-12 9.240663546e-12)
(0 -9.083413892e-12 1.707301408e-11)
(0 1.014422405 -0.07402690946)
(0 1.009685139 -0.2042034262)
(0 1.465491211 -0.3789099024)
(0 1.161963685 -0.9007688857)
(0 3.489659336 -0.8777739438)
(0 -2.214302995 3.39717766)
(0 -4.423404777 8.203977731)
(0 7.24931992e-13 -2.212720308e-12)
(0 2.347839434e-12 -6.012000689e-12)
(0 2.325425101e-13 3.949997069e-12)
(0 -1.464204034e-12 4.944668799e-12)
(0 -1.826814866e-12 3.554639344e-12)
(0 -1.287948279e-12 1.951324458e-12)
(0 -3.753965685e-13 7.342884682e-13)
(0 5.768293451e-13 -5.616715875e-14)
(0 1.418607216e-12 -5.230031641e-13)
(0 2.108367816e-12 -7.746207673e-13)
(0 2.654188122e-12 -8.917808899e-13)
(0 3.080903036e-12 -9.275976061e-13)
(0 3.414978181e-12 -9.149615494e-13)
(0 3.678931429e-12 -8.735972636e-13)
(0 3.890131746e-12 -8.151351722e-13)
(0 4.061282287e-12 -7.463835621e-13)
(0 4.201373275e-12 -6.713281634e-13)
(0 4.316627759e-12 -5.923180561e-13)
(0 4.411286529e-12 -5.107573647e-13)
(0 4.488206518e-12 -4.275052787e-13)
(0 4.549293414e-12 -3.431066229e-13)
(0 4.595802805e-12 -2.579247598e-13)
(0 4.628543858e-12 -1.722185265e-13)
(0 4.648013046e-12 -8.618752236e-14)
(0 2.32723773e-12 -4.970281786e-24)
(0 1.00210959e-11 -5.938388045e-13)
(0 1.40186547e-11 -3.334612587e-12)
(0 2.833680524e-12 -7.639448592e-12)
(0 -1.968878887e-11 -9.605663071e-12)
(0 5.755499792e-12 -7.983500332e-12)
(0 -2.760066036e-11 -2.928948428e-12)
(0 -3.441258223e-12 2.473239439e-12)
(0 -6.786734896e-12 7.014956115e-12)
(0 0.7702033204 -0.10937521)
(0 0.722461687 -0.3133024007)
(0 0.9004465879 -0.6649834019)
(0 0.7380737975 -1.296440913)
(0 0.2022776821 1.532022633)
(0 -3.659291691 6.064660499)
(0 -3.131193339 5.901768163)
(0 0.285918985 -4.482739978)
(0 3.543179614e-12 -1.349413845e-13)
(0 3.404201171e-12 9.354235121e-12)
(0 -2.343547773e-12 7.025936679e-12)
(0 -3.774206657e-12 3.268101242e-12)
(0 -2.884948492e-12 8.100339999e-13)
(0 -1.398961749e-12 -5.22583014e-13)
(0 3.421023312e-15 -1.153439025e-12)
(0 1.135394352e-12 -1.398956491e-12)
(0 1.995958693e-12 -1.448457706e-12)
(0 2.637272603e-12 -1.40451566e-12)
(0 3.115649389e-12 -1.319316224e-12)
(0 3.477042797e-12 -1.218007387e-12)
(0 3.75521475e-12 -1.111957295e-12)
(0 3.973754591e-12 -1.005819153e-12)
(0 4.148707092e-12 -9.011406591e-13)
(0 4.290814802e-12 -7.981414662e-13)
(0 4.40719827e-12 -6.965525759e-13)
(0 4.50254561e-12 -5.959897101e-13)
(0 4.579928756e-12 -4.961028104e-13)
(0 4.641351304e-12 -3.966227298e-13)
(0 4.688109648e-12 -2.973639381e-13)
(0 4.721027252e-12 -1.9821077e-13)
(0 4.740603534e-12 -9.90993869e-14)
(0 2.373551048e-12 -5.169376162e-24)
(0 1.021821629e-11 -6.543555179e-13)
(0 1.437345766e-11 -2.295513477e-12)
(0 5.662024094e-12 -5.166444784e-12)
(0 -1.464761849e-11 -6.656793888e-12)
(0 1.210025261e-11 -6.186527179e-12)
(0 -2.124362158e-11 -3.829646489e-12)
(0 1.245777212e-12 -1.464158095e-12)
(0 -5.052230404e-12 7.712660622e-13)
(0 0.6024788206 -0.09216816607)
(0 0.4780440739 -0.2272317463)
(0 0.5366442004 -0.5567394151)
(0 -0.06760528372 -0.1826489626)
(0 -1.117652322 3.375709175)
(0 -3.074265015 6.650589377)
(0 -0.9376316579 3.456772807)
(0 -1.108971489 -4.113925373)
(0 7.617116585e-13 2.783416503e-12)
(0 -2.637075603e-12 1.828871888e-11)
(0 -8.469006687e-12 9.620923523e-12)
(0 -8.042717545e-12 1.681791563e-12)
(0 -5.078632535e-12 -1.456704123e-12)
(0 -2.338869594e-12 -2.481203021e-12)
(0 -2.995441323e-13 -2.636008641e-12)
(0 1.123588535e-12 -2.470896773e-12)
(0 2.102808648e-12 -2.215721907e-12)
(0 2.783329604e-12 -1.958499395e-12)
(0 3.267411309e-12 -1.727141207e-12)
(0 3.62233711e-12 -1.525793274e-12)
(0 3.891119662e-12 -1.350403023e-12)
(0 4.100948382e-12 -1.195039379e-12)
(0 4.268959974e-12 -1.054213544e-12)
(0 4.405961358e-12 -9.235397414e-13)
(0 4.518779515e-12 -7.997567005e-13)
(0 4.611736295e-12 -6.805414786e-13)
(0 4.687573498e-12 -5.642879025e-13)
(0 4.748032286e-12 -4.499105775e-13)
(0 4.794214765e-12 -3.366896111e-13)
(0 4.826808409e-12 -2.241537758e-13)
(0 4.846223816e-12 -1.119942609e-13)
(0 2.426337117e-12 -5.18888542e-24)
(0 1.044492485e-11 -7.046753873e-13)
(0 1.472643241e-11 -2.383894484e-12)
(0 7.071505731e-12 -4.334098626e-12)
(0 -1.188098313e-11 -5.15595291e-12)
(0 1.586723606e-11 -5.051132964e-12)
(0 -1.724280211e-11 -4.186521257e-12)
(0 4.317929838e-12 -3.611430093e-12)
(0 -3.886725473e-12 -2.853074234e-12)
(0 0.4745117612 -0.04827915983)
(0 0.2801705087 -0.09417504328)
(0 0.2606296751 -0.2447078776)
(0 -0.5367466554 0.6149498589)
(0 -0.7736590385 4.11676595)
(0 -1.86744814 6.53756684)
(0 0.8997815384 2.558855469)
(0 -1.261920132 -3.453105259)
(0 -0.1926188675 -1.288033628)
(0 -1.842916159e-11 1.21562237e-11)
(0 -2.849480321e-11 1.943314792e-12)
(0 -1.485183419e-11 -4.705411162e-12)
(0 -7.047943076e-12 -5.837453367e-12)
(0 -2.578266267e-12 -5.309518505e-12)
(0 1.372727144e-14 -4.438474204e-12)
(0 1.555681087e-12 -3.632882434e-12)
(0 2.508356071e-12 -2.985017675e-12)
(0 3.125853304e-12 -2.486605002e-12)
(0 3.548355511e-12 -2.104948018e-12)
(0 3.853780981e-12 -1.807617488e-12)
(0 4.085968645e-12 -1.568818331e-12)
(0 4.26994407e-12 -1.369716562e-12)
(0 4.420206729e-12 -1.197128164e-12)
(0 4.545271646e-12 -1.042041009e-12)
(0 4.650196533e-12 -8.983872486e-13)
(0 4.738014408e-12 -7.621260538e-13)
(0 4.810559657e-12 -6.30590674e-13)
(0 4.868949595e-12 -5.020349468e-13)
(0 4.913866449e-12 -3.753222794e-13)
(0 4.945722602e-12 -2.4971325e-13)
(0 4.96475731e-12 -1.247194919e-13)
(0 2.485545309e-12 -5.176051903e-24)
(0 1.069969196e-11 -7.415907321e-13)
(0 1.510392619e-11 -2.91460901e-12)
(0 7.61573559e-12 -4.324304345e-12)
(0 -1.059037667e-11 -4.567380467e-12)
(0 1.785992987e-11 -4.481497228e-12)
(0 -1.494975293e-11 -4.366357996e-12)
(0 6.165187273e-12 -4.740207085e-12)
(0 -3.166510951e-12 -4.837227742e-12)
(0 0.4983832623 0.02823855265)
(0 0.2646700845 0.07820600696)
(0 0.3775813926 0.1901470144)
(0 -0.6723421208 0.9719380775)
(0 0.1413441289 4.022298871)
(0 -0.5724047363 5.90841106)
(0 1.70880451 2.468109032)
(0 1.270845006 -1.761682131)
(0 -0.1173180349 -2.677142223)
(0 -2.697154586e-11 -2.568807079e-11)
(0 -3.840883918e-11 -2.238479872e-11)
(0 -1.582348538e-11 -1.660934899e-11)
(0 -5.682739878e-12 -1.18782551e-11)
(0 -9.398904302e-13 -8.480984595e-12)
(0 1.377091939e-12 -6.175518739e-12)
(0 2.577045063e-12 -4.637157488e-12)
(0 3.24908608e-12 -3.604859169e-12)
(0 3.663399262e-12 -2.897945063e-12)
(0 3.946398822e-12 -2.398420281e-12)
(0 4.158466797e-12 -2.03090492e-12)
(0 4.329020588e-12 -1.747530918e-12)
(0 4.472638549e-12 -1.517873759e-12)
(0 4.596635528e-12 -1.322533892e-12)
(0 4.704702274e-12 -1.149101036e-12)
(0 4.79869447e-12 -9.896178732e-13)
(0 4.879532869e-12 -8.389781023e-13)
(0 4.947664605e-12 -6.939073533e-13)
(0 5.003300681e-12 -5.523096167e-13)
(0 5.046536462e-12 -4.128445836e-13)
(0 5.077411196e-12 -2.746517753e-13)
(0 5.095937066e-12 -1.371676501e-13)
(0 2.551056608e-12 -5.196732363e-24)
(0 1.098232706e-11 -7.655281449e-13)
(0 1.551404029e-11 -3.510793737e-12)
(0 7.716629196e-12 -4.64244416e-12)
(0 -1.012588097e-11 -4.505969834e-12)
(0 1.878192784e-11 -4.343172371e-12)
(0 -1.37526519e-11 -4.556447514e-12)
(0 7.189079459e-12 -5.349255377e-12)
(0 -2.754338956e-12 -5.873003944e-12)
(0 0.623729317 0.08624944807)
(0 0.4345622435 0.1962202255)
(0 0.5887749589 0.5551463581)
(0 -0.3992571595 1.062289788)
(0 0.4198419774 3.648039854)
(0 0.04331792338 5.062054908)
(0 1.781810488 1.336431132)
(0 2.740057154 -1.167581304)
(0 -2.378389246e-11 -8.438545631e-12)
(0 -3.691456972e-11 -6.355958611e-11)
(0 -1.714333813e-11 -4.691339106e-11)
(0 -4.34529055e-12 -2.746873344e-11)
(0 1.080421314e-12 -1.658531489e-11)
(0 3.124470095e-12 -1.056065903e-11)
(0 3.857554379e-12 -7.145486981e-12)
(0 4.126340657e-12 -5.135388154e-12)
(0 4.247568495e-12 -3.899314797e-12)
(0 4.332292192e-12 -3.101886606e-12)
(0 4.415395654e-12 -2.55987495e-12)
(0 4.504670343e-12 -2.170044314e-12)
(0 4.598999805e-12 -1.872519502e-12)
(0 4.694941097e-12 -1.631705366e-12)
(0 4.788979453e-12 -1.426023488e-12)
(0 4.878187664e-12 -1.24220189e-12)
(0 4.960319466e-12 -1.071995806e-12)
(0 5.033724928e-12 -9.102525736e-13)
(0 5.097228142e-12 -7.537435231e-13)
(0 5.150012365e-12 -6.004451424e-13)
(0 5.191524291e-12 -4.490893719e-13)
(0 5.221399536e-12 -2.988781007e-13)
(0 5.239409085e-12 -1.492986046e-13)
(0 2.622712959e-12 -5.129418248e-24)
(0 1.129174594e-11 -7.763492501e-13)
(0 1.595985356e-11 -4.008487047e-12)
(0 7.655196822e-12 -5.031285197e-12)
(0 -1.003564804e-11 -4.719354079e-12)
(0 1.914555703e-11 -4.499111737e-12)
(0 -1.31851058e-11 -4.822481049e-12)
(0 7.710760124e-12 -5.725208336e-12)
(0 -2.536279566e-12 -6.403410091e-12)
(0 0.8191809445 0.1135394504)
(0 0.68097833 0.3277536608)
(0 0.7195912837 0.8487396487)
(0 -0.1337741677 1.336321992)
(0 -0.09115209522 3.622627107)
(0 -0.4181481697 4.416996467)
(0 1.050507802 -0.5157514015)
(0 0.08481120353 -0.05986793992)
(0 -4.014698094e-11 -1.340353291e-11)
(0 -3.495277353e-11 -3.687145042e-11)
(0 1.208670052e-11 -5.983097461e-11)
(0 1.450459054e-11 -2.976676389e-11)
(0 1.122533453e-11 -1.643354828e-11)
(0 8.49993748e-12 -1.003081354e-11)
(0 6.802362812e-12 -6.710381582e-12)
(0 5.823217248e-12 -4.859594849e-12)
(0 5.282587628e-12 -3.755116272e-12)
(0 5.002839108e-12 -3.050400622e-12)
(0 4.878241114e-12 -2.569140333e-12)
(0 4.845822246e-12 -2.216870688e-12)
(0 4.867359536e-12 -1.94078908e-12)
(0 4.919134562e-12 -1.710395296e-12)
(0 4.986139003e-12 -1.50764295e-12)
(0 5.058729956e-12 -1.321676941e-12)
(0 5.130643787e-12 -1.145900131e-12)
(0 5.197785152e-12 -9.762823187e-13)
(0 5.257472037e-12 -8.103597894e-13)
(0 5.307954832e-12 -6.466310029e-13)
(0 5.348103504e-12 -4.841852093e-13)
(0 5.377201964e-12 -3.224709537e-13)
(0 5.394815166e-12 -1.611496162e-13)
(0 2.700355213e-12 -4.886354735e-24)
(0 1.162703247e-11 -7.758186803e-13)
(0 1.645152897e-11 -4.373856014e-12)
(0 7.596397531e-12 -5.38830098e-12)
(0 -1.004361722e-11 -5.055182982e-12)
(0 1.928047184e-11 -4.827387403e-12)
(0 -1.29317343e-11 -5.158767645e-12)
(0 7.957045177e-12 -6.009592837e-12)
(0 -2.429499171e-12 -6.68597307e-12)
(0 1.073468881 0.1326661934)
(0 0.9260156637 0.5047457041)
(0 0.7858553589 1.190868232)
(0 -0.1622941274 1.970652707)
(0 -0.8604811617 4.000758502)
(0 -0.7121974466 4.101148311)
(0 -0.570914925 0.2027151377)
(0 -0.4806821387 0.1084349887)
(0 -0.243312259 0.08365499214)
(0 -2.973708059e-08 -5.135068151e-07)
(0 2.572123317e-11 -2.961674934e-11)
(0 3.905213571e-11 -1.533383855e-11)
(0 2.081637167e-11 -9.351226015e-12)
(0 1.284763679e-11 -6.418651994e-12)
(0 9.02877307e-12 -4.805636688e-12)
(0 7.081605967e-12 -3.837490573e-12)
(0 6.056762722e-12 -3.211144075e-12)
(0 5.51826813e-12 -2.775448786e-12)
(0 5.248925588e-12 -2.449407464e-12)
(0 5.133021597e-12 -2.187501672e-12)
(0 5.105475197e-12 -1.963361605e-12)
(0 5.128087226e-12 -1.761433557e-12)
(0 5.177697808e-12 -1.5724662e-12)
(0 5.239930484e-12 -1.390952985e-12)
(0 5.305714089e-12 -1.213634787e-12)
(0 5.369265269e-12 -1.038605424e-12)
(0 5.426879458e-12 -8.647717692e-13)
(0 5.476186945e-12 -6.915259043e-13)
(0 5.51568434e-12 -5.185451589e-13)
(0 5.544435129e-12 -3.456700884e-13)
(0 5.561880039e-12 -1.728304087e-13)
(0 2.783862575e-12 -4.71404596e-24)
(0 1.198783491e-11 -7.648752056e-13)
(0 1.697835028e-11 -4.639387015e-12)
(0 7.608420996e-12 -5.698048118e-12)
(0 -1.001622472e-11 -5.429710919e-12)
(0 1.936527342e-11 -5.230668537e-12)
(0 -1.280582657e-11 -5.527510041e-12)
(0 8.070727648e-12 -6.256303668e-12)
(0 -2.380032127e-12 -6.854140776e-12)
(0 1.366494388 0.1807239721)
(0 1.117245508 0.7882241583)
(0 0.7234093605 1.752836057)
(0 -0.5029423239 2.977359405)
(0 -1.462484811 4.502840636)
(0 -1.450636938 3.447841846)
(0 -1.561313367 -0.3002137631)
(0 -1.122499466 -0.5684858537)
(0 -0.625128889 -0.4435350143)
(0 -0.00132250842 -0.240833971)
(0 2.504252935e-11 2.764543066e-11)
(0 3.477011374e-11 7.399664654e-12)
(0 2.014052109e-11 7.811174919e-13)
(0 1.304552681e-11 -1.486942594e-12)
(0 9.383524234e-12 -2.256030244e-12)
(0 7.417709861e-12 -2.473581759e-12)
(0 6.344629414e-12 -2.476510003e-12)
(0 5.764575719e-12 -2.390833428e-12)
(0 5.466188229e-12 -2.265531946e-12)
(0 5.331868105e-12 -2.120359106e-12)
(0 5.293427651e-12 -1.963711519e-12)
(0 5.310029968e-12 -1.799499405e-12)
(0 5.356619574e-12 -1.629824922e-12)
(0 5.41756137e-12 -1.456025005e-12)
(0 5.482991348e-12 -1.279071317e-12)
(0 5.546648169e-12 -1.099722468e-12)
(0 5.604551556e-12 -9.185857012e-13)
(0 5.654181442e-12 -7.36147655e-13)
(0 5.69395932e-12 -5.527951616e-13)
(0 5.722916714e-12 -3.688332452e-13)
(0 5.740485255e-12 -1.845029654e-13)
(0 2.873185622e-12 -4.829320067e-24)
(0 1.2373191e-11 -7.441200812e-13)
(0 1.754863989e-11 -4.855614917e-12)
(0 7.700654466e-12 -5.97971072e-12)
(0 -9.917880942e-12 -5.801091112e-12)
(0 1.947044515e-11 -5.640201564e-12)
(0 -1.271605944e-11 -5.886573868e-12)
(0 8.130013108e-12 -6.475485366e-12)
(0 -2.356714588e-12 -6.96793182e-12)
(0 1.64106087 0.3119827405)
(0 1.121747253 1.26138996)
(0 0.4012765795 2.602366592)
(0 -0.8656177584 4.058179403)
(0 -1.581227453 4.999533892)
(0 -1.337331016 3.530384714)
(0 -0.9083233853 0.4559639991)
(0 -0.925382689 -1.047057509)
(0 -0.8186149207 -1.067278147)
(0 -0.005655814911 -0.7068496329)
(0 2.085981102e-11 3.760557894e-11)
(0 1.212616871e-11 1.644490402e-11)
(0 1.192976442e-11 6.562949827e-12)
(0 9.810489054e-12 1.945785222e-12)
(0 8.042133905e-12 -2.579623232e-13)
(0 6.861126209e-12 -1.324290209e-12)
(0 6.139511053e-12 -1.83047197e-12)
(0 5.729246187e-12 -2.0458349e-12)
(0 5.51939991e-12 -2.1015212e-12)
(0 5.434842024e-12 -2.064682899e-12)
(0 5.426334898e-12 -1.971613453e-12)
(0 5.461973823e-12 -1.843013036e-12)
(0 5.521172208e-12 -1.691296085e-12)
(0 5.590684089e-12 -1.524240598e-12)
(0 5.662016626e-12 -1.34689412e-12)
(0 5.729750885e-12 -1.162618364e-12)
(0 5.790454271e-12 -9.736920062e-13)
(0 5.841977485e-12 -7.816768208e-13)
(0 5.88299875e-12 -5.876508925e-13)
(0 5.912727325e-12 -3.923642429e-13)
(0 5.930713284e-12 -1.963485012e-13)
(0 2.968365541e-12 -4.748254336e-24)
(0 1.278425639e-11 -7.155275278e-13)
(0 1.815721333e-11 -5.061501111e-12)
(0 7.847641133e-12 -6.253804665e-12)
(0 -9.76678553e-12 -6.149892075e-12)
(0 1.960355363e-11 -6.014942964e-12)
(0 -1.263050341e-11 -6.205319283e-12)
(0 8.170552788e-12 -6.662553774e-12)
(0 -2.343925695e-12 -7.050345185e-12)
(0 1.692869508 0.6439674939)
(0 0.5757188756 2.059704868)
(0 -0.2691634406 3.650406212)
(0 -1.279314022 4.936622537)
(0 -1.528406416 5.142089737)
(0 -1.006790693 3.092471099)
(0 -0.3964361319 -0.1187398924)
(0 -0.9898549177 -1.293729922)
(0 -0.5843291362 -1.189959765)
(0 -0.0005907111471 -1.205498874)
(0 2.439870764e-12 2.435950486e-11)
(0 3.546530701e-12 1.403294835e-11)
(0 5.641402284e-12 7.079995634e-12)
(0 6.224614657e-12 2.965093065e-12)
(0 6.113448802e-12 6.026878555e-13)
(0 5.845200214e-12 -7.351391636e-13)
(0 5.623084724e-12 -1.475246621e-12)
(0 5.493526489e-12 -1.860506435e-12)
(0 5.447340229e-12 -2.030029204e-12)
(0 5.461775851e-12 -2.065229691e-12)
(0 5.515097514e-12 -2.015032762e-12)
(0 5.590347336e-12 -1.909625658e-12)
(0 5.675392012e-12 -1.768088565e-12)
(0 5.761963335e-12 -1.602732933e-12)
(0 5.844613583e-12 -1.421634705e-12)
(0 5.919850283e-12 -1.230154935e-12)
(0 5.985493099e-12 -1.031878576e-12)
(0 6.040222556e-12 -8.29210444e-13)
(0 6.083271898e-12 -6.2376415e-13)
(0 6.114219105e-12 -4.166236878e-13)
(0 6.132849498e-12 -2.085265327e-13)
(0 3.069534123e-12 -4.498542045e-24)
(0 1.322105709e-11 -6.778995027e-13)
(0 1.879735463e-11 -5.276426164e-12)
(0 8.018178471e-12 -6.529592958e-12)
(0 -9.595451521e-12 -6.467698118e-12)
(0 1.974850746e-11 -6.33639968e-12)
(0 -1.254516851e-11 -6.469090275e-12)
(0 8.205143123e-12 -6.812885991e-12)
(0 -2.334940081e-12 -7.109148164e-12)
(0 1.016445495 1.506055384)
(0 -0.6421453934 3.15958491)
(0 -1.180410014 4.566555925)
(0 -1.70466736 5.31446031)
(0 -1.356382121 4.712706348)
(0 -0.3916728472 2.375551824)
(0 0.02633749138 0.1359357269)
(0 -0.273994355 -1.165070279)
(0 -0.05758799693 -1.184157123)
(0 -1.519917054e-05 -1.415015387)
(0 -4.942072738e-12 1.14145802e-11)
(0 -5.429730463e-12 7.971267047e-12)
(0 8.619091313e-13 4.759015828e-12)
(0 3.333181275e-12 2.231904089e-12)
(0 4.341901676e-12 4.387630235e-13)
(0 4.783191732e-12 -7.437045904e-13)
(0 5.014143781e-12 -1.474867023e-12)
(0 5.174463604e-12 -1.890911411e-12)
(0 5.314676655e-12 -2.092856112e-12)
(0 5.449838466e-12 -2.151168838e-12)
(0 5.581938931e-12 -2.113651581e-12)
(0 5.708918019e-12 -2.012351985e-12)
(0 5.828064933e-12 -1.868681094e-12)
(0 5.937137949e-12 -1.696950445e-12)
(0 6.034594624e-12 -1.506741855e-12)
(0 6.119507014e-12 -1.304475672e-12)
(0 6.191398762e-12 -1.094447146e-12)
(0 6.250091911e-12 -8.795155398e-13)
(0 6.295585506e-12 -6.615680664e-13)
(0 6.327964942e-12 -4.418385034e-13)
(0 6.347336972e-12 -2.21133121e-13)
(0 3.176892073e-12 -4.346451212e-24)
(0 1.368504001e-11 -6.321186726e-13)
(0 1.948320518e-11 -5.501323096e-12)
(0 8.194635403e-12 -6.803186175e-12)
(0 -9.42726844e-12 -6.749586499e-12)
(0 1.988976981e-11 -6.600107578e-12)
(0 -1.246344443e-11 -6.675637701e-12)
(0 8.237339718e-12 -6.925851727e-12)
(0 -2.327167601e-12 -7.147112289e-12)
(0 -0.6088309519 2.566938882)
(0 -1.926074827 4.099125993)
(0 -1.993011167 4.94726888)
(0 -1.877234811 5.036750836)
(0 -1.031486113 3.851177331)
(0 0.07346418182 1.646948152)
(0 0.4865282441 0.03012984028)
(0 0.3357351033 -1.054811496)
(0 0.2858403249 -1.402251722)
(0 2.293309651e-05 -1.283335982)
(0 -2.729148669e-12 -4.203207973e-12)
(0 -3.362638265e-12 1.418283403e-12)
(0 -9.796067423e-14 1.752899208e-12)
(0 1.904361853e-12 7.647455279e-13)
(0 3.137840123e-12 -3.358338166e-13)
(0 3.931570167e-12 -1.203575946e-12)
(0 4.475877903e-12 -1.78960885e-12)
(0 4.8755374e-12 -2.135417082e-12)
(0 5.187082803e-12 -2.299316323e-12)
(0 5.440980382e-12 -2.332938919e-12)
(0 5.653914367e-12 -2.276049799e-12)
(0 5.835317822e-12 -2.157441234e-12)
(0 5.990793552e-12 -1.997320725e-12)
(0 6.123902574e-12 -1.809631241e-12)
(0 6.237088357e-12 -1.603892059e-12)
(0 6.332144993e-12 -1.386545844e-12)
(0 6.410453231e-12 -1.161908534e-12)
(0 6.473101635e-12 -9.328294146e-13)
(0 6.520948934e-12 -7.011499491e-13)
(0 6.55465405e-12 -4.680268595e-13)
(0 6.574688001e-12 -2.34165955e-13)
(0 3.290667244e-12 -4.273437985e-24)
(0 1.417556245e-11 -5.792118333e-13)
(0 2.020128993e-11 -5.727525333e-12)
(0 8.365075919e-12 -7.063663397e-12)
(0 -9.273116182e-12 -6.991801405e-12)
(0 2.00199934e-11 -6.808373442e-12)
(0 -1.238731274e-11 -6.829224299e-12)
(0 8.268381212e-12 -7.003709035e-12)
(0 -2.319524848e-12 -7.16547168e-12)
(0 -2.281773908 3.164023721)
(0 -2.680371634 4.377512292)
(0 -2.253683097 4.617778443)
(0 -1.583949104 4.232228548)
(0 -0.5656399189 2.847236648)
(0 0.1670086337 0.8258755818)
(0 0.6366437489 -0.2175700137)
(0 0.6465060811 -0.909553339)
(0 0.3412468042 -1.177728443)
(0 2.232705702e-05 -1.084419282)
(0 3.876118348e-13 -2.838251746e-12)
(0 3.13611232e-13 -6.63188624e-14)
(0 2.083712564e-13 6.955348227e-14)
(0 1.244448251e-12 -5.899863287e-13)
(0 2.373580203e-12 -1.343267411e-12)
(0 3.329416698e-12 -1.945159005e-12)
(0 4.082302644e-12 -2.344581228e-12)
(0 4.664756132e-12 -2.561835091e-12)
(0 5.117154818e-12 -2.636057155e-12)
(0 5.47310499e-12 -2.605224855e-12)
(0 5.757436616e-12 -2.500169761e-12)
(0 5.987647093e-12 -2.344041441e-12)
(0 6.175874926e-12 -2.153524339e-12)
(0 6.330566615e-12 -1.940353202e-12)
(0 6.457680022e-12 -1.71263889e-12)
(0 6.56149054e-12 -1.475896889e-12)
(0 6.645115191e-12 -1.233803262e-12)
(0 6.710850495e-12 -9.88737579e-13)
(0 6.760388061e-12 -7.421715339e-13)
(0 6.794948936e-12 -4.949503379e-13)
(0 6.815363831e-12 -2.475019714e-13)
(0 3.411058028e-12 -4.120751036e-24)
(0 1.469579564e-11 -5.18345723e-13)
(0 2.09599503e-11 -5.944402725e-12)
(0 8.530916173e-12 -7.299340937e-12)
(0 -9.131898939e-12 -7.191483526e-12)
(0 2.01402136e-11 -6.965471751e-12)
(0 -1.231526231e-11 -6.935744775e-12)
(0 8.299749369e-12 -7.04929907e-12)
(0 -2.311295285e-12 -7.164438118e-12)
(0 -3.178640275 3.11315594)
(0 -2.566159674 3.927435472)
(0 -1.807431374 3.756629648)
(0 -0.827389716 3.213080135)
(0 0.1164653221 1.986573683)
(0 1.054665605 0.3466767137)
(0 0.9032008652 -0.3463472497)
(0 0.6803686628 -0.6380654099)
(0 0.3924867535 -0.9147668031)
(0 2.465537338e-05 -0.8655257588)
(0 -1.434117729e-13 4.282704851e-12)
(0 -6.325696564e-13 9.05797605e-13)
(0 -6.216281405e-13 -8.183776231e-13)
(0 4.91540959e-13 -1.850974181e-12)
(0 1.782667446e-12 -2.50208656e-12)
(0 2.930256351e-12 -2.889210632e-12)
(0 3.859201817e-12 -3.081722676e-12)
(0 4.584061473e-12 -3.131283055e-12)
(0 5.143693038e-12 -3.07784995e-12)
(0 5.576867776e-12 -2.95173109e-12)
(0 5.915097781e-12 -2.775360871e-12)
(0 6.181963245e-12 -2.565028368e-12)
(0 6.394481791e-12 -2.332378338e-12)
(0 6.564788023e-12 -2.085612202e-12)
(0 6.70154467e-12 -1.830405687e-12)
(0 6.810980621e-12 -1.570592081e-12)
(0 6.897612541e-12 -1.308664161e-12)
(0 6.964733363e-12 -1.046142092e-12)
(0 7.014736175e-12 -7.838455379e-13)
(0 7.049323613e-12 -5.220988088e-13)
(0 7.069638339e-12 -2.60890073e-13)
(0 3.538169215e-12 -3.618551822e-24)
(0 1.524470221e-11 -4.491196056e-13)
(0 2.175454636e-11 -6.142527482e-12)
(0 8.695922929e-12 -7.500266191e-12)
(0 -8.997391306e-12 -7.346093461e-12)
(0 2.025564574e-11 -7.074853349e-12)
(0 -1.224373789e-11 -6.999823763e-12)
(0 8.333343627e-12 -7.064349922e-12)
(0 -2.301840915e-12 -7.142967188e-12)
(0 -3.036442128 2.472249192)
(0 -1.80166203 3.03548537)
(0 -1.054518257 2.771519473)
(0 -0.1203291251 2.319815781)
(0 0.3745724417 1.324570191)
(0 0.927014332 0.1339378226)
(0 0.6588083027 -0.0890424762)
(0 0.06210693072 -0.2620091548)
(0 0.2855509854 -0.7449330195)
(0 2.086662511e-05 -0.6301665673)
(0 -3.130929314e-12 5.550399321e-12)
(0 -4.928360663e-12 8.519388866e-14)
(0 -2.54840053e-12 -2.397880903e-12)
(0 -4.392606863e-13 -3.49343997e-12)
(0 1.335343752e-12 -3.924880985e-12)
(0 2.749780583e-12 -4.027866365e-12)
(0 3.840230221e-12 -3.961803284e-12)
(0 4.668628858e-12 -3.803716093e-12)
(0 5.296706782e-12 -3.592320472e-12)
(0 5.775594069e-12 -3.348479393e-12)
(0 6.144139338e-12 -3.0845064e-12)
(0 6.430629626e-12 -2.808327126e-12)
(0 6.655291093e-12 -2.525342897e-12)
(0 6.832539266e-12 -2.239304704e-12)
(0 6.972700143e-12 -1.95277209e-12)
(0 7.083232065e-12 -1.667395279e-12)
(0 7.16956518e-12 -1.384115154e-12)
(0 7.235669119e-12 -1.10331901e-12)
(0 7.284431344e-12 -8.249685514e-13)
(0 7.317904401e-12 -5.487082674e-13)
(0 7.33746264e-12 -2.73958981e-13)
(0 3.671948101e-12 -3.079917387e-24)
(0 1.58222397e-11 -3.728280962e-13)
(0 2.259404652e-11 -6.315073946e-12)
(0 8.867500514e-12 -7.659050299e-12)
(0 -8.861838394e-12 -7.453296613e-12)
(0 2.037246345e-11 -7.138270511e-12)
(0 -1.216881048e-11 -7.023837075e-12)
(0 8.371032248e-12 -7.04884761e-12)
(0 -2.290616856e-12 -7.098689028e-12)
(0 -2.360290066 1.668986283)
(0 -1.094925184 2.124216018)
(0 -0.5595693972 2.013857882)
(0 0.09508554093 1.765976227)
(0 0.4365788079 0.8994542178)
(0 0.3971116666 0.1118774033)
(0 -0.1761746797 0.4938133788)
(0 -0.823855687 -0.1640936557)
(0 -0.2690034844 -0.810592548)
(0 -1.626511412e-05 -0.5274765066)
(0 -5.641363759e-12 -1.092057512e-12)
(0 -8.684205906e-12 -3.811712282e-12)
(0 -4.200261999e-12 -5.364889295e-12)
(0 -1.035459123e-12 -5.800016537e-12)
(0 1.248241052e-12 -5.676109935e-12)
(0 2.893334053e-12 -5.335567115e-12)
(0 4.083352089e-12 -4.933893575e-12)
(0 4.953544284e-12 -4.529450572e-12)
(0 5.598929739e-12 -4.139232711e-12)
(0 6.084681848e-12 -3.765354078e-12)
(0 6.455250048e-12 -3.40585288e-12)
(0 6.741126747e-12 -3.0584267e-12)
(0 6.963504213e-12 -2.721356671e-12)
(0 7.13735883e-12 -2.393485102e-12)
(0 7.273454094e-12 -2.073975582e-12)
(0 7.379637557e-12 -1.762096244e-12)
(0 7.46168881e-12 -1.45707931e-12)
(0 7.523879966e-12 -1.158049592e-12)
(0 7.569346918e-12 -8.640016395e-13)
(0 7.600333183e-12 -5.738070216e-13)
(0 7.618346606e-12 -2.862381993e-13)
(0 3.812128196e-12 -2.579914522e-24)
(0 1.642724999e-11 -2.911550846e-13)
(0 2.346851638e-11 -6.457683506e-12)
(0 9.047805099e-12 -7.771074884e-12)
(0 -8.720078605e-12 -7.511319408e-12)
(0 2.049520244e-11 -7.156090352e-12)
(0 -1.208755277e-11 -7.008143765e-12)
(0 8.414145507e-12 -7.00120322e-12)
(0 -2.277264716e-12 -7.028158878e-12)
(0 -1.794766173 1.038308338)
(0 -0.8616004388 1.429563598)
(0 -0.4570898251 1.47720245)
(0 0.008157007702 1.34789389)
(0 0.328478108 0.8149249644)
(0 -0.2206399408 0.8262430437)
(0 -1.145676686 1.014820915)
(0 -1.359163395 -0.398217857)
(0 -0.7770636071 -1.353362359)
(0 -5.187234673e-05 -0.9915047954)
(0 -5.777104528e-12 -4.576413494e-12)
(0 -9.292706461e-12 -8.953433358e-12)
(0 -4.536704785e-12 -9.449935277e-12)
(0 -7.504813265e-13 -8.665631249e-12)
(0 1.799793174e-12 -7.643968088e-12)
(0 3.491996942e-12 -6.704402029e-12)
(0 4.646346764e-12 -5.908752385e-12)
(0 5.463289722e-12 -5.240957765e-12)
(0 6.060803277e-12 -4.669801412e-12)
(0 6.5089739e-12 -4.167845629e-12)
(0 6.851066715e-12 -3.715119989e-12)
(0 7.115125835e-12 -3.298167066e-12)
(0 7.320232691e-12 -2.908168038e-12)
(0 7.479920355e-12 -2.539297666e-12)
(0 7.604089001e-12 -2.187542626e-12)
(0 7.700128337e-12 -1.849930182e-12)
(0 7.773611832e-12 -1.524054324e-12)
(0 7.828746789e-12 -1.207798672e-12)
(0 7.868673915e-12 -8.991825995e-13)
(0 7.895667841e-12 -5.962812935e-13)
(0 7.911269662e-12 -2.971881962e-13)
(0 3.958186301e-12 -1.925778387e-24)
(0 1.705722168e-11 -2.042492429e-13)
(0 2.437670131e-11 -6.568353407e-12)
(0 9.239286215e-12 -7.834524238e-12)
(0 -8.568761137e-12 -7.519403467e-12)
(0 2.062658336e-11 -7.127988124e-12)
(0 -1.199832185e-11 -6.951776213e-12)
(0 8.463315838e-12 -6.918785062e-12)
(0 -2.261649138e-12 -6.927304271e-12)
(0 -1.384028849 0.6317264465)
(0 -0.8143772982 0.9531188301)
(0 -0.4894854811 1.062599639)
(0 -0.1331162448 1.049603179)
(0 0.09652732152 1.112156344)
(0 -0.1504327872 1.584141571)
(0 -0.6227982067 1.372039019)
(0 -0.06242234252 -0.8457314518)
(0 -0.2544341353 -2.111117918)
(0 -4.710432541e-05 -1.594113697)
(0 -1.00937067e-11 -1.782095131e-11)
(0 -1.374975231e-11 -1.817097376e-11)
(0 -3.91245989e-12 -1.481578604e-11)
(0 7.705080655e-13 -1.176859934e-11)
(0 3.209470272e-12 -9.529741296e-12)
(0 4.628549756e-12 -7.929305479e-12)
(0 5.546796353e-12 -6.755749851e-12)
(0 6.192495258e-12 -5.85582352e-12)
(0 6.672041874e-12 -5.13116189e-12)
(0 7.03936327e-12 -4.521098214e-12)
(0 7.324928611e-12 -3.988607942e-12)
(0 7.548078699e-12 -3.510948815e-12)
(0 7.722373613e-12 -3.073845665e-12)
(0 7.857984242e-12 -2.667988929e-12)
(0 7.962821578e-12 -2.286961481e-12)
(0 8.043125859e-12 -1.926023851e-12)
(0 8.103820321e-12 -1.581407904e-12)
(0 8.14875169e-12 -1.249908818e-12)
(0 8.180864296e-12 -9.286503001e-13)
(0 8.202327587e-12 -6.149490523e-13)
(0 8.2146279e-12 -3.062347993e-13)
(0 4.109316392e-12 -1.13206063e-24)
(0 1.770961626e-11 -1.12214834e-13)
(0 2.530970378e-11 -6.646363484e-12)
(0 9.44214338e-12 -7.849104164e-12)
(0 -8.406674741e-12 -7.477331232e-12)
(0 2.07673816e-11 -7.053219566e-12)
(0 -1.190086517e-11 -6.853029639e-12)
(0 8.518411335e-12 -6.798489265e-12)
(0 -2.243875338e-12 -6.791921946e-12)
(0 -1.039751895 0.3942048149)
(0 -0.7039232644 0.6415635288)
(0 -0.4482567101 0.7389068599)
(0 -0.1283869577 0.7649665702)
(0 0.05516622162 0.7870466106)
(0 0.4886234515 1.503859765)
(0 0.5312760298 1.305827412)
(0 0.8847975519 -0.458771617)
(0 1.413857827 -0.9433994829)
(0 0.0008799521859 -1.118769439)
(0 -1.066862668e-11 -5.873833902e-11)
(0 -6.615574908e-12 -3.143410908e-11)
(0 1.865669637e-12 -1.987362235e-11)
(0 4.535563416e-12 -1.406318231e-11)
(0 5.639087031e-12 -1.077708676e-11)
(0 6.265988387e-12 -8.727309909e-12)
(0 6.719828723e-12 -7.329108165e-12)
(0 7.087877683e-12 -6.295420116e-12)
(0 7.395528583e-12 -5.477918173e-12)
(0 7.651527848e-12 -4.796770931e-12)
(0 7.861216113e-12 -4.207259197e-12)
(0 8.029888113e-12 -3.683168718e-12)
(0 8.163192577e-12 -3.208269989e-12)
(0 8.266804538e-12 -2.771843967e-12)
(0 8.346054079e-12 -2.366285057e-12)
(0 8.405681914e-12 -1.985792667e-12)
(0 8.449726865e-12 -1.625643556e-12)
(0 8.481504394e-12 -1.281778666e-12)
(0 8.503633681e-12 -9.505616336e-13)
(0 8.518083342e-12 -6.286309603e-13)
(0 8.526218714e-12 -3.128027601e-13)
(0 4.2644211e-12 -1.273061861e-25)
(0 1.837842525e-11 -1.739835523e-14)
(0 2.62708959e-11 -6.690739749e-12)
(0 9.657881221e-12 -7.814484877e-12)
(0 -8.234013281e-12 -7.384730329e-12)
(0 2.09167083e-11 -6.930739404e-12)
(0 -1.179620101e-11 -6.709968683e-12)
(0 8.578573946e-12 -6.637291935e-12)
(0 -2.224279543e-12 -6.61817822e-12)
(0 -0.7800856365 0.2505453384)
(0 -0.6032247676 0.4570033125)
(0 -0.4811006367 0.5846667164)
(0 -0.3757583417 0.6994080481)
(0 0.0902978488 0.6673787581)
(0 0.3397826227 1.354798873)
(0 1.169245019 0.3293766858)
(0 0.7232016878 -1.434789902)
(0 0.8283468996 -0.9322702649)
(0 0.009385931559 -0.5221133194)
(0 -2.221073774e-11 -4.786350827e-11)
(0 2.486938131e-11 -2.920110778e-11)
(0 1.345846688e-11 -1.918135626e-11)
(0 9.867043655e-12 -1.383341189e-11)
(0 8.545342677e-12 -1.078810046e-11)
(0 8.076528353e-12 -8.873732105e-12)
(0 7.978686146e-12 -7.537949076e-12)
(0 8.04368525e-12 -6.518824674e-12)
(0 8.170691058e-12 -5.688312714e-12)
(0 8.310022246e-12 -4.980802895e-12)
(0 8.438530825e-12 -4.360484146e-12)
(0 8.547067907e-12 -3.806189642e-12)
(0 8.633698364e-12 -3.304212637e-12)
(0 8.699969175e-12 -2.84482355e-12)
(0 8.748872878e-12 -2.420536186e-12)
(0 8.78376736e-12 -2.025214798e-12)
(0 8.807834321e-12 -1.653593149e-12)
(0 8.823833612e-12 -1.300999471e-12)
(0 8.834012002e-12 -9.631857192e-13)
(0 8.84008646e-12 -6.362098128e-13)
(0 8.84325886e-12 -3.163445681e-13)
(0 4.422119153e-12 8.04206717e-25)
(0 1.905815704e-11 7.815054454e-14)
(0 2.723872863e-11 -6.70047914e-12)
(0 9.88120257e-12 -7.730621557e-12)
(0 -8.05411713e-12 -7.241563528e-12)
(0 2.107161131e-11 -6.759817477e-12)
(0 -1.168665599e-11 -6.521064775e-12)
(0 8.642256675e-12 -6.432815385e-12)
(0 -2.203409837e-12 -6.403095149e-12)
(0 -0.5713448908 0.1649238633)
(0 -0.4354397563 0.2982522653)
(0 -0.2609366551 0.295221647)
(0 -0.1029038922 0.05186564361)
(0 0.3606658849 -0.2691506822)
(0 -0.1934123829 0.8803372511)
(0 0.3207668315 1.00679446)
(0 -0.7749460519 -0.05831428001)
(0 -0.4937502396 -0.6754883028)
(0 1.054708415e-11 -1.033385191e-10)
(0 5.658304333e-12 -2.852197143e-11)
(0 2.193443953e-11 -1.845450652e-11)
(0 1.723336553e-11 -1.381729608e-11)
(0 1.292881921e-11 -1.130104631e-11)
(0 1.059876681e-11 -9.668171081e-12)
(0 9.51613977e-12 -8.441564733e-12)
(0 9.074736154e-12 -7.430126457e-12)
(0 8.937514045e-12 -6.553608966e-12)
(0 8.933550363e-12 -5.77569857e-12)
(0 8.979356415e-12 -5.077640572e-12)
(0 9.035829366e-12 -4.447681326e-12)
(0 9.086159622e-12 -3.87688624e-12)
(0 9.124558669e-12 -3.357558388e-12)
(0 9.150480989e-12 -2.882693363e-12)
(0 9.165662832e-12 -2.445815891e-12)
(0 9.172624951e-12 -2.040933731e-12)
(0 9.173942192e-12 -1.662511774e-12)
(0 9.171911824e-12 -1.305436903e-12)
(0 9.168423338e-12 -9.649682337e-13)
(0 9.164924493e-12 -6.366746076e-13)
(0 9.162428527e-12 -3.163627799e-13)
(0 4.580765668e-12 1.469032781e-24)
(0 1.974232116e-11 1.741932218e-13)
(0 2.820838855e-11 -6.674533221e-12)
(0 1.010979185e-11 -7.597862579e-12)
(0 -7.870511179e-12 -7.048409909e-12)
(0 2.122845191e-11 -6.540452992e-12)
(0 -1.157516955e-11 -6.285650344e-12)
(0 8.707538848e-12 -6.183744504e-12)
(0 -2.181935683e-12 -6.144912249e-12)
(0 -0.4590536559 0.1338332984)
(0 -0.5163291466 0.3033618376)
(0 -0.7488861664 0.3727129889)
(0 -1.045549537 0.3629708413)
(0 -2.605033662 0.6992110247)
(0 -4.207213831 0.9843624506)
(0 -1.993785905 -0.0003417443739)
(0 -1.684846352 -0.7233503029)
(0 -0.8413606815 -1.430059245)
(0 -0.0057954867 -1.008246845)
(0 4.113900314e-11 4.866335396e-12)
(0 3.95740564e-11 -2.27488673e-12)
(0 2.061192708e-11 -6.332357862e-12)
(0 1.401616865e-11 -7.885310864e-12)
(0 1.140482426e-11 -8.141974344e-12)
(0 1.031457298e-11 -7.794229982e-12)
(0 9.866641914e-12 -7.187380806e-12)
(0 9.698113136e-12 -6.48978165e-12)
(0 9.646659452e-12 -5.783229911e-12)
(0 9.63803949e-12 -5.106380253e-12)
(0 9.639285157e-12 -4.475714189e-12)
(0 9.637190845e-12 -3.896112155e-12)
(0 9.627891241e-12 -3.366436116e-12)
(0 9.611711672e-12 -2.88257153e-12)
(0 9.590632511e-12 -2.4390982e-12)
(0 9.567071476e-12 -2.030190899e-12)
(0 9.543331149e-12 -1.650080267e-12)
(0 9.521377153e-12 -1.293262855e-12)
(0 9.502774297e-12 -9.545690435e-13)
(0 9.488691914e-12 -6.291510406e-13)
(0 9.479933468e-12 -3.12426674e-13)
(0 4.738481932e-12 2.369084182e-24)
(0 2.042211813e-11 2.689674135e-13)
(0 2.916596962e-11 -6.610643151e-12)
(0 1.033948052e-11 -7.415872519e-12)
(0 -7.687426394e-12 -6.805847885e-12)
(0 2.138313588e-11 -6.273226663e-12)
(0 -1.146498256e-11 -6.004020948e-12)
(0 8.772341757e-12 -5.889997822e-12)
(0 -2.160574113e-12 -5.843254304e-12)
(0 -0.2180265169 0.1608419025)
(0 -0.2049468897 0.4571471545)
(0 -0.2501076077 0.833122863)
(0 -0.388618216 1.521737692)
(0 -0.6673746984 2.190104372)
(0 -2.120294506 1.428822568)
(0 -1.574605026 -1.094628539)
(0 -1.019494939 -1.542225516)
(0 -0.2908340965 -2.03525735)
(0 0.0003671266674 -1.120453346)
(0 2.12026799e-12 4.38798099e-11)
(0 1.047763495e-11 1.05647399e-11)
(0 1.16229414e-11 -1.351941599e-12)
(0 1.111920273e-11 -5.765866399e-12)
(0 1.06898477e-11 -7.220188374e-12)
(0 1.047073331e-11 -7.406000763e-12)
(0 1.037918449e-11 -7.035384142e-12)
(0 1.034166494e-11 -6.434905338e-12)
(0 1.031695176e-11 -5.761060019e-12)
(0 1.028687214e-11 -5.088938453e-12)
(0 1.024609746e-11 -4.45268404e-12)
(0 1.01954377e-11 -3.865411442e-12)
(0 1.013809929e-11 -3.32950198e-12)
(0 1.007781891e-11 -2.84206022e-12)
(0 1.001804346e-11 -2.397818006e-12)
(0 9.961642884e-12 -1.990653998e-12)
(0 9.910870235e-12 -1.61435453e-12)
(0 9.867423047e-12 -1.262959836e-12)
(0 9.832535153e-12 -9.308857047e-13)
(0 9.807066863e-12 -6.129249745e-13)
(0 9.791579567e-12 -3.041860356e-13)
(0 4.893192342e-12 3.515753983e-24)
(0 2.108844835e-11 3.612141461e-13)
(0 3.009730523e-11 -6.506447471e-12)
(0 1.056608417e-11 -7.184197395e-12)
(0 -7.509067466e-12 -6.514757063e-12)
(0 2.153165942e-11 -5.959454223e-12)
(0 -1.135924323e-11 -5.677519875e-12)
(0 8.834660189e-12 -5.552772713e-12)
(0 -2.140013989e-12 -5.49915175e-12)
(0 0.09792509204 0.1388233159)
(0 0.1486974258 0.4309333849)
(0 0.2247545993 0.7600406588)
(0 0.3689491912 1.23314132)
(0 0.928735936 2.182652026)
(0 1.06081664 1.867334925)
(0 1.198312293 -0.05835251905)
(0 1.063428847 -2.500096657)
(0 0.270224602 -2.114419643)
(0 0.0006120978669 -1.328748347)
(0 -7.692929256e-12 1.02761183e-11)
(0 -5.898961376e-12 1.761831584e-12)
(0 4.281320782e-12 -3.874251162e-12)
(0 8.147921874e-12 -6.606025234e-12)
(0 9.764689895e-12 -7.566912447e-12)
(0 1.049937721e-11 -7.574198083e-12)
(0 1.083773734e-11 -7.113247319e-12)
(0 1.097243726e-11 -6.453392638e-12)
(0 1.099262634e-11 -5.737164725e-12)
(0 1.094641547e-11 -5.035627725e-12)
(0 1.086281217e-11 -4.380669567e-12)
(0 1.076037291e-11 -3.783345627e-12)
(0 1.065124246e-11 -3.244101056e-12)
(0 1.054339565e-11 -2.758354447e-12)
(0 1.044203873e-11 -2.319467353e-12)
(0 1.035053495e-11 -1.92025924e-12)
(0 1.027102531e-11 -1.553726122e-12)
(0 1.020484598e-11 -1.213332562e-12)
(0 1.015280916e-11 -8.930809254e-13)
(0 1.011539158e-11 -5.874678046e-13)
(0 1.009285844e-11 -2.913856757e-13)
(0 5.042667968e-12 4.16460289e-24)
(0 2.173263222e-11 4.487211446e-13)
(0 3.09935777e-11 -6.358813712e-12)
(0 1.07864869e-11 -6.902041007e-12)
(0 -7.339168077e-12 -6.176180754e-12)
(0 2.167047088e-11 -5.601088767e-12)
(0 -1.126073001e-11 -5.308448375e-12)
(0 8.892731594e-12 -5.174437809e-12)
(0 -2.120859558e-12 -5.114918237e-12)
(0 0.3485653923 0.1072831001)
(0 0.4176369537 0.3412218999)
(0 0.5282624841 0.580944173)
(0 0.7381203614 0.8149708658)
(0 1.16100706 1.198646903)
(0 1.839905994 1.124915466)
(0 2.117443482 -0.3334221295)
(0 1.557014501 -1.55746682)
(0 0.5030063967 -1.203548914)
(0 2.999052894e-05 -0.9683105374)
(0 -4.224751908e-12 -1.655589602e-11)
(0 -3.887384589e-12 -1.014437558e-11)
(0 3.255084582e-12 -9.300869787e-12)
(0 7.426541445e-12 -9.217069709e-12)
(0 9.721674847e-12 -8.867231936e-12)
(0 1.092439844e-11 -8.210623581e-12)
(0 1.149998993e-11 -7.390006916e-12)
(0 1.171774753e-11 -6.528245647e-12)
(0 1.173471667e-11 -5.69857137e-12)
(0 1.16433673e-11 -4.9357307e-12)
(0 1.149837956e-11 -4.251013442e-12)
(0 1.133200621e-11 -3.643194701e-12)
(0 1.116309047e-11 -3.105200437e-12)
(0 1.100245261e-11 -2.6277927e-12)
(0 1.085613867e-11 -2.201445147e-12)
(0 1.072738412e-11 -1.817197074e-12)
(0 1.061779691e-11 -1.466962033e-12)
(0 1.052806824e-11 -1.143561695e-12)
(0 1.045839991e-11 -8.406313277e-13)
(0 1.040876211e-11 -5.524717598e-13)
(0 1.037904737e-11 -2.738837139e-13)
(0 5.184578018e-12 4.704080011e-24)
(0 2.234401858e-11 5.308811361e-13)
(0 3.182974995e-11 -6.165298366e-12)
(0 1.099442467e-11 -6.569486942e-12)
(0 -7.181711569e-12 -5.792015613e-12)
(0 2.179640044e-11 -5.200946792e-12)
(0 -1.117178119e-11 -4.900033345e-12)
(0 8.945109374e-12 -4.758381842e-12)
(0 -2.103602524e-12 -4.693955209e-12)
(0 0.5437052485 0.07383101499)
(0 0.6159115198 0.2395386907)
(0 0.7417327246 0.419501402)
(0 0.9398881724 0.5959939962)
(0 1.139027142 0.6931843328)
(0 1.646577045 0.6670847752)
(0 1.769541595 0.2108540772)
(0 1.243986553 -0.5408082044)
(0 0.5890890191 -0.6411980446)
(0 6.153139505e-05 -0.6315419341)
(0 -5.101142202e-13 -2.216589338e-11)
(0 1.202189771e-12 -1.664429637e-11)
(0 5.208626656e-12 -1.396778501e-11)
(0 8.581559725e-12 -1.209415111e-11)
(0 1.077113602e-11 -1.047431196e-11)
(0 1.197660223e-11 -9.011049762e-12)
(0 1.252011527e-11 -7.707898548e-12)
(0 1.26638728e-11 -6.570998825e-12)
(0 1.258514128e-11 -5.593133706e-12)
(0 1.23939734e-11 -4.757702038e-12)
(0 1.215534817e-11 -4.044452438e-12)
(0 1.190618591e-11 -3.433214317e-12)
(0 1.166664446e-11 -2.905710445e-12)
(0 1.144715094e-11 -2.446171309e-12)
(0 1.125263436e-11 -2.041327253e-12)
(0 1.108501807e-11 -1.680126749e-12)
(0 1.094466069e-11 -1.353366205e-12)
(0 1.083117668e-11 -1.05332001e-12)
(0 1.074389909e-11 -7.734065592e-13)
(0 1.06821392e-11 -5.07898741e-13)
(0 1.06453302e-11 -2.516747549e-13)
(0 5.316551682e-12 5.514273176e-24)
(0 2.29130614e-11 6.071559572e-13)
(0 3.260224674e-11 -5.92413179e-12)
(0 1.118888e-11 -6.187341487e-12)
(0 -7.038727304e-12 -5.364791891e-12)
(0 2.190747356e-11 -4.762475261e-12)
(0 -1.109396909e-11 -4.456186491e-12)
(0 8.990781902e-12 -4.308755562e-12)
(0 -2.088591884e-12 -4.24048462e-12)
(0 0.6675922447 0.04163626282)
(0 0.7491514261 0.1352227597)
(0 0.9138667035 0.245986375)
(0 1.168752104 0.365653383)
(0 1.399908522 0.4316883739)
(0 1.654307941 0.4579132427)
(0 1.586750612 0.2391408253)
(0 1.19054961 -0.3242711724)
(0 0.5446106801 -0.2654648037)
(0 9.061884611e-05 -0.1992919755)
(0 1.09463442e-12 -2.011956216e-11)
(0 4.209544522e-12 -2.039961058e-11)
(0 7.805229835e-12 -1.783182081e-11)
(0 1.092001449e-11 -1.471744486e-11)
(0 1.28047762e-11 -1.192481021e-11)
(0 1.369081185e-11 -9.651364859e-12)
(0 1.394004087e-11 -7.859529357e-12)
(0 1.383251237e-11 -6.454704008e-12)
(0 1.354801346e-11 -5.345251272e-12)
(0 1.319204856e-11 -4.457485893e-12)
(0 1.282286728e-11 -3.735879845e-12)
(0 1.24707482e-11 -3.13950147e-12)
(0 1.215013348e-11 -2.638256973e-12)
(0 1.18668358e-11 -2.209855501e-12)
(0 1.162218323e-11 -1.837566711e-12)
(0 1.141534516e-11 -1.50861762e-12)
(0 1.124460365e-11 -1.213056408e-12)
(0 1.110802789e-11 -9.429441738e-13)
(0 1.100382118e-11 -6.917730877e-13)
(0 1.093049392e-11 -4.540388156e-13)
(0 1.088694611e-11 -2.249160624e-13)
(0 5.436252773e-12 6.122614851e-24)
(0 2.342886924e-11 6.754604296e-13)
(0 3.329319527e-11 -5.634135704e-12)
(0 1.136614123e-11 -5.756753762e-12)
(0 -6.912359519e-12 -4.897309812e-12)
(0 2.200213851e-11 -4.289456582e-12)
(0 -1.102841682e-11 -3.98124284e-12)
(0 9.029052532e-12 -3.830209261e-12)
(0 -2.076064987e-12 -3.759281844e-12)
(0 0.7268675143 0.001137185479)
(0 0.8103448698 0.00770521639)
(0 0.9760691674 0.04338700997)
(0 1.272196411 0.1215569642)
(0 1.582767397 0.2995387114)
(0 1.830803159 0.6599189724)
(0 1.680762099 0.9219368487)
(0 1.456198552 0.5878131259)
(0 0.01496635021 0.1962633114)
(0 -8.655950913e-05 0.02346053529)
(0 -5.697644006e-13 -2.489537541e-11)
(0 3.457894107e-12 -2.702544744e-11)
(0 1.089079237e-11 -2.224244347e-11)
(0 1.448857032e-11 -1.701900538e-11)
(0 1.583721603e-11 -1.285613875e-11)
(0 1.604188309e-11 -9.810072033e-12)
(0 1.571677612e-11 -7.624136323e-12)
(0 1.517815089e-11 -6.04301894e-12)
(0 1.45823594e-11 -4.8756672e-12)
(0 1.400334482e-11 -3.991105037e-12)
(0 1.347333259e-11 -3.302083648e-12)
(0 1.300380878e-11 -2.750663562e-12)
(0 1.259629043e-11 -2.297968567e-12)
(0 1.22478412e-11 -1.917431714e-12)
(0 1.195387224e-11 -1.590467996e-12)
(0 1.170952837e-11 -1.303720216e-12)
(0 1.151033414e-11 -1.047296205e-12)
(0 1.135246e-11 -8.136251272e-13)
(0 1.123280445e-11 -5.967006149e-13)
(0 1.114899622e-11 -3.91566144e-13)
(0 1.109936902e-11 -1.939514029e-13)
(0 5.541467744e-12 6.516601139e-24)
(0 2.388260036e-11 7.338607643e-13)
(0 3.389546196e-11 -5.295280574e-12)
(0 1.152418335e-11 -5.279926525e-12)
(0 -6.804236482e-12 -4.393076256e-12)
(0 2.207931459e-11 -3.786147722e-12)
(0 -1.097585356e-11 -3.479910457e-12)
(0 9.059484204e-12 -3.32774277e-12)
(0 -2.066168273e-12 -3.255482486e-12)
(0 0.6817375774 -0.0406095322)
(0 0.7887103965 -0.1261973017)
(0 1.023134491 -0.2318839582)
(0 1.487121282 -0.3667070145)
(0 1.963676335 -0.2167821534)
(0 2.413708255 0.2435488424)
(0 2.115996895 0.7971026922)
(0 1.906589159 1.46975334)
(0 0.6872910283 1.452125927)
(0 -7.138284753e-05 -0.1937913249)
(0 -8.150123693e-13 -5.752408289e-11)
(0 6.866376077e-12 -4.056243412e-11)
(0 1.781167189e-11 -2.709352199e-11)
(0 2.030631921e-11 -1.825997287e-11)
(0 2.001370955e-11 -1.267069875e-11)
(0 1.892281428e-11 -9.108659388e-12)
(0 1.770709396e-11 -6.783914339e-12)
(0 1.65809815e-11 -5.217551576e-12)
(0 1.559992736e-11 -4.123278879e-12)
(0 1.476563212e-11 -3.329176574e-12)
(0 1.406330876e-11 -2.730689836e-12)
(0 1.347486328e-11 -2.263111849e-12)
(0 1.298336533e-11 -1.885534908e-12)
(0 1.257433637e-11 -1.571444536e-12)
(0 1.223589473e-11 -1.303158408e-12)
(0 1.195851695e-11 -1.068500355e-12)
(0 1.173469874e-11 -8.58782334e-13)
(0 1.155862348e-11 -6.675581846e-13)
(0 1.142588016e-11 -4.898372154e-13)
(0 1.133324313e-11 -3.215740571e-13)
(0 1.127851226e-11 -1.593246447e-13)
(0 5.630204176e-12 6.796700843e-24)
(0 2.426509275e-11 7.821647995e-13)
(0 3.438736695e-11 -4.909392078e-12)
(0 1.165796585e-11 -4.760861739e-12)
(0 -6.71637205e-12 -3.856764258e-12)
(0 2.213807859e-11 -3.257449502e-12)
(0 -1.09367714e-11 -2.957259514e-12)
(0 9.081820953e-12 -2.806602575e-12)
(0 -2.05898173e-12 -2.734439033e-12)
(0 0.5562081267 -0.08667073987)
(0 0.6150782542 -0.3053634114)
(0 0.7451457032 -0.6513504929)
(0 0.9549510439 -0.9200942861)
(0 0.7599743589 -0.6243151037)
(0 0.9250165662 0.5156273661)
(0 -0.1478156985 1.470154658)
(0 0.5200750724 0.2100023891)
(0 1.350783481 2.204913)
(0 0.005067667011 0.7995746389)
(0 6.997809663e-12 -1.068804311e-10)
(0 3.385855842e-11 -5.065218677e-11)
(0 3.319325362e-11 -2.730922415e-11)
(0 2.891139357e-11 -1.625667146e-11)
(0 2.498852951e-11 -1.045804125e-11)
(0 2.19286675e-11 -7.169956936e-12)
(0 1.960788394e-11 -5.185305474e-12)
(0 1.783878635e-11 -3.919985356e-12)
(0 1.64707344e-11 -3.070708617e-12)
(0 1.539593387e-11 -2.471622626e-12)
(0 1.453939732e-11 -2.028384504e-12)
(0 1.384896371e-11 -1.685564824e-12)
(0 1.328795775e-11 -1.409625415e-12)
(0 1.28302177e-11 -1.179663915e-12)
(0 1.245681642e-11 -9.822284851e-13)
(0 1.215390444e-11 -8.083446669e-13)
(0 1.191127631e-11 -6.517764173e-13)
(0 1.172140512e-11 -5.079890152e-13)
(0 1.157878858e-11 -3.735172182e-13)
(0 1.147950879e-11 -2.455701215e-13)
(0 1.142094307e-11 -1.217747679e-13)
(0 5.700792389e-12 7.117067991e-24)
(0 2.456965657e-11 8.200737117e-13)
(0 3.477216515e-11 -4.479668678e-12)
(0 1.17681343e-11 -4.204599314e-12)
(0 -6.64901823e-12 -3.293663719e-12)
(0 2.217834718e-11 -2.708594317e-12)
(0 -1.091122146e-11 -2.418536595e-12)
(0 9.096025802e-12 -2.272137494e-12)
(0 -2.054516931e-12 -2.201583526e-12)
(0 0.2350397985 -0.08284302675)
(0 0.1709304412 -0.3179914296)
(0 0.08385625277 -0.5975852451)
(0 -0.3515820382 -0.7128904991)
(0 -0.5085277895 -0.4052100363)
(0 -1.45257752 1.208962768)
(0 -0.6064184613 2.11959159)
(0 -1.528975956 1.048653189)
(0 -0.8414590881 1.371975544)
(0 -0.002105482253 1.186953594)
(0 5.992567706e-11 -5.297507144e-11)
(0 8.656861278e-11 -2.771461838e-11)
(0 5.220718721e-11 -1.523448262e-11)
(0 3.715750212e-11 -8.999503168e-12)
(0 2.910042407e-11 -5.734845661e-12)
(0 2.419555006e-11 -3.927806122e-12)
(0 2.095706554e-11 -2.867358474e-12)
(0 1.869557835e-11 -2.206374591e-12)
(0 1.704829009e-11 -1.767941951e-12)
(0 1.580795623e-11 -1.458209701e-12)
(0 1.484936656e-11 -1.225650366e-12)
(0 1.409362237e-11 -1.041133345e-12)
(0 1.348926624e-11 -8.87740569e-13)
(0 1.30017333e-11 -7.553635274e-13)
(0 1.260721398e-11 -6.377536757e-13)
(0 1.228896902e-11 -5.308788663e-13)
(0 1.203505439e-11 -4.319938074e-13)
(0 1.183688268e-11 -3.391078024e-13)
(0 1.168829906e-11 -2.506760802e-13)
(0 1.158498558e-11 -1.654178935e-13)
(0 1.152408238e-11 -8.220654215e-14)
(0 5.751978944e-12 7.038715018e-24)
(0 2.47904482e-11 8.458609901e-13)
(0 3.503988063e-11 -4.009875758e-12)
(0 1.18523455e-11 -3.616395461e-12)
(0 -6.602968536e-12 -2.709118466e-12)
(0 2.22000031e-11 -2.14484647e-12)
(0 -1.089917371e-11 -1.869006208e-12)
(0 9.102145628e-12 -1.72968783e-12)
(0 -2.052751839e-12 -1.662324583e-12)
(0 0.2203624273 -0.02913452145)
(0 0.1634566088 -0.07497356279)
(0 -0.03891298589 0.08787077128)
(0 -1.068083677 0.1689206339)
(0 -2.206317953 0.3541800889)
(0 -1.864756775 0.6996443881)
(0 -1.510110752 1.032687401)
(0 -1.260198596 1.000224315)
(0 -1.100192606 0.6076135727)
(0 -0.0102309992 0.005171440547)
(0 6.752836047e-11 2.524910182e-11)
(0 7.18869993e-11 8.306888481e-12)
(0 5.190836882e-11 3.0853387e-12)
(0 3.841103052e-11 1.227942477e-12)
(0 3.006022655e-11 4.459706094e-13)
(0 2.479615469e-11 6.094960282e-14)
(0 2.132931547e-11 -1.499562643e-13)
(0 1.893820287e-11 -2.702319375e-13)
(0 1.721889929e-11 -3.364871998e-13)
(0 1.593822545e-11 -3.676235896e-13)
(0 1.495647367e-11 -3.748662255e-13)
(0 1.418687351e-11 -3.655700924e-13)
(0 1.357372756e-11 -3.448368651e-13)
(0 1.308020459e-11 -3.162973517e-13)
(0 1.268130108e-11 -2.825479212e-13)
(0 1.235966431e-11 -2.454284426e-13)
(0 1.210304737e-11 -2.062175494e-13)
(0 1.190272285e-11 -1.657778328e-13)
(0 1.175247849e-11 -1.246668652e-13)
(0 1.164797833e-11 -8.322351386e-14)
(0 1.158636097e-11 -4.163634461e-14)
(0 5.782998931e-12 6.577144648e-24)
(0 2.492445815e-11 8.593457486e-13)
(0 3.518621594e-11 -3.505588683e-12)
(0 1.190901995e-11 -3.002630354e-12)
(0 -6.578799268e-12 -2.109079131e-12)
(0 2.220309277e-11 -1.571748857e-12)
(0 -1.090046604e-11 -1.314021352e-12)
(0 9.10031834e-12 -1.184574773e-12)
(0 -2.053631199e-12 -1.121999711e-12)
(0 0.1881851319 -0.05392306694)
(0 0.1184077533 -0.05639001039)
(0 0.08636552312 0.3515410933)
(0 -0.2047893039 0.9531727935)
(0 -0.6321490417 0.7369456942)
(0 -0.9914953003 0.4216436973)
(0 -0.8646103397 1.023442031)
(0 -0.6196928255 0.7631884359)
(0 -1.575808864e-10 1.056612043e-10)
(0 -5.349584505e-11 8.227583073e-11)
(0 1.102623872e-10 5.958055356e-11)
(0 6.44061736e-11 3.260806621e-11)
(0 4.51282412e-11 1.804094814e-11)
(0 3.451813403e-11 1.037995929e-11)
(0 2.793343119e-11 6.229861089e-12)
(0 2.359962318e-11 3.875598197e-12)
(0 2.0625884e-11 2.476792177e-12)
(0 1.850904742e-11 1.61185249e-12)
(0 1.695089844e-11 1.059816828e-12)
(0 1.57695772e-11 6.990513265e-13)
(0 1.485142006e-11 4.593739357e-13)
(0 1.412365173e-11 2.985565934e-13)
(0 1.353853898e-11 1.902613453e-13)
(0 1.306402225e-11 1.175575068e-13)
(0 1.267808289e-11 6.92840292e-14)
(0 1.236529939e-11 3.792511927e-14)
(0 1.2114705e-11 1.832338537e-14)
(0 1.191843336e-11 6.873867537e-15)
(0 1.177085338e-11 1.003140729e-15)
(0 1.16680161e-11 -1.178489153e-15)
(0 1.160730589e-11 -1.118573619e-15)
(0 5.793615288e-12 6.489845964e-24)
(0 2.497057074e-11 8.594091621e-13)
(0 3.521657017e-11 -2.972563763e-12)
(0 1.193848578e-11 -2.369814032e-12)
(0 -6.576464574e-12 -1.49956379e-12)
(0 2.218800337e-11 -9.948894183e-13)
(0 -1.09147202e-11 -7.589244825e-13)
(0 9.090809944e-12 -6.42032322e-13)
(0 -2.05705619e-12 -5.858037392e-13)
(0 0.2265489257 0.03102282076)
(0 0.08021394521 0.08007467406)
(0 0.01313318281 0.4093897225)
(0 0.05335776155 1.213080608)
(0 -0.1518804282 1.182501236)
(0 -0.7624936471 0.4063671854)
(0 -0.4693801337 0.9536075656)
(0 -0.001998374807 0.3026298479)
(0 -5.16537328e-11 8.415298865e-11)
(0 -5.872906668e-11 1.651904509e-10)
(0 1.786450468e-11 8.105793819e-11)
(0 3.034739389e-11 4.450381226e-11)
(0 2.96802619e-11 2.609045006e-11)
(0 2.659994347e-11 1.60211316e-11)
(0 2.355586546e-11 1.021796397e-11)
(0 2.104308578e-11 6.734802913e-12)
(0 1.906556976e-11 4.569657281e-12)
(0 1.752122752e-11 3.181002234e-12)
(0 1.630609813e-11 2.264820643e-12)
(0 1.533778256e-11 1.644616376e-12)
(0 1.455597894e-11 1.214741707e-12)
(0 1.391776092e-11 9.101551981e-13)
(0 1.339272848e-11 6.897645474e-13)
(0 1.295922728e-11 5.26978097e-13)
(0 1.260166869e-11 4.041961252e-13)
(0 1.230870367e-11 3.095147701e-13)
(0 1.207199612e-11 2.347042815e-13)
(0 1.188540261e-11 1.739384914e-13)
(0 1.174442613e-11 1.229762486e-13)
(0 1.164585662e-11 7.861888934e-14)
(0 1.158753946e-11 3.833708442e-14)
(0 5.784117505e-12 6.293145563e-24)
(0 2.492969554e-11 8.467700429e-13)
(0 3.51233119e-11 -2.417524872e-12)
(0 1.193844295e-11 -1.725084083e-12)
(0 -6.596191854e-12 -8.869275456e-13)
(0 2.215524261e-11 -4.199866152e-13)
(0 -1.09413852e-11 -2.090326339e-13)
(0 9.074018554e-12 -1.071470591e-13)
(0 -2.062879866e-12 -5.870814576e-14)
(0 0.3261374841 0.08000255091)
(0 0.2016734168 0.1652441484)
(0 0.006087029062 0.3529713241)
(0 0.05592004055 1.173333871)
(0 0.01167846865 1.705557612)
(0 -0.9062060992 0.7427121994)
(0 0.1894476253 0.6453746143)
(0 0.0006551442906 0.1801573939)
(0 -4.690465416e-11 3.067914874e-11)
(0 -5.651083704e-11 6.861031411e-11)
(0 -1.042425143e-11 5.495724228e-11)
(0 9.438685471e-12 3.825871867e-11)
(0 1.664556054e-11 2.579595037e-11)
(0 1.864564794e-11 1.739621483e-11)
(0 1.864710251e-11 1.188611186e-11)
(0 1.795131649e-11 8.276012916e-12)
(0 1.707208332e-11 5.886035112e-12)
(0 1.620421078e-11 4.277673628e-12)
(0 1.541451258e-11 3.173837374e-12)
(0 1.471949827e-11 2.399840972e-12)
(0 1.411695888e-11 1.844812598e-12)
(0 1.359867457e-11 1.43755195e-12)
(0 1.315536188e-11 1.131658851e-12)
(0 1.277845382e-11 8.963891579e-13)
(0 1.246061956e-11 7.110013035e-13)
(0 1.219580755e-11 5.612258577e-13)
(0 1.197912872e-11 4.370317379e-13)
(0 1.180670533e-11 3.311905098e-13)
(0 1.167553377e-11 2.383361662e-13)
(0 1.158337694e-11 1.543343646e-13)
(0 1.1528687e-11 7.584454832e-14)
(0 5.755278204e-12 5.460943687e-24)
(0 2.480530164e-11 8.221053729e-13)
(0 3.492291976e-11 -1.847524308e-12)
(0 1.191215417e-11 -1.075473421e-12)
(0 -6.636407922e-12 -2.773414636e-13)
(0 2.210617587e-11 1.474198851e-13)
(0 -1.09794522e-11 3.305516091e-13)
(0 9.050571558e-12 4.152839672e-13)
(0 -2.070884735e-12 4.5466639e-13)
(0 0.3397772586 0.1851125763)
(0 0.301463321 0.3896737111)
(0 0.1988703485 0.6395897854)
(0 0.3038206086 1.175661653)
(0 0.353351326 2.089222652)
(0 0.3017570455 0.3115345358)
(0 0.2837704661 -0.4741687712)
(0 -5.601629374e-05 0.6401834745)
(0 -2.348352796e-11 -2.408858131e-11)
(0 -3.441234169e-11 2.364887453e-11)
(0 -1.248709076e-11 3.190202478e-11)
(0 1.186101982e-12 2.777791186e-11)
(0 8.817758055e-12 2.143848739e-11)
(0 1.269010496e-11 1.5881694e-11)
(0 1.443566355e-11 1.165427102e-11)
(0 1.504300902e-11 8.597100699e-12)
(0 1.506723047e-11 6.420792021e-12)
(0 1.480902978e-11 4.869816044e-12)
(0 1.442826547e-11 3.753007951e-12)
(0 1.400875778e-11 2.936088522e-12)
(0 1.359368992e-11 2.327106783e-12)
(0 1.320460717e-11 1.863573786e-12)
(0 1.285156568e-11 1.502923513e-12)
(0 1.253856973e-11 1.21591206e-12)
(0 1.226650539e-11 9.821868384e-13)
(0 1.20347341e-11 7.873472669e-13)
(0 1.184196077e-11 6.20997136e-13)
(0 1.168670703e-11 4.754463798e-13)
(0 1.156756999e-11 3.448352282e-13)
(0 1.1483365e-11 2.245316051e-13)
(0 1.143320509e-11 1.107034268e-13)
(0 5.708272956e-12 4.719973807e-24)
(0 2.460257767e-11 7.84867394e-13)
(0 3.461767739e-11 -1.269081945e-12)
(0 1.185987674e-11 -4.273084989e-13)
(0 -6.695982998e-12 3.236048641e-13)
(0 2.204221713e-11 7.022158914e-13)
(0 -1.102776627e-11 8.55106491e-13)
(0 9.021215515e-12 9.208882954e-13)
(0 -2.080810291e-12 9.50173327e-13)
(0 0.6707385963 0.1612795244)
(0 0.7536742681 0.1181048897)
(0 0.7007443392 0.4253970087)
(0 0.7878542716 0.7154082897)
(0 0.1242607236 1.837964722)
(0 1.450158885 0.959814989)
(0 -0.4852217794 0.9238090509)
(0 -0.001971208831 0.6777617972)
(0 7.122473011e-12 5.822243683e-12)
(0 -3.74064052e-13 1.832092132e-11)
(0 -6.2952141e-12 2.122409285e-11)
(0 -1.02485191e-12 1.951247328e-11)
(0 4.749342685e-12 1.629840412e-11)
(0 8.861431567e-12 1.303776383e-11)
(0 1.13625092e-11 1.02521253e-11)
(0 1.271783749e-11 8.037285327e-12)
(0 1.334479867e-11 6.33019145e-12)
(0 1.353642671e-11 5.027775945e-12)
(0 1.348078506e-11 4.03227639e-12)
(0 1.32935971e-11 3.264383767e-12)
(0 1.304444414e-11 2.663938493e-12)
(0 1.27744913e-11 2.186701443e-12)
(0 1.250770015e-11 1.80053973e-12)
(0 1.225771715e-11 1.482139827e-12)
(0 1.203205477e-11 1.214477743e-12)
(0 1.183461785e-11 9.849699066e-13)
(0 1.166722784e-11 7.841536323e-13)
(0 1.153054342e-11 6.047534507e-13)
(0 1.1424619e-11 4.410187451e-13)
(0 1.134924513e-11 2.882474896e-13)
(0 1.13041554e-11 1.424345071e-13)
(0 5.644574777e-12 4.156729555e-24)
(0 2.432792306e-11 7.368766246e-13)
(0 3.421450686e-11 -6.893898643e-13)
(0 1.178280215e-11 2.126809249e-13)
(0 -6.77334893e-12 9.102350319e-13)
(0 2.196507526e-11 1.239459902e-12)
(0 -1.108497316e-11 1.360260157e-12)
(0 8.98680747e-12 1.405768206e-12)
(0 -2.092361632e-12 1.424210846e-12)
(0 0.3497542102 0.1964160756)
(0 -0.0354113825 0.1690246525)
(0 -0.1819985208 0.7477682481)
(0 0.2340871223 1.845370264)
(0 -0.9000662888 1.938134472)
(0 -0.6363017422 0.3641940249)
(0 -0.6760817034 1.083179097)
(0 -2.372558792e-11 4.985181387e-11)
(0 -2.555521438e-11 5.291272261e-11)
(0 -1.883716746e-11 2.276915745e-11)
(0 -1.12955388e-11 1.516099954e-11)
(0 -3.739586745e-12 1.274953302e-11)
(0 2.343048605e-12 1.120486415e-11)
(0 6.643826141e-12 9.71881762e-12)
(0 9.435185046e-12 8.279148465e-12)
(0 1.112107517e-11 6.969695164e-12)
(0 1.205772109e-11 5.83489803e-12)
(0 1.251111472e-11 4.878811878e-12)
(0 1.266487329e-11 4.083927822e-12)
(0 1.264041989e-11 3.425218424e-12)
(0 1.251600759e-11 2.877548152e-12)
(0 1.234120841e-11 2.418740982e-12)
(0 1.214700407e-11 2.030382408e-12)
(0 1.195250774e-11 1.697618629e-12)
(0 1.176933547e-11 1.408603615e-12)
(0 1.160440999e-11 1.153890573e-12)
(0 1.146174432e-11 9.258841399e-13)
(0 1.134357215e-11 7.18385999e-13)
(0 1.125106403e-11 5.26231191e-13)
(0 1.118478076e-11 3.449996005e-13)
(0 1.11449576e-11 1.707843413e-13)
(0 5.565838449e-12 3.27564981e-24)
(0 2.398782763e-11 6.793833519e-13)
(0 3.372614506e-11 -1.154200264e-13)
(0 1.168392289e-11 8.380774608e-13)
(0 -6.86616272e-12 1.477258098e-12)
(0 2.18768469e-11 1.754659963e-12)
(0 -1.114953239e-11 1.842151048e-12)
(0 8.948274412e-12 1.866598365e-12)
(0 -2.10522825e-12 1.873784938e-12)
(0 -0.4309471258 0.7267054167)
(0 -1.292286087 0.614051978)
(0 -0.7778085639 0.4442331891)
(0 0.3266024401 1.427692524)
(0 0.7476138461 2.716615209)
(0 -0.9524659518 0.6386562371)
(0 -0.008271202581 0.5762028335)
(0 -3.681190038e-11 1.605744438e-11)
(0 -8.658235284e-11 1.583169583e-11)
(0 -3.812572941e-11 4.681317777e-12)
(0 -1.631483854e-11 3.901296172e-12)
(0 -4.980987306e-12 5.119906951e-12)
(0 1.71862729e-12 6.052724136e-12)
(0 5.935715886e-12 6.353518105e-12)
(0 8.613386746e-12 6.175955962e-12)
(0 1.027358706e-11 5.727438444e-12)
(0 1.125391538e-11 5.160887036e-12)
(0 1.17854565e-11 4.568640136e-12)
(0 1.202719161e-11 3.999395827e-12)
(0 1.208721743e-11 3.475002467e-12)
(0 1.20379667e-11 3.002282464e-12)
(0 1.192732555e-11 2.580319663e-12)
(0 1.17865778e-11 2.204617886e-12)
(0 1.163593836e-11 1.86933621e-12)
(0 1.148832671e-11 1.568415472e-12)
(0 1.135189837e-11 1.296093438e-12)
(0 1.123172326e-11 1.047096248e-12)
(0 1.113089047e-11 8.166663801e-13)
(0 1.10512326e-11 6.005131933e-13)
(0 1.099379828e-11 3.947302445e-13)
(0 1.09591558e-11 1.9570068e-13)
(0 5.473790436e-12 2.40266696e-24)
(0 2.359005398e-11 6.136897508e-13)
(0 3.316098537e-11 4.461799956e-13)
(0 1.156551763e-11 1.442904608e-12)
(0 -6.972094506e-12 2.019912681e-12)
(0 2.177963949e-11 2.243916105e-12)
(0 -1.121993296e-11 2.297534023e-12)
(0 8.90649306e-12 2.300676621e-12)
(0 -2.119123778e-12 2.296515929e-12)
(0 -1.207284895 1.10819154)
(0 -2.19024348 -0.02207978434)
(0 -2.021202492 -1.037118129)
(0 -1.820985591 0.1639714589)
(0 0.03936271118 2.752237855)
(0 -0.9407978034 1.334738419)
(0 0.003444470074 -0.06606893902)
(0 -6.574117009e-11 -1.435748231e-10)
(0 -8.387196782e-11 -5.726478335e-11)
(0 -3.076755643e-11 -2.37815243e-11)
(0 -1.085694962e-11 -9.356974572e-12)
(0 -1.588158781e-12 -2.223952121e-12)
(0 3.576659759e-12 1.532610976e-12)
(0 6.767057966e-12 3.466567488e-12)
(0 8.809105384e-12 4.343699285e-12)
(0 1.010600624e-11 4.603194724e-12)
(0 1.089892278e-11 4.51255734e-12)
(0 1.134962352e-11 4.235453975e-12)
(0 1.157123562e-11 3.870000474e-12)
(0 1.164330652e-11 3.473100612e-12)
(0 1.162132479e-11 3.07624732e-12)
(0 1.154354383e-11 2.695624745e-12)
(0 1.143602062e-11 2.338419907e-12)
(0 1.131630533e-11 2.00667917e-12)
(0 1.11960927e-11 1.699615574e-12)
(0 1.108309077e-11 1.414959743e-12)
(0 1.098231726e-11 1.149730879e-12)
(0 1.089698909e-11 9.006614933e-13)
(0 1.082912789e-11 6.644180629e-13)
(0 1.077996825e-11 4.377026205e-13)
(0 1.075022736e-11 2.172856316e-13)
(0 5.370137769e-12 1.544611615e-24)
(0 2.314232983e-11 5.418599049e-13)
(0 3.252923895e-11 9.888754542e-13)
(0 1.143024963e-11 2.02136525e-12)
(0 -7.08879924e-12 2.533847029e-12)
(0 2.167542249e-11 2.703916435e-12)
(0 -1.129484993e-11 2.723796814e-12)
(0 8.862179245e-12 2.705895617e-12)
(0 -2.133825113e-12 2.690564251e-12)
(0 -1.482363277 2.122693561)
(0 -2.398345249 1.18061458)
(0 -2.965459939 0.1032949624)
(0 -3.039675321 0.5934526378)
(0 -1.550635634 1.618502388)
(0 -0.8103211428 0.6736962938)
(0 -0.5158849656 -0.452233891)
(0 -2.170239966e-11 -1.143564339e-10)
(0 3.767633519e-11 -7.289282486e-11)
(0 9.782050586e-12 -3.318290559e-11)
(0 5.242733638e-12 -1.532375594e-11)
(0 5.908598242e-12 -6.191470609e-12)
(0 7.409146898e-12 -1.164914725e-12)
(0 8.746804195e-12 1.636432118e-12)
(0 9.750013982e-12 3.129062939e-12)
(0 1.044244511e-11 3.829066273e-12)
(0 1.088617463e-11 4.050678444e-12)
(0 1.114289964e-11 3.990603359e-12)
(0 1.126483824e-11 3.772037377e-12)
(0 1.129346428e-11 3.471139233e-12)
(0 1.126049083e-11 3.133968896e-12)
(0 1.118949814e-11 2.787498543e-12)
(0 1.109763222e-11 2.446742991e-12)
(0 1.099713402e-11 2.119329881e-12)
(0 1.089660728e-11 1.808393896e-12)
(0 1.080201368e-11 1.514386968e-12)
(0 1.071742501e-11 1.236195895e-12)
(0 1.064557766e-11 9.718222775e-13)
(0 1.058827373e-11 7.187882624e-13)
(0 1.054666585e-11 4.743717644e-13)
(0 1.052145318e-11 2.357366915e-13)
(0 5.256504804e-12 6.405795709e-25)
(0 2.265110518e-11 4.658289024e-13)
(0 3.183885162e-11 1.506220481e-12)
(0 1.128038257e-11 2.567967212e-12)
(0 -7.214264142e-12 3.015220224e-12)
(0 2.156575837e-11 3.131986184e-12)
(0 -1.137333609e-11 3.118940619e-12)
(0 8.81577796e-12 3.080644052e-12)
(0 -2.149207602e-12 3.054478549e-12)
(0 -2.007479103 2.62532121)
(0 -2.394201471 0.6716645894)
(0 -2.350740149 -0.7434122595)
(0 -2.385465336 -0.1297881017)
(0 -1.501802658 0.1746321772)
(0 -1.03687952 -0.2724270097)
(0 -0.9037768692 -0.6627893261)
(0 -0.01093224196 -0.5488619544)
(0 4.487181711e-11 -2.703390934e-11)
(0 2.680129372e-11 -2.073321466e-11)
(0 1.613448535e-11 -1.256379829e-11)
(0 1.257068243e-11 -6.053262127e-12)
(0 1.140456249e-11 -1.637221387e-12)
(0 1.106103563e-11 1.115005151e-12)
(0 1.100173954e-11 2.707036667e-12)
(0 1.102762175e-11 3.533313873e-12)
(0 1.106045987e-11 3.870472682e-12)
(0 1.107098245e-11 3.904229594e-12)
(0 1.10517715e-11 3.756393527e-12)
(0 1.100523804e-11 3.505438262e-12)
(0 1.09376841e-11 3.200978067e-12)
(0 1.085631792e-11 2.873642994e-12)
(0 1.076785195e-11 2.541707283e-12)
(0 1.067795623e-11 2.215487041e-12)
(0 1.059114979e-11 1.900228385e-12)
(0 1.051089276e-11 1.597985978e-12)
(0 1.043975257e-11 1.308833375e-12)
(0 1.037958146e-11 1.031635219e-12)
(0 1.033167738e-11 7.645343305e-13)
(0 1.029691668e-11 5.052546654e-13)
(0 1.027585559e-11 2.512867314e-13)
(0 5.134401078e-12 6.881918679e-26)
(0 2.212348536e-11 3.863222005e-13)
(0 3.110430601e-11 1.992756035e-12)
(0 1.111900053e-11 3.078098692e-12)
(0 -7.34686517e-12 3.460989887e-12)
(0 2.145163901e-11 3.526145131e-12)
(0 -1.14549303e-11 3.481495973e-12)
(0 8.767415966e-12 3.423634946e-12)
(0 -2.165256655e-12 3.386982979e-12)
(0 -1.235067594 2.621564772)
(0 -1.694649794 1.541281826)
(0 -2.191835357 0.126853759)
(0 -2.435432166 -0.03133720795)
(0 -2.94222221 -0.07159869562)
(0 -1.117274138 0.08272957536)
(0 0.7054969194 -1.513128248)
(0 -0.002160508822 -1.090910199)
(0 2.095909832e-11 6.580565012e-12)
(0 2.411170601e-11 -1.029671247e-11)
(0 1.992268617e-11 -8.145013964e-12)
(0 1.683517514e-11 -3.820555514e-12)
(0 1.457741418e-11 -4.457202334e-13)
(0 1.309106225e-11 1.75375964e-12)
(0 1.21683227e-11 3.050745598e-12)
(0 1.160588113e-11 3.726665658e-12)
(0 1.125709035e-11 3.993654878e-12)
(0 1.102882048e-11 3.999435207e-12)
(0 1.086604691e-11 3.843857049e-12)
(0 1.073804882e-11 3.593231085e-12)
(0 1.062869557e-11 3.290849171e-12)
(0 1.053022736e-11 2.964372129e-12)
(0 1.043947627e-11 2.630938239e-12)
(0 1.035565513e-11 2.300665128e-12)
(0 1.027910622e-11 1.979031361e-12)
(0 1.021061867e-11 1.668482734e-12)
(0 1.015107425e-11 1.369506383e-12)
(0 1.010127861e-11 1.081342666e-12)
(0 1.006189317e-11 8.024524703e-13)
(0 1.003341825e-11 5.308208545e-13)
(0 1.001619851e-11 2.641527903e-13)
(0 5.005218073e-12 -5.454277081e-25)
(0 2.156532777e-11 3.058121424e-13)
(0 3.032190403e-11 2.443222628e-12)
(0 1.094499721e-11 3.547308303e-12)
(0 -7.486445764e-12 3.868361297e-12)
(0 2.133318956e-11 3.884734167e-12)
(0 -1.153970087e-11 3.810249605e-12)
(0 8.716942562e-12 3.733665014e-12)
(0 -2.182043611e-12 3.686751837e-12)
(0 -2.884012652 2.220098763)
(0 -0.6084389141 1.287597727)
(0 -0.6800467652 0.08265461309)
(0 0.04843907042 0.01873412987)
(0 0.7833835286 -0.3444008407)
(0 1.852369419 -3.33868863)
(0 1.507234673 -1.187251823)
(0 0.004971798707 0.1302397488)
(0 3.006760028e-13 2.850954829e-12)
(0 1.181276937e-11 -1.917766038e-11)
(0 2.261064231e-11 -5.898974457e-12)
(0 2.026997616e-11 -6.382388476e-13)
(0 1.697887764e-11 1.921117563e-12)
(0 1.455750146e-11 3.294992149e-12)
(0 1.297464556e-11 4.015506804e-12)
(0 1.197053103e-11 4.328936732e-12)
(0 1.133322942e-11 4.37803305e-12)
(0 1.092118462e-11 4.255986495e-12)
(0 1.064556738e-11 4.026356905e-12)
(0 1.045223017e-11 3.732767926e-12)
(0 1.030882514e-11 3.404800593e-12)
(0 1.019640699e-11 3.062040035e-12)
(0 1.010414495e-11 2.716988933e-12)
(0 1.002604935e-11 2.377185534e-12)
(0 9.958967395e-12 2.046733669e-12)
(0 9.901367787e-12 1.727394745e-12)
(0 9.852612499e-12 1.419356692e-12)
(0 9.812527546e-12 1.121768205e-12)
(0 9.781155565e-12 8.331050643e-13)
(0 9.758616997e-12 5.514182427e-13)
(0 9.74503474e-12 2.74500636e-13)
(0 4.870248288e-12 -1.350561561e-24)
(0 2.098162819e-11 2.26559305e-13)
(0 2.95111508e-11 2.853336914e-12)
(0 1.076242172e-11 3.972041481e-12)
(0 -7.63179097e-12 4.235177897e-12)
(0 2.121072848e-11 4.206484553e-12)
(0 -1.162769823e-11 4.104161582e-12)
(0 8.664214481e-12 4.009502051e-12)
(0 -2.199634498e-12 3.952311701e-12)
(0 -2.367571442 0.7231411261)
(0 -0.5722984351 0.1302980455)
(0 -0.427485255 -0.3468045253)
(0 0.8016258327 -1.910879185)
(0 1.252077488 -0.940220586)
(0 2.166837078 -2.026341107)
(0 0.9029497411 -0.3109570638)
(0 0.4885757056 0.6657316804)
(0 0.002167081737 0.007395158259)
(0 1.545910484e-11 5.805697083e-13)
(0 3.84621077e-11 4.365044189e-12)
(0 2.465526717e-11 5.245446307e-12)
(0 1.851064517e-11 5.473419878e-12)
(0 1.518545149e-11 5.489567184e-12)
(0 1.320226729e-11 5.387344586e-12)
(0 1.196840737e-11 5.195531753e-12)
(0 1.118414012e-11 4.933541857e-12)
(0 1.067714434e-11 4.620108712e-12)
(0 1.034282834e-11 4.272804502e-12)
(0 1.01164925e-11 3.906669558e-12)
(0 9.957967674e-12 3.533527967e-12)
(0 9.842415697e-12 3.161978175e-12)
(0 9.754621771e-12 2.797771083e-12)
(0 9.685399861e-12 2.444335563e-12)
(0 9.62931543e-12 2.103307443e-12)
(0 9.58324169e-12 1.774993389e-12)
(0 9.545447714e-12 1.458747175e-12)
(0 9.515026985e-12 1.153259643e-12)
(0 9.491543212e-12 8.567739507e-13)
(0 9.474813826e-12 5.672408167e-13)
(0 9.464780269e-12 2.824283912e-13)
(0 4.730717437e-12 -1.802257956e-24)
(0 2.037876323e-11 1.491384119e-13)
(0 2.867275602e-11 3.220234008e-12)
(0 1.057141292e-11 4.350251201e-12)
(0 -7.782630469e-12 4.560259369e-12)
(0 2.108430297e-11 4.490589455e-12)
(0 -1.171893772e-11 4.362337964e-12)
(0 8.609227918e-12 4.249892166e-12)
(0 -2.218029604e-12 4.182102277e-12)
(0 0.6039767539 0.1603095567)
(0 0.7032409234 -0.67077568)
(0 0.7581660257 -1.379403122)
(0 0.3908469606 -1.957417008)
(0 0.6926812633 -2.135850969)
(0 0.9411496959 -2.377155842)
(0 0.3280816289 -0.06241355533)
(0 0.39262445 1.145738832)
(0 -0.0003950158223 0.5052878848)
(0 1.457457002e-11 3.547469673e-11)
(0 2.727741201e-11 1.753519302e-11)
(0 2.137835185e-11 1.178153945e-11)
(0 1.722299852e-11 9.237533649e-12)
(0 1.447142617e-11 7.802499222e-12)
(0 1.268061013e-11 6.848766629e-12)
(0 1.15167283e-11 6.132294754e-12)
(0 1.075780638e-11 5.540482409e-12)
(0 1.026044726e-11 5.018090379e-12)
(0 9.932128221e-12 4.538070311e-12)
(0 9.712953632e-12 4.087562119e-12)
(0 9.564133759e-12 3.660643877e-12)
(0 9.460650107e-12 3.254551632e-12)
(0 9.38650234e-12 2.867760143e-12)
(0 9.331585715e-12 2.499059345e-12)
(0 9.28962522e-12 2.147151704e-12)
(0 9.256807519e-12 1.810511631e-12)
(0 9.230878754e-12 1.487368356e-12)
(0 9.210554322e-12 1.175739954e-12)
(0 9.195136738e-12 8.73482355e-13)
(0 9.184271437e-12 5.783366976e-13)
(0 9.177793923e-12 2.8796881e-13)
(0 4.587819896e-12 -2.024681293e-24)
(0 1.976079758e-11 7.378059916e-14)
(0 2.781978735e-11 3.541988636e-12)
(0 1.037417198e-11 4.680708068e-12)
(0 -7.93828127e-12 4.842844112e-12)
(0 2.095427052e-11 4.736359362e-12)
(0 -1.181307564e-11 4.583893304e-12)
(0 8.552287129e-12 4.453620063e-12)
(0 -2.23711202e-12 4.374652263e-12)
(0 1.24001472 0.1554846723)
(0 1.454695446 -0.07822304115)
(0 1.490470583 -0.4142779215)
(0 0.905198424 -1.088896489)
(0 0.5131232492 -1.454723097)
(0 0.16478746 -1.64956305)
(0 -0.3859547082 0.5411051303)
(0 -0.2364397179 0.9551838418)
(0 -0.002148945989 0.368450476)
(0 1.303603548e-11 1.608333442e-11)
(0 1.489830408e-11 1.864882859e-11)
(0 1.63576078e-11 1.510795013e-11)
(0 1.453160495e-11 1.189266563e-11)
(0 1.279668447e-11 9.634126818e-12)
(0 1.153206282e-11 8.07292318e-12)
(0 1.066012315e-11 6.944388167e-12)
(0 1.006993574e-11 6.077990783e-12)
(0 9.674732241e-12 5.373687867e-12)
(0 9.412300083e-12 4.773809947e-12)
(0 9.239066069e-12 4.24484663e-12)
(0 9.124957187e-12 3.766912273e-12)
(0 9.049531964e-12 3.32780164e-12)
(0 8.999129485e-12 2.919637228e-12)
(0 8.964791422e-12 2.536971682e-12)
(0 8.940767715e-12 2.175713288e-12)
(0 8.923458342e-12 1.832520397e-12)
(0 8.910676037e-12 1.504463554e-12)
(0 8.901140984e-12 1.188839535e-12)
(0 8.894139955e-12 8.830703336e-13)
(0 8.889300281e-12 5.84648469e-13)
(0 8.886443571e-12 2.911067035e-13)
(0 4.442748627e-12 -2.338790557e-24)
(0 1.913373342e-11 1.937144126e-15)
(0 2.694828835e-11 3.817242231e-12)
(0 1.016977845e-11 4.962369728e-12)
(0 -8.098381926e-12 5.082116733e-12)
(0 2.082118042e-11 4.942978333e-12)
(0 -1.190948528e-11 4.767907974e-12)
(0 8.493914027e-12 4.619644932e-12)
(0 -2.256690353e-12 4.528798519e-12)
(0 0.9298033674 0.03929221527)
(0 0.9418395069 -0.295779003)
(0 0.9367740594 -0.6605995598)
(0 0.5981751205 -1.098596581)
(0 0.3623370662 -1.444388344)
(0 -0.1699938121 -1.630761121)
(0 0.2933778288 0.4840429934)
(0 0.2601504861 0.8160761541)
(0 0.002570771482 0.248867969)
(0 8.158273817e-12 4.05706924e-11)
(0 2.639635099e-11 2.596296995e-11)
(0 1.462218888e-11 1.810877813e-11)
(0 1.174917521e-11 1.35910474e-11)
(0 1.065168372e-11 1.076841835e-11)
(0 9.990871475e-12 8.864404359e-12)
(0 9.521795903e-12 7.494332505e-12)
(0 9.187106078e-12 6.453391927e-12)
(0 8.956266428e-12 5.62484654e-12)
(0 8.803286984e-12 4.938618255e-12)
(0 8.706055957e-12 4.351081844e-12)
(0 8.647088769e-12 3.834334382e-12)
(0 8.613375062e-12 3.370083032e-12)
(0 8.595672382e-12 2.945995205e-12)
(0 8.587661775e-12 2.553459586e-12)
(0 8.585173936e-12 2.186194722e-12)
(0 8.585557785e-12 1.839380283e-12)
(0 8.587197892e-12 1.509114265e-12)
(0 8.589161102e-12 1.192073733e-12)
(0 8.590945672e-12 8.853019975e-13)
(0 8.592307807e-12 5.860735405e-13)
(0 8.593145454e-12 2.918060204e-13)
(0 4.296713193e-12 -2.767614572e-24)
(0 1.850256367e-11 -6.486786246e-14)
(0 2.607571495e-11 4.045130869e-12)
(0 9.962810652e-12 5.19471731e-12)
(0 -8.260739698e-12 5.277584274e-12)
(0 2.068632852e-11 5.109820208e-12)
(0 -1.200737277e-11 4.913664766e-12)
(0 8.434528303e-12 4.747273346e-12)
(0 -2.276649315e-12 4.643777169e-12)
(0 0.7311285203 0.03742469393)
(0 0.7263798995 -0.2053165688)
(0 0.6279718793 -0.2938677359)
(0 0.3737739287 -0.569491199)
(0 -0.08522596788 -1.010833462)
(0 -0.5723278338 -1.368081867)
(0 -0.5105842293 -0.007858861922)
(0 0.3397433533 0.903301936)
(0 0.0006242898233 0.655580647)
(0 -1.100549069e-11 5.329670668e-11)
(0 -7.499900079e-12 2.658509445e-11)
(0 3.985685238e-12 1.777315429e-11)
(0 7.191245176e-12 1.359432528e-11)
(0 8.070041434e-12 1.098409031e-11)
(0 8.25797697e-12 9.121933724e-12)
(0 8.249110722e-12 7.715133143e-12)
(0 8.200449776e-12 6.616384171e-12)
(0 8.159958569e-12 5.733672212e-12)
(0 8.138535387e-12 5.004715403e-12)
(0 8.134782196e-12 4.38650602e-12)
(0 8.143958375e-12 3.849237587e-12)
(0 8.161192787e-12 3.372179565e-12)
(0 8.182506039e-12 2.940782279e-12)
(0 8.204990938e-12 2.544660685e-12)
(0 8.226688413e-12 2.176211611e-12)
(0 8.246377885e-12 1.829678783e-12)
(0 8.263369487e-12 1.500527344e-12)
(0 8.277328716e-12 1.185028066e-12)
(0 8.288139763e-12 8.799810868e-13)
(0 8.295804304e-12 5.825309734e-13)
(0 8.300370031e-12 2.900403641e-13)
(0 4.150942606e-12 -3.019834522e-24)
(0 1.787206691e-11 -1.281682435e-13)
(0 2.520844372e-11 4.226165362e-12)
(0 9.755524855e-12 5.378484647e-12)
(0 -8.423733553e-12 5.429802197e-12)
(0 2.05503887e-11 5.2370644e-12)
(0 -1.210689469e-11 5.020995473e-12)
(0 8.373599022e-12 4.836139775e-12)
(0 -2.297271035e-12 4.718888986e-12)
(0 0.6380565256 0.04057269745)
(0 0.6484257025 -0.09565024339)
(0 0.4935452615 -0.154088698)
(0 0.4566849917 -0.2512948046)
(0 0.04863414422 -0.5288526225)
(0 -0.4192959361 -1.049294873)
(0 -0.7215697473 -0.3905266116)
(0 -0.2054260823 0.6373118967)
(0 8.60675125e-06 0.6474942616)
(0 -8.639870556e-12 -1.080021948e-11)
(0 -8.98525551e-12 9.451182295e-12)
(0 1.63141971e-12 1.280440259e-11)
(0 4.960111221e-12 1.202900705e-11)
(0 6.179292167e-12 1.045167703e-11)
(0 6.721914313e-12 8.924096209e-12)
(0 7.01624635e-12 7.627869353e-12)
(0 7.205645148e-12 6.563324794e-12)
(0 7.34459766e-12 5.688725027e-12)
(0 7.456120792e-12 4.960043993e-12)
(0 7.550578142e-12 4.340966353e-12)
(0 7.632762314e-12 3.803908133e-12)
(0 7.704919754e-12 3.328595467e-12)
(0 7.768153502e-12 2.90027656e-12)
(0 7.823091107e-12 2.50817437e-12)
(0 7.870192033e-12 2.144298633e-12)
(0 7.909873518e-12 1.802582895e-12)
(0 7.942547175e-12 1.478275862e-12)
(0 7.968614845e-12 1.167518827e-12)
(0 7.988448579e-12 8.670539897e-13)
(0 8.002367084e-12 5.74022327e-13)
(0 8.010614481e-12 2.858211589e-13)
(0 4.006672829e-12 -2.888204735e-24)
(0 1.724877413e-11 -1.86737489e-13)
(0 2.434470728e-11 4.360085524e-12)
(0 9.548216258e-12 5.514039275e-12)
(0 -8.586709581e-12 5.539786867e-12)
(0 2.041261668e-11 5.325833803e-12)
(0 -1.221016756e-11 5.090387799e-12)
(0 8.308770462e-12 4.885743725e-12)
(0 -2.319576303e-12 4.752495889e-12)
(0 0.5346444578 0.02086776448)
(0 0.5442826525 -0.08686109252)
(0 0.4640449618 -0.106002334)
(0 0.4712981152 -0.1793420146)
(0 0.304909324 -0.1665834478)
(0 0.0473338111 -0.6029540119)
(0 -0.5826953097 -0.478987429)
(0 -0.1857702098 0.3080941311)
(0 -3.617563685e-05 0.3789644937)
(0 1.233203975e-11 -5.599480205e-12)
(0 1.624427584e-11 9.358068368e-12)
(0 6.563509997e-12 1.19642623e-11)
(0 4.838519611e-12 1.12656172e-11)
(0 4.965130588e-12 9.869506135e-12)
(0 5.434169298e-12 8.494893788e-12)
(0 5.888339307e-12 7.308910155e-12)
(0 6.26130545e-12 6.320305081e-12)
(0 6.556677769e-12 5.497840316e-12)
(0 6.790776713e-12 4.805747537e-12)
(0 6.978646336e-12 4.213384812e-12)
(0 7.13158749e-12 3.696812087e-12)
(0 7.257561214e-12 3.237999167e-12)
(0 7.362084941e-12 2.823538234e-12)
(0 7.449013011e-12 2.443447441e-12)
(0 7.521096937e-12 2.09021232e-12)
(0 7.580355114e-12 1.758065349e-12)
(0 7.62830542e-12 1.442462017e-12)
(0 7.666106844e-12 1.1397063e-12)
(0 7.694643262e-12 8.466847336e-13)
(0 7.714571473e-12 5.606770019e-13)
(0 7.726347704e-12 2.792189465e-13)
(0 3.865121447e-12 -2.86883745e-24)
(0 1.663720703e-11 -2.395983453e-13)
(0 2.35008054e-11 4.446906054e-12)
(0 9.345423451e-12 5.602574098e-12)
(0 -8.748769437e-12 5.610355809e-12)
(0 2.02707456e-11 5.379316393e-12)
(0 -1.232182812e-11 5.123367484e-12)
(0 8.235305801e-12 4.89474398e-12)
(0 -2.345548527e-12 4.740479903e-12)
(0 0.5100146767 0.02389015323)
(0 0.5061121932 -0.02788574114)
(0 0.4575569468 -0.04628677418)
(0 0.4098515116 -0.1051779644)
(0 0.2843019485 -0.07103649842)
(0 0.3003799992 -0.1898547373)
(0 -0.3671699261 -0.3085015626)
(0 -0.109443358 0.2220958971)
(0 0.0007894363329 0.3414020835)
(0 2.626328406e-12 4.405307346e-11)
(0 8.67269282e-12 2.170973185e-11)
(0 3.53896854e-12 1.442896141e-11)
(0 2.865355052e-12 1.119968551e-11)
(0 3.408568756e-12 9.265828048e-12)
(0 4.161318333e-12 7.87705205e-12)
(0 4.841657643e-12 6.79255896e-12)
(0 5.394575308e-12 5.911128917e-12)
(0 5.830040116e-12 5.176564801e-12)
(0 6.171665287e-12 4.551700354e-12)
(0 6.441642692e-12 4.009992562e-12)
(0 6.657376669e-12 3.53193706e-12)
(0 6.8316459e-12 3.103033878e-12)
(0 6.973601776e-12 2.712414688e-12)
(0 7.089765194e-12 2.351850982e-12)
(0 7.184809942e-12 2.015024595e-12)
(0 7.262123214e-12 1.69699133e-12)
(0 7.324188127e-12 1.393788521e-12)
(0 7.372837562e-12 1.102149095e-12)
(0 7.409419281e-12 8.19293346e-13)
(0 7.434901297e-12 5.427764552e-13)
(0 7.449937479e-12 2.703750484e-13)
(0 3.727453882e-12 -2.961475612e-24)
(0 1.604197022e-11 -2.876021185e-13)
(0 2.267925288e-11 4.487361474e-12)
(0 9.148247205e-12 5.647220276e-12)
(0 -8.911151177e-12 5.647452718e-12)
(0 2.011986439e-11 5.403831039e-12)
(0 -1.244958656e-11 5.122741711e-12)
(0 8.145856789e-12 4.860034438e-12)
(0 -2.37820167e-12 4.674416982e-12)
(0 0.4870115748 0.02071925601)
(0 0.4819342028 -0.009612595384)
(0 0.4441559855 -0.003756174004)
(0 0.3834583728 -0.02680356374)
(0 0.2579902787 0.00206143838)
(0 0.2788973869 0.03240339204)
(0 -0.182473615 -0.06424989414)
(0 -0.2594026677 0.06251280039)
(0 -1.068001707e-05 0.215759809)
(0 -1.009918601e-11 3.374702237e-11)
(0 -1.330303133e-11 1.907738215e-11)
(0 -3.946536347e-12 1.28421603e-11)
(0 -3.246137478e-13 9.838328638e-12)
(0 1.642497129e-12 8.117060632e-12)
(0 2.96090021e-12 6.954916726e-12)
(0 3.922416174e-12 6.073130634e-12)
(0 4.645311291e-12 5.355070406e-12)
(0 5.197249207e-12 4.745571575e-12)
(0 5.624204474e-12 4.214477861e-12)
(0 5.958883041e-12 3.742929928e-12)
(0 6.224628806e-12 3.317892893e-12)
(0 6.438038842e-12 2.929769158e-12)
(0 6.610902046e-12 2.57122132e-12)
(0 6.751622918e-12 2.236503573e-12)
(0 6.866237285e-12 1.921030606e-12)
(0 6.95911904e-12 1.621074352e-12)
(0 7.033463185e-12 1.333540268e-12)
(0 7.091611669e-12 1.055798595e-12)
(0 7.135270623e-12 7.855557822e-13)
(0 7.165653175e-12 5.207557038e-13)
(0 7.183571248e-12 2.595027103e-13)
(0 3.594746399e-12 -2.960268537e-24)
(0 1.546865084e-11 -3.304842966e-13)
(0 2.188565508e-11 4.48204278e-12)
(0 8.957591395e-12 5.652953414e-12)
(0 -9.076818026e-12 5.660542174e-12)
(0 1.995243112e-11 5.409264037e-12)
(0 -1.26041656e-11 5.092475227e-12)
(0 8.030581973e-12 4.775735296e-12)
(0 -2.42153628e-12 4.539793687e-12)
(0 0.4990649763 0.01949046516)
(0 0.4929507946 0.02307675348)
(0 0.4578794581 0.04054353242)
(0 0.4025887391 0.05611485905)
(0 0.3147550516 0.0781805875)
(0 0.2652587502 0.1592867536)
(0 0.08713208732 0.2031140108)
(0 -0.05140750668 0.07416905394)
(0 -3.835668577e-06 0.07956832486)
(0 -8.14141243e-12 2.806886678e-12)
(0 -1.219448964e-11 8.0480151e-12)
(0 -5.700084973e-12 8.023959999e-12)
(0 -1.859744613e-12 7.194402272e-12)
(0 5.251568446e-13 6.409160907e-12)
(0 2.117388335e-12 5.752411642e-12)
(0 3.241811322e-12 5.189961483e-12)
(0 4.067016249e-12 4.690434008e-12)
(0 4.689447571e-12 4.236156055e-12)
(0 5.16902364e-12 3.817692723e-12)
(0 5.545057724e-12 3.429340483e-12)
(0 5.844215899e-12 3.0669205e-12)
(0 6.084974327e-12 2.726914341e-12)
(0 6.280336191e-12 2.406184148e-12)
(0 6.43957448e-12 2.101898071e-12)
(0 6.569380721e-12 1.811507133e-12)
(0 6.674632876e-12 1.532723362e-12)
(0 6.75891237e-12 1.263489221e-12)
(0 6.824853076e-12 1.001940814e-12)
(0 6.874376389e-12 7.463693375e-13)
(0 6.908848225e-12 4.951840698e-13)
(0 6.929181775e-12 2.468785201e-13)
(0 3.467951172e-12 -2.964298939e-24)
(0 1.492104252e-11 -3.69020934e-13)
(0 2.113003968e-11 4.433007151e-12)
(0 8.774396943e-12 5.628003193e-12)
(0 -9.250818553e-12 5.663858332e-12)
(0 1.975758818e-11 5.409784364e-12)
(0 -1.280008935e-11 5.037570528e-12)
(0 7.876517448e-12 4.632233209e-12)
(0 -2.480793065e-12 4.314268693e-12)
(0 0.521298668 0.02173516369)
(0 0.5105265656 0.05135885955)
(0 0.4840379591 0.08523576174)
(0 0.4298148916 0.1361610108)
(0 0.3946688022 0.1659266776)
(0 0.3106649463 0.2334868529)
(0 0.2768418256 0.2940023402)
(0 0.336015798 0.1259768982)
(0 3.570331294e-05 0.1657858813)
(0 -4.905180104e-12 -3.326718454e-12)
(0 -8.07382333e-12 2.287517391e-12)
(0 -4.800149174e-12 4.011258873e-12)
(0 -1.93941284e-12 4.506153032e-12)
(0 2.005064985e-13 4.572759915e-12)
(0 1.741700786e-12 4.455593734e-12)
(0 2.86043854e-12 4.24385425e-12)
(0 3.691505863e-12 3.980532123e-12)
(0 4.324507921e-12 3.690909836e-12)
(0 4.817388902e-12 3.390781037e-12)
(0 5.208110818e-12 3.089804224e-12)
(0 5.522202664e-12 2.793520389e-12)
(0 5.77730249e-12 2.504770028e-12)
(0 5.985885775e-12 2.22468959e-12)
(0 6.156945903e-12 1.953384567e-12)
(0 6.297062576e-12 1.690364395e-12)
(0 6.411101128e-12 1.434811895e-12)
(0 6.502680636e-12 1.185743322e-12)
(0 6.574491786e-12 9.420990438e-13)
(0 6.628513879e-12 7.027917803e-13)
(0 6.666162358e-12 4.667298393e-13)
(0 6.688387179e-12 2.328262029e-13)
(0 3.347867879e-12 -2.904995955e-24)
(0 1.440240834e-11 -4.023575084e-13)
(0 2.040503073e-11 4.342755503e-12)
(0 8.594684149e-12 5.584074989e-12)
(0 -9.442708458e-12 5.677342618e-12)
(0 1.951831697e-11 5.424635069e-12)
(0 -1.305892984e-11 4.963829016e-12)
(0 7.664897647e-12 4.414643837e-12)
(0 -2.563491502e-12 3.964933835e-12)
(0 0.5689325682 0.02139121213)
(0 0.5600140903 0.06064814907)
(0 0.5467758151 0.09294420122)
(0 0.4873078361 0.1518013822)
(0 0.4826530565 0.152707503)
(0 0.3395239835 0.2335295573)
(0 0.219414545 0.3030384184)
(0 0.3488433145 0.2036142395)
(0 4.667185473e-05 0.4880321361)
(0 -2.550820006e-12 2.575595839e-12)
(0 -4.832664827e-12 4.354038375e-13)
(0 -3.481449333e-12 1.227401483e-12)
(0 -1.298243571e-12 2.246183876e-12)
(0 4.745975469e-13 2.920123204e-12)
(0 1.788482671e-12 3.253336029e-12)
(0 2.766749711e-12 3.349315816e-12)
(0 3.514071835e-12 3.296916356e-12)
(0 4.099696485e-12 3.156156086e-12)
(0 4.567918028e-12 2.964703711e-12)
(0 4.947797076e-12 2.745561714e-12)
(0 5.259181703e-12 2.512573693e-12)
(0 5.516143528e-12 2.273942772e-12)
(0 5.72895073e-12 2.03440686e-12)
(0 5.905249286e-12 1.79657406e-12)
(0 6.050808049e-12 1.561742897e-12)
(0 6.170011802e-12 1.330406937e-12)
(0 6.266199519e-12 1.102565453e-12)
(0 6.341901534e-12 8.779146151e-13)
(0 6.399007185e-12 6.559651885e-13)
(0 6.438882648e-12 4.361152506e-13)
(0 6.462451936e-12 2.176957373e-13)
(0 3.235124969e-12 -2.833852591e-24)
(0 1.391559261e-11 -4.298075004e-13)
(0 1.972613806e-11 4.21573019e-12)
(0 8.416574584e-12 5.53926617e-12)
(0 -9.668121986e-12 5.730073602e-12)
(0 1.920680421e-11 5.480578567e-12)
(0 -1.341514612e-11 4.877807156e-12)
(0 7.366303397e-12 4.099696697e-12)
(0 -2.681281592e-12 3.442852402e-12)
(0 0.6030303817 0.03001718671)
(0 0.5850885855 0.09489700373)
(0 0.5802760821 0.1578049041)
(0 0.4942401475 0.2664217818)
(0 0.5474954053 0.3077078314)
(0 0.4540454934 0.5193004669)
(0 0.2249551605 0.429174257)
(0 0.009431924998 0.2776037705)
(0 3.515103915e-05 0.5461152937)
(0 -6.950810994e-12 -1.813111969e-12)
(0 -9.351861004e-12 -4.273692375e-12)
(0 -2.989369136e-12 -1.783245113e-12)
(0 -2.466911193e-13 3.310518465e-13)
(0 1.207658652e-12 1.608203895e-12)
(0 2.170893397e-12 2.288300679e-12)
(0 2.904018866e-12 2.603145511e-12)
(0 3.498346133e-12 2.701649626e-12)
(0 3.992295276e-12 2.672082339e-12)
(0 4.40679453e-12 2.566303949e-12)
(0 4.755980801e-12 2.415153071e-12)
(0 5.050583722e-12 2.237257511e-12)
(0 5.299135657e-12 2.044008085e-12)
(0 5.508517063e-12 1.842408988e-12)
(0 5.68428194e-12 1.636750762e-12)
(0 5.830895454e-12 1.429616376e-12)
(0 5.951923684e-12 1.222499397e-12)
(0 6.050188314e-12 1.016190738e-12)
(0 6.127891521e-12 8.11024457e-13)
(0 6.186714514e-12 6.070364316e-13)
(0 6.227892907e-12 4.040688451e-13)
(0 6.252271928e-12 2.018410469e-13)
(0 3.130172142e-12 -2.781307812e-24)
(0 1.346257576e-11 -4.521413095e-13)
(0 1.908918064e-11 4.061296023e-12)
(0 8.22715307e-12 5.523094195e-12)
(0 -9.957147779e-12 5.865664379e-12)
(0 1.877662659e-11 5.61550935e-12)
(0 -1.392312931e-11 4.78629542e-12)
(0 6.935722634e-12 3.649916971e-12)
(0 -2.851694619e-12 2.673633035e-12)
(0 0.692229048 0.02678152076)
(0 0.6884250895 0.0845593366)
(0 0.7221427324 0.1215865669)
(0 0.6604564431 0.2054204624)
(0 0.8030358657 0.1041998625)
(0 0.5231305087 0.5413537237)
(0 0.1939531227 0.9708032482)
(0 0.0604638957 0.02737076319)
(0 0.0009233985674 0.5356470884)
(0 -6.123141618e-12 -4.207450209e-11)
(0 -4.724407128e-12 -1.385289286e-11)
(0 1.123294889e-12 -4.417742233e-12)
(0 2.093205437e-12 -7.469371174e-13)
(0 2.43184638e-12 8.933306823e-13)
(0 2.783424286e-12 1.688508343e-12)
(0 3.180098657e-12 2.073306567e-12)
(0 3.583008664e-12 2.234443873e-12)
(0 3.964350808e-12 2.26420873e-12)
(0 4.310988759e-12 2.213265608e-12)
(0 4.618750638e-12 2.111477817e-12)
(0 4.888036717e-12 1.977283598e-12)
(0 5.121295005e-12 1.82241149e-12)
(0 5.321693407e-12 1.654459223e-12)
(0 5.492456674e-12 1.478393692e-12)
(0 5.636556684e-12 1.297464024e-12)
(0 5.756586165e-12 1.113776867e-12)
(0 5.854724579e-12 9.286687865e-13)
(0 5.932747228e-12 7.429528297e-13)
(0 5.992051573e-12 5.570853478e-13)
(0 6.033687263e-12 3.712817104e-13)
(0 6.058383091e-12 1.855992973e-13)
(0 3.033283922e-12 -2.78585037e-24)
(0 1.304443481e-11 -4.687537736e-13)
(0 1.849527078e-11 3.897706254e-12)
(0 8.002249035e-12 5.583100503e-12)
(0 -1.035972579e-11 6.147940645e-12)
(0 1.81585664e-11 5.881117857e-12)
(0 -1.465878747e-11 4.694001155e-12)
(0 6.312953958e-12 3.005331422e-12)
(0 -3.097719685e-12 1.545642006e-12)
(0 0.7150094395 0.03360936143)
(0 0.6850635868 0.1032991094)
(0 0.6959425762 0.1603179072)
(0 0.4811250556 0.2648497516)
(0 0.596099868 0.3490131356)
(0 -0.3123487815 0.8686229824)
(0 0.6102336408 0.8677220629)
(0 -0.4489597596 0.7365440724)
(0 -0.0002787583937 0.7566185449)
(0 2.191306078e-11 -1.389166e-11)
(0 2.838787266e-11 -4.560374573e-12)
(0 1.01165866e-11 -1.287901668e-12)
(0 5.064381796e-12 2.05605939e-13)
(0 3.643104113e-12 1.023539121e-12)
(0 3.350869283e-12 1.499088045e-12)
(0 3.449954396e-12 1.767120299e-12)
(0 3.689248295e-12 1.898601044e-12)
(0 3.971117012e-12 1.937032974e-12)
(0 4.254063618e-12 1.911061652e-12)
(0 4.519998791e-12 1.840198536e-12)
(0 4.761517395e-12 1.73797698e-12)
(0 4.976311282e-12 1.613884655e-12)
(0 5.164499265e-12 1.474613021e-12)
(0 5.32728674e-12 1.32489223e-12)
(0 5.466278629e-12 1.16806213e-12)
(0 5.583128447e-12 1.006469877e-12)
(0 5.679364277e-12 8.417509224e-13)
(0 5.756308083e-12 6.750303014e-13)
(0 5.815043395e-12 5.070690173e-13)
(0 5.856406856e-12 3.383726297e-13)
(0 5.880990218e-12 1.692741443e-13)
(0 2.944572844e-12 -2.853954775e-24)
(0 1.266168312e-11 -4.804148382e-13)
(0 1.79498022e-11 3.763202171e-12)
(0 7.701392964e-12 5.795681085e-12)
(0 -1.09486622e-11 6.665924362e-12)
(0 1.726419906e-11 6.341847916e-12)
(0 -1.570979604e-11 4.598240938e-12)
(0 5.433440407e-12 2.075411131e-12)
(0 -3.44326404e-12 -9.832421824e-14)
(0 0.827140577 0.04024189989)
(0 0.8211520366 0.1250305417)
(0 0.8841785614 0.2507605516)
(0 0.6815896574 0.4486525832)
(0 0.7386332214 0.7763922959)
(0 -0.2032638047 1.079602745)
(0 0.1358669749 0.921233236)
(0 -0.76004129 0.617353721)
(0 4.154421691e-12 4.820432342e-11)
(0 6.131129452e-12 4.017771205e-11)
(0 8.060254768e-12 1.097900439e-11)
(0 5.8892754e-12 3.620898664e-12)
(0 4.404646226e-12 1.833714207e-12)
(0 3.725328486e-12 1.496124577e-12)
(0 3.527005464e-12 1.517178529e-12)
(0 3.579611656e-12 1.597478174e-12)
(0 3.752921339e-12 1.655798069e-12)
(0 3.976811416e-12 1.674250932e-12)
(0 4.214154321e-12 1.653739844e-12)
(0 4.445665966e-12 1.600268022e-12)
(0 4.661722836e-12 1.520531581e-12)
(0 4.857931046e-12 1.420528018e-12)
(0 5.032700982e-12 1.305207691e-12)
(0 5.185905782e-12 1.178492943e-12)
(0 5.318134331e-12 1.043416615e-12)
(0 5.430274958e-12 9.022852287e-13)
(0 5.523285004e-12 7.568316681e-13)
(0 5.598065322e-12 6.083464427e-13)
(0 5.655393901e-12 4.577865637e-13)
(0 5.69589239e-12 3.058649252e-13)
(0 5.720010461e-12 1.531242786e-13)
(0 2.864009778e-12 -2.908584596e-24)
(0 1.231407018e-11 -4.85729513e-13)
(0 1.743847208e-11 3.726572747e-12)
(0 7.262028161e-12 6.274169317e-12)
(0 -1.181501468e-11 7.531287949e-12)
(0 1.600136855e-11 7.064944122e-12)
(0 -1.715217289e-11 4.479338287e-12)
(0 4.25051018e-12 7.355472664e-13)
(0 -3.904252216e-12 -2.457752348e-12)
(0 0.8923150474 0.03247804487)
(0 0.9241865721 0.08891960093)
(0 1.034123942 0.2489451866)
(0 0.9514615307 0.5454042141)
(0 0.9662732975 1.078924261)
(0 0.452017306 1.411535905)
(0 0.5538913718 1.206163999)
(0 -0.00793865295 0.9521820758)
(0 -1.782433625e-11 -3.361348971e-12)
(0 -4.699225976e-11 5.727224952e-12)
(0 -8.168934152e-12 4.67623624e-12)
(0 9.712964156e-13 2.958779656e-12)
(0 2.939607708e-12 2.012221906e-12)
(0 3.326568435e-12 1.610061771e-12)
(0 3.45222288e-12 1.476018367e-12)
(0 3.588573935e-12 1.449809341e-12)
(0 3.766021053e-12 1.452854032e-12)
(0 3.969058787e-12 1.450424106e-12)
(0 4.180080708e-12 1.429369935e-12)
(0 4.386790528e-12 1.386593357e-12)
(0 4.581777391e-12 1.323344817e-12)
(0 4.760987391e-12 1.242480242e-12)
(0 4.92246419e-12 1.147189744e-12)
(0 5.065495665e-12 1.040449262e-12)
(0 5.190070914e-12 9.248213363e-13)
(0 5.2965435e-12 8.024190584e-13)
(0 5.385425491e-12 6.749413785e-13)
(0 5.457262978e-12 5.437353306e-13)
(0 5.512561878e-12 4.098645427e-13)
(0 5.551744571e-12 2.741753273e-13)
(0 5.575125292e-12 1.373575132e-13)
(0 2.791448566e-12 -3.011925995e-24)
(0 1.200198778e-11 -4.833180998e-13)
(0 1.697152885e-11 3.89867244e-12)
(0 6.6175843e-12 7.172387926e-12)
(0 -1.304756361e-11 8.866873865e-12)
(0 1.430201292e-11 8.101507366e-12)
(0 -1.901798883e-11 4.288981519e-12)
(0 2.763176475e-12 -1.166558927e-12)
(0 -4.477799746e-12 -5.752366627e-12)
(0 0.9613025348 0.002467506033)
(0 1.053046094 -0.008340192065)
(0 1.17250075 0.1748368774)
(0 1.152285543 0.5903748984)
(0 1.042929499 1.247280364)
(0 0.7433784226 1.713417485)
(0 0.2028804994 1.30237958)
(0 0.008141553679 1.188576541)
(0 1.130426522e-11 -3.706779991e-11)
(0 1.787238738e-11 -1.489899786e-11)
(0 5.291809481e-12 -9.643550025e-13)
(0 3.225261066e-12 1.525757588e-12)
(0 3.055928341e-12 1.646328144e-12)
(0 3.189124947e-12 1.455878988e-12)
(0 3.366753033e-12 1.327019186e-12)
(0 3.556447322e-12 1.272881249e-12)
(0 3.753536104e-12 1.255378092e-12)
(0 3.953327318e-12 1.245214372e-12)
(0 4.150323572e-12 1.226715004e-12)
(0 4.339640849e-12 1.19338318e-12)
(0 4.517609721e-12 1.14376683e-12)
(0 4.681775973e-12 1.078851643e-12)
(0 4.830670002e-12 1.000615774e-12)
(0 4.963537375e-12 9.112878786e-13)
(0 5.080104128e-12 8.129961556e-13)
(0 5.180395e-12 7.076248709e-13)
(0 5.264601276e-12 5.967767578e-13)
(0 5.332988487e-12 4.817868429e-13)
(0 5.385833898e-12 3.637593087e-13)
(0 5.423385361e-12 2.43613122e-13)
(0 5.445835134e-12 1.221297141e-13)
(0 2.726652265e-12 -2.938745176e-24)
(0 1.172319822e-11 -4.730029961e-13)
(0 1.653933608e-11 4.436836622e-12)
(0 5.704697196e-12 8.677543792e-12)
(0 -1.470858358e-11 1.07873004e-11)
(0 1.214915871e-11 9.4644951e-12)
(0 -2.126967589e-11 3.942877089e-12)
(0 1.036337416e-12 -3.790713926e-12)
(0 -5.134481193e-12 -1.018067476e-11)
(0 0.9066541462 -0.04590191685)
(0 0.8570834427 -0.2001671124)
(0 0.7720730482 0.1039858891)
(0 0.7532343126 0.6634339885)
(0 0.7572488094 1.398890548)
(0 0.6783510456 2.000758347)
(0 0.5645179858 1.664729906)
(0 0.0002406681933 1.424940728)
(0 2.277167986e-11 2.10554831e-11)
(0 2.905801228e-11 1.266893155e-11)
(0 8.25582126e-12 4.839598685e-12)
(0 3.581979562e-12 2.462274843e-12)
(0 2.869729107e-12 1.591451809e-12)
(0 3.007259476e-12 1.240104121e-12)
(0 3.269225142e-12 1.103293689e-12)
(0 3.516932841e-12 1.059313189e-12)
(0 3.738354176e-12 1.050557284e-12)
(0 3.940395699e-12 1.048334611e-12)
(0 4.128249515e-12 1.038886589e-12)
(0 4.303842354e-12 1.016451435e-12)
(0 4.467245853e-12 9.794816489e-13)
(0 4.617836335e-12 9.285380062e-13)
(0 4.754900426e-12 8.651286074e-13)
(0 4.877876047e-12 7.910856893e-13)
(0 4.986407907e-12 7.082465045e-13)
(0 5.080324102e-12 6.183040402e-13)
(0 5.159587463e-12 5.22750963e-13)
(0 5.224245529e-12 4.22873445e-13)
(0 5.274388157e-12 3.197706453e-13)
(0 5.310114977e-12 2.143865696e-13)
(0 5.33151217e-12 1.075472832e-13)
(0 2.669318852e-12 -2.914176926e-24)
(0 1.147739963e-11 -4.530842494e-13)
(0 1.614118399e-11 5.535708785e-12)
(0 4.482452715e-12 1.099152885e-11)
(0 -1.68208149e-11 1.33808007e-11)
(0 9.577418165e-12 1.111681651e-11)
(0 -2.380825041e-11 3.326495037e-12)
(0 -8.083698829e-13 -7.270120551e-12)
(0 -5.82191764e-12 -1.586626051e-11)
(0 0.4406829653 0.08771462014)
(0 -0.2285668767 0.09869294225)
(0 -0.2239363266 0.3243726281)
(0 -0.09661303929 0.7041975436)
(0 0.1489905709 1.439589814)
(0 0.2340985792 2.147205907)
(0 0.344340123 1.875525386)
(0 2.176547927e-05 1.793028481)
(0 -1.644154205e-11 2.721225566e-11)
(0 -2.072757045e-11 1.732497258e-11)
(0 -4.914847227e-12 5.191502801e-12)
(0 -2.288581008e-14 1.892290859e-12)
(0 1.833757619e-12 1.017098315e-12)
(0 2.700966827e-12 8.097892871e-13)
(0 3.185962102e-12 7.867346987e-13)
(0 3.503710916e-12 8.105162625e-13)
(0 3.742557526e-12 8.391987909e-13)
(0 3.941656623e-12 8.586756389e-13)
(0 4.118440397e-12 8.640405257e-13)
(0 4.280235909e-12 8.54049327e-13)
(0 4.429696292e-12 8.291652537e-13)
(0 4.567422931e-12 7.906851592e-13)
(0 4.693217685e-12 7.402702346e-13)
(0 4.806655272e-12 6.79675355e-13)
(0 4.907322479e-12 6.105960565e-13)
(0 4.994899458e-12 5.345900761e-13)
(0 5.069170681e-12 4.530461961e-13)
(0 5.130008169e-12 3.671822939e-13)
(0 5.177347022e-12 2.780607034e-13)
(0 5.211161998e-12 1.866133075e-13)
(0 5.231448564e-12 9.367173597e-14)
(0 2.619104982e-12 -3.028270498e-24)
(0 1.126250887e-11 -4.226707931e-13)
(0 1.577428985e-11 7.406229385e-12)
(0 2.91016818e-12 1.430490783e-11)
(0 -1.941562669e-11 1.669352598e-11)
(0 6.600862614e-12 1.29608776e-11)
(0 -2.655361227e-11 2.293039067e-12)
(0 -2.658349527e-12 -1.169382613e-11)
(0 -6.48986166e-12 -2.282247267e-11)
(0 -0.3712877095 0.6134040109)
(0 -1.218925595 0.3606049284)
(0 -1.077163696 0.0465006)
(0 -0.9059025922 0.3329195864)
(0 -0.5121839966 1.126914444)
(0 -0.1700519572 1.825163834)
(0 0.2495300114 1.609564102)
(0 5.204982701e-05 1.787245258)
(0 -2.129867953e-11 -2.608848584e-11)
(0 -2.722656573e-11 -1.005939255e-11)
(0 -7.176860384e-12 -3.290852694e-12)
(0 -5.924249227e-13 -1.101712389e-12)
(0 1.787227535e-12 -2.251396926e-13)
(0 2.77689586e-12 1.952181301e-13)
(0 3.269952117e-12 4.233375504e-13)
(0 3.569396933e-12 5.568158982e-13)
(0 3.786513553e-12 6.370430942e-13)
(0 3.965237434e-12 6.831253689e-13)
(0 4.123623204e-12 7.045468545e-13)
(0 4.268967082e-12 7.065359942e-13)
(0 4.403881685e-12 6.924405107e-13)
(0 4.528941316e-12 6.647626613e-13)
(0 4.643890622e-12 6.255873438e-13)
(0 4.748201869e-12 5.767450448e-13)
(0 4.841322628e-12 5.198680146e-13)
(0 4.922774242e-12 4.564098971e-13)
(0 4.992179681e-12 3.876575724e-13)
(0 5.049260036e-12 3.147453166e-13)
(0 5.09381917e-12 2.386736016e-13)
(0 5.125726009e-12 1.603320218e-13)
(0 5.144898863e-12 8.052512344e-14)
(0 2.575647116e-12 -2.835939344e-24)
(0 1.107701636e-11 -3.806796864e-13)
(0 1.54335504e-11 1.026098872e-11)
(0 8.678299971e-13 1.878417809e-11)
(0 -2.266535912e-11 2.070689612e-11)
(0 3.065682729e-12 1.478707822e-11)
(0 -2.958111118e-11 5.879337812e-13)
(0 -4.512273839e-12 -1.718367272e-11)
(0 -7.127920559e-12 -3.100466434e-11)
(0 -0.9544674477 1.114596572)
(0 -1.90754001 0.6110987019)
(0 -2.121921643 0.01431046301)
(0 -2.206470495 0.1005842545)
(0 -1.820839526 0.7470936981)
(0 -1.455484188 1.484309225)
(0 -0.9210540852 1.852916856)
(0 5.131476362e-05 2.136432383)
(0 8.380544672e-12 -3.525265215e-11)
(0 1.111650123e-11 -1.915257649e-11)
(0 4.042833e-12 -7.193806569e-12)
(0 3.042827192e-12 -2.78314881e-12)
(0 3.130688137e-12 -1.011163232e-12)
(0 3.34944407e-12 -2.27115387e-13)
(0 3.54755987e-12 1.545805615e-13)
(0 3.71741646e-12 3.563654533e-13)
(0 3.868866996e-12 4.690306583e-13)
(0 4.009160384e-12 5.322337e-13)
(0 4.141851022e-12 5.644827236e-13)
(0 4.268129565e-12 5.751038872e-13)
(0 4.387922959e-12 5.692942755e-13)
(0 4.500569764e-12 5.503334663e-13)
(0 4.605200068e-12 5.205670817e-13)
(0 4.700935943e-12 4.81845007e-13)
(0 4.786987331e-12 4.357165643e-13)
(0 4.862689016e-12 3.835194835e-13)
(0 4.9275061e-12 3.264246296e-13)
(0 4.981024198e-12 2.654639361e-13)
(0 5.022933728e-12 2.015531307e-13)
(0 5.05301352e-12 1.35513699e-13)
(0 5.071116542e-12 6.809546921e-14)
(0 2.538579858e-12 -2.752684152e-24)
(0 1.091985749e-11 -3.263084955e-13)
(0 1.511189593e-11 1.440367744e-11)
(0 -1.914382851e-12 2.468433515e-11)
(0 -2.695147308e-11 2.539251715e-11)
(0 -1.365715111e-12 1.625080653e-11)
(0 -3.309571296e-11 -2.243780673e-12)
(0 -6.445360639e-12 -2.404076557e-11)
(0 -7.749561088e-12 -4.045489994e-11)
(0 -1.009661409 1.654445771)
(0 -1.899521256 1.173550623)
(0 -2.20395197 0.4256086218)
(0 -2.540370517 0.1908498452)
(0 -2.555358783 0.3816910213)
(0 -2.44092454 0.6451679497)
(0 -1.683017265 0.6341892498)
(0 -0.0001349143223 0.6070564914)
(0 1.363787337e-11 5.148060645e-12)
(0 1.926111839e-11 -5.647148359e-12)
(0 9.192567278e-12 -3.54864766e-12)
(0 5.590218414e-12 -1.825914123e-12)
(0 4.343260958e-12 -8.092491057e-13)
(0 3.942639654e-12 -2.470969075e-13)
(0 3.853432957e-12 6.57344294e-14)
(0 3.88384703e-12 2.450341471e-13)
(0 3.962381799e-12 3.504794147e-13)
(0 4.0606895e-12 4.122944991e-13)
(0 4.166493391e-12 4.460442066e-13)
(0 4.273778634e-12 4.600996264e-13)
(0 4.379111264e-12 4.59295741e-13)
(0 4.480214122e-12 4.467059188e-13)
(0 4.575402163e-12 4.244982626e-13)
(0 4.663351351e-12 3.94346861e-13)
(0 4.742997104e-12 3.576291424e-13)
(0 4.813482307e-12 3.15522233e-13)
(0 4.874124133e-12 2.690531035e-13)
(0 4.924388537e-12 2.191286709e-13)
(0 4.963868933e-12 1.665579828e-13)
(0 4.992268348e-12 1.120718182e-13)
(0 5.009385164e-12 5.634184069e-14)
(0 2.507551646e-12 -2.528942874e-24)
(0 1.078995589e-11 -2.495359988e-13)
(0 1.477096637e-11 2.045488417e-11)
(0 -5.561994722e-12 3.260140021e-11)
(0 -3.228055625e-11 3.090511535e-11)
(0 -6.476258541e-12 1.705162775e-11)
(0 -3.672886343e-11 -6.68072076e-12)
(0 -8.11330083e-12 -3.263254694e-11)
(0 -8.215357093e-12 -5.12506417e-11)
(0 -0.778186605 2.074078972)
(0 -1.326898586 1.62227364)
(0 -1.21114621 0.7379469372)
(0 -1.254515231 0.3570528537)
(0 -1.086166068 0.2479495585)
(0 -0.8770362845 0.2182068745)
(0 -0.5450031728 0.2306052538)
(0 2.235650102e-12 4.618641301e-12)
(0 8.70154386e-12 1.742601436e-11)
(0 1.09831734e-11 3.536676449e-12)
(0 7.864067236e-12 4.722779789e-13)
(0 5.782225746e-12 -1.626102702e-13)
(0 4.709505353e-12 -1.528208127e-13)
(0 4.224427605e-12 -1.775654526e-14)
(0 4.039690924e-12 1.104202994e-13)
(0 4.002161445e-12 2.075572049e-13)
(0 4.036127349e-12 2.755577932e-13)
(0 4.104725176e-12 3.204194827e-13)
(0 4.189656149e-12 3.472980554e-13)
(0 4.281381099e-12 3.599520521e-13)
(0 4.374529252e-12 3.610799373e-13)
(0 4.465772286e-12 3.526925271e-13)
(0 4.55284101e-12 3.363691322e-13)
(0 4.634066823e-12 3.134106854e-13)
(0 4.708162703e-12 2.8492639e-13)
(0 4.774112977e-12 2.518826697e-13)
(0 4.831112538e-12 2.151325524e-13)
(0 4.878529077e-12 1.754357937e-13)
(0 4.915876875e-12 1.334751683e-13)
(0 4.942797378e-12 8.987156306e-14)
(0 4.959044724e-12 4.519900543e-14)
(0 2.482238017e-12 -1.982222277e-24)
(0 1.068398638e-11 -1.256658389e-13)
(0 1.442097196e-11 2.914206618e-11)
(0 -8.768018773e-12 4.308128167e-11)
(0 -3.622079955e-11 3.727591873e-11)
(0 -9.289790242e-12 1.69302475e-11)
(0 -3.771039556e-11 -1.28565651e-11)
(0 -7.621731572e-12 -4.277476167e-11)
(0 -7.867088713e-12 -6.283674397e-11)
(0 -0.7403304156 2.253488651)
(0 -0.7991477767 1.68215453)
(0 -0.4531822795 0.5976372005)
(0 -0.4850897658 0.1956661334)
(0 -0.3630868324 -0.06986739575)
(0 -0.1432021797 -0.03984639016)
(0 -0.003491538557 0.089797388)
(0 -1.039915779e-12 1.308363263e-12)
(0 1.291561519e-12 1.00005348e-11)
(0 5.203798084e-12 4.77993454e-12)
(0 5.493280637e-12 2.063695084e-12)
(0 4.965119622e-12 8.560178831e-13)
(0 4.488114683e-12 3.783346327e-13)
(0 4.205880766e-12 2.184724698e-13)
(0 4.078746708e-12 1.861466571e-13)
(0 4.048984524e-12 1.992166792e-13)
(0 4.075244077e-12 2.237746871e-13)
(0 4.132429762e-12 2.465265627e-13)
(0 4.20602596e-12 2.627747626e-13)
(0 4.287560515e-12 2.713282359e-13)
(0 4.371851739e-12 2.723765426e-13)
(0 4.455503317e-12 2.666117875e-13)
(0 4.536120321e-12 2.54871345e-13)
(0 4.611908609e-12 2.379963552e-13)
(0 4.681469088e-12 2.167788893e-13)
(0 4.743688469e-12 1.919453379e-13)
(0 4.797677257e-12 1.641547079e-13)
(0 4.842731153e-12 1.340033239e-13)
(0 4.878304702e-12 1.020325829e-13)
(0 4.903992185e-12 6.873840583e-14)
(0 4.919513601e-12 3.458177339e-14)
(0 2.462352641e-12 -1.789792232e-24)
(0 1.059679687e-11 6.238631026e-14)
(0 1.420214929e-11 3.947895339e-11)
(0 -6.970963268e-12 5.429592743e-11)
(0 -3.132629118e-11 4.282021408e-11)
(0 -1.640118835e-12 1.510014348e-11)
(0 -2.903525842e-11 -2.016854704e-11)
(0 -5.099036088e-13 -5.256912504e-11)
(0 -5.233978252e-12 -7.258457148e-11)
(0 -1.058713791 2.086850289)
(0 -0.4117892086 1.379769976)
(0 -0.137683946 0.3866963538)
(0 -0.0730023693 0.2470269854)
(0 -0.04620368145 -0.1515533632)
(0 0.01486667164 -0.09271089879)
(0 -0.003419713358 0.09526963045)
(0 -1.789712667e-12 9.692359134e-13)
(0 -6.363664221e-13 3.672307373e-12)
(0 3.046333778e-12 3.513797172e-12)
(0 3.940150646e-12 2.146552193e-12)
(0 4.096865295e-12 1.14465448e-12)
(0 4.07195994e-12 5.916706222e-13)
(0 4.03223963e-12 3.271660059e-13)
(0 4.020435134e-12 2.164775848e-13)
(0 4.039789475e-12 1.793882214e-13)
(0 4.083437232e-12 1.737973076e-13)
(0 4.143725251e-12 1.791363355e-13)
(0 4.214457822e-12 1.85944636e-13)
(0 4.290982879e-12 1.902075291e-13)
(0 4.369812803e-12 1.904837364e-13)
(0 4.448267089e-12 1.865038949e-13)
(0 4.524225578e-12 1.785049386e-13)
(0 4.595974367e-12 1.669210801e-13)
(0 4.662111686e-12 1.522439226e-13)
(0 4.721488796e-12 1.349615789e-13)
(0 4.773170524e-12 1.155343641e-13)
(0 4.816406952e-12 9.438741906e-14)
(0 4.850611957e-12 7.191128301e-14)
(0 4.875346569e-12 4.846632193e-14)
(0 4.890306318e-12 2.43891272e-14)
(0 2.447656244e-12 -1.466240291e-24)
(0 1.052108005e-11 2.6021427e-13)
(0 1.446513957e-11 4.603335207e-11)
(0 6.552096433e-12 5.928123654e-11)
(0 -7.449729421e-12 4.311257862e-11)
(0 2.677469712e-11 1.081825315e-11)
(0 -2.26798708e-12 -2.581540556e-11)
(0 1.835771455e-11 -5.656010185e-11)
(0 1.299003912e-12 -7.415844118e-11)
(0 -1.485303514 1.472811743)
(0 -0.1432009557 0.8513837928)
(0 -0.1777980485 0.1971459372)
(0 0.0936022239 0.1786807153)
(0 0.05180371167 -0.1623153569)
(0 -0.09746282256 -0.03900021407)
(0 -2.538216199e-05 0.04743902313)
(0 7.835760947e-12 3.163948352e-12)
(0 1.00092481e-11 6.378508655e-12)
(0 3.67804285e-12 3.456402353e-12)
(0 3.124137891e-12 1.864064503e-12)
(0 3.410238052e-12 9.843790752e-13)
(0 3.670626209e-12 5.165282793e-13)
(0 3.830687728e-12 2.820437452e-13)
(0 3.930968923e-12 1.732096157e-13)
(0 4.006304247e-12 1.280611915e-13)
(0 4.074992191e-12 1.12889447e-13)
(0 4.14457709e-12 1.102758427e-13)
(0 4.217097154e-12 1.11658538e-13)
(0 4.292099616e-12 1.130718281e-13)
(0 4.368148105e-12 1.128450397e-13)
(0 4.443524519e-12 1.104129236e-13)
(0 4.516537507e-12 1.057210001e-13)
(0 4.585647593e-12 9.893648786e-14)
(0 4.649509587e-12 9.031146081e-14)
(0 4.706978911e-12 8.012010184e-14)
(0 4.757103098e-12 6.863142236e-14)
(0 4.799108072e-12 5.609878991e-14)
(0 4.832383605e-12 4.275741726e-14)
(0 4.856470029e-12 2.882566291e-14)
(0 4.871047279e-12 1.450818762e-14)
(0 2.437963514e-12 -6.499848983e-25)
(0 1.045362696e-11 3.958905833e-13)
(0 1.506954896e-11 3.977597605e-11)
(0 3.208449591e-11 4.811248121e-11)
(0 3.46889183e-11 3.330894402e-11)
(0 7.369534225e-11 5.337881745e-12)
(0 4.010655259e-11 -2.387116739e-11)
(0 4.693150981e-11 -4.620368255e-11)
(0 1.0849584e-11 -5.887872016e-11)
(0 -1.689186276 0.5377494333)
(0 0.03305257828 0.2896135017)
(0 -0.2399709177 0.04942590642)
(0 0.191403338 0.04865186939)
(0 0.05179985253 -0.02770871401)
(0 -0.04258421102 -0.03489277156)
(0 -9.719687621e-12 1.412105981e-14)
(0 -1.749901491e-11 1.931382439e-12)
(0 -9.55309941e-12 6.015074599e-12)
(0 -1.469081768e-12 2.068274312e-12)
(0 1.468127321e-12 8.689213271e-13)
(0 2.749329072e-12 4.122637389e-13)
(0 3.36962461e-12 2.080123467e-13)
(0 3.688920966e-12 1.112621402e-13)
(0 3.86645258e-12 6.624558452e-14)
(0 3.979469307e-12 4.674579725e-14)
(0 4.065651883e-12 3.941064449e-14)
(0 4.142494342e-12 3.740548913e-14)
(0 4.217253808e-12 3.732789642e-14)
(0 4.292169381e-12 3.756214303e-14)
(0 4.367153899e-12 3.739766162e-14)
(0 4.441143049e-12 3.656793667e-14)
(0 4.512749142e-12 3.501619122e-14)
(0 4.580564828e-12 3.27795724e-14)
(0 4.6432953e-12 2.993342568e-14)
(0 4.699808757e-12 2.656528469e-14)
(0 4.749149212e-12 2.276327223e-14)
(0 4.790532947e-12 1.861139903e-14)
(0 4.82333883e-12 1.41881473e-14)
(0 4.847097339e-12 9.566623505e-15)
(0 4.861480655e-12 4.815457352e-15)
(0 2.433148056e-12 -9.83494589e-26)
(0 1.041101864e-11 2.203992464e-13)
(0 1.628209556e-11 1.574493582e-11)
(0 5.396013012e-11 1.827084546e-11)
(0 6.8773769e-11 1.249682558e-11)
(0 1.095740263e-10 1.411183749e-12)
(0 7.254908437e-11 -9.722986049e-12)
(0 6.829793356e-11 -1.771712557e-11)
(0 1.751090301e-11 -2.24580157e-11)
)
;

boundaryField
{
    lowerWall
    {
        type            slip;
    }
    atmosphere
    {
        type            pressureInletOutletVelocity;
        tangentialVelocity uniform (0 0 0);
        value           nonuniform List<vector> 
80
(
(0 0.4699949649 0)
(0 0.8605677312 0)
(0 0.9394347776 0)
(0 0.9632780671 0)
(0 0.9561108835 0)
(0 1.081423666 0)
(0 1.047896906 0)
(0 1.014422405 0)
(0 0.7702033204 0)
(0 0.6024788206 0)
(0 0.4745117612 0)
(0 0.4983832623 0)
(0 0.623729317 0)
(0 0.8191809445 0)
(0 1.073468881 0)
(0 1.366494388 0)
(0 1.64106087 0)
(0 1.692869508 0)
(0 1.016445495 0)
(0 -0.6088309519 2.566938882)
(0 -2.281773908 3.164023721)
(0 -3.178640275 3.11315594)
(0 -3.036442128 2.472249192)
(0 -2.360290066 1.668986283)
(0 -1.794766173 1.038308338)
(0 -1.384028849 0.6317264465)
(0 -1.039751895 0.3942048149)
(0 -0.7800856365 0.2505453384)
(0 -0.5713448908 0.1649238633)
(0 -0.4590536559 0.1338332984)
(0 -0.2180265169 0.1608419025)
(0 0.09792509204 0)
(0 0.3485653923 0)
(0 0.5437052485 0)
(0 0.6675922447 0)
(0 0.7268675143 0)
(0 0.6817375774 0)
(0 0.5562081267 0)
(0 0.2350397985 0)
(0 0.2203624273 0)
(0 0.1881851319 0)
(0 0.2265489257 0)
(0 0.3261374841 0)
(0 0.3397772586 0)
(0 0.6707385963 0)
(0 0.3497542102 0)
(0 -0.4309471258 0.7267054167)
(0 -1.207284895 1.10819154)
(0 -1.482363277 2.122693561)
(0 -2.007479103 2.62532121)
(0 -1.235067594 2.621564772)
(0 -2.884012652 2.220098763)
(0 -2.367571442 0.7231411261)
(0 0.6039767539 0)
(0 1.24001472 0)
(0 0.9298033674 0)
(0 0.7311285203 0)
(0 0.6380565256 0)
(0 0.5346444578 0)
(0 0.5100146767 0)
(0 0.4870115748 0)
(0 0.4990649763 0)
(0 0.521298668 0)
(0 0.5689325682 0)
(0 0.6030303817 0)
(0 0.692229048 0)
(0 0.7150094395 0)
(0 0.827140577 0)
(0 0.8923150474 0)
(0 0.9613025348 0)
(0 0.9066541462 0)
(0 0.4406829653 0)
(0 -0.3712877095 0.6134040109)
(0 -0.9544674477 1.114596572)
(0 -1.009661409 1.654445771)
(0 -0.778186605 2.074078972)
(0 -0.7403304156 2.253488651)
(0 -1.058713791 2.086850289)
(0 -1.485303514 1.472811743)
(0 -1.689186276 0.5377494333)
)
;
    }
    rightWall
    {
        type            empty;
    }
    leftWall
    {
        type            empty;
    }
    frontAndBack
    {
        type            slip;
    }
}


// ************************************************************************* //
