/*--------------------------------*- C++ -*----------------------------------*\
| =========                 |                                                 |
| \\      /  F ield         | OpenFOAM: The Open Source CFD Toolbox           |
|  \\    /   O peration     | Version:  2506                                  |
|   \\  /    A nd           | Website:  www.openfoam.com                      |
|    \\/     M anipulation  |                                                 |
\*---------------------------------------------------------------------------*/
FoamFile
{
    version     2.0;
    format      ascii;
    arch        "LSB;label=32;scalar=64";
    class       surfaceScalarField;
    location    "0.009";
    object      phi;
}
// * * * * * * * * * * * * * * * * * * * * * * * * * * * * * * * * * * * * * //

dimensions      [0 3 -1 0 0 0 0];

oriented        oriented;

internalField   nonuniform List<scalar> 
6280
(
9.758384081e-09
-7.553581612e-09
1.317796737e-08
-3.41960391e-09
-4.764281614e-09
1.794220411e-08
-2.064661578e-08
1.588231732e-08
-1.923212174e-08
-1.414495218e-09
8.392814693e-14
-1.923223856e-08
-5.762499686e-20
1.259370727e-20
-1.47789984e-20
-4.284599698e-20
-4.658559321e-21
-1.012039384e-20
3.388703351e-21
-8.046932573e-21
1.177377773e-20
-8.384538984e-21
1.941934074e-20
-7.645250121e-21
2.574036901e-20
-6.320020966e-21
3.072546405e-20
-4.984429939e-21
3.46113795e-20
-3.885217793e-21
3.767605972e-20
-3.06360001e-21
4.015421598e-20
-2.476708155e-21
4.221766595e-20
-2.062014219e-21
4.398241718e-20
-1.763590908e-21
4.552275372e-20
-1.539399215e-21
4.688442092e-20
-1.360744014e-21
4.809459987e-20
-1.209211458e-21
4.91689315e-20
-1.073429846e-21
5.011625404e-20
-9.465349913e-22
5.09415213e-20
-8.244723497e-22
5.164741286e-20
-7.049314118e-22
5.223521263e-20
-5.866636008e-22
5.270538179e-20
-4.69027248e-22
5.305799546e-20
-3.516927008e-22
5.329304345e-20
-2.344753814e-22
5.341057009e-20
-1.172640602e-22
5.341270651e-20
-1.400244498e-32
5.807763851e-20
-4.667577525e-21
2.095023976e-19
-1.662780036e-19
4.12029284e-19
-2.159439128e-19
5.72867984e-19
-1.73528712e-19
6.174552674e-19
-5.717051149e-20
5.160093953e-19
8.887918008e-20
2.87984296e-19
2.154600626e-19
2.754231691e-19
9.33639641e-10
-1.265748054e-09
-1.108131501e-08
8.59528464e-09
-2.125461015e-08
2.811544323e-08
-2.696532261e-08
2.159293355e-08
-1.207461795e-08
-1.63051646e-08
1.800593049e-14
-3.130653965e-08
-4.08956031e-21
-6.53071054e-20
1.794966866e-20
-6.488492547e-20
-2.585981849e-21
1.041571691e-20
3.05109694e-21
-1.368335984e-20
1.25130666e-20
-1.784504407e-20
2.074456989e-20
-1.587557486e-20
2.707596004e-20
-1.264994724e-20
3.182467619e-20
-9.731474254e-21
3.543299729e-20
-7.491417192e-21
3.826295157e-20
-5.891220976e-21
4.056890991e-20
-4.780416666e-21
4.251608926e-20
-4.00723525e-21
4.420660888e-20
-3.4524271e-21
4.570140892e-20
-3.032673798e-21
4.703595348e-20
-2.693765333e-21
4.823038149e-20
-2.402012088e-21
4.929582635e-20
-2.137111297e-21
5.023831668e-20
-1.887129428e-21
5.106106224e-20
-1.645229484e-21
5.176568067e-20
-1.407588503e-21
5.235284899e-20
-1.172094423e-21
5.282271634e-20
-9.375697522e-22
5.317521278e-20
-7.033497432e-22
5.341025477e-20
-4.690764161e-22
5.352783415e-20
-2.346054217e-22
5.353182052e-20
-1.618300596e-32
4.105425506e-20
-7.048931671e-21
1.353593964e-19
-2.858964677e-19
2.789983246e-19
-3.827570557e-19
3.944029229e-19
-3.115053178e-19
4.305679779e-19
-1.158381095e-19
3.630497203e-19
1.339033423e-19
2.00323508e-19
3.556973599e-19
4.658222122e-19
-7.897063896e-09
5.916947606e-09
-1.895519135e-08
1.965338047e-08
-1.973389025e-08
2.889416076e-08
-1.293583949e-08
1.479488593e-08
-1.028099555e-09
-2.821301082e-08
-4.736979025e-17
-3.233459046e-08
-1.788746076e-19
-2.341330758e-19
-5.96775308e-20
-1.840817589e-19
-2.668470383e-20
-2.257595591e-20
-1.110587289e-21
-3.925672447e-20
1.44825358e-20
-3.343683807e-20
2.397019751e-20
-2.536164098e-20
2.999443303e-20
-1.867251587e-20
3.406473326e-20
-1.380022209e-20
3.70331935e-20
-1.045833559e-20
3.937375588e-20
-8.230330186e-21
4.134209133e-20
-6.747389022e-21
4.307089741e-20
-5.734751099e-21
4.462636218e-20
-5.006640651e-21
4.604031738e-20
-4.445322865e-21
4.732770672e-20
-3.979572157e-21
4.849528228e-20
-3.567635106e-21
4.954580822e-20
-3.185496502e-21
5.048021663e-20
-2.819505377e-21
5.129870322e-20
-2.461984119e-21
5.200117475e-20
-2.108664214e-21
5.258737366e-20
-1.757195097e-21
5.305693635e-20
-1.406294652e-21
5.34094861e-20
-1.055290443e-21
5.364472576e-20
-7.038892765e-22
5.376243957e-20
-3.520673143e-22
5.376012237e-20
-3.178275753e-32
4.356405455e-20
-8.745784813e-21
4.965097012e-20
-3.139350407e-19
8.098483674e-20
-4.342290756e-19
1.137810804e-19
-3.63952554e-19
1.283134659e-19
-1.499732396e-19
1.115050954e-19
1.311147043e-19
6.182199931e-20
3.857871475e-19
5.179786592e-19
-1.040742735e-08
1.504170645e-08
-1.115519118e-08
2.040114507e-08
1.131225279e-08
6.426790335e-09
3.24423609e-08
-6.335077312e-09
1.973545591e-08
-1.550615474e-08
6.95780596e-17
-1.259915733e-08
-3.065400409e-19
-8.61205789e-20
-2.113993548e-19
-2.792220318e-19
-4.336531094e-20
-1.906095368e-19
4.709299118e-21
-8.733060195e-20
2.255773289e-20
-5.128436853e-20
3.065932263e-20
-3.346156702e-20
3.486672681e-20
-2.287807399e-20
3.740661976e-20
-1.633866921e-20
3.92611989e-20
-1.231189648e-20
4.085669704e-20
-9.824934107e-21
4.235472925e-20
-8.244469536e-21
4.379900786e-20
-7.177903181e-21
4.518767996e-20
-6.394068194e-21
4.650606809e-20
-5.762451371e-21
4.773964377e-20
-5.211713199e-21
4.887742088e-20
-4.70364785e-21
4.991179934e-20
-4.217909798e-21
5.083773789e-20
-3.743580569e-21
5.165202312e-20
-3.274723008e-21
5.235264387e-20
-2.808082771e-21
5.29382741e-20
-2.341888148e-21
5.340794055e-20
-1.875212985e-21
5.376088727e-20
-1.407641664e-21
5.399654773e-20
-9.390996328e-22
5.411450688e-20
-4.697668417e-22
5.412077312e-20
-4.40663187e-32
4.324359722e-20
-9.343854883e-21
-1.612634505e-20
-2.761229852e-19
-7.681356947e-20
-3.933683304e-19
-1.159837873e-19
-3.441445807e-19
-1.234580849e-19
-1.618172723e-19
-1.005084488e-19
8.885166059e-20
-5.660769379e-20
3.225765817e-19
4.517300243e-19
-1.539519824e-08
1.07857804e-08
-5.828098039e-09
1.083407305e-08
7.245669919e-09
-6.646981235e-09
9.225214128e-09
-8.31461246e-09
1.50502576e-09
-7.785912506e-09
6.299840663e-17
-1.109413209e-08
2.071492475e-20
-2.588828703e-18
1.809476346e-19
-4.394542698e-19
5.991351146e-20
-6.957515887e-20
4.075553253e-20
-6.817207246e-20
4.038053441e-20
-5.090836752e-20
4.124281565e-20
-3.432234473e-20
4.140613158e-20
-2.303996294e-20
4.143339249e-20
-1.636458044e-20
4.174816128e-20
-1.262554456e-20
4.243716162e-20
-1.051286374e-20
4.342129561e-20
-9.227588942e-21
4.458284285e-20
-8.338336996e-21
4.581929679e-20
-7.629386354e-21
4.705680627e-20
-6.999029947e-21
4.824770912e-20
-6.40172254e-21
4.936315893e-20
-5.81792331e-21
5.038612857e-20
-5.23938545e-21
5.130659545e-20
-4.662473845e-21
5.211866336e-20
-4.085386648e-21
5.281883849e-20
-3.507113371e-21
5.340494926e-20
-2.927078009e-21
5.387551188e-20
-2.345017678e-21
5.42294293e-20
-1.760934817e-21
5.446588052e-20
-1.175072497e-21
5.458427373e-20
-5.878892745e-22
5.459061171e-20
-5.119180058e-32
4.3922596e-20
-1.009195922e-20
-4.343400634e-20
-2.102782239e-19
-1.465776772e-19
-3.100193795e-19
-2.228443545e-19
-2.872122217e-19
-2.45462415e-19
-1.584903362e-19
-2.068204959e-19
3.092344129e-20
-1.1814992e-19
2.146233313e-19
3.239417485e-19
-1.707849452e-08
-7.246232795e-09
2.104318796e-09
-8.348692725e-09
7.472832175e-09
-1.201549541e-08
7.120074476e-09
-7.961855957e-09
6.999577989e-09
-7.665415858e-09
4.303858038e-10
-4.524939792e-09
1.563714317e-18
4.303857366e-10
1.682657379e-19
9.559936631e-19
6.131633076e-20
3.737495347e-20
5.801923747e-20
-6.48741077e-20
5.69665572e-20
-4.985526524e-20
5.252519745e-20
-2.98797255e-20
4.808151409e-20
-1.859507994e-20
4.517242837e-20
-1.345426166e-20
4.386084209e-20
-1.1312789e-20
4.372243642e-20
-1.037326147e-20
4.431054755e-20
-9.814603212e-21
4.529179349e-20
-9.31833685e-21
4.644965319e-20
-8.785986909e-21
4.765411367e-20
-8.202613636e-21
4.883150835e-20
-7.57851915e-21
4.994169679e-20
-6.927369727e-21
5.096304018e-20
-6.259641494e-21
5.188368265e-20
-5.581824048e-21
5.269693664e-20
-4.897385727e-21
5.339887385e-20
-4.207967114e-21
5.398700959e-20
-3.514308176e-21
5.445959474e-20
-2.816835454e-21
5.481529162e-20
-2.115982692e-21
5.505306374e-20
-1.412339929e-21
5.5172163e-20
-7.066957159e-22
5.51795643e-20
-5.946982176e-32
4.481599337e-20
-1.113468115e-20
-3.860580353e-20
-1.483623131e-19
-1.417636326e-19
-2.266526856e-19
-2.229520661e-19
-2.253550601e-19
-2.522740079e-19
-1.484565367e-19
-2.175044737e-19
-2.312936222e-20
-1.269384172e-19
1.047776698e-19
1.873655229e-19
-1.902014048e-08
-2.045827067e-08
-4.114385196e-09
-2.325445371e-08
-7.666418289e-10
-1.536323999e-08
1.638798203e-09
-1.036729044e-08
1.04545577e-09
-7.072073635e-09
-1.280210891e-09
-2.199273201e-09
1.224247662e-17
-8.498251002e-10
-6.596613763e-19
-1.372801535e-18
-4.093181851e-20
-5.813547145e-19
7.303807993e-20
-1.788436555e-19
7.694209694e-20
-5.375986739e-20
6.380984301e-20
-1.674681811e-20
5.322233237e-20
-8.006605185e-21
4.731390102e-20
-7.544660397e-21
4.480036963e-20
-8.79795188e-21
4.428109467e-20
-9.852665669e-21
4.480681391e-20
-1.033922148e-20
4.582414343e-20
-1.033421008e-20
4.703302647e-20
-9.993225731e-21
4.827820816e-20
-9.446549207e-21
4.948265777e-20
-8.782169168e-21
5.060942503e-20
-8.053385935e-21
5.164085762e-20
-7.290096305e-21
5.256812097e-20
-6.507933106e-21
5.338635525e-20
-5.714479314e-21
5.409253279e-20
-4.913138827e-21
5.468448232e-20
-4.105395926e-21
5.51604475e-20
-3.29204598e-21
5.551893438e-20
-2.473807487e-21
5.575870795e-20
-1.651583111e-21
5.587885872e-20
-8.265262513e-22
5.589093963e-20
-6.803873668e-32
4.568950373e-20
-1.234833254e-20
-1.89726127e-20
-1.052048217e-19
-1.004683774e-19
-1.64947145e-19
-1.685697399e-19
-1.765841501e-19
-1.980816403e-19
-1.382319672e-19
-1.758574647e-19
-6.463598462e-20
-1.058167301e-19
1.545817347e-20
7.191132577e-20
-2.307460981e-08
-3.297293229e-08
-1.369321313e-08
-3.263585083e-08
-9.973156239e-09
-1.908331442e-08
-1.190197104e-08
-8.4384971e-09
-8.476541995e-09
-1.049749875e-08
-6.921526914e-09
-3.754291615e-09
-2.28941936e-09
-5.481932667e-09
5.651938041e-19
-2.289419343e-09
3.615554387e-19
-3.777167718e-19
1.98121868e-19
-1.540886314e-20
1.139551462e-19
3.040774904e-20
7.255005594e-20
2.465945659e-20
5.368427716e-20
1.086029285e-20
4.606060954e-20
8.014820423e-23
4.374565584e-20
-6.481686157e-21
4.379453887e-20
-9.900262254e-21
4.481182531e-20
-1.135574351e-20
4.616512779e-20
-1.1686234e-20
4.757970299e-20
-1.140609159e-20
4.89425882e-20
-1.080797606e-20
5.021144101e-20
-1.004999326e-20
5.137271466e-20
-9.213761185e-21
5.242302082e-20
-8.339387574e-21
5.336157476e-20
-7.4453768e-21
5.418769574e-20
-6.539538279e-21
5.490027569e-20
-5.62478981e-21
5.549783226e-20
-4.702144457e-21
5.597868599e-20
-3.772166778e-21
5.634115876e-20
-2.835611508e-21
5.658376481e-20
-1.893638034e-21
5.670538497e-20
-9.478107407e-22
5.67115028e-20
-7.735326708e-32
4.662664013e-20
-1.366801293e-20
1.963670528e-21
-8.204563471e-20
-5.394191435e-20
-1.288310818e-19
-1.038972872e-19
-1.459585505e-19
-1.299765266e-19
-1.314393141e-19
-1.204947309e-19
-9.339950713e-20
-7.58438481e-20
-4.847077905e-20
-1.35696664e-20
-3.568526634e-08
-3.652185469e-08
-2.79056668e-08
-4.041544632e-08
-1.475830557e-08
-3.223069232e-08
-2.209520207e-09
-2.098724113e-08
9.754554532e-10
-1.368244937e-08
1.305915469e-09
-4.084728788e-09
-1.474603581e-09
-2.701378762e-09
-5.139209104e-18
-3.764022917e-09
5.660200327e-19
1.014083668e-18
2.439386292e-19
3.066721655e-19
1.082068538e-19
1.661397413e-19
5.87508922e-20
7.41163886e-20
4.290413251e-20
2.670820584e-20
3.949877518e-20
3.486483917e-21
4.032707974e-20
-7.308920111e-21
4.233905761e-20
-1.191124197e-20
4.448133482e-20
-1.349784039e-20
4.644527019e-20
-1.364950667e-20
4.817781852e-20
-1.313742165e-20
4.970057099e-20
-1.23295801e-20
5.104767309e-20
-1.139622227e-20
5.224708827e-20
-1.041236229e-20
5.33170316e-20
-9.408399409e-21
5.426741328e-20
-8.394751043e-21
5.510244421e-20
-7.373613478e-21
5.582292105e-20
-6.344424589e-21
5.642780994e-20
-5.30627994e-21
5.691524126e-20
-4.258888094e-21
5.728313223e-20
-3.202836962e-21
5.75295921e-20
-2.13954779e-21
5.765319571e-20
-1.071097765e-21
5.766110614e-20
-8.014068e-32
4.752221656e-20
-1.493258172e-20
1.800874445e-20
-7.403502813e-20
-1.729259918e-20
-1.133183253e-19
-5.121847066e-20
-1.313615967e-19
-7.261065732e-20
-1.293328987e-19
-7.234935533e-20
-1.129417919e-19
-4.889163095e-20
-9.120588578e-20
-7.209812138e-20
-3.756021535e-08
-3.235426466e-08
-3.642043487e-08
-4.155522673e-08
-2.677568107e-08
-4.187541146e-08
-1.136004438e-08
-3.640285903e-08
-7.93649041e-10
-2.424879234e-08
7.940100537e-10
-5.672327613e-09
-1.388072708e-09
-5.193129999e-10
1.809360673e-11
-5.170189253e-09
-3.402934001e-20
1.809362279e-11
7.914294534e-20
1.935000228e-19
1.61835011e-20
2.290992271e-19
1.134270944e-20
7.895742167e-20
1.968241059e-20
1.836921267e-20
2.870337115e-20
-5.533931183e-21
3.572475788e-20
-1.432939581e-20
4.075245919e-20
-1.693818558e-20
4.432966854e-20
-1.707491102e-20
4.695735522e-20
-1.627663441e-20
4.898566007e-20
-1.516472071e-20
5.063392881e-20
-1.397690637e-20
5.203153306e-20
-1.279308902e-20
5.325105115e-20
-1.163116001e-20
5.433067996e-20
-1.048719333e-20
5.528855085e-20
-9.351722116e-21
5.613163309e-20
-8.215837408e-21
5.68610657e-20
-7.073081475e-21
5.747520179e-20
-5.919695029e-21
5.797129239e-20
-4.754282076e-21
5.834642141e-20
-3.577317594e-21
5.859804213e-20
-2.390657171e-21
5.872429347e-20
-1.197098374e-21
5.872982349e-20
-8.254586236e-32
4.844511667e-20
-1.604956426e-20
2.822421417e-20
-7.531591882e-20
6.447171158e-21
-1.113289239e-19
-1.59181677e-20
-1.283242305e-19
-3.282080444e-20
-1.317151466e-19
-3.78906034e-20
-1.271521869e-19
-2.901628606e-20
-1.193568816e-19
-1.107509019e-19
-2.458056117e-08
-2.181674964e-08
-3.127927234e-08
-3.48564689e-08
-2.984176095e-08
-4.331289374e-08
-2.043051924e-08
-4.581407469e-08
-7.538626747e-09
-3.714062244e-08
1.886933026e-09
-1.509792018e-08
2.964269355e-09
-1.596684597e-09
2.447136569e-09
-4.653047517e-09
-1.62327219e-17
2.465230209e-09
-2.899265646e-19
-6.370008162e-19
-1.339582412e-19
7.31312412e-20
-4.924549957e-20
-5.755113169e-21
-4.220733264e-21
-2.665510174e-20
1.990790652e-20
-2.966225436e-20
3.311596811e-20
-2.753577446e-20
4.061573375e-20
-2.443680184e-20
4.512794515e-20
-2.15861194e-20
4.806926892e-20
-1.921657091e-20
5.017347441e-20
-1.726744606e-20
5.181774616e-20
-1.562001259e-20
5.319346208e-20
-1.416794546e-20
5.439501783e-20
-1.283192753e-20
5.546615118e-20
-1.155747645e-20
5.642443555e-20
-1.030912509e-20
5.727438903e-20
-9.064949708e-21
5.801445214e-20
-7.812361635e-21
5.864061474e-20
-6.545109751e-21
5.914825688e-20
-5.261208345e-21
5.953308183e-20
-3.961513455e-21
5.979160093e-20
-2.6487352e-21
5.992139185e-20
-1.326734983e-21
5.991765485e-20
-8.687044399e-32
4.948154669e-20
-1.701114816e-20
3.395645491e-20
-8.129149922e-20
1.974529586e-20
-1.16904306e-19
4.668760833e-21
-1.325746303e-19
-8.610077328e-21
-1.377202422e-19
-1.613894124e-20
-1.389026643e-19
-1.606492332e-20
-1.387068257e-19
-1.364519496e-19
-1.397593772e-09
-1.034609802e-08
-1.303861002e-08
-2.321539848e-08
-1.930251342e-08
-3.704892213e-08
-1.837021236e-08
-4.674636238e-08
-8.576034816e-09
-4.693478744e-08
3.882553656e-09
-2.755660281e-08
4.571270128e-09
-2.285421353e-09
2.414611184e-09
-2.496361435e-09
-3.648311782e-17
4.879841402e-09
-5.72437272e-19
5.265759842e-19
-2.128445986e-19
-2.864611922e-19
-7.014548813e-20
-1.484534925e-19
-7.227885889e-21
-8.957158931e-20
2.203438641e-20
-5.892389002e-20
3.621494074e-20
-4.171405974e-20
4.346641618e-20
-3.168748898e-20
4.749749364e-20
-2.561666596e-20
5.001839378e-20
-2.173642008e-20
5.182090788e-20
-1.906870249e-20
5.326981329e-20
-1.706783897e-20
5.452948001e-20
-1.542671581e-20
5.566946891e-20
-1.397103649e-20
5.671450254e-20
-1.260157081e-20
5.766861093e-20
-1.126227406e-20
5.85269771e-20
-9.922387431e-21
5.928170403e-20
-8.566197508e-21
5.992451615e-20
-7.187061343e-21
6.044795177e-20
-5.783848952e-21
6.084586008e-20
-4.358782954e-21
6.111360114e-20
-2.91609815e-21
6.124812683e-20
-1.461183245e-21
6.125768744e-20
-8.802143074e-32
5.063715758e-20
-1.779660168e-20
3.693049335e-20
-8.908432503e-20
2.628761441e-20
-1.260468406e-19
1.530955651e-20
-1.409224261e-19
4.62399897e-21
-1.463176345e-19
-3.69011754e-21
-1.498669823e-19
-8.377378617e-21
-1.532946736e-19
-1.544650129e-19
1.576230656e-08
-3.638241758e-09
6.394879769e-09
-1.38479998e-08
-2.884900521e-09
-2.776910967e-08
-9.332234669e-09
-4.029900549e-08
-8.851053063e-09
-4.741598377e-08
-2.142233762e-09
-3.426540804e-08
-5.126536092e-10
-3.914979086e-09
4.313133057e-10
-3.440384505e-09
6.208741112e-18
5.311154689e-09
-1.139507432e-19
1.460917825e-19
-7.483697021e-20
-3.255747678e-19
-1.126358491e-20
-2.120258779e-19
2.34198134e-20
-1.242547124e-19
3.92442167e-20
-7.474879484e-20
4.62415115e-20
-4.871096957e-20
4.95372392e-20
-3.498296743e-20
5.137773952e-20
-2.745658611e-20
5.268611137e-20
-2.304373829e-20
5.382177141e-20
-2.020320242e-20
5.491093644e-20
-1.815597336e-20
5.598515934e-20
-1.649998402e-20
5.703893458e-20
-1.502380882e-20
5.805379929e-20
-1.361535587e-20
5.900849757e-20
-1.221586388e-20
5.988316702e-20
-1.079595879e-20
6.066084019e-20
-9.342787811e-21
6.132772854e-20
-7.852898375e-21
6.187301776e-20
-6.328194489e-21
6.228854489e-20
-4.773599252e-21
6.256851605e-20
-3.195689968e-21
6.270931008e-20
-1.601892662e-21
6.271352532e-20
-8.843797828e-32
5.190911365e-20
-1.838981928e-20
3.854689015e-20
-9.72203038e-20
2.9198796e-20
-1.364830235e-19
2.02523003e-20
-1.513006871e-19
1.121739062e-20
-1.565646372e-19
2.869171939e-21
-1.607961956e-19
-4.15322888e-21
-1.655464476e-19
-1.682533829e-19
2.156412945e-08
-1.936065268e-09
1.665316546e-08
-8.937044227e-09
8.861074331e-09
-1.997700054e-08
7.235302016e-10
-3.216142187e-08
-4.500559339e-09
-4.219191852e-08
-8.808211679e-10
-3.788507662e-08
8.825932428e-10
-5.678273148e-09
-4.722238783e-10
-2.085577324e-09
-2.063372182e-18
4.838930801e-09
-2.095024841e-19
-6.314406097e-19
3.871187362e-20
-5.737892378e-19
7.650758061e-20
-2.498214989e-19
7.292573099e-20
-1.206727217e-19
6.528204196e-20
-6.710286322e-20
5.996951364e-20
-4.33971819e-20
5.706362052e-20
-3.207635887e-20
5.579058734e-20
-2.61826302e-20
5.552664724e-20
-2.277862337e-20
5.586900047e-20
-2.05444e-20
5.656692578e-20
-1.885284687e-20
5.746133454e-20
-1.739334587e-20
5.844738753e-20
-1.600872689e-20
5.945329128e-20
-1.462003531e-20
6.042840266e-20
-1.318970769e-20
6.1336338e-20
-1.170261261e-20
6.215072963e-20
-1.015589129e-20
6.285243242e-20
-8.553341805e-21
6.3427613e-20
-6.902249406e-21
6.386645417e-20
-5.211594752e-21
6.416231335e-20
-3.491069214e-21
6.431120274e-20
-1.750570638e-21
6.431825571e-20
-7.857489569e-32
5.336363859e-20
-1.883833522e-20
3.97332176e-20
-1.05086681e-19
3.060709452e-20
-1.471399291e-19
2.249155664e-20
-1.625087265e-19
1.434721523e-20
-1.677011145e-19
6.142502089e-21
-1.718678395e-19
-1.958187334e-21
-1.767188773e-19
-1.798460781e-19
1.984633384e-08
-1.564036857e-09
1.735531861e-08
-6.446035794e-09
1.18795505e-08
-1.450127457e-08
4.348303243e-09
-2.463016291e-08
-2.904795342e-09
-3.493882158e-08
-2.968556725e-09
-3.782143403e-08
3.111303735e-10
-8.957936934e-09
-2.824095652e-09
1.049653653e-09
-1.321190415e-09
3.336025516e-09
5.887771608e-19
-1.321190411e-09
3.626805118e-19
-3.47690846e-19
2.056563578e-19
-9.279816577e-20
1.264955894e-19
-4.15119007e-20
8.898772329e-20
-2.959433932e-20
7.129033667e-20
-2.569938558e-20
6.295734919e-20
-2.374284317e-20
5.919459417e-20
-2.241897705e-20
5.776087061e-20
-2.134380438e-20
5.75605536e-20
-2.034300704e-20
5.802642679e-20
-1.931767728e-20
5.884595351e-20
-1.821177315e-20
5.983607911e-20
-1.699764365e-20
6.08836189e-20
-1.566627107e-20
6.191549774e-20
-1.42202264e-20
6.288305932e-20
-1.26687836e-20
6.375327911e-20
-1.102470362e-20
6.450352482e-20
-9.302204898e-21
6.511826765e-20
-7.515739013e-21
6.558697971e-20
-5.679320373e-21
6.590281193e-20
-3.806248536e-21
6.606177337e-20
-1.909109955e-21
6.606856989e-20
-7.443140922e-32
5.493866328e-20
-1.910592067e-20
4.097956324e-20
-1.1262278e-19
3.169908185e-20
-1.576411758e-19
2.379578783e-20
-1.739277817e-19
1.598808104e-20
-1.791730275e-19
7.822346709e-21
-1.829772756e-19
-8.214761649e-22
-1.873469639e-19
-1.903013558e-19
1.636827648e-08
-1.300715833e-09
1.46405806e-08
-4.718316675e-09
1.041292215e-08
-1.027364967e-08
3.578258144e-09
-1.779544117e-08
-5.154648316e-09
-2.620579925e-08
-1.115240981e-08
-3.182374667e-08
-6.865209809e-09
-1.324505872e-08
-7.89252035e-09
2.076938714e-09
-3.839314893e-09
-7.171798193e-10
1.879837376e-17
-5.160505375e-09
6.172591363e-19
9.378401148e-19
2.569418726e-19
2.675190492e-19
1.384131508e-19
7.701758024e-20
9.288267702e-20
1.593666871e-20
7.324687908e-20
-6.063208385e-21
6.428121531e-20
-1.477657903e-20
6.026976684e-20
-1.840665467e-20
5.876166795e-20
-1.983473416e-20
5.858588336e-20
-2.016625432e-20
5.913233092e-20
-1.986312531e-20
6.006008301e-20
-1.913843297e-20
6.116745169e-20
-1.810380948e-20
6.232966357e-20
-1.682718591e-20
6.346694054e-20
-1.535614268e-20
6.45271393e-20
-1.372759376e-20
6.547577783e-20
-1.197195753e-20
6.628999071e-20
-1.011507452e-20
6.695468629e-20
-8.179199572e-21
6.746005155e-20
-6.183644391e-21
6.779995051e-20
-4.145338831e-21
6.797088333e-20
-2.07943239e-21
6.797439402e-20
-7.570938099e-32
5.671462258e-20
-1.924200948e-20
4.249924096e-20
-1.199008459e-19
3.300954222e-20
-1.67931699e-19
2.502280023e-20
-1.85262042e-19
1.717616998e-20
-1.906046869e-19
8.857966871e-21
-1.939329218e-19
-1.69678434e-22
-1.975898543e-19
-2.001040619e-19
1.330782042e-08
-1.004416002e-09
1.195808859e-08
-3.368558665e-09
8.756307698e-09
-7.071959304e-09
3.17261659e-09
-1.221180034e-08
-5.212977962e-09
-1.78200929e-08
-1.515860576e-08
-2.187812978e-08
-1.446086107e-08
-1.39427231e-08
-1.01026122e-08
-2.281312464e-09
-4.875459685e-09
-5.944332265e-09
1.146667569e-18
-1.003596496e-08
-5.425510496e-20
2.425555647e-19
6.64410645e-20
1.468231728e-19
7.733223928e-20
6.612683873e-20
7.088279993e-20
2.23864366e-20
6.453350844e-20
2.865033619e-22
6.065113966e-20
-1.089355938e-20
5.884168735e-20
-1.659638481e-20
5.843014779e-20
-1.942234216e-20
5.888901236e-20
-2.062424202e-20
5.985702327e-20
-2.083017983e-20
6.109470649e-20
-2.037505107e-20
6.244407526e-20
-1.945201242e-20
6.38007068e-20
-1.818255865e-20
6.509548946e-20
-1.66495958e-20
6.628277553e-20
-1.491354325e-20
6.733266084e-20
-1.302057302e-20
6.822586566e-20
-1.100711485e-20
6.895024147e-20
-8.902519885e-21
6.949835711e-20
-6.730807238e-21
6.986585695e-20
-4.511987129e-21
7.005031572e-20
-2.263228829e-21
7.004896299e-20
-6.184814317e-32
5.867746198e-20
-1.925858662e-20
4.43113979e-20
-1.270263498e-19
3.464944776e-20
-1.780483677e-19
2.644578281e-20
-1.963779163e-19
1.83305798e-20
-2.017663055e-19
9.692009897e-21
-2.04566712e-19
2.891137605e-22
-2.074559425e-19
-2.09447114e-19
1.119914141e-08
-7.816063938e-10
1.027038329e-08
-2.439751195e-09
8.105978596e-09
-4.907569932e-09
4.373173902e-09
-8.479144225e-09
-8.300547254e-10
-1.261684547e-08
-7.07128359e-09
-1.563691404e-08
-7.6689761e-09
-1.334497049e-08
-2.713339666e-09
-7.236924399e-09
-7.967089848e-10
-7.860945625e-09
-4.743879055e-18
-1.08326803e-08
-1.519251591e-19
-9.510924665e-20
-1.425517804e-20
9.15335652e-21
3.359183715e-20
1.828000832e-20
4.878286669e-20
7.195661732e-21
5.33534457e-20
-4.283613981e-21
5.494831423e-20
-1.248779446e-20
5.601573e-20
-1.766306381e-20
5.722824792e-20
-2.063408308e-20
5.868307455e-20
-2.207822633e-20
6.031215203e-20
-2.245830474e-20
6.201774514e-20
-2.207957954e-20
6.371352903e-20
-2.114664225e-20
6.533366966e-20
-1.980144384e-20
6.683154201e-20
-1.81461184e-20
6.817574576e-20
-1.625640382e-20
6.9346119e-20
-1.418975269e-20
7.033046063e-20
-1.199047982e-20
7.112195412e-20
-9.693201004e-21
7.171717722e-20
-7.325271324e-21
7.211461525e-20
-4.908669996e-21
7.231354455e-20
-2.461613122e-21
7.231874659e-20
-5.346544413e-32
6.080236371e-20
-1.913943251e-20
4.636742945e-20
-1.340810623e-19
3.654721433e-20
-1.880050476e-19
2.805689782e-20
-2.072055171e-19
1.954709791e-20
-2.125317298e-19
1.048259702e-20
-2.147729223e-19
6.797924621e-22
-2.169204071e-19
-2.183985269e-19
9.71854315e-09
-6.863159453e-10
9.267147597e-09
-1.988344966e-09
8.066402315e-09
-3.706720227e-09
5.792660148e-09
-6.20540451e-09
2.629850175e-09
-9.454074827e-09
-9.845717242e-10
-1.20224559e-08
-2.039839817e-09
-1.228962025e-08
9.368487525e-10
-1.021356467e-08
1.889649423e-09
-8.813746383e-09
-1.436211881e-18
-8.943040591e-09
-4.93445669e-20
-1.355627609e-19
-5.128521886e-21
-3.506258884e-20
2.250749057e-20
-9.355841146e-21
3.730359098e-20
-7.600135691e-21
4.514926523e-20
-1.212878922e-20
4.977304488e-20
-1.711096155e-20
5.304471072e-20
-2.093404843e-20
5.578410468e-20
-2.337273104e-20
5.830299614e-20
-2.459626747e-20
6.069087723e-20
-2.48451988e-20
6.295068242e-20
-2.433828472e-20
6.505872744e-20
-2.325351641e-20
6.69889951e-20
-2.173043339e-20
6.872125659e-20
-1.987696445e-20
7.024239689e-20
-1.777610895e-20
7.154539187e-20
-1.549151067e-20
7.262773944e-20
-1.307191831e-20
7.34898838e-20
-1.055469723e-20
7.413377855e-20
-7.968594012e-21
7.456167213e-20
-5.335979265e-21
7.477515767e-20
-2.674760086e-21
7.477712737e-20
-4.856391236e-32
6.320186278e-20
-1.895747787e-20
4.863722206e-20
-1.410041401e-19
3.862165985e-20
-1.977646186e-19
2.978000048e-20
-2.1768004e-19
2.080667672e-20
-2.228319041e-19
1.126584802e-20
-2.245010026e-19
1.047194786e-21
-2.259671516e-19
-2.269814901e-19
8.342979948e-09
-6.521809575e-10
8.190542624e-09
-1.835986312e-09
7.68043658e-09
-3.196580358e-09
6.482685566e-09
-5.007586731e-09
4.67752811e-09
-7.648886023e-09
2.536341868e-09
-9.881230364e-09
1.826654973e-09
-1.157989408e-08
4.833663324e-09
-1.32205804e-08
4.584827992e-09
-8.564943072e-09
-4.99140117e-19
-4.358223219e-09
4.965049452e-20
3.468867699e-20
2.057822747e-20
-5.990247781e-21
2.426319602e-20
-1.304060704e-20
3.277493745e-20
-1.611152956e-20
4.01670929e-20
-1.952046735e-20
4.594995799e-20
-2.289325918e-20
5.060602812e-20
-2.558947598e-20
5.456056825e-20
-2.732655195e-20
5.805406481e-20
-2.80889414e-20
6.119779131e-20
-2.798795395e-20
6.403545074e-20
-2.717485769e-20
6.658181046e-20
-2.579875429e-20
6.884246404e-20
-2.398988278e-20
7.08221121e-20
-2.185523404e-20
7.252699517e-20
-1.947952091e-20
7.396498422e-20
-1.692818993e-20
7.514496053e-20
-1.425094685e-20
7.607598702e-20
-1.148510898e-20
7.676639329e-20
-8.658525046e-21
7.722289131e-20
-5.792045902e-21
7.744991776e-20
-2.901619081e-21
7.745057511e-20
-4.398521566e-32
6.579248748e-20
-1.869232167e-20
5.10759505e-20
-1.477733739e-19
4.079251744e-20
-2.072544732e-19
3.154599396e-20
-2.277478674e-19
2.207742335e-20
-2.326349827e-19
1.204567783e-20
-2.33736245e-19
1.407589025e-21
-2.345924618e-19
-2.352029682e-19
6.943151295e-09
-5.942744895e-10
6.799077857e-09
-1.69195058e-09
6.481429023e-09
-2.878943604e-09
5.744792397e-09
-4.270879352e-09
4.59392427e-09
-6.497977132e-09
3.02609725e-09
-8.31338748e-09
2.52020758e-09
-1.107400511e-08
5.739207847e-09
-1.64396078e-08
4.349285515e-09
-7.175046722e-09
-4.766665503e-19
-8.948379687e-12
8.312828697e-21
2.097957848e-20
1.352786084e-20
-1.120519125e-20
2.119227351e-20
-2.070479249e-20
2.936599966e-20
-2.428491107e-20
3.679430106e-20
-2.694836567e-20
4.32537412e-20
-2.93522452e-20
4.886895214e-20
-3.120417117e-20
5.37981788e-20
-3.225519595e-20
5.815505226e-20
-3.244515484e-20
6.201088757e-20
-3.184296522e-20
6.541155413e-20
-3.05745642e-20
6.839068197e-20
-2.877693495e-20
7.097711279e-20
-2.657536589e-20
7.319782522e-20
-2.407484606e-20
7.507832616e-20
-2.135875708e-20
7.66422273e-20
-1.849087438e-20
7.791079839e-20
-1.551858103e-20
7.890257095e-20
-1.247625774e-20
7.963287244e-20
-9.3883781e-21
8.011331813e-20
-6.272156216e-21
8.035153684e-20
-3.139744066e-21
8.03523247e-20
-3.420405763e-32
6.863631553e-20
-1.836736064e-20
5.367678408e-20
-1.542975968e-19
4.30508405e-20
-2.163999363e-19
3.334540023e-20
-2.37354906e-19
2.336001338e-20
-2.419192757e-19
1.283345904e-20
-2.424746415e-19
1.773079878e-21
-2.427933675e-19
-2.43057847e-19
5.652116102e-09
-4.930872686e-10
5.388803245e-09
-1.428616924e-09
4.929216701e-09
-2.419416472e-09
4.141124744e-09
-3.482767277e-09
2.905173319e-09
-5.262007589e-09
1.264392941e-09
-6.672610304e-09
4.871818273e-10
-1.029681873e-08
4.069738687e-10
-1.635943416e-08
8.956997617e-12
-6.777040947e-09
-8.432483086e-20
-3.14543346e-21
-2.361532986e-20
-3.97299186e-20
4.028258895e-21
-3.88486769e-20
1.761215492e-20
-3.428849292e-20
2.670254506e-20
-3.337503561e-20
3.439042154e-20
-3.463596288e-20
4.140181522e-20
-3.63633286e-20
4.781792737e-20
-3.761993542e-20
5.360821991e-20
-3.804510961e-20
5.875724188e-20
-3.759377009e-20
6.327928859e-20
-3.636440372e-20
6.720918338e-20
-3.450364126e-20
7.059225103e-20
-3.215922021e-20
7.347763262e-20
-2.946009025e-20
7.59139142e-20
-2.65104362e-20
7.794620885e-20
-2.339020722e-20
7.961452066e-20
-2.015828563e-20
8.095312168e-20
-1.685641269e-20
8.199045059e-20
-1.351301956e-20
8.274909432e-20
-1.014660058e-20
8.324573028e-20
-6.768511963e-21
8.34912809e-20
-3.38520369e-21
8.349230231e-20
-2.339384281e-32
7.1708981e-20
-1.796993444e-20
5.646455423e-20
-1.605348351e-19
4.541827911e-20
-2.251230878e-19
3.520486532e-20
-2.464520177e-19
2.468218892e-20
-2.506642169e-19
1.365262943e-20
-2.507079127e-19
2.157694788e-21
-2.50557529e-19
-2.505269916e-19
4.60670352e-09
-3.680468025e-10
4.243854721e-09
-1.065747908e-09
3.580164911e-09
-1.755773194e-09
2.54391231e-09
-2.446514801e-09
6.056926228e-10
-3.323784712e-09
-1.709856543e-09
-4.357071731e-09
-3.980613142e-09
-8.026088085e-09
-5.5463156e-09
-1.479376332e-08
-2.713997276e-09
-9.609365327e-09
-1.500220326e-19
-2.714003682e-09
-2.258992956e-20
-1.67161981e-19
8.588442869e-21
-7.002696272e-20
1.852561223e-20
-4.422554225e-20
2.544161779e-20
-4.029087685e-20
3.266305581e-20
-4.185724095e-20
4.014520841e-20
-4.384531592e-20
4.739275318e-20
-4.486727196e-20
5.405955943e-20
-4.471168562e-20
5.998660825e-20
-4.352062169e-20
6.514005106e-20
-4.151739209e-20
6.955360443e-20
-3.891639154e-20
7.329138099e-20
-3.589617463e-20
7.642728667e-20
-3.259540075e-20
7.903414318e-20
-2.911684556e-20
8.117813044e-20
-2.553372252e-20
8.29163936e-20
-2.189601436e-20
8.429651481e-20
-1.823601572e-20
8.535686957e-20
-1.457292681e-20
8.612718294e-20
-1.091654117e-20
8.662903855e-20
-7.270116374e-21
8.687648459e-20
-3.632538109e-21
8.68804341e-20
-2.1126835e-32
7.507873382e-20
-1.75588289e-20
5.947245225e-20
-1.664080367e-19
4.7942695e-20
-2.333607425e-19
3.717189275e-20
-2.54989714e-19
2.608404615e-20
-2.588418457e-19
1.45315311e-20
-2.584160136e-19
2.575970183e-21
-2.578588087e-19
-2.575767134e-19
3.862089105e-09
-2.442478627e-10
3.483339489e-09
-6.869921667e-10
2.75876411e-09
-1.031215567e-09
1.596468221e-09
-1.284215245e-09
-6.629255917e-10
-1.064386205e-09
-4.362980928e-09
-6.570253893e-10
-9.977055337e-09
-2.412029954e-09
-1.39455809e-08
-1.082526561e-08
-1.01286654e-08
-1.342628592e-08
-9.419712062e-19
-1.284267443e-08
7.426709922e-20
-9.296044325e-20
3.438984474e-20
-3.01496561e-20
2.246027763e-20
-3.229588888e-20
2.387525369e-20
-4.170576296e-20
3.067498084e-20
-4.865685288e-20
3.912325237e-20
-5.229346336e-20
4.754833952e-20
-5.329215147e-20
5.525062335e-20
-5.241374484e-20
6.198983785e-20
-5.025977587e-20
6.774105161e-20
-4.726830621e-20
7.257382134e-20
-4.374838703e-20
7.659215487e-20
-3.99135906e-20
7.990584186e-20
-3.59083967e-20
8.261726622e-20
-3.182785995e-20
8.48158386e-20
-2.773202375e-20
8.657639225e-20
-2.365631029e-20
8.795960372e-20
-1.961894267e-20
8.90132552e-20
-1.562626519e-20
8.977360774e-20
-1.167657908e-20
9.026661681e-20
-7.762886747e-21
9.05090227e-20
-3.874812748e-21
9.051010263e-20
-1.906850049e-32
7.868714497e-20
-1.712543852e-20
6.270288095e-20
-1.719009981e-19
5.064302378e-20
-2.410661414e-19
3.927879096e-20
-2.629318053e-19
2.759773954e-20
-2.664240851e-19
1.54932759e-20
-2.655699366e-19
3.03939265e-21
-2.646595051e-19
-2.641618585e-19
3.415985363e-09
-1.477201213e-10
3.12814705e-09
-3.991456361e-10
2.600343679e-09
-5.03400513e-10
1.798495635e-09
-4.823519902e-10
5.117579134e-10
2.223579438e-10
-1.441196347e-09
1.295918684e-09
-6.307470878e-09
2.454236102e-09
-9.687699854e-09
-7.44505618e-09
-6.809346914e-09
-1.630461705e-08
3.429783667e-18
-1.965201859e-08
1.34472306e-19
3.292902696e-19
3.224361623e-20
7.207907946e-20
1.305040355e-20
-1.310258735e-20
1.692416377e-20
-4.557936838e-20
2.703837036e-20
-5.877085463e-20
3.812456425e-20
-6.337946359e-20
4.842674616e-20
-6.35939997e-20
5.740459232e-20
-6.139130543e-20
6.498130751e-20
-5.783662931e-20
7.126097079e-20
-5.354805518e-20
7.640861776e-20
-4.889565436e-20
8.059734877e-20
-4.410168752e-20
8.398637861e-20
-3.929689996e-20
8.671310242e-20
-3.455431892e-20
8.889155206e-20
-2.991041391e-20
9.061375987e-20
-2.537852718e-20
9.19522812e-20
-2.095742553e-20
9.296294131e-20
-1.663678156e-20
9.368730007e-20
-1.240071595e-20
9.415469081e-20
-8.230071225e-21
9.438383545e-20
-4.103828762e-21
9.438792534e-20
-1.426128075e-32
8.254690029e-20
-1.66764332e-20
6.615014633e-20
-1.76979109e-19
5.353479368e-20
-2.482138896e-19
4.154811618e-20
-2.702492559e-19
2.924410768e-20
-2.733811001e-19
1.655217393e-20
-2.721340841e-19
3.554772349e-21
-2.709143748e-19
-2.702304559e-19
3.201982933e-09
-9.701409736e-11
3.082996104e-09
-2.801419624e-10
2.936943525e-09
-3.573222954e-10
2.909669205e-09
-4.550612122e-10
3.0624197e-09
6.960922071e-11
4.339830946e-09
1.849181355e-11
4.895379814e-09
1.898681659e-09
2.66505025e-09
-5.214720864e-09
2.35248518e-09
-1.599203693e-08
-2.140766018e-18
-1.729951993e-08
-1.266314641e-19
6.708691e-20
-5.293801534e-20
-1.614317171e-21
-1.942637749e-20
-4.661406009e-20
3.732677522e-21
-6.873813603e-20
2.24297614e-20
-7.746758906e-20
3.791002815e-20
-7.885947352e-20
5.062944043e-20
-7.631285937e-20
6.095926844e-20
-7.172067014e-20
6.926988163e-20
-6.614746098e-20
7.591337162e-20
-6.019197981e-20
8.12025846e-20
-5.418500052e-20
8.540213634e-20
-4.830112949e-20
8.872895964e-20
-4.262359437e-20
9.135700743e-20
-3.718238333e-20
9.34234388e-20
-3.197703577e-20
9.503486152e-20
-2.699021973e-20
9.627292516e-20
-2.219569904e-20
9.719900693e-20
-1.756291785e-20
9.78579448e-20
-1.30595669e-20
9.828093328e-20
-8.652928654e-21
9.848766421e-20
-4.310470447e-21
9.848743245e-20
-9.783242669e-33
8.661244809e-20
-1.618841208e-20
6.981552202e-20
-1.816546514e-19
5.662036116e-20
-2.547794659e-19
4.398648194e-20
-2.769171931e-19
3.102967569e-20
-2.796830151e-19
1.77120437e-20
-2.780702323e-19
4.123503759e-21
-2.765758006e-19
-2.757291753e-19
3.058263512e-09
-7.827029218e-11
3.030415648e-09
-2.522741528e-10
3.039409853e-09
-3.662918204e-10
3.223586538e-09
-6.392283393e-10
3.816218266e-09
-5.230259505e-10
5.310633167e-09
-1.475927461e-09
7.917626033e-09
-7.083278238e-10
6.301388429e-09
-3.598462607e-09
3.09798424e-09
-1.27885981e-08
-1.916154687e-18
-1.420152086e-08
-1.982237916e-19
-1.350670368e-19
-9.793777025e-20
-1.019002332e-19
-4.155045342e-20
-1.030011367e-19
-4.996775508e-21
-1.052914454e-19
2.103787694e-20
-1.035017625e-19
4.04566423e-20
-9.827790792e-20
5.522162965e-20
-9.107677762e-20
6.65324776e-20
-8.303032539e-20
7.52253628e-20
-7.483987945e-20
8.19203509e-20
-6.688692778e-20
8.708645564e-20
-5.935105429e-20
9.107967145e-20
-5.229429139e-20
9.417017069e-20
-4.571407693e-20
9.656235498e-20
-3.957466403e-20
9.841025483e-20
-3.382519703e-20
9.982938222e-20
-2.840971949e-20
1.009057064e-19
-2.327236912e-20
1.017023579e-19
-1.835976823e-20
1.02264583e-19
-1.362183128e-20
1.026233915e-19
-9.011696613e-21
1.027981347e-19
-4.485182246e-21
1.028020065e-19
-7.256710814e-33
9.09389706e-20
-1.570362432e-20
7.369646582e-20
-1.858821004e-19
5.990010213e-20
-2.60741567e-19
4.658933711e-20
-2.829059568e-19
3.294749034e-20
-2.852975327e-19
1.896637597e-20
-2.833405523e-19
4.741661573e-21
-2.815987259e-19
-2.806086054e-19
2.887991161e-09
-6.087575883e-11
2.848146576e-09
-2.124171499e-10
2.829354756e-09
-3.474873977e-10
2.876356049e-09
-6.862258134e-10
3.310121532e-09
-9.567876833e-10
3.557474819e-09
-1.723269068e-09
4.783898876e-09
-1.934736055e-09
4.796394722e-09
-3.610922739e-09
2.395373988e-09
-1.038752428e-08
1.083120117e-19
-1.180613378e-08
-1.673823174e-19
-1.791064231e-19
-9.90386484e-20
-1.702437544e-19
-4.384076216e-20
-1.58198782e-19
-3.207092599e-21
-1.459247102e-19
2.626173152e-20
-1.329699878e-19
4.76577726e-20
-1.196734457e-19
6.326808188e-20
-1.06685363e-19
7.472292353e-20
-9.448304389e-20
8.317831447e-20
-8.329383917e-20
8.945622439e-20
-7.316403907e-20
9.414321854e-20
-6.403759906e-20
9.765988591e-20
-5.581081884e-20
1.003095836e-19
-4.836378968e-20
1.02311822e-19
-4.157701473e-20
1.038257324e-19
-3.533935317e-20
1.049667326e-19
-2.95510861e-20
1.058183072e-19
-2.412432475e-20
1.064402948e-19
-1.898203134e-20
1.068747177e-19
-1.405638899e-20
1.071499058e-19
-9.286928063e-21
1.072833169e-19
-4.618616063e-21
1.072886342e-19
-1.176049166e-32
9.539572454e-20
-1.520026225e-20
7.774002239e-20
-1.896938302e-19
6.332844108e-20
-2.660859977e-19
4.93233726e-20
-2.881980303e-19
3.497306834e-20
-2.902012081e-19
2.029803709e-20
-2.879145936e-19
5.400265271e-21
-2.859462699e-19
-2.848282996e-19
2.746816511e-09
-4.06711186e-11
2.691322829e-09
-1.569161016e-10
2.615210762e-09
-2.713741821e-10
2.491977036e-09
-5.629968403e-10
2.548047465e-09
-1.012846612e-09
2.233425672e-09
-1.408614942e-09
2.543827372e-09
-2.245103339e-09
3.345007253e-09
-4.412061685e-09
2.258621384e-09
-9.301090535e-09
1.091627669e-20
-9.547502364e-09
-1.606150302e-19
-2.923550237e-19
-8.699364837e-20
-2.438650141e-19
-3.15666904e-20
-2.136255657e-19
9.747629808e-21
-1.872385327e-19
3.955827359e-20
-1.627804445e-19
6.064585532e-20
-1.407610322e-19
7.547040103e-20
-1.215088119e-19
8.591212825e-20
-1.049232913e-19
9.330811457e-20
-9.068873237e-20
9.858266441e-20
-7.84378204e-20
1.023699988e-19
-6.782457005e-20
1.051069151e-19
-5.854780848e-20
1.070963585e-19
-5.035350262e-20
1.085494835e-19
-4.303045262e-20
1.096139994e-19
-3.640423042e-20
1.103934939e-19
-3.033101057e-20
1.109606007e-19
-2.469187378e-20
1.113659372e-19
-1.938773023e-20
1.116441786e-19
-1.433487145e-20
1.118182178e-19
-9.461107577e-21
1.11901933e-19
-4.702416192e-21
1.119009933e-19
-1.635701801e-32
9.999003488e-20
-1.466505616e-20
8.190785827e-20
-1.930765105e-19
6.687067097e-20
-2.708024302e-19
5.215369563e-20
-2.927757893e-19
3.707556092e-20
-2.943746465e-19
2.168432004e-20
-2.917700253e-19
6.087370346e-21
-2.895922974e-19
-2.883597249e-19
2.608578856e-09
-4.475502178e-12
2.498939474e-09
-4.726199127e-11
2.309957667e-09
-8.237585532e-11
2.048749399e-09
-3.017754634e-10
1.652523138e-09
-6.166148614e-10
1.329634411e-09
-1.085688831e-09
1.452336171e-09
-2.36775461e-09
2.298435471e-09
-5.258113629e-09
1.95840947e-09
-8.961018735e-09
-7.215200766e-19
-7.589086523e-09
-1.140270823e-19
-3.617041384e-19
-5.675417444e-20
-3.011378912e-19
-5.179657422e-21
-2.652001328e-19
3.420571802e-20
-2.266232983e-19
6.157768587e-20
-1.901538584e-19
7.989807557e-20
-1.590830464e-19
9.205592164e-20
-1.336664472e-19
1.001466872e-19
-1.130129517e-19
1.055590265e-19
-9.610018517e-20
1.091959148e-19
-8.207389349e-20
1.116467603e-19
-7.027510415e-20
1.133012209e-19
-6.020249425e-20
1.144194085e-19
-5.14721546e-20
1.151757057e-19
-4.378725247e-20
1.156872193e-19
-3.691625075e-20
1.160326307e-19
-3.067695367e-20
1.162647442e-19
-2.492451941e-20
1.164187959e-19
-1.954225042e-20
1.165179425e-19
-1.443438089e-20
1.165769092e-19
-9.520327696e-21
1.166043492e-19
-4.7300209e-21
1.166059966e-19
-1.49957957e-32
1.046559319e-19
-1.40954629e-20
8.615509172e-20
-1.960379567e-19
7.048115736e-20
-2.748796327e-19
5.503793916e-20
-2.966248281e-19
3.921931226e-20
-2.978051861e-19
2.309943607e-20
-2.948944302e-19
6.789520404e-21
-2.925230252e-19
-2.911878191e-19
2.578231291e-09
2.932620223e-11
2.455269907e-09
7.570353085e-11
2.236259095e-09
1.366461843e-10
1.849230641e-09
8.527478138e-11
1.227655607e-09
4.978475569e-12
5.554648683e-10
-4.134545687e-10
-1.755245733e-10
-1.636702426e-09
1.438998399e-09
-6.872579972e-09
1.210647413e-09
-8.732637237e-09
-5.675781961e-18
-6.378439164e-09
-5.522970423e-20
-1.91609673e-19
-2.081645766e-20
-3.35551255e-19
3.33971771e-20
-3.194142916e-19
7.067515784e-20
-2.639004939e-19
9.26484979e-20
-2.121270081e-19
1.053146748e-19
-1.717493402e-19
1.127094172e-19
-1.410607013e-19
1.170594537e-19
-1.173618886e-19
1.195853182e-19
-9.86251107e-20
1.209947041e-19
-8.348214502e-20
1.217193702e-19
-7.099918051e-20
1.220315606e-19
-6.051469775e-20
1.221043107e-19
-5.154520028e-20
1.220467075e-19
-4.373003481e-20
1.219265164e-19
-3.679649514e-20
1.21785065e-19
-3.053599896e-20
1.216470132e-19
-2.47870048e-20
1.215266655e-19
-1.942242232e-20
1.214319957e-19
-1.434015979e-20
1.21367216e-19
-9.455893347e-21
1.213343701e-19
-4.697407644e-21
1.213407784e-19
-1.569478322e-32
1.093351096e-19
-1.346717688e-20
9.043308417e-20
-1.985956313e-19
7.411173711e-20
-2.783070086e-19
5.79322606e-20
-2.997351764e-19
4.136797966e-20
-3.004876663e-19
2.451738184e-20
-2.97285739e-19
7.493227616e-21
-2.947371843e-19
-2.933110378e-19
2.544678095e-09
8.056562119e-11
2.368145392e-09
2.522370755e-10
2.031529044e-09
4.732754387e-10
1.512318645e-09
6.045138016e-10
7.52512387e-10
7.648274506e-10
-3.628052054e-10
7.01921261e-10
-8.031985591e-10
-1.196229335e-09
1.791065234e-09
-9.466781935e-09
9.315006283e-10
-7.873056697e-09
5.337217555e-17
-5.446938608e-09
-2.007987176e-19
-3.207515873e-19
-4.679708116e-21
-5.316701329e-19
8.891097485e-20
-4.130004011e-19
1.224486436e-19
-2.974351044e-19
1.330261658e-19
-2.227044288e-19
1.360033137e-19
-1.747263581e-19
1.364082299e-19
-1.414646502e-19
1.357962316e-19
-1.167485564e-19
1.347282839e-19
-9.755597605e-20
1.334776686e-19
-8.223017736e-20
1.32203853e-19
-6.972451006e-20
1.31001058e-19
-5.93116378e-20
1.299194761e-19
-5.046367395e-20
1.289802471e-19
-4.279100833e-20
1.281870125e-19
-3.600356376e-20
1.275340592e-19
-2.988345093e-20
1.270115957e-19
-2.42650281e-20
1.26608928e-19
-1.902026836e-20
1.263162622e-19
-1.404797279e-20
1.261257017e-19
-9.26572198e-21
1.260317777e-19
-4.603736324e-21
1.260358556e-19
-2.587376364e-32
1.139953549e-19
-1.2805313e-20
9.468761174e-20
-2.007450045e-19
7.771753156e-20
-2.810832085e-19
6.079592217e-20
-3.021010101e-19
4.348776006e-20
-3.024238761e-19
2.59141949e-20
-2.989517351e-19
8.186132602e-21
-2.962451187e-19
-2.947402149e-19
2.75757773e-09
1.129655289e-10
2.628307429e-09
3.815085016e-10
2.323328569e-09
7.782721609e-10
1.664507079e-09
1.263375558e-09
4.984807862e-11
2.379550306e-09
-2.591877299e-09
3.343727331e-09
-3.425572202e-09
-3.624440169e-10
-1.889087923e-09
-1.100323737e-08
-3.972429613e-10
-9.36490187e-09
-1.128375893e-10
-5.73134397e-09
-4.120900695e-19
-1.128376747e-10
1.139870155e-19
-1.057744954e-18
2.044762716e-19
-5.034903519e-19
1.971793192e-19
-2.901371891e-19
1.810042365e-19
-2.065282666e-19
1.692650216e-19
-1.629866096e-19
1.611243237e-19
-1.333228365e-19
1.549888119e-19
-1.106120434e-19
1.500540826e-19
-9.26200617e-20
1.459833359e-19
-7.815856846e-20
1.426167252e-19
-6.63575693e-20
1.398490219e-19
-5.654391768e-20
1.375921418e-19
-4.820688504e-20
1.357676917e-19
-4.096670646e-20
1.343071254e-19
-3.454322483e-20
1.33152482e-19
-2.872914075e-20
1.322563554e-19
-2.33693299e-20
1.315812236e-19
-1.834561257e-20
1.31098513e-19
-1.356572282e-20
1.307876874e-19
-8.955274492e-21
1.30635514e-19
-4.451778307e-21
1.306449059e-19
-2.847113605e-32
1.185087729e-19
-1.20452821e-20
9.88506035e-20
-2.02541338e-19
8.123985719e-20
-2.832163404e-19
6.358557761e-20
-3.037318512e-19
4.554749675e-20
-3.036278188e-19
2.726907212e-20
-2.999105525e-19
8.857714603e-21
-2.970674638e-19
-2.954967009e-19
2.949837195e-09
1.34441531e-10
2.859398649e-09
4.719513791e-10
2.636611767e-09
1.001085753e-09
1.96617181e-09
1.933869136e-09
5.420650491e-10
3.803727508e-09
-3.71904154e-09
7.604909775e-09
-7.294719758e-09
3.213303013e-09
-7.59225868e-09
-1.070570692e-08
-4.631775327e-09
-1.232538514e-08
-2.277951079e-09
-8.0851684e-09
-4.495824421e-10
-1.94120679e-09
6.697824317e-19
-4.495826635e-10
4.178337673e-19
-2.51539945e-19
2.807882416e-19
-1.530917767e-19
2.245458935e-19
-1.502859367e-19
1.989287948e-19
-1.373696077e-19
1.838351168e-19
-1.182285047e-19
1.729807936e-19
-9.975788369e-20
1.645155758e-19
-8.415399069e-20
1.577843351e-19
-7.142653952e-20
1.524303769e-19
-6.100336314e-20
1.481860545e-19
-5.229960197e-20
1.448323204e-19
-4.485320432e-20
1.421911733e-19
-3.832564236e-20
1.401212094e-19
-3.2473419e-20
1.385122928e-19
-2.712048965e-20
1.372800728e-19
-2.213747272e-20
1.363611133e-19
-1.742706849e-20
1.357089613e-19
-1.291397513e-20
1.352911836e-19
-8.53781625e-21
1.350872923e-19
-4.248027819e-21
1.350918289e-19
-2.817868638e-32
1.228869082e-19
-1.121385258e-20
1.028891622e-19
-2.039954461e-19
8.465357618e-20
-2.847222109e-19
6.627667862e-20
-3.04637737e-19
4.752618783e-20
-3.041170733e-19
2.856710952e-20
-3.001864715e-19
9.500265821e-21
-2.97232101e-19
-2.956095661e-19
3.346419506e-09
8.993445498e-11
3.511299166e-09
3.070860807e-10
3.790431588e-09
7.219937358e-10
4.065935525e-09
1.658435867e-09
4.101939403e-09
3.767806119e-09
3.048960328e-09
8.657914916e-09
-3.587378077e-09
9.849677727e-09
-1.321913816e-08
-1.073953555e-09
-1.249126833e-08
-1.30532528e-08
-1.171269025e-08
-8.863702004e-09
-6.047797227e-09
-7.606068054e-09
-1.498601759e-17
-6.49737976e-09
5.161334935e-19
1.053466033e-18
2.835932603e-19
7.944884552e-20
2.374622225e-19
-1.041549183e-19
2.180698977e-19
-1.179777753e-19
2.023057378e-19
-1.024635283e-19
1.885846866e-19
-8.603609409e-20
1.77243027e-19
-7.281141956e-20
1.682075114e-19
-6.239054207e-20
1.61134138e-19
-5.393003964e-20
1.556324522e-19
-4.679810051e-20
1.513598823e-19
-4.058075928e-20
1.480433967e-19
-3.50092456e-20
1.454741388e-19
-2.99042918e-20
1.434953098e-19
-2.514187843e-20
1.41990477e-19
-2.063294128e-20
1.408742067e-19
-1.631114557e-20
1.400851202e-19
-1.212522138e-20
1.39580972e-19
-8.033909352e-21
1.393353202e-19
-4.002446482e-21
1.393336111e-19
-3.096248253e-32
1.270462612e-19
-1.029831093e-20
1.067681753e-19
-2.051665309e-19
8.792519747e-20
-2.856182964e-19
6.884491732e-20
-3.048379218e-19
4.94070701e-20
-3.039167335e-19
2.979744267e-20
-2.998096521e-19
1.010834491e-20
-2.96772335e-19
-2.951133172e-19
3.625713376e-09
-2.979675936e-11
4.062478975e-09
-1.296559315e-10
4.853744756e-09
-6.923439575e-11
6.028194562e-09
4.840505368e-10
7.669225469e-09
2.126844657e-09
1.033326908e-08
5.993889097e-09
8.887399032e-09
1.129555648e-08
1.846999437e-09
5.966458766e-09
-3.005483213e-09
-8.200773209e-09
-2.369980282e-09
-9.499231479e-09
-5.820315639e-10
-9.394055777e-09
-2.820390477e-17
-7.079420083e-09
-4.590416686e-19
-1.097715059e-18
9.998908438e-20
-4.795823189e-19
2.236393655e-19
-2.278046398e-19
2.335841448e-19
-1.279219101e-19
2.18733172e-19
-8.761319052e-20
2.018093611e-19
-6.911216723e-20
1.876639045e-19
-5.866551328e-20
1.766680139e-19
-5.139454391e-20
1.682660772e-19
-4.55284038e-20
1.618497934e-19
-4.038219069e-20
1.56931396e-19
-3.566262984e-20
1.531483505e-19
-3.122637394e-20
1.502365522e-19
-2.699264753e-20
1.480042469e-19
-2.290976002e-20
1.463122727e-19
-1.894120355e-20
1.450601309e-19
-1.505927728e-20
1.441764322e-19
-1.12417861e-20
1.436124349e-19
-7.470090478e-21
1.433377666e-19
-3.727824392e-21
1.433437827e-19
-3.94503795e-32
1.309876609e-19
-9.318813922e-21
1.104494159e-19
-2.060747809e-19
9.103145995e-20
-2.859369334e-19
7.12735775e-20
-3.043581811e-19
5.117864587e-20
-3.030570963e-19
3.095298329e-20
-2.98814651e-19
1.067854352e-20
-2.957251394e-19
-2.940458647e-19
3.622300814e-09
-2.149067573e-10
4.237321908e-09
-7.446443435e-10
5.27527932e-09
-1.10716475e-09
6.734148778e-09
-9.747897088e-10
8.773955041e-09
8.70455521e-11
1.143849223e-08
3.32935661e-09
1.312896837e-08
9.605116705e-09
9.414598585e-09
9.680840008e-09
1.855053745e-09
-6.411270818e-10
-5.854697128e-10
-7.05850044e-09
-5.416283734e-09
-4.563137064e-09
-5.018932608e-09
-7.476807008e-09
8.866659715e-20
-5.018932595e-09
3.517677912e-19
-7.426830055e-19
3.235220952e-19
-1.99557503e-19
2.738928644e-19
-7.829226664e-20
2.372341953e-19
-5.095448886e-20
2.122560151e-19
-4.413358142e-20
1.949348739e-19
-4.134396476e-20
1.82534154e-19
-3.899384512e-20
1.734122903e-19
-3.640691427e-20
1.665693542e-19
-3.353969563e-20
1.613676519e-19
-3.046128332e-20
1.573820769e-19
-2.724105472e-20
1.543194397e-19
-2.393019666e-20
1.519728034e-19
-2.05632733e-20
1.50194199e-19
-1.716275208e-20
1.48877622e-19
-1.374288847e-20
1.479481278e-19
-1.031249794e-20
1.47354701e-19
-6.876822674e-21
1.47065591e-19
-3.438803282e-21
1.470727129e-19
-3.647671623e-32
1.346064193e-19
-8.228264712e-21
1.138908867e-19
-2.068030655e-19
9.393970979e-20
-2.857199036e-19
7.354515449e-20
-3.032394611e-19
5.283251407e-20
-3.015775773e-19
3.202969229e-20
-2.972404202e-19
1.120916963e-20
-2.941298547e-19
-2.924468365e-19
3.226376251e-09
-4.5402207e-10
3.93767511e-09
-1.455901498e-09
5.102717301e-09
-2.272138348e-09
6.666522052e-09
-2.538582895e-09
8.663530594e-09
-1.909974475e-09
1.100044365e-08
9.924677918e-10
1.452876764e-08
6.0767948e-09
1.581809877e-08
8.391512761e-09
1.013662543e-08
5.040303421e-09
8.524670838e-09
-5.446599309e-09
8.589538103e-09
-4.62807031e-09
-5.524148492e-10
1.665157323e-09
-1.357136662e-17
-5.571347436e-09
8.93650614e-19
8.782326691e-19
4.447877367e-19
2.493053928e-19
3.012306422e-19
6.526469297e-20
2.440551027e-19
6.220948463e-21
2.150456318e-19
-1.512405258e-20
1.972849935e-19
-2.358326514e-20
1.851210848e-19
-2.68301671e-20
1.762795089e-19
-2.756583504e-20
1.696477666e-19
-2.690850868e-20
1.645878805e-19
-2.54018746e-20
1.60692935e-19
-2.334646322e-20
1.57686363e-19
-2.092383423e-20
1.553733246e-19
-1.825030978e-20
1.536140626e-19
-1.540350885e-20
1.523080126e-19
-1.243690371e-20
1.513838031e-19
-9.388435776e-21
1.507927204e-19
-6.285921923e-21
1.505043943e-19
-3.150659963e-21
1.505071668e-19
-2.459100647e-32
1.379697231e-19
-7.060602532e-21
1.171014379e-19
-2.073759668e-19
9.665750051e-20
-2.850077471e-19
7.566239852e-20
-3.015179615e-19
5.436961143e-20
-2.995157637e-19
3.30281892e-20
-2.951255716e-19
1.170058271e-20
-2.920255491e-19
-2.903555016e-19
2.404612594e-09
-7.59012059e-10
3.269727824e-09
-2.321023783e-09
4.810813756e-09
-3.813172075e-09
6.867563631e-09
-4.595296746e-09
8.82182135e-09
-3.864253653e-09
1.041260141e-08
-5.983029967e-10
1.224478008e-08
4.244616174e-09
1.320956792e-08
7.426711557e-09
1.068454104e-08
7.565293087e-09
9.263099752e-09
-4.025228969e-09
1.317889227e-08
-8.543935754e-09
6.129363184e-09
8.714688267e-09
-1.024508009e-17
5.580153613e-10
2.630485894e-19
8.491671394e-19
2.607468881e-19
2.516069482e-19
2.421868977e-19
8.382466452e-20
2.227101017e-19
2.569736697e-20
2.065864192e-19
9.993387081e-22
1.940380915e-19
-1.103525393e-20
1.843854169e-19
-1.717792067e-20
1.769368353e-19
-2.011777132e-20
1.711544006e-19
-2.112661254e-20
1.666432919e-19
-2.089126144e-20
1.63115564e-19
-1.981911611e-20
1.603598875e-19
-1.816832614e-20
1.582201255e-19
-1.611047369e-20
1.565806677e-19
-1.37638544e-20
1.553564805e-19
-1.121259047e-20
1.544863169e-19
-8.518327336e-21
1.539279823e-19
-5.727798814e-21
1.536550543e-19
-2.878007781e-21
1.536570706e-19
-2.887367213e-32
1.410564926e-19
-5.826149887e-21
1.200810292e-19
-2.078391797e-19
9.918247155e-20
-2.838386365e-19
7.762631186e-20
-2.992332299e-19
5.5792653e-20
-2.969109774e-19
3.395104768e-20
-2.925085602e-19
1.215425339e-20
-2.894501723e-19
-2.878096209e-19
1.095530922e-09
-1.166541671e-09
2.215970585e-09
-3.441466975e-09
4.171145717e-09
-5.768374094e-09
6.701285035e-09
-7.125432922e-09
9.096308024e-09
-6.259300881e-09
1.026491014e-08
-1.76693619e-09
9.972026809e-09
4.537452245e-09
9.567169677e-09
7.831546689e-09
6.990961094e-09
1.014145485e-08
5.234685197e-09
-2.268998966e-09
5.694257736e-09
-9.003474272e-09
4.078920306e-09
1.033003297e-08
-1.880667584e-17
4.636911994e-09
-3.344329265e-19
-1.077756844e-18
9.29643592e-20
-1.757907231e-19
1.840596001e-19
-7.270426401e-21
1.980120734e-19
1.174448234e-20
1.945518266e-19
4.459278547e-21
1.878954248e-19
-4.379258985e-21
1.814455662e-19
-1.072867708e-20
1.759279941e-19
-1.460088367e-20
1.713897517e-19
-1.658903582e-20
1.677154372e-19
-1.721755803e-20
1.647663539e-19
-1.687049562e-20
1.624177399e-19
-1.581986174e-20
1.605667448e-19
-1.425924908e-20
1.591319317e-19
-1.232859781e-20
1.580507436e-19
-1.013103965e-20
1.572768455e-19
-7.744350201e-21
1.567777733e-19
-5.228934264e-21
1.565330621e-19
-2.63360775e-21
1.565356591e-19
-2.76189942e-32
1.438750232e-19
-4.528932583e-21
1.228361253e-19
-2.082365248e-19
1.015194012e-19
-2.822491255e-19
7.944260585e-20
-2.964257338e-19
5.710735369e-20
-2.938025756e-19
3.480276867e-20
-2.894266427e-19
1.257264028e-20
-2.86439632e-19
-2.848444645e-19
-1.150319299e-09
-1.486774515e-09
-6.930721727e-10
-3.898705272e-09
-3.267341668e-11
-6.428825242e-09
1.819254305e-09
-8.977382864e-09
4.559266289e-09
-8.99933602e-09
6.447736329e-09
-3.655445911e-09
7.019415892e-09
3.965718277e-09
6.264702067e-09
8.586239736e-09
8.805975323e-10
1.55255275e-08
-6.851797067e-09
5.463277293e-09
-1.137497313e-08
-4.480183777e-09
-9.788045838e-10
-6.600842709e-11
-7.927573702e-17
3.658107513e-09
5.686785836e-19
4.932029492e-19
2.614849576e-19
1.314020692e-19
2.030745089e-19
5.113954107e-20
1.907268696e-19
2.409119721e-20
1.85713289e-19
9.472007251e-21
1.815460067e-19
-2.127561737e-22
1.775733596e-19
-6.756863724e-21
1.739398419e-19
-1.096820926e-20
1.707612295e-19
-1.341125418e-20
1.680624996e-19
-1.451962109e-20
1.658169878e-19
-1.462560499e-20
1.639783526e-19
-1.398144548e-20
1.624973961e-19
-1.277800236e-20
1.613294898e-19
-1.116008074e-20
1.604374331e-19
-9.238426795e-21
1.597922614e-19
-7.09896759e-21
1.593730999e-19
-4.80993738e-21
1.591666698e-19
-2.427448053e-21
1.591694022e-19
-6.09789056e-33
1.46495166e-19
-3.222946776e-21
1.253902634e-19
-2.085655009e-19
1.036866547e-19
-2.802705977e-19
8.112427247e-20
-2.931305818e-19
5.832322542e-20
-2.90226426e-19
3.55899865e-20
-2.859141928e-19
1.295923049e-20
-2.830266654e-19
-2.814918052e-19
-4.663387416e-09
-5.481212942e-10
-7.133452029e-09
-1.428641122e-09
-8.834037391e-09
-4.728300134e-09
-7.812178778e-09
-9.999292868e-09
-6.272352045e-09
-1.053921761e-08
-5.312248956e-09
-4.615613944e-09
-1.020916763e-09
-3.256648768e-10
1.407409184e-09
6.157846104e-09
-6.656394112e-09
2.358920293e-08
-1.043480053e-08
9.241648248e-09
-9.283392129e-09
-5.631452034e-09
-4.829826389e-09
-4.519532303e-09
-9.1577291e-17
-1.171718734e-09
2.078069063e-19
5.404216262e-19
1.812213258e-19
1.579869902e-19
1.76026165e-19
5.633389112e-20
1.761076797e-19
2.400904625e-20
1.760285256e-19
9.550425987e-21
1.750018992e-19
8.130196784e-22
1.733620141e-19
-5.117872485e-21
1.71496797e-19
-9.103894424e-21
1.696528626e-19
-1.156825211e-20
1.679565157e-19
-1.282419834e-20
1.664611473e-19
-1.313099596e-20
1.651817957e-19
-1.270243383e-20
1.641153177e-19
-1.171130553e-20
1.632511438e-19
-1.029529913e-20
1.625768923e-19
-8.563573706e-21
1.620812916e-19
-6.603105847e-21
1.617555892e-19
-4.484358767e-21
1.615941179e-19
-2.266168893e-21
1.615946957e-19
6.528366783e-33
1.488922577e-19
-1.888081039e-21
1.277578568e-19
-2.088627179e-19
1.056924193e-19
-2.779281725e-19
8.268208391e-20
-2.893854846e-19
5.945102719e-20
-2.862183748e-19
3.632082799e-20
-2.820029681e-19
1.331836007e-20
-2.792402104e-19
-2.77779103e-19
-8.584772476e-09
1.261108851e-09
-1.250631945e-08
2.492879586e-09
-1.668713652e-08
-5.475380666e-10
-1.975225301e-08
-6.934232991e-09
-2.1319097e-08
-8.972421278e-09
-2.005142158e-08
-5.883308277e-09
-1.699295076e-08
-3.384161933e-09
-9.411293252e-09
-1.423936931e-09
-1.502914822e-08
2.920712967e-08
-7.416083325e-09
1.628766802e-09
-6.211896624e-09
-6.835751593e-09
-4.523780753e-09
-6.207598079e-09
-1.066881914e-16
-5.695499272e-09
-1.750056414e-19
-5.340415391e-19
7.956767032e-20
-9.658707781e-20
1.437013202e-19
-7.80099755e-21
1.616490594e-19
6.060234616e-21
1.672911193e-19
3.907307274e-21
1.69071007e-19
-9.679156977e-22
1.693759922e-19
-5.423815104e-21
1.690324393e-19
-8.761280268e-21
1.683969164e-19
-1.093367721e-20
1.676497181e-19
-1.207788561e-20
1.668897095e-19
-1.23717001e-20
1.66172924e-19
-1.198601369e-20
1.655313241e-19
-1.10696033e-20
1.649828692e-19
-9.746393743e-21
1.645373601e-19
-8.117599983e-21
1.642000387e-19
-6.265608384e-21
1.639737791e-19
-4.258237987e-21
1.638602867e-19
-2.152820911e-21
1.638644793e-19
1.003047452e-32
1.511925425e-19
-5.803254904e-22
1.299940698e-19
-2.090937284e-19
1.075772051e-19
-2.752324051e-19
8.414221009e-20
-2.852138962e-19
6.050793937e-20
-2.818052627e-19
3.700633025e-20
-2.777185369e-19
1.365555652e-20
-2.751036503e-19
-2.737282903e-19
-4.752069323e-09
1.935608594e-09
-7.542028792e-09
5.282797957e-09
-1.433397106e-08
6.244362547e-09
-2.408238687e-08
2.814108106e-09
-3.165562539e-08
-1.399299038e-09
-3.511235893e-08
-2.4266462e-09
-3.752157214e-08
-9.750358857e-10
-4.263645316e-08
3.69083104e-09
-1.20869648e-08
-1.342369767e-09
-2.667514691e-09
-7.790683987e-09
5.895911675e-09
-1.539916607e-08
2.786809789e-09
-3.098496487e-09
2.962444289e-20
-2.908689229e-09
2.611390769e-19
2.853240073e-20
1.683544983e-19
-3.80293243e-21
1.575625523e-19
2.990127209e-21
1.594961321e-19
4.125578896e-21
1.624158963e-19
9.863527846e-22
1.646151076e-19
-3.168227875e-21
1.66038527e-19
-6.848209035e-21
1.668600424e-19
-9.583792139e-21
1.67252708e-19
-1.132724493e-20
1.673559036e-19
-1.218171472e-20
1.672753959e-19
-1.22915609e-20
1.670893344e-19
-1.180008851e-20
1.668545337e-19
-1.083469577e-20
1.66611663e-19
-9.503248786e-21
1.663893517e-19
-7.895060058e-21
1.662074091e-19
-6.083677119e-21
1.660791961e-19
-4.130244532e-21
1.660131077e-19
-2.086893898e-21
1.660085315e-19
2.578528815e-32
1.534054782e-19
6.675840922e-22
1.321279562e-19
-2.092437582e-19
1.093624687e-19
-2.72186212e-19
8.552399453e-20
-2.806371142e-19
6.15099558e-20
-2.770106224e-19
3.765775142e-20
-2.730817527e-19
1.397660923e-20
-2.706349131e-19
-2.693555101e-19
-3.663764104e-10
1.593051236e-09
1.007192314e-10
4.815676695e-09
-1.084345961e-09
7.429412892e-09
-5.658070454e-09
7.387794088e-09
-1.101200274e-08
3.954594742e-09
-1.220812226e-08
-1.230592901e-09
-5.384729563e-09
-7.798536082e-09
8.708022518e-09
-1.040187944e-08
1.222425056e-08
-4.858695931e-09
-2.674879637e-09
7.108424954e-09
5.528610273e-09
-2.360265604e-08
2.869232505e-09
-4.391185728e-10
1.342256643e-17
-3.94567861e-11
2.280770732e-19
1.301686791e-19
1.751474964e-19
4.912616351e-20
1.58698004e-19
1.94386942e-20
1.56356906e-19
6.465426581e-21
1.582613157e-19
-9.193222113e-22
1.609351264e-19
-5.843167751e-21
1.633029439e-19
-9.217150032e-21
1.651165896e-19
-1.139871466e-20
1.663982382e-19
-1.260990165e-20
1.672460574e-19
-1.302990629e-20
1.677668682e-19
-1.281224265e-20
1.680547271e-19
-1.208763978e-20
1.681859807e-19
-1.09656513e-20
1.682198517e-19
-9.536912397e-21
1.682007347e-19
-7.875913068e-21
1.681608417e-19
-6.043981872e-21
1.681225468e-19
-4.092262165e-21
1.681000016e-19
-2.064557765e-21
1.681029528e-19
4.061206614e-32
1.555681697e-19
1.844912499e-21
1.341844729e-19
-2.092858977e-19
1.110705764e-19
-2.687900698e-19
8.684743925e-20
-2.756741099e-19
6.247337528e-20
-2.718543065e-19
3.828652874e-20
-2.681086056e-19
1.428737309e-20
-2.658463553e-19
-2.646710437e-19
2.707306087e-09
1.216233974e-09
3.912344046e-09
3.610642382e-09
5.350590053e-09
5.991170515e-09
5.160000086e-09
7.578379861e-09
1.609231424e-09
7.505366677e-09
-5.530557485e-09
5.909120655e-09
-1.306983267e-08
-2.594132641e-10
-1.485977602e-08
-8.612003715e-09
-8.378594293e-09
-1.133995281e-08
1.526896338e-09
-2.797096662e-09
1.434960822e-09
-2.351072059e-08
3.945680778e-11
9.563854399e-10
1.287858693e-19
2.13221869e-19
1.470172413e-19
1.119373065e-19
1.45460688e-19
5.068205209e-20
1.457247364e-19
1.917347656e-20
1.489721572e-19
3.216583351e-21
1.533374701e-19
-5.28595163e-21
1.575611441e-19
-1.006811935e-20
1.611213793e-19
-1.277894856e-20
1.639054026e-19
-1.41846703e-20
1.659782336e-19
-1.468424359e-20
1.67463721e-19
-1.451586188e-20
1.684914711e-19
-1.383961447e-20
1.691767156e-19
-1.277223959e-20
1.696147196e-19
-1.140315517e-20
1.69880851e-19
-9.802830009e-21
1.700326659e-19
-8.027808378e-21
1.701125614e-19
-6.124182896e-21
1.701502512e-19
-4.130305059e-21
1.701645593e-19
-2.079084987e-21
1.701709043e-19
4.813406902e-32
1.577404662e-19
2.910654098e-21
1.362017256e-19
-2.091715306e-19
1.127317146e-19
-2.650364297e-19
8.813561385e-20
-2.703367096e-19
6.341518172e-20
-2.663500913e-19
3.890395746e-20
-2.628093965e-19
1.459346583e-20
-2.607446638e-19
-2.596795599e-19
5.014143999e-09
9.461925857e-10
5.869363985e-09
2.755443061e-09
7.385817673e-09
4.474715681e-09
9.005367646e-09
5.958780965e-09
9.532616134e-09
6.978071034e-09
8.093209908e-09
7.348482914e-09
1.464876609e-09
6.368844888e-09
-8.304174196e-09
1.156989812e-09
-1.141554727e-08
-8.228638776e-09
1.163541848e-09
-1.537621535e-08
-9.563854373e-10
-2.139083216e-08
-6.940039668e-20
2.963753916e-19
2.899312402e-20
1.148283421e-19
8.576003179e-20
5.516996964e-20
1.139521125e-19
2.24890531e-20
1.297678432e-19
3.356444274e-21
1.404696222e-19
-7.486567337e-21
1.485553024e-19
-1.337291638e-20
1.548503149e-19
-1.636450783e-20
1.597156575e-19
-1.764630229e-20
1.634058293e-19
-1.787749449e-20
1.661466153e-19
-1.742727154e-20
1.681399684e-19
-1.651020529e-20
1.69558846e-19
-1.525837219e-20
1.705458e-19
-1.375864002e-20
1.712150447e-19
-1.207195702e-20
1.716558726e-19
-1.024353156e-20
1.719362914e-19
-8.308399779e-21
1.721064392e-19
-6.294674791e-21
1.722014712e-19
-4.225660288e-21
1.722436443e-19
-2.121416236e-21
1.722520908e-19
5.524253523e-32
1.599407925e-19
3.855445265e-21
1.382038671e-19
-2.088577203e-19
1.143660402e-19
-2.609137613e-19
8.940617213e-20
-2.646342327e-19
6.434925327e-20
-2.605080081e-19
3.951930526e-20
-2.571899004e-19
1.489943307e-20
-2.553318759e-19
-2.543812441e-19
6.839117333e-09
7.442487732e-10
7.43509403e-09
2.15950697e-09
8.45461475e-09
3.455237055e-09
9.840282201e-09
4.573167684e-09
1.136174346e-08
5.456607831e-09
1.272368553e-08
5.986548523e-09
1.307602611e-08
6.016516951e-09
1.046561168e-08
3.767349543e-09
2.675400902e-09
-4.385258006e-10
3.025552162e-09
-1.572641418e-08
2.804726576e-18
-1.83652691e-08
-2.309406079e-19
-3.25719736e-19
-3.066669992e-20
-8.544573431e-20
5.307911525e-20
-2.857642825e-20
9.481950369e-20
-1.925233007e-20
1.189248316e-19
-2.074994464e-20
1.345832732e-19
-2.314600334e-20
1.455637109e-19
-2.435440604e-20
1.535685205e-19
-2.437031665e-20
1.594844653e-19
-2.356401429e-20
1.638560523e-19
-2.225175077e-20
1.670636815e-19
-2.06374232e-20
1.693918015e-19
-1.883977649e-20
1.710585782e-19
-1.692553434e-20
1.72232483e-19
-1.493244003e-20
1.730434702e-19
-1.288286015e-20
1.735910044e-19
-1.079120147e-20
1.739500163e-19
-8.667732567e-21
1.741754537e-19
-6.520477675e-21
1.743057153e-19
-4.356173388e-21
1.743650605e-19
-2.180814887e-21
1.743696731e-19
5.641037623e-32
1.622005947e-19
4.663881352e-21
1.402071045e-19
-2.082862395e-19
1.159898149e-19
-2.564106462e-19
9.067246939e-20
-2.585731845e-19
6.528533143e-20
-2.54334425e-19
4.013868118e-20
-2.512522251e-19
1.520811578e-20
-2.496067626e-19
-2.487734607e-19
8.276709023e-09
5.884729995e-10
8.725622647e-09
1.710642036e-09
9.422052405e-09
2.758810903e-09
1.026016338e-08
3.735079835e-09
1.111244106e-08
4.604281137e-09
1.183644167e-08
5.262521946e-09
1.127673051e-08
6.576222564e-09
8.92848693e-09
6.115585154e-09
2.605091421e-09
5.884838104e-09
2.184687623e-09
-1.530598401e-08
1.442550617e-18
-1.618054591e-08
5.740541334e-21
-2.210519233e-19
2.620248824e-20
-1.05907926e-19
6.240321343e-20
-6.477774547e-20
9.332188912e-20
-5.017170552e-20
1.165287729e-19
-4.395736674e-20
1.333748705e-19
-3.999259716e-20
1.455478003e-19
-3.652808812e-20
1.543748228e-19
-3.319762674e-20
1.607967289e-19
-2.998663668e-20
1.654703798e-19
-2.692708048e-20
1.688613282e-19
-2.40303374e-20
1.713060437e-19
-2.128593239e-20
1.730516725e-19
-1.867192768e-20
1.742820629e-19
-1.616325372e-20
1.751351289e-19
-1.373634095e-20
1.757144733e-19
-1.137105708e-20
1.760972712e-19
-9.051060746e-21
1.76339758e-19
-6.763372651e-21
1.764810738e-19
-4.497672533e-21
1.765458754e-19
-2.245580721e-21
1.765401951e-19
5.866789414e-32
1.645145797e-19
5.341332452e-21
1.422226572e-19
-2.074154271e-19
1.176103349e-19
-2.51511571e-19
9.194031156e-20
-2.521584917e-19
6.622713056e-20
-2.478336255e-19
4.076384488e-20
-2.449965323e-19
1.552006914e-20
-2.435669121e-19
-2.428530075e-19
9.454537891e-09
4.530766483e-10
9.813758395e-09
1.351466984e-09
1.035386174e-08
2.218707545e-09
1.097101305e-08
3.117908148e-09
1.142034053e-08
4.154891156e-09
1.16013555e-08
5.081460976e-09
1.064385169e-08
7.533739153e-09
8.072252694e-09
8.687225283e-09
1.078628309e-09
1.287850991e-08
6.913303528e-10
-1.491862318e-08
1.483071973e-18
-1.548918343e-08
1.174760014e-19
1.651321021e-20
6.733262376e-20
-5.57647867e-20
7.700925338e-20
-7.445476646e-20
9.953622789e-20
-7.269901912e-20
1.204935425e-19
-6.491506883e-20
1.368393795e-19
-5.633919456e-20
1.488782617e-19
-4.856806164e-20
1.575858129e-19
-4.190552122e-20
1.638562851e-19
-3.625728327e-20
1.683671229e-19
-3.143871237e-20
1.716057332e-19
-2.727023034e-20
1.739200484e-19
-2.360151576e-20
1.755603464e-19
-2.031326988e-20
1.767089757e-19
-1.731280477e-20
1.775004127e-19
-1.452870346e-20
1.780344697e-19
-1.190602793e-20
1.783849593e-19
-9.402323e-21
1.786054581e-19
-6.984362046e-21
1.787331656e-19
-4.625542607e-21
1.787914562e-19
-2.303814904e-21
1.788000525e-19
6.317829003e-32
1.669239934e-19
5.862020325e-21
1.442518693e-19
-2.061636635e-19
1.192312215e-19
-2.462034415e-19
9.320937353e-20
-2.453911164e-19
6.717192744e-20
-2.41007518e-19
4.139176143e-20
-2.384227097e-19
1.583338126e-20
-2.372110797e-19
-2.366186101e-19
1.042143632e-08
3.06823136e-10
1.081661983e-08
9.562525907e-10
1.145735285e-08
1.577911539e-09
1.225582766e-08
2.31933363e-09
1.300636544e-08
3.404306061e-09
1.355393197e-08
4.533866803e-09
1.21340171e-08
8.953659149e-09
7.383852121e-09
1.343743557e-08
1.820308569e-10
2.008039202e-08
1.215569086e-09
-1.595215182e-08
1.48206258e-18
-1.427359058e-08
4.189851428e-20
9.226292397e-20
4.864263789e-20
-6.250907522e-20
7.876500073e-20
-1.045774992e-19
1.073201782e-19
-1.012547279e-19
1.290694167e-19
-8.666543053e-20
1.446105124e-19
-7.188274076e-20
1.555408021e-19
-5.950092012e-20
1.632340508e-19
-4.960014078e-20
1.68674856e-19
-4.169865374e-20
1.725356049e-19
-3.530015699e-20
1.752744478e-19
-3.001021174e-20
1.772082943e-19
-2.553675168e-20
1.785608115e-19
-2.166722564e-20
1.79493077e-19
-1.824650398e-20
1.801230883e-19
-1.516012424e-20
1.805381746e-19
-1.232240668e-20
1.808029203e-19
-9.668087734e-21
1.809642776e-19
-7.146335299e-21
1.810548933e-19
-4.716375195e-21
1.810952711e-19
-2.34420441e-21
1.811029233e-19
5.740507708e-32
1.693282174e-19
6.272129434e-21
1.462616042e-19
-2.045168602e-19
1.208264198e-19
-2.404801831e-19
9.446314139e-20
-2.382815433e-19
6.810841073e-20
-2.33863222e-19
4.201452717e-20
-2.315341165e-19
1.61438788e-20
-2.305418131e-19
-2.300732165e-19
1.098164112e-08
1.749440927e-10
1.140325597e-08
5.345860172e-10
1.21292232e-08
8.518698943e-10
1.322205861e-08
1.226391307e-09
1.466551646e-08
1.960797066e-09
1.702449113e-08
2.174856122e-09
1.69023619e-08
9.075746313e-09
1.075881134e-08
1.958097723e-08
1.890141486e-09
2.894909774e-08
1.901571548e-09
-1.596360024e-08
-6.815712597e-19
-1.237199761e-08
-1.159970186e-19
1.18759758e-19
6.574214446e-21
-1.850805817e-19
8.208777205e-20
-1.800920186e-19
1.219094755e-19
-1.410774366e-19
1.438521065e-19
-1.086090134e-19
1.569923331e-19
-8.502591758e-20
1.654415815e-19
-6.795351246e-20
1.711355379e-19
-5.529613841e-20
1.750733527e-19
-4.563741624e-20
1.778255502e-19
-3.80532026e-20
1.797479079e-19
-3.19338673e-20
1.810778203e-19
-2.686837734e-20
1.819815332e-19
-2.257283529e-20
1.825794567e-19
-1.884633482e-20
1.829608058e-19
-1.554328331e-20
1.831924935e-19
-1.255568802e-20
1.833246727e-19
-9.801497491e-21
1.833942377e-19
-7.216664104e-21
1.834270641e-19
-4.749541432e-21
1.834394755e-19
-2.356760459e-21
1.834388814e-19
5.166132266e-32
1.7179712e-19
6.562794e-21
1.482564201e-19
-2.023956398e-19
1.223970059e-19
-2.343322676e-19
9.569368864e-20
-2.308313557e-19
6.902568393e-20
-2.26404861e-19
4.262306229e-20
-2.243358672e-19
1.644658164e-20
-2.23565724e-19
-2.232247381e-19
1.125716652e-08
8.578362139e-11
1.159663355e-08
1.950457715e-10
1.239579422e-08
5.261008195e-11
1.399348234e-08
-3.713885975e-10
1.761571502e-08
-1.661496496e-09
2.366249943e-08
-3.872011678e-09
2.600295347e-08
6.735210421e-09
1.791642429e-08
2.766749167e-08
1.001724852e-08
3.684830071e-08
2.038628618e-09
-7.984966078e-09
-6.186355537e-18
-1.033333403e-08
-4.229506512e-19
-1.816276522e-18
1.156275336e-20
-6.195944185e-19
1.21102354e-19
-2.896320104e-19
1.543778987e-19
-1.743534454e-19
1.674352023e-19
-1.216649788e-19
1.740647382e-19
-9.165592825e-20
1.780989555e-19
-7.19892099e-20
1.807942601e-19
-5.799228646e-20
1.826575664e-19
-4.750097615e-20
1.839448855e-19
-3.934104481e-20
1.848133978e-19
-3.280366774e-20
1.853733624e-19
-2.743029284e-20
1.857080337e-19
-2.290975958e-20
1.858825082e-19
-1.902306018e-20
1.859484011e-19
-1.561125058e-20
1.859466841e-19
-1.255575233e-20
1.859095061e-19
-9.765695362e-21
1.858613604e-19
-7.169421435e-21
1.858198451e-19
-4.708522037e-21
1.857962359e-19
-2.333440392e-21
1.858013092e-19
5.052501704e-32
1.742513214e-19
6.755214854e-21
1.502128971e-19
-1.997765603e-19
1.239184123e-19
-2.277488913e-19
9.68812103e-20
-2.230468051e-19
6.990835916e-20
-2.18641051e-19
4.320658178e-20
-2.168377602e-19
1.673590468e-20
-2.162946811e-19
-2.16086675e-19
1.175885275e-08
-7.443867372e-11
1.227464603e-08
-3.208166635e-10
1.310734474e-08
-7.801741593e-10
1.400151515e-08
-1.265635953e-09
1.491968848e-08
-2.579753244e-09
1.639156075e-08
-5.343998731e-09
2.335941451e-08
-2.327199008e-10
3.178214132e-08
1.92447561e-08
3.219665395e-08
3.643381415e-08
8.266436698e-09
1.59452299e-08
9.272261932e-19
-2.066896804e-09
7.718173238e-19
1.156824485e-19
3.415247256e-19
-1.893009553e-19
2.36380919e-19
-1.844863321e-19
2.070663653e-19
-1.450371124e-19
1.974442528e-19
-1.1203984e-19
1.937314565e-19
-8.794212525e-20
1.92095879e-19
-7.035395661e-20
1.912855704e-19
-5.718211036e-20
1.908174977e-19
-4.70328044e-20
1.904822626e-19
-3.900623186e-20
1.901867727e-19
-3.250956071e-20
1.898938956e-19
-2.71395971e-20
1.895947331e-19
-2.261312367e-20
1.892943178e-19
-1.872512686e-20
1.890038994e-19
-1.53230616e-20
1.88736741e-19
-1.22904756e-20
1.8850578e-19
-9.536201386e-21
1.883222597e-19
-6.986924934e-21
1.881949267e-19
-4.581839146e-21
1.881296763e-19
-2.268589501e-21
1.881372672e-19
4.975475161e-32
1.766963551e-19
6.838886541e-21
1.520996569e-19
-1.965991422e-19
1.253700218e-19
-2.207302512e-19
9.800685892e-20
-2.149360013e-19
7.074076904e-20
-2.105835844e-19
4.375419415e-20
-2.090543573e-19
1.700623909e-20
-2.087458362e-19
-2.086781336e-19
1.05533459e-08
5.235817617e-11
9.918499973e-09
3.139889839e-10
7.941370442e-09
1.196919076e-09
2.80622236e-09
3.869468082e-09
-8.848458153e-09
9.074868712e-09
-2.550143914e-08
1.13089145e-08
-2.988933656e-08
4.155147013e-09
-8.792482995e-09
-1.852118999e-09
-3.755696666e-09
3.139701518e-08
2.066896863e-09
1.012262527e-08
4.82357325e-19
6.807834991e-19
4.662290372e-19
1.318107817e-19
3.463398057e-19
-6.941121062e-20
2.758301387e-19
-1.139802027e-19
2.400636378e-19
-1.092726317e-19
2.215419676e-19
-9.351930025e-20
2.113196252e-19
-7.772120596e-20
2.052677252e-19
-6.430325779e-20
2.014348763e-19
-5.334974967e-20
1.988440702e-19
-4.444220038e-20
1.969789337e-19
-3.71418301e-20
1.955567363e-19
-3.108905252e-20
1.944203691e-19
-2.600569254e-20
1.934827299e-19
-2.167824339e-20
1.926963831e-19
-1.794142636e-20
1.920364854e-19
-1.466549561e-20
1.914910152e-19
-1.174695927e-20
1.910550565e-19
-9.101793369e-21
1.907273455e-19
-6.660359835e-21
1.905081764e-19
-4.363462572e-21
1.903982658e-19
-2.159148093e-21
1.904037421e-19
4.60695139e-32
1.790135212e-19
6.866641671e-21
1.538653611e-19
-1.928703472e-19
1.26712639e-19
-2.132884217e-19
9.904452263e-20
-2.065200513e-19
7.150522977e-20
-2.022526845e-19
4.425416816e-20
-2.010062018e-19
1.72514275e-20
-2.009419334e-19
-2.010243919e-19
1.186663697e-08
-1.716071124e-10
1.241958377e-08
-2.389630442e-10
1.300694699e-08
6.095617492e-10
1.357535031e-08
3.301057919e-09
1.460159494e-08
8.04861464e-09
1.420395687e-08
1.170657748e-08
-3.616374394e-09
2.197554433e-08
-2.166228586e-08
1.619385969e-08
-7.707084801e-09
1.744179787e-08
4.042290829e-16
2.415539869e-09
-4.700460908e-20
-6.074241878e-19
2.650082199e-19
-1.80200164e-19
3.017708136e-19
-1.061796086e-19
2.805377097e-19
-9.275286912e-20
2.558169693e-19
-8.455135588e-20
2.373400619e-19
-7.504191751e-20
2.247375733e-19
-6.511942641e-20
2.162212333e-19
-5.578776346e-20
2.103424256e-19
-4.747143488e-20
2.061444405e-19
-4.024470271e-20
2.030317113e-19
-3.40302177e-20
2.006400963e-19
-2.86994649e-20
1.987478182e-19
-2.411611438e-20
1.972195469e-19
-2.01528703e-20
1.959723138e-19
-1.669691418e-20
1.949550217e-19
-1.365058705e-20
1.941361811e-19
-1.093013936e-20
1.9349649e-19
-8.463759461e-21
1.930242428e-19
-6.189404049e-21
1.927124908e-19
-4.052643859e-21
1.925574139e-19
-2.004596872e-21
1.925643379e-19
3.693631227e-32
1.812331072e-19
6.837942861e-21
1.555036214e-19
-1.885603914e-19
1.279381093e-19
-2.054338657e-19
9.998054741e-20
-1.978146402e-19
7.218644149e-20
-1.936669248e-19
4.469338704e-20
-1.927160076e-19
1.746360534e-20
-1.929109577e-19
-1.931585937e-19
1.142516614e-08
-4.03053025e-10
1.205210451e-08
-8.65862598e-10
1.289500267e-08
-2.332768867e-10
1.371276411e-08
2.48333146e-09
1.471345473e-08
7.047930537e-09
1.255169939e-08
1.386840286e-08
-1.119638581e-09
3.564688881e-08
-8.327434502e-09
2.340166897e-08
-2.415539863e-09
1.152990314e-08
7.21013701e-19
-1.834705405e-19
3.808470062e-19
-2.672574698e-19
3.390326448e-19
-1.383828073e-19
3.15197553e-19
-8.234119827e-20
2.887392229e-19
-6.629412336e-20
2.653264077e-19
-6.113735178e-20
2.47262553e-19
-5.697762321e-20
2.340692363e-19
-5.192636442e-20
2.245375619e-19
-4.625644054e-20
2.175691578e-19
-4.050333497e-20
2.123589255e-19
-3.503508704e-20
2.083624641e-19
-3.003515248e-20
2.052234468e-19
-2.55627227e-20
2.027110623e-19
-2.160654523e-20
2.00675503e-19
-1.812019501e-20
1.99018641e-19
-1.504269924e-20
1.976754694e-19
-1.230974721e-20
1.96602561e-19
-9.859274112e-21
1.957708454e-19
-7.633808087e-21
1.95161003e-19
-5.581013026e-21
1.947605378e-19
-3.653255599e-21
1.945620108e-19
-1.806667185e-21
1.945694237e-19
3.716854161e-32
1.833071656e-19
6.738377627e-21
1.569827648e-19
-1.836557692e-19
1.290211108e-19
-1.971832945e-19
1.007909237e-19
-1.888367295e-19
7.27603738e-20
-1.848448593e-19
4.505058559e-20
-1.842092515e-19
1.762964296e-20
-1.846890246e-19
-1.851270001e-19
1.081162298e-08
-7.028887323e-10
1.154295975e-08
-1.597141827e-09
1.23222796e-08
-1.012506181e-09
1.314117111e-08
1.664540526e-09
1.286260321e-08
7.326614043e-09
1.200172196e-08
1.472940335e-08
1.156286879e-08
3.608576916e-08
4.327953162e-09
3.063661479e-08
-2.112152862e-15
1.585785785e-08
6.320965711e-19
-9.345126876e-19
5.09715722e-19
-1.4488861e-19
3.950742539e-19
-2.374406084e-20
3.312446279e-19
-1.85162264e-20
2.938959945e-19
-2.894601988e-20
2.694861362e-19
-3.672737699e-20
2.523138117e-19
-3.980526323e-20
2.397391602e-19
-3.935165666e-20
2.302906675e-19
-3.680791334e-20
2.230374057e-19
-3.325016916e-20
2.173588601e-19
-2.935717167e-20
2.128348939e-19
-2.551273781e-20
2.091796243e-19
-2.190986762e-20
2.061974125e-19
-1.862714484e-20
2.037529988e-19
-1.567850098e-20
2.01751593e-19
-1.304370078e-20
2.001259425e-19
-1.068622879e-20
1.988280271e-19
-8.563320667e-21
1.978236405e-19
-6.631235387e-21
1.970887604e-19
-4.84771577e-21
1.966071262e-19
-3.172828292e-21
1.96368678e-19
-1.568901414e-21
1.963693687e-19
3.269891049e-32
1.851312407e-19
6.626915042e-21
1.582485661e-19
-1.781932115e-19
1.299189314e-19
-1.885650226e-19
1.014377945e-19
-1.796081523e-19
7.318884463e-20
-1.758047155e-19
4.529096517e-20
-1.755147733e-19
1.772782342e-20
-1.763253096e-19
-1.769975571e-19
9.275176785e-09
-9.327108109e-10
9.85887929e-09
-2.180790209e-09
1.055967753e-08
-1.713217237e-09
1.136997544e-08
8.54336414e-10
1.135786497e-08
7.338788685e-09
1.070590596e-08
1.538138299e-08
1.460456012e-08
3.218720311e-08
1.069231102e-08
3.454890778e-08
5.931899041e-16
2.655017408e-08
1.425923761e-18
2.221747699e-18
6.308595205e-19
6.501810855e-19
4.003020883e-19
2.068114341e-19
3.208148344e-19
6.097011492e-20
2.861146374e-19
5.754595592e-21
2.6640825e-19
-1.702119473e-20
2.527674183e-19
-2.616448693e-20
2.422829035e-19
-2.886676098e-20
2.338484117e-19
-2.837300562e-20
2.269304032e-19
-2.633195916e-20
2.21203294e-19
-2.363055615e-20
2.164377641e-19
-2.07487815e-20
2.124623471e-19
-1.793692264e-20
2.091460564e-19
-1.531361016e-20
2.06387799e-19
-1.292273915e-20
2.04109065e-19
-1.076704564e-20
2.022488507e-19
-8.82783711e-21
2.007601123e-19
-7.076353909e-21
1.996071601e-19
-5.480054432e-21
1.987636479e-19
-4.005848501e-21
1.982110531e-19
-2.621529986e-21
1.979375794e-19
-1.296181071e-21
1.979443206e-19
2.834116905e-32
1.867303345e-19
6.479737695e-21
1.592895867e-19
-1.721730285e-19
1.306122587e-19
-1.795994497e-19
1.018834646e-19
-1.701323344e-19
7.342040781e-20
-1.665509522e-19
4.536331221e-20
-1.666616084e-19
1.772547498e-20
-1.678874866e-19
-1.688708425e-19
6.79902529e-09
-9.22318951e-10
6.558693731e-09
-1.940431972e-09
5.672408081e-09
-8.269498443e-10
4.118883015e-09
2.407857683e-09
2.574754523e-09
8.882970017e-09
7.460279399e-10
1.721017405e-08
3.598961154e-09
2.9334349e-08
6.24448391e-09
3.190340315e-08
-6.1617255e-17
3.27946643e-08
-1.39905308e-19
6.110861008e-19
1.874879686e-19
3.227873023e-19
2.544607691e-19
1.398372348e-19
2.655993151e-19
4.983116766e-20
2.633388471e-19
8.01473366e-21
2.572649578e-19
-1.094752581e-20
2.500651443e-19
-1.896454754e-20
2.427766589e-19
-2.157779575e-20
2.358894581e-19
-2.148529543e-20
2.296318062e-19
-2.007396262e-20
2.240850686e-19
-1.808418206e-20
2.192496229e-19
-1.591486513e-20
2.150856596e-19
-1.377543873e-20
2.115369274e-19
-1.176758328e-20
2.085434925e-19
-9.931615754e-21
2.060482735e-19
-8.273610076e-21
2.040003339e-19
-6.781406995e-21
2.023564118e-19
-5.433968803e-21
2.01081366e-19
-4.206667275e-21
2.001479664e-19
-3.074081931e-21
1.99536402e-19
-2.011297294e-21
1.992337605e-19
-9.943236639e-22
1.992347223e-19
3.503623598e-32
1.880499628e-19
6.309754668e-21
1.600764276e-19
-1.656206168e-19
1.310596165e-19
-1.702949047e-19
1.020684128e-19
-1.603946397e-19
7.337989284e-20
-1.570723711e-19
4.519396631e-20
-1.576803032e-19
1.757584251e-20
-1.594701133e-19
-1.608941857e-19
4.23316243e-09
-5.573077064e-10
2.489353657e-09
-1.965579337e-10
-9.115444236e-10
2.573960548e-09
-6.453695673e-09
7.949917128e-09
-1.201697127e-08
1.444619051e-08
-1.449699415e-08
1.96902345e-08
-9.680619881e-09
2.451810016e-08
-3.008966911e-09
2.523168766e-08
4.43871517e-18
2.978570127e-08
-4.210255029e-19
-4.639624503e-19
4.537640686e-21
-1.027768959e-19
1.644547021e-19
-2.008077796e-20
2.237828811e-19
-9.497478218e-21
2.443765876e-19
-1.258018082e-20
2.492479361e-19
-1.581957942e-20
2.474518961e-19
-1.716873544e-20
2.428691592e-19
-1.699510336e-20
2.373007909e-19
-1.591682445e-20
2.316215868e-19
-1.439459784e-20
2.262543855e-19
-1.27173292e-20
2.213890493e-19
-1.105094022e-20
2.17093515e-19
-9.482245428e-21
2.133728949e-19
-8.049517738e-21
2.102014982e-19
-6.762334868e-21
2.075404766e-19
-5.614123458e-21
2.05347772e-19
-4.589949421e-21
2.035837133e-19
-3.67122771e-21
2.022139514e-19
-2.838423606e-21
2.01210751e-19
-2.072449807e-21
2.005533757e-19
-1.355237015e-21
2.002280841e-19
-6.698012539e-22
2.002339565e-19
2.618974081e-32
1.890570293e-19
6.126234007e-21
1.605787202e-19
-1.585640845e-19
1.312107402e-19
-1.606398567e-19
1.019120928e-19
-1.50350189e-19
7.296316802e-20
-1.473341502e-19
4.468099185e-20
-1.486035631e-19
1.721439116e-20
-1.51205108e-19
-1.532794532e-19
3.341040032e-09
-1.015827835e-10
1.261135531e-09
1.883333579e-09
-2.680783368e-09
6.515949124e-09
-9.46253323e-09
1.473161645e-08
-1.760504815e-08
2.258866073e-08
-2.209451484e-08
2.417964374e-08
-1.882847601e-08
2.125203117e-08
-1.069332491e-08
1.709651995e-08
2.582985278e-18
1.909234144e-08
-5.338209979e-20
-6.05760558e-19
8.723383193e-20
-2.433933831e-19
1.750380018e-19
-1.078857298e-19
2.207001785e-19
-5.516137692e-20
2.41137189e-19
-3.30191841e-20
2.4789878e-19
-2.258273739e-20
2.476255281e-19
-1.689644723e-20
2.439474381e-19
-1.331794805e-20
2.388230175e-19
-1.079297862e-20
2.332988554e-19
-8.870599482e-21
2.279207745e-19
-7.339564644e-21
2.229577441e-19
-6.089015234e-21
2.185262427e-19
-5.052663438e-21
2.146600778e-19
-4.185502517e-21
2.113497096e-19
-3.453742555e-21
2.085646506e-19
-2.830316701e-21
2.062664938e-19
-2.292800344e-21
2.044165175e-19
-1.822373936e-21
2.029799252e-19
-1.4032044e-21
2.019279638e-19
-1.021959741e-21
2.012388114e-19
-6.673409221e-22
2.008978854e-19
-3.295943232e-22
2.008990097e-19
1.828379524e-32
1.897643074e-19
5.907137318e-21
1.607646924e-19
-1.509870276e-19
1.310007057e-19
-1.505895655e-19
1.013015834e-19
-1.399060904e-19
7.202297334e-20
-1.372671006e-19
4.368128925e-20
-1.394682098e-19
1.655115027e-20
-1.432774743e-19
-1.463284554e-19
4.269346925e-09
2.489056717e-10
2.854221174e-09
3.298406258e-09
8.394799854e-10
8.530726963e-09
-2.742082482e-09
1.831316582e-08
-7.575672714e-09
2.742216112e-08
-6.382211823e-09
2.298609653e-08
-3.404249116e-09
1.827401537e-08
-4.716571399e-09
1.840879844e-08
-1.318405304e-16
1.437576938e-08
3.135446953e-19
-5.415389615e-20
2.227408723e-19
-1.525893437e-19
2.277623547e-19
-1.129090714e-19
2.428423713e-19
-7.024322982e-20
2.515736357e-19
-4.17515596e-20
2.535850702e-19
-2.459572836e-20
2.512040273e-19
-1.451651043e-20
2.464724075e-19
-8.587741999e-21
2.407453967e-19
-5.067224164e-21
2.348298903e-19
-2.955803617e-21
2.291713239e-19
-1.681493713e-21
2.239940959e-19
-9.126642081e-22
2.193934036e-19
-4.534029392e-22
2.153918378e-19
-1.855463377e-22
2.119731354e-19
-3.636010571e-23
2.09102167e-19
3.973674495e-23
2.067369202e-19
7.168205049e-23
2.04835687e-19
7.792177131e-23
2.033611698e-19
7.008857482e-23
2.022825827e-19
5.527611683e-23
2.01576558e-19
3.752007642e-23
2.012274797e-19
1.883596579e-23
2.01229882e-19
2.31761889e-32
1.900787712e-19
5.698024551e-21
1.605736114e-19
-1.429053197e-19
1.303146951e-19
-1.400452394e-19
1.000604697e-19
-1.289078278e-19
7.034012436e-20
-1.26759243e-19
4.198669235e-20
-1.303220249e-19
1.545726806e-20
-1.359514768e-19
-1.40471803e-19
6.167074405e-09
4.18520143e-10
5.676918196e-09
3.788597933e-09
4.871623517e-09
9.33606055e-09
4.780694046e-09
1.840416174e-08
3.290000432e-09
2.891283219e-08
1.380381766e-09
2.489561292e-08
1.104199269e-09
1.85501092e-08
-3.305298128e-10
1.984347385e-08
-1.330203356e-16
1.404524041e-08
2.186977484e-19
-3.293986718e-19
2.624215097e-19
-1.963136515e-19
2.704281963e-19
-1.209159586e-19
2.713340416e-19
-7.115012522e-20
2.687294669e-19
-3.914725865e-20
2.636642881e-19
-1.95321318e-20
2.571327958e-19
-7.986728762e-21
2.499929253e-19
-1.449838377e-21
2.428568172e-19
2.066919952e-21
2.361042002e-19
3.795417468e-21
2.299401534e-19
4.481710133e-21
2.244533572e-19
4.573356151e-21
2.196612602e-19
4.337691496e-21
2.15541024e-19
3.933621325e-21
2.120492323e-19
3.454592757e-21
2.091341123e-19
2.954295791e-21
2.067431599e-19
2.46211447e-21
2.048278538e-19
1.992472817e-21
2.033463574e-19
1.550517108e-21
2.022648266e-19
1.135596262e-21
2.015578739e-19
7.434293165e-22
2.012086437e-19
3.675012958e-22
2.012067209e-19
2.374276396e-32
1.900773502e-19
5.475279604e-21
1.59967708e-19
-1.342201361e-19
1.290124605e-19
-1.288055585e-19
9.793468035e-20
-1.170869727e-19
6.75929375e-20
-1.156309894e-19
3.929573477e-20
-1.212330355e-19
1.374950615e-20
-1.296096188e-19
-1.36323355e-19
8.304536304e-09
3.940408976e-10
8.225642313e-09
3.867561822e-09
7.685879062e-09
9.875844076e-09
8.949373721e-09
1.714070248e-08
1.071244711e-08
2.714975898e-08
7.790271255e-09
2.781766683e-08
4.016305991e-09
2.232401216e-08
1.996356698e-09
2.186342427e-08
-7.330445446e-17
1.60415971e-08
3.554359134e-19
-2.763032779e-19
3.378197493e-19
-1.786977534e-19
3.201940297e-19
-1.032894934e-19
3.033369081e-19
-5.429353222e-20
2.883445938e-19
-2.415563824e-20
2.752096911e-19
-6.398415237e-21
2.636696861e-19
3.551294092e-21
2.535096837e-19
8.708008992e-21
2.445853147e-19
1.098912104e-20
2.367904928e-19
1.158852327e-20
2.300317995e-19
1.123933606e-20
2.242176925e-19
1.038673255e-20
2.192571901e-19
9.29749184e-21
2.150619954e-19
8.128164103e-21
2.115489353e-19
6.96720443e-21
2.08641931e-19
5.861033801e-21
2.062735182e-19
4.83021457e-21
2.043858981e-19
3.879502271e-21
2.029314365e-19
3.004067184e-21
2.018726597e-19
2.193317529e-21
2.011819459e-19
1.433238498e-21
2.008411424e-19
7.078296851e-22
2.008460702e-19
1.444766119e-32
1.897176767e-19
5.240978539e-21
1.588497558e-19
-1.247777771e-19
1.268473923e-19
-1.165198825e-19
9.453567529e-20
-1.040332159e-19
6.331970598e-20
-1.036295389e-19
3.519158095e-20
-1.123141287e-19
1.118138685e-20
-1.248047517e-19
-1.347434695e-19
9.825397326e-09
3.392687687e-10
9.401219233e-09
4.291820819e-09
8.557792562e-09
1.071931335e-08
9.977037283e-09
1.572155386e-08
1.26361659e-08
2.449071113e-08
1.149218696e-08
2.89615894e-08
6.101098604e-09
2.77151176e-08
3.3449979e-09
2.461952493e-08
4.254670327e-17
1.938659552e-08
4.571771107e-19
-2.667491474e-19
4.132281586e-19
-1.347478648e-19
3.691899909e-19
-5.925079213e-20
3.334748021e-19
-1.857859564e-20
3.061018168e-19
3.214963619e-21
2.851594005e-19
1.454200923e-20
2.68826401e-19
1.98815418e-20
2.557907957e-19
2.174066118e-20
2.45184717e-19
2.15924369e-20
2.364413056e-19
2.032980881e-20
2.291791959e-19
1.850014259e-20
2.231284518e-19
1.643671062e-20
2.180878623e-19
1.433752573e-20
2.139010357e-19
1.231458332e-20
2.104427647e-19
1.042526952e-20
2.076111117e-19
8.692606047e-21
2.053228059e-19
7.118343662e-21
2.03510463e-19
5.691379104e-21
2.021206869e-19
4.393073392e-21
2.011125806e-19
3.200525039e-21
2.004565371e-19
2.088522853e-21
2.001333128e-19
1.030669438e-21
2.001313861e-19
1.361549759e-32
1.89006786e-19
5.00624273e-21
1.5708535e-19
-1.142831248e-19
1.234757066e-19
-1.026280722e-19
8.93408615e-20
-8.915745654e-20
5.692750611e-20
-9.043169299e-20
2.91605884e-20
-1.037573595e-19
7.459003139e-21
-1.223093707e-19
-1.368863621e-19
9.666165374e-09
7.953383905e-10
8.152734385e-09
5.805302674e-09
7.251315103e-09
1.162075963e-08
8.796040189e-09
1.417703589e-08
1.103515407e-08
2.225194354e-08
1.075370386e-08
2.924302996e-08
8.242335916e-09
3.022652572e-08
4.727904538e-09
2.813395662e-08
-2.83406004e-17
2.411449984e-08
5.941677336e-19
-1.762402972e-19
4.887254113e-19
-2.930495336e-20
4.098621874e-19
1.961094766e-20
3.552683614e-19
3.60143093e-20
3.174288624e-19
4.105193785e-20
2.904989331e-19
4.14693429e-20
2.706855204e-19
3.969203114e-20
2.556425714e-19
3.678057772e-20
2.439220889e-19
3.331011009e-20
2.346116394e-19
2.96381336e-20
2.27115764e-19
2.599472501e-20
2.210292669e-19
2.252246794e-20
2.160649199e-19
1.930139121e-20
2.120117219e-19
1.636748604e-20
2.087101012e-19
1.372678955e-20
2.060368494e-19
1.136584807e-20
2.038958414e-19
9.259226741e-21
2.022121573e-19
7.374667235e-21
2.009281385e-19
5.676433746e-21
2.000005785e-19
4.127329841e-21
1.993986837e-19
2.689796604e-21
1.991026433e-19
1.326408921e-21
1.991056822e-19
1.10652101e-32
1.880086629e-19
4.741503353e-21
1.545024628e-19
-1.02204996e-19
1.184695659e-19
-8.631411932e-20
8.173537077e-20
-7.168342659e-20
4.776350907e-20
-7.567634063e-20
2.067136757e-20
-9.587628581e-20
2.292928767e-21
-1.231379648e-19
-1.44195675e-19
6.247075038e-09
2.701557002e-09
4.083425025e-09
7.968977737e-09
4.328023188e-09
1.137610117e-08
6.870951934e-09
1.163411477e-08
9.396314574e-09
1.972684166e-08
9.742338557e-09
2.889703872e-08
9.901544225e-09
3.006733099e-08
5.795916756e-09
3.223958427e-08
-2.556627911e-16
2.991041654e-08
7.472938099e-19
2.817885643e-19
5.376415199e-19
1.803472197e-19
4.26265549e-19
1.309856068e-19
3.603059899e-19
1.019725492e-19
3.178462675e-19
8.35102707e-20
2.887216213e-19
7.059191473e-20
2.67774067e-19
6.063707363e-20
2.521721038e-19
5.237979963e-20
2.402501124e-19
4.522951213e-20
2.309682308e-19
3.891808179e-20
2.236435069e-19
3.331826257e-20
2.178081902e-19
2.835706748e-20
2.131310148e-19
2.397808231e-20
2.093710254e-19
2.012718052e-20
2.063491597e-19
1.674854316e-20
2.03930228e-19
1.378473651e-20
2.020112819e-19
1.117801588e-20
2.005139238e-19
8.871637568e-21
1.993790346e-19
6.810733538e-21
1.985630452e-19
4.942679182e-21
1.98035296e-19
3.217042522e-21
1.977762344e-19
1.585238728e-21
1.977755757e-19
4.379913977e-33
1.866554362e-19
4.502456953e-21
1.508796945e-19
-8.785858223e-20
1.113472103e-19
-6.650185245e-20
7.110521647e-20
-5.070269865e-20
3.525169464e-20
-5.90402787e-20
9.311308931e-21
-8.914781925e-20
-4.517674249e-21
-1.285167598e-19
-1.583158911e-19
5.511840508e-11
4.654541159e-09
-1.30027236e-09
9.32445608e-09
1.844580763e-10
9.891514289e-09
3.272975704e-09
8.54575678e-09
7.376832476e-09
1.562309182e-08
1.070691175e-08
2.556679409e-08
9.821347244e-09
3.095285405e-08
5.775418956e-09
3.628550931e-08
-3.080571661e-16
3.568583511e-08
6.534768772e-19
5.966666275e-19
4.882795517e-19
3.455430843e-19
3.972524914e-19
2.220113521e-19
3.418437114e-19
1.573794466e-19
3.049279115e-19
1.204246044e-19
2.787667802e-19
9.675055474e-20
2.59516793e-19
7.988436875e-20
2.450218163e-19
6.687204061e-20
2.339386821e-19
5.631019632e-20
2.253684116e-19
4.748658669e-20
2.186823118e-19
4.000324887e-20
2.13429205e-19
3.360942652e-20
2.09280113e-19
2.81266186e-20
2.059923881e-19
2.341453023e-20
2.033853531e-19
1.935536709e-20
2.013235074e-19
1.584641933e-20
1.997049036e-19
1.279635351e-20
1.984530198e-19
1.012307763e-20
1.975109803e-19
7.752201425e-21
1.968374086e-19
5.615685542e-21
1.964034922e-19
3.650541787e-21
1.961909957e-19
1.797551522e-21
1.961906977e-19
2.789778551e-33
1.850781702e-19
4.251947579e-21
1.460488845e-19
-7.025996125e-20
1.017099214e-19
-4.18842244e-20
5.698980623e-20
-2.524486959e-20
1.905644591e-20
-4.032525839e-20
-5.066676272e-21
-8.423737978e-20
-1.299839041e-20
-1.397934682e-19
-1.809170942e-19
-5.412572176e-09
4.942449552e-09
-5.678495707e-09
9.590295761e-09
-4.836348864e-09
9.04949454e-09
-2.998877634e-09
6.708483123e-09
1.846213934e-09
1.077804954e-08
9.673255159e-09
1.773967481e-08
1.411035358e-08
2.651576201e-08
5.125846968e-09
4.526998247e-08
-3.072156217e-16
4.081168321e-08
4.114851225e-19
7.347766217e-19
3.647474373e-19
3.922793791e-19
3.326205858e-19
2.541372751e-19
3.048888692e-19
1.851086567e-19
2.812538619e-19
1.440581794e-19
2.619005942e-19
1.161015477e-19
2.465044649e-19
9.527803908e-20
2.34459972e-19
7.891405389e-20
2.251150724e-19
6.56529293e-20
2.178850737e-19
5.471500055e-20
2.122884895e-19
4.559872581e-20
2.079463971e-19
3.795066302e-20
2.045680246e-19
3.150429795e-20
2.019332249e-19
2.604881063e-20
1.998764053e-19
2.141180662e-20
1.982734416e-19
1.744902659e-20
1.970316277e-19
1.403772052e-20
1.960821436e-19
1.107199738e-20
1.953744644e-19
8.459269894e-21
1.948722648e-19
6.117345393e-21
1.945505019e-19
3.971934416e-21
1.943934441e-19
1.954448702e-21
1.943940614e-19
4.822887615e-33
1.832720346e-19
4.012875494e-21
1.398424872e-19
-4.82623803e-20
8.922091326e-20
-1.098509948e-20
3.910812514e-20
5.604669817e-21
-8.690925385e-22
-1.956721699e-20
-2.229519617e-20
-8.202468345e-20
-2.296737941e-20
-1.583303028e-19
-2.134875692e-19
-7.12331283e-09
4.231410131e-09
-7.031764053e-09
9.498605824e-09
-8.121836977e-09
1.013957403e-08
-8.337632662e-09
6.924317991e-09
-5.734280337e-09
8.174611291e-09
-1.973314267e-09
1.397865483e-08
-1.012654992e-09
2.555495229e-08
-8.273488672e-10
4.508468831e-08
-8.162483333e-18
3.998433225e-08
7.919694729e-20
2.602128045e-19
2.266051176e-19
2.448703126e-19
2.635919673e-19
2.171499902e-19
2.63838392e-19
1.848601505e-19
2.532972302e-19
1.545979711e-19
2.410770856e-19
1.283201096e-19
2.301404797e-19
1.062126671e-19
2.211988474e-19
8.785358578e-20
2.141771437e-19
7.267283698e-20
2.08768799e-19
6.012197605e-20
2.046404267e-19
4.972599906e-20
2.01500032e-19
4.109009243e-20
1.991125373e-19
3.389095644e-20
1.972962209e-19
2.786443884e-20
1.959136253e-19
2.279380582e-20
1.948621355e-19
1.849990555e-20
1.940659045e-19
1.48332602e-20
1.934694161e-19
1.166773927e-20
1.930325399e-19
8.895438269e-21
1.927268538e-19
6.422464388e-21
1.925330162e-19
4.165405523e-21
1.924389954e-19
2.048306049e-21
1.924386064e-19
-4.491176639e-33
1.813086228e-19
3.783507917e-21
1.320765534e-19
-2.046350639e-20
7.35362294e-20
2.783167713e-20
1.722614858e-20
4.26505606e-20
-2.444052914e-20
2.87954085e-21
-4.202392952e-20
-8.36553048e-20
-3.410060539e-20
-1.854631674e-19
-2.571915198e-19
-4.307898217e-09
4.239178692e-09
-4.91553715e-09
1.010619993e-08
-7.105598166e-09
1.232962277e-08
-7.50565345e-09
7.324446211e-09
-4.859273404e-09
5.528151534e-09
-3.541970963e-09
1.266122385e-08
-5.324328558e-09
2.733733919e-08
-8.070254182e-09
4.78305631e-08
-2.111895446e-16
3.19140771e-08
7.404005049e-20
-1.520593526e-19
1.988838911e-19
1.200249451e-19
2.313021277e-19
1.847310376e-19
2.335762126e-19
1.825841286e-19
2.270193686e-19
1.611530199e-19
2.189696431e-19
1.363685982e-19
2.117813983e-19
1.133994941e-19
2.060180986e-19
9.361538402e-20
2.016262827e-19
7.706336834e-20
1.98372822e-19
6.337435273e-20
1.960045201e-19
5.209327402e-20
1.94300896e-19
4.279271381e-20
1.930860197e-19
3.510490602e-20
1.922255879e-19
2.872402556e-20
1.91619725e-19
2.33988312e-20
1.911954902e-19
1.892323059e-20
1.909003836e-19
1.512737997e-20
1.906971151e-19
1.187002658e-20
1.90559566e-19
9.032129432e-21
1.90469795e-19
6.511590124e-21
1.904159167e-19
4.218878919e-21
1.903906894e-19
2.073343069e-21
1.903905072e-19
-5.472728811e-33
1.792378814e-19
3.57158116e-21
1.224689413e-19
1.487103928e-20
5.412623985e-20
7.644991661e-20
-9.070762274e-21
8.658258916e-20
-5.167554149e-20
2.626373553e-20
-6.39057126e-20
-9.063969809e-20
-4.602034198e-20
-2.225585666e-19
-3.128153615e-19
-4.861200731e-10
5.870544013e-09
-3.113412104e-09
1.273358027e-08
-5.540074019e-09
1.475626554e-08
-5.802013031e-09
7.586295351e-09
-7.313300452e-09
7.039240604e-09
-1.365678497e-08
1.900462074e-08
-1.998315982e-08
3.366367278e-08
-1.032489696e-08
3.817227811e-08
-2.105116492e-16
2.158918e-08
3.544833605e-19
1.704767049e-19
2.63587609e-19
2.109205831e-19
2.291552187e-19
2.191628471e-19
2.121451038e-19
1.995930092e-19
2.022349469e-19
1.710618862e-19
1.96000539e-19
1.426018285e-19
1.919972882e-19
1.174015123e-19
1.89466083e-19
9.614550844e-20
1.879372671e-19
7.859130847e-20
1.870917433e-19
6.421903448e-20
1.867039598e-19
5.24801365e-20
1.866130883e-19
4.288261998e-20
1.867051392e-19
3.501189737e-20
1.869003935e-19
2.852778801e-20
1.871441244e-19
2.315400719e-20
1.873996396e-19
1.8666477e-20
1.876430302e-19
1.488267306e-20
1.878592179e-19
1.165258592e-20
1.880390267e-19
8.851271346e-21
1.881770838e-19
6.372766806e-21
1.882703809e-19
4.125102571e-21
1.883173463e-19
2.026140939e-21
1.88319247e-19
-6.331060367e-33
1.771125051e-19
3.415254383e-21
1.107643052e-19
5.978379865e-20
3.061710513e-20
1.368717399e-19
-3.985214872e-20
1.37786197e-19
-8.21159522e-20
4.930641259e-20
-8.712042154e-20
-1.048502417e-19
-5.80225911e-20
-2.708668623e-19
-3.804414939e-19
-4.8287623e-11
1.001909516e-08
-5.559001302e-09
1.824437451e-08
-1.038725621e-08
1.958455054e-08
-1.562244104e-08
1.282133281e-08
-2.296556012e-08
1.43821574e-08
-2.923924445e-08
2.527836579e-08
-2.752856448e-08
3.195289757e-08
-1.270446705e-08
2.334818176e-08
8.493621496e-17
8.884713483e-09
4.006518363e-19
3.084128973e-19
2.718275633e-19
3.39745207e-19
2.095853808e-19
2.814038638e-19
1.836139808e-19
2.255636688e-19
1.737748892e-19
1.809003256e-19
1.708002228e-19
1.455755695e-19
1.707412844e-19
1.174595678e-19
1.71911883e-19
9.497430586e-20
1.735649932e-19
7.693771651e-20
1.753528453e-19
6.243059175e-20
1.771064433e-19
5.072578744e-20
1.787423657e-19
4.124584696e-20
1.802210298e-19
3.353229206e-20
1.815266127e-19
2.722109337e-20
1.826565942e-19
2.202266633e-20
1.836158356e-19
1.770565476e-20
1.844129431e-19
1.408390718e-20
1.850579034e-19
1.100608458e-20
1.855605222e-19
8.347387825e-21
1.859294195e-19
6.00295313e-21
1.861714193e-19
3.882523512e-21
1.862912054e-19
1.906059178e-21
1.862943088e-19
-1.17036566e-32
1.750186172e-19
3.323763404e-21
9.762444897e-20
1.157416113e-19
4.938364302e-21
2.098317638e-19
-7.181654316e-20
1.952749651e-19
-1.116738284e-19
6.994215566e-20
-1.078715687e-19
-1.278679457e-19
-6.774325933e-20
-3.302060497e-19
-4.577883583e-19
-5.205835455e-09
1.727652096e-08
-1.118641248e-08
2.422490453e-08
-1.406476807e-08
2.246296403e-08
-2.03142446e-08
1.907071904e-08
-3.014786875e-08
2.421552999e-08
-3.348813548e-08
2.861862123e-08
-2.251739907e-08
2.09821605e-08
-8.884713178e-09
9.715495808e-09
1.324434571e-18
3.660932846e-18
4.342087595e-19
1.198638618e-18
2.134918749e-19
5.604609244e-19
1.537451858e-19
3.411491076e-19
1.389506377e-19
2.403578028e-19
1.384501331e-19
1.814003369e-19
1.426842211e-19
1.413408532e-19
1.482560224e-19
1.118874317e-19
1.538752936e-19
8.935499121e-20
1.590578684e-19
7.175507627e-20
1.63648041e-19
5.784013239e-20
1.676265028e-19
4.67468255e-20
1.710288108e-19
3.784286689e-20
1.739098311e-19
3.065037114e-20
1.763281857e-19
2.480149643e-20
1.783395827e-19
2.000964009e-20
1.79994088e-19
1.604923293e-20
1.813351205e-19
1.274088703e-20
1.823992066e-19
9.940177611e-21
1.832160875e-19
7.529024162e-21
1.838089899e-19
5.408972811e-21
1.841949549e-19
3.495866907e-21
1.843851462e-19
1.71550919e-21
1.843884847e-19
-4.051094903e-33
1.729177502e-19
3.429456457e-21
8.681485216e-20
1.804074346e-19
-1.372474768e-20
2.906446792e-19
-9.159179329e-20
2.538754224e-19
-1.259003859e-19
8.502891581e-20
-1.142152471e-19
-1.587690059e-19
-6.852358883e-20
-3.951089834e-19
-5.359157536e-19
-2.536685202e-08
2.494730184e-08
-2.866180327e-08
2.751982951e-08
-2.540004681e-08
1.920126885e-08
-2.376120439e-08
1.743172551e-08
-2.267859103e-08
2.31329829e-08
-1.695640982e-08
2.289626129e-08
-7.80907587e-09
1.183482682e-08
-1.481674301e-17
1.906419759e-09
-1.058743171e-18
-5.00276785e-19
-2.039757287e-19
3.438703462e-19
-5.819941964e-21
3.62303827e-19
5.295388101e-20
2.823743766e-19
7.999317179e-20
2.133177691e-19
9.839064947e-20
1.630019954e-19
1.132307995e-19
1.265002304e-19
1.257235819e-19
9.939478412e-20
1.362753787e-19
7.880360873e-20
1.451429245e-19
6.288782978e-20
1.525547341e-19
5.042836135e-20
1.587225442e-19
4.057880931e-20
1.63836315e-19
3.272862006e-20
1.680609564e-19
2.642485968e-20
1.715363293e-19
2.132473921e-20
1.743791755e-19
1.71649044e-20
1.766857421e-19
1.374044642e-20
1.78534411e-19
1.088994226e-20
1.799880531e-19
8.484469499e-21
1.810960361e-19
6.419360786e-21
1.81895884e-19
4.607893663e-21
1.824145972e-19
2.976352982e-21
1.82669637e-19
1.460052438e-21
1.826712578e-19
-2.981177788e-33
1.710127427e-19
3.727377325e-21
8.780505144e-20
2.421775152e-19
-3.683829732e-21
3.624063676e-19
-6.922413716e-20
3.001486932e-19
-9.395087014e-20
9.053373846e-20
-8.17839336e-20
-1.901522587e-19
-4.746406894e-20
-4.486404056e-19
-5.929837559e-19
-3.837016266e-08
2.590145791e-08
-3.588344498e-08
2.503301362e-08
-3.416450026e-08
1.748213474e-08
-2.943933084e-08
1.270630707e-08
-1.832806298e-08
1.202202988e-08
-7.10649816e-09
1.167456738e-08
-1.906419487e-09
6.634747347e-09
7.809475034e-19
1.903226461e-18
-2.140726601e-19
4.947433598e-19
-1.855403254e-19
3.15337654e-19
-8.57493923e-20
2.62512476e-19
-1.610272647e-20
2.127268963e-19
2.967739807e-20
1.67536434e-19
6.18888844e-20
1.307895736e-19
8.612535331e-20
1.022636487e-19
1.051324065e-19
8.038829882e-20
1.203595997e-19
6.357717211e-20
1.326834561e-19
5.056457322e-20
1.427051821e-19
4.040698398e-20
1.50872355e-19
3.241170653e-20
1.575325546e-19
2.606810016e-20
1.62960836e-19
2.099569754e-20
1.673764945e-19
1.690754265e-20
1.709547175e-19
1.35845611e-20
1.73835238e-19
1.085746242e-20
1.761289383e-19
8.593746499e-21
1.779229444e-19
6.688211594e-21
1.79284569e-19
5.055900984e-21
1.802643433e-19
3.626762429e-21
1.808982967e-19
2.341508061e-21
1.812095846e-19
1.148302449e-21
1.812154199e-19
-1.261269763e-32
1.695959744e-19
3.982775587e-21
1.143251467e-19
2.760104431e-19
6.484663555e-20
3.921573229e-19
3.488298718e-20
3.10844868e-19
2.345239845e-20
8.274254799e-20
1.933193922e-20
-2.052481061e-19
1.058156397e-20
-4.591016981e-19
-5.920061827e-19
-3.527329693e-08
1.92261649e-08
-2.903271574e-08
1.879229628e-08
-2.346203978e-08
1.191137521e-08
-1.935316393e-08
8.597414006e-09
-1.405197193e-08
6.720899037e-09
-5.425904044e-09
3.048499941e-09
2.953529696e-15
1.208843148e-09
-8.045073499e-19
-2.412568689e-19
-3.93483366e-19
8.371863335e-20
-2.383655034e-19
1.602186552e-19
-1.355349719e-19
1.596808698e-19
-6.129318883e-20
1.384834865e-19
-7.069462272e-21
1.133110981e-19
3.336295944e-20
9.035639761e-20
6.425000346e-20
7.137687028e-20
8.832127983e-20
5.631788202e-20
1.073470009e-19
4.45524187e-20
1.225258669e-19
3.538653248e-20
1.347099046e-19
2.822354345e-20
1.445287486e-19
2.259312783e-20
1.52460152e-19
1.813644544e-20
1.588726811e-19
1.45822213e-20
1.64053513e-19
1.17250195e-20
1.682276189e-19
9.408158094e-21
1.715715221e-19
7.510937333e-21
1.742234034e-19
5.939241276e-21
1.762906338e-19
4.618623244e-21
1.778554304e-19
3.48917587e-21
1.789790889e-19
2.501666034e-21
1.79705091e-19
1.614554642e-21
1.800612821e-19
7.916234813e-22
1.800606757e-19
-5.841017332e-33
1.691954996e-19
3.486131624e-21
1.727788452e-19
2.509893194e-19
2.048325431e-19
3.403761441e-19
2.356975826e-19
2.60712056e-19
2.388051885e-19
6.04124169e-20
1.969218346e-19
-1.825816121e-19
1.085138342e-19
-3.899056249e-19
-4.930964368e-19
-2.733426608e-08
1.734181172e-08
-2.063854106e-08
1.209657018e-08
-1.428825617e-08
5.561091023e-09
-9.042809491e-09
3.351967234e-09
-3.728278418e-09
1.406367315e-09
-1.208850758e-09
5.290722772e-10
-1.214697061e-19
2.798562007e-19
-3.098921245e-19
-5.283446152e-20
-3.169831027e-19
9.081083186e-20
-2.3890329e-19
8.213845128e-20
-1.567323552e-19
7.750847004e-20
-8.646557728e-20
6.821479414e-20
-3.002416272e-20
5.6868279e-20
1.438343211e-20
4.59484412e-20
4.91910152e-20
3.656981732e-20
7.655581651e-20
2.895404841e-20
9.818111463e-20
2.292816756e-20
1.153628778e-19
1.820571868e-20
1.29079489e-19
1.450766091e-20
1.400720662e-19
1.160087822e-20
1.489059279e-19
9.302291827e-21
1.560154793e-19
7.471607963e-21
1.617366516e-19
6.002026004e-21
1.663303981e-19
4.812015863e-21
1.69999826e-19
3.83883381e-21
1.729027853e-19
3.03363541e-21
1.751611865e-19
2.357850593e-21
1.768679206e-19
1.780494306e-21
1.780919776e-19
1.276146596e-21
1.788821599e-19
8.234006445e-22
1.792696586e-19
4.036331356e-22
1.792731998e-19
5.142724494e-33
1.676981364e-19
3.69257593e-21
2.438063037e-19
1.534470319e-19
3.779721676e-19
1.864867019e-19
4.761188482e-19
1.433017916e-19
4.904505639e-19
2.686198185e-20
4.00669347e-19
-1.120137684e-19
2.186704799e-19
-2.271152544e-19
-2.840265916e-19
-2.294506108e-08
-1.084849126e-08
-5.287400453e-09
-1.935433037e-09
-5.290642411e-10
-4.489211299e-18
-3.636459769e-19
-4.164808543e-19
-3.256706581e-19
-2.435332711e-19
-1.660260311e-19
-9.781209242e-20
-4.094400052e-20
5.004808231e-21
4.157524628e-20
7.052993566e-20
9.345866575e-20
1.116648201e-19
1.261727063e-19
1.377734798e-19
1.47075244e-19
1.545458973e-19
1.605466414e-19
1.65357216e-19
1.691946276e-19
1.722270005e-19
1.745838302e-19
1.763635729e-19
1.776392316e-19
1.784623924e-19
1.788660255e-19
1.788728444e-19
1.711971287e-19
3.145742431e-19
4.914107909e-19
6.251030754e-19
6.423600936e-19
5.207422043e-19
2.840265915e-19
)
;

boundaryField
{
    lowerWall
    {
        type            calculated;
        value           uniform 0;
    }
    atmosphere
    {
        type            calculated;
        value           nonuniform List<scalar> 
80
(
-2.204803036e-09
-7.221514805e-09
7.14323242e-10
1.282656222e-09
1.965113992e-08
3.51105376e-08
3.223217809e-08
3.558927805e-08
3.923417665e-08
3.339261023e-08
1.404307072e-08
-1.007303932e-08
-2.247015139e-08
-2.326625115e-08
-2.021832708e-08
-1.663159598e-08
-1.360415628e-08
-1.142200069e-08
-9.813873782e-09
-8.377117475e-09
-7.000979082e-09
-5.753218825e-09
-4.731740778e-09
-3.985921812e-09
-3.512540803e-09
-3.252698672e-09
-3.077004095e-09
-2.905379611e-09
-2.767016794e-09
-2.644772499e-09
-2.612037184e-09
-2.595915169e-09
-2.789966541e-09
-2.97130462e-09
-3.301907964e-09
-3.505975448e-09
-3.437178633e-09
-2.987248703e-09
-2.099620733e-09
-6.879837164e-10
1.470551235e-09
3.724716369e-09
6.775502815e-09
4.077520304e-09
7.089054753e-10
-2.330484579e-09
-4.744078891e-09
-6.637133252e-09
-8.12088521e-09
-9.319110561e-09
-1.027518635e-08
-1.084975455e-08
-1.116800613e-08
-1.15986566e-08
-1.068017432e-08
-1.16426856e-08
-1.119371129e-08
-1.051176808e-08
-9.045332119e-09
-6.809387672e-09
-4.598148805e-09
-3.79679333e-09
-4.619835813e-09
-6.336644072e-09
-8.280014661e-09
-9.770547732e-09
-1.012215659e-08
-8.153262677e-09
-2.008128485e-09
5.124538163e-09
7.834227974e-09
4.299986371e-09
-1.145338124e-09
-4.100313362e-09
-2.051639705e-09
1.769608962e-08
3.741608094e-08
4.194865993e-08
2.921853018e-08
4.028687169e-08
)
;
    }
    rightWall
    {
        type            empty;
    }
    leftWall
    {
        type            empty;
    }
    frontAndBack
    {
        type            calculated;
        value           nonuniform List<scalar> 
80
(
0
0
0
2.40741243e-35
0
0
0
0
0
0
0
0
0
0
0
0
0
0
0
0
0
0
0
0
0
0
0
0
0
0
0
0
0
0
0
0
0
0
0
0
0
0
0
0
0
0
0
0
0
0
0
0
0
0
0
0
0
0
0
0
0
0
0
0
0
0
0
0
0
0
0
0
0
0
0
0
0
0
0
0
)
;
    }
}


// ************************************************************************* //
