/*--------------------------------*- C++ -*----------------------------------*\
| =========                 |                                                 |
| \\      /  F ield         | OpenFOAM: The Open Source CFD Toolbox           |
|  \\    /   O peration     | Version:  2506                                  |
|   \\  /    A nd           | Website:  www.openfoam.com                      |
|    \\/     M anipulation  |                                                 |
\*---------------------------------------------------------------------------*/
FoamFile
{
    version     2.0;
    format      ascii;
    arch        "LSB;label=32;scalar=64";
    class       volVectorField;
    location    "0.009";
    object      U;
}
// * * * * * * * * * * * * * * * * * * * * * * * * * * * * * * * * * * * * * //

dimensions      [0 1 -1 0 0 0 0];

internalField   nonuniform List<vector> 
3200
(
(0 0.2011003361 -0.91323163)
(0 1.543634737 -0.8550412207)
(0 0.2420101733 -0.01169083944)
(0 -0.9359774605 0.9911822959)
(0 -2.73928343 0.7134372609)
(0 0.01278069265 -0.1449259943)
(0 -2.280188912e-12 5.268520432e-13)
(0 -2.909251741e-12 -1.713839879e-12)
(0 -7.775197941e-13 -4.048157538e-13)
(0 -5.079423879e-14 -3.218773029e-13)
(0 6.064992433e-13 -3.353815593e-13)
(0 1.247724739e-12 -3.058100048e-13)
(0 1.80638839e-12 -2.528008386e-13)
(0 2.258633322e-12 -1.993771976e-13)
(0 2.613473742e-12 -1.554087117e-13)
(0 2.891497569e-12 -1.225440004e-13)
(0 3.113211028e-12 -9.906832622e-14)
(0 3.294875277e-12 -8.248056877e-14)
(0 3.448003325e-12 -7.054363634e-14)
(0 3.580206836e-12 -6.157596858e-14)
(0 3.696286986e-12 -5.442976055e-14)
(0 3.799160832e-12 -4.836845833e-14)
(0 3.890541255e-12 -4.293719383e-14)
(0 3.971407422e-12 -3.786139965e-14)
(0 4.042311014e-12 -3.297889399e-14)
(0 4.103557366e-12 -2.819725647e-14)
(0 4.15530502e-12 -2.346654403e-14)
(0 4.197623777e-12 -1.876108992e-14)
(0 4.23053509e-12 -1.406770803e-14)
(0 4.254041556e-12 -9.379015255e-15)
(0 4.268144541e-12 -4.690562409e-15)
(0 2.136422804e-12 -5.627841424e-25)
(0 8.627513714e-12 -1.893392564e-13)
(0 1.389157408e-11 -7.1412367e-12)
(0 2.400191581e-11 -9.287484751e-12)
(0 4.059366223e-11 -7.381739524e-12)
(0 5.07991341e-11 -2.341139981e-12)
(0 4.791434113e-11 3.951194031e-12)
(0 3.435579204e-11 9.386810285e-12)
(0 1.210222159e-11 1.191212067e-11)
(0 0.6019667056 -0.3481171984)
(0 -0.5260973532 0.2282348518)
(0 -0.9854738812 2.190629324)
(0 -2.453146354 1.282307951)
(0 -2.220245229 -0.9739086836)
(0 0.06122089299 -3.252192378)
(0 -1.355716055e-13 -2.11328116e-12)
(0 5.307645445e-13 -4.309236898e-12)
(0 6.14430593e-13 1.181292245e-14)
(0 1.860460366e-14 -8.692116967e-13)
(0 6.225665414e-13 -1.049183322e-12)
(0 1.33030546e-12 -9.408329994e-13)
(0 1.912821197e-12 -7.587987284e-13)
(0 2.356025449e-12 -5.886361677e-13)
(0 2.690306939e-12 -4.550653994e-13)
(0 2.947837954e-12 -3.581928395e-13)
(0 3.153274459e-12 -2.902849928e-13)
(0 3.323399967e-12 -2.427699788e-13)
(0 3.468907926e-12 -2.086407203e-13)
(0 3.596320712e-12 -1.828829205e-13)
(0 3.709494496e-12 -1.621803739e-13)
(0 3.810653398e-12 -1.444489418e-13)
(0 3.901048313e-12 -1.284216457e-13)
(0 3.981365721e-12 -1.133465768e-13)
(0 4.051975157e-12 -9.878807333e-14)
(0 4.113069716e-12 -8.450079658e-14)
(0 4.164741186e-12 -7.035032094e-14)
(0 4.207022613e-12 -5.626388001e-14)
(0 4.239917165e-12 -4.220169776e-14)
(0 4.263418702e-12 -2.81420719e-14)
(0 4.277523557e-12 -1.407477928e-14)
(0 2.141113366e-12 -1.211444394e-24)
(0 8.643644246e-12 -4.761403229e-13)
(0 1.143306445e-11 -1.950397666e-11)
(0 1.589026447e-11 -2.587920463e-11)
(0 2.736309125e-11 -2.080668672e-11)
(0 3.537608149e-11 -7.173018216e-12)
(0 3.346920429e-11 1.001418045e-11)
(0 2.414245429e-11 2.504973379e-11)
(0 8.469754375e-12 3.22663182e-11)
(0 -0.05307834296 0.1696689752)
(0 -1.305583697 1.345502618)
(0 -1.396457427 3.06646679)
(0 -1.879764603 2.202209771)
(0 -0.2776561055 -2.098119619)
(0 0.00877992617 -2.812044423)
(0 -7.397987824e-12 -1.200726881e-11)
(0 -9.536579318e-12 -9.958667377e-12)
(0 -3.454529652e-12 -4.864095602e-13)
(0 -1.111811645e-12 -2.117603373e-12)
(0 5.348779406e-13 -2.051275286e-12)
(0 1.538109333e-12 -1.649488634e-12)
(0 2.158585222e-12 -1.252898524e-12)
(0 2.562366651e-12 -9.412678537e-13)
(0 2.84391707e-12 -7.179901111e-13)
(0 3.056277975e-12 -5.648620465e-13)
(0 3.228633888e-12 -4.611122275e-13)
(0 3.37651955e-12 -3.89679454e-13)
(0 3.507890384e-12 -3.3836271e-13)
(0 3.626667182e-12 -2.991198665e-13)
(0 3.734720964e-12 -2.669334996e-13)
(0 3.83291956e-12 -2.387858877e-13)
(0 3.92164362e-12 -2.12904312e-13)
(0 4.001040994e-12 -1.882653922e-13)
(0 4.071156794e-12 -1.642885441e-13)
(0 4.131995119e-12 -1.406501087e-13)
(0 4.183541936e-12 -1.171715808e-13)
(0 4.2257724e-12 -9.375457616e-14)
(0 4.258656898e-12 -7.034560746e-14)
(0 4.282168475e-12 -4.69186277e-14)
(0 4.296286613e-12 -2.346690944e-14)
(0 2.150497583e-12 -1.921326932e-24)
(0 8.700907773e-12 -6.393854198e-13)
(0 1.155981485e-11 -2.549234698e-11)
(0 4.776431823e-12 -3.478014902e-11)
(0 7.147061942e-12 -2.86513008e-11)
(0 1.064492348e-11 -1.105857192e-11)
(0 9.920652056e-12 1.164328947e-11)
(0 7.560536859e-12 3.192596729e-11)
(0 2.641245234e-12 4.214549221e-11)
(0 -0.11079121 0.8241249506)
(0 -1.695764153 1.753599426)
(0 0.1771678819 1.358926711)
(0 1.391162444 -0.0510207637)
(0 3.381558067 -1.735040675)
(0 -0.0004751994496 -1.175790905)
(0 -1.122666441e-11 -1.277958003e-11)
(0 -2.072934383e-11 -1.853215163e-11)
(0 -1.019058541e-11 -8.52741971e-12)
(0 -1.546240473e-12 -5.063493057e-12)
(0 1.09068128e-12 -3.388848264e-12)
(0 2.128682221e-12 -2.35292832e-12)
(0 2.621041977e-12 -1.662023594e-12)
(0 2.890933863e-12 -1.205555652e-12)
(0 3.066712746e-12 -9.108092829e-13)
(0 3.204715838e-12 -7.222105717e-13)
(0 3.328457052e-12 -5.996743423e-13)
(0 3.446149485e-12 -5.165061712e-13)
(0 3.559467513e-12 -4.560283538e-13)
(0 3.667749922e-12 -4.083109694e-13)
(0 3.769828475e-12 -3.676514142e-13)
(0 3.864682586e-12 -3.308513182e-13)
(0 3.951568809e-12 -2.96136252e-13)
(0 4.029981489e-12 -2.625234378e-13)
(0 4.09959044e-12 -2.294682851e-13)
(0 4.16018668e-12 -1.966698794e-13)
(0 4.211636719e-12 -1.639633298e-13)
(0 4.253848586e-12 -1.312603055e-13)
(0 4.286753113e-12 -9.851728429e-14)
(0 4.3102974e-12 -6.571955637e-14)
(0 4.324442184e-12 -3.287336624e-14)
(0 2.164580275e-12 -3.035146198e-24)
(0 8.768537933e-12 -7.279640656e-13)
(0 1.139606759e-11 -2.45262723e-11)
(0 -4.05895895e-12 -3.442009606e-11)
(0 -9.196731405e-12 -2.941261146e-11)
(0 -9.799295066e-12 -1.284496284e-11)
(0 -9.855276017e-12 9.365808125e-12)
(0 -6.540835978e-12 2.9749851e-11)
(0 -2.355692574e-12 4.064920554e-11)
(0 -1.563088324 2.228390446)
(0 -1.203307311 2.129590935)
(0 0.5133223826 -0.282684699)
(0 0.7163366296 -0.7924582138)
(0 0.3862618415 -0.7033197187)
(0 0.001183538937 -1.016210887)
(0 -7.6697394e-12 -1.067734601e-10)
(0 8.063310318e-12 -2.874707745e-11)
(0 9.634438963e-12 -1.040738783e-11)
(0 4.02676176e-12 -6.220106976e-12)
(0 3.245442678e-12 -4.087709442e-12)
(0 3.264934003e-12 -2.71135647e-12)
(0 3.30595789e-12 -1.836721477e-12)
(0 3.313580963e-12 -1.308129986e-12)
(0 3.327262151e-12 -9.974976416e-13)
(0 3.367412916e-12 -8.13511914e-13)
(0 3.434338289e-12 -6.988823391e-13)
(0 3.520165538e-12 -6.206496071e-13)
(0 3.616085585e-12 -5.609381819e-13)
(0 3.715044122e-12 -5.104592527e-13)
(0 3.812180615e-12 -4.645374296e-13)
(0 3.904434722e-12 -4.208628464e-13)
(0 3.9899715e-12 -3.782918099e-13)
(0 4.067708961e-12 -3.362421765e-13)
(0 4.137010352e-12 -2.944043862e-13)
(0 4.197500074e-12 -2.526078457e-13)
(0 4.24895151e-12 -2.107586463e-13)
(0 4.291218446e-12 -1.688092265e-13)
(0 4.324197647e-12 -1.267430592e-13)
(0 4.347812393e-12 -8.456688521e-14)
(0 4.36200617e-12 -4.230624465e-14)
(0 2.183370949e-12 -3.809660869e-24)
(0 8.84845786e-12 -7.781910828e-13)
(0 1.149275992e-11 -1.966195322e-11)
(0 -7.845994392e-12 -2.847637692e-11)
(0 -1.659868417e-11 -2.561418769e-11)
(0 -1.95169504e-11 -1.302146295e-11)
(0 -1.96369787e-11 4.865456952e-12)
(0 -1.376859176e-11 2.188339375e-11)
(0 -4.976914771e-12 3.166556439e-11)
(0 -2.786501858 -1.095830644)
(0 -0.1652784598 -0.9725918438)
(0 0.5549684412 -0.7334040846)
(0 0.4996906518 -0.660006546)
(0 0.798294478 -0.6830626845)
(0 0.1063598406 -0.6122405021)
(0 -2.442839787e-11 -1.15588318e-11)
(0 6.933293208e-11 2.066543011e-11)
(0 9.183121234e-12 -1.288008216e-12)
(0 4.773422729e-12 -5.321847206e-12)
(0 4.599431787e-12 -4.03054531e-12)
(0 4.379670186e-12 -2.568082809e-12)
(0 4.024268461e-12 -1.665401715e-12)
(0 3.730157698e-12 -1.192753684e-12)
(0 3.561330818e-12 -9.575333423e-13)
(0 3.50333114e-12 -8.354450085e-13)
(0 3.521319359e-12 -7.616876862e-13)
(0 3.584093642e-12 -7.062669539e-13)
(0 3.669657867e-12 -6.566149305e-13)
(0 3.764150675e-12 -6.080657433e-13)
(0 3.859424881e-12 -5.592096676e-13)
(0 3.950928206e-12 -5.098117215e-13)
(0 4.036189479e-12 -4.599610778e-13)
(0 4.113868913e-12 -4.097719157e-13)
(0 4.183224771e-12 -3.59310895e-13)
(0 4.24383242e-12 -3.086032194e-13)
(0 4.295435338e-12 -2.576554474e-13)
(0 4.337864173e-12 -2.064741253e-13)
(0 4.370995454e-12 -1.550767004e-13)
(0 4.394734214e-12 -1.03496497e-13)
(0 4.40900907e-12 -5.178339961e-14)
(0 2.20688652e-12 -4.42575853e-24)
(0 8.941773291e-12 -8.476818701e-13)
(0 1.172715111e-11 -1.410590083e-11)
(0 -7.406798123e-12 -2.117723044e-11)
(0 -1.633781909e-11 -2.036263966e-11)
(0 -1.980645917e-11 -1.233643493e-11)
(0 -2.044353898e-11 9.860708863e-14)
(0 -1.46909097e-11 1.250021412e-11)
(0 -5.383932292e-12 2.0231572e-11)
(0 -2.575846304 -0.2129647273)
(0 -0.4316514346 -0.752176811)
(0 -0.2265881604 -1.176445327)
(0 0.08996128498 -0.641133975)
(0 0.2415367804 -0.5804655863)
(0 -0.1483886929 -0.1712605434)
(0 -0.009196607572 0.04616769331)
(0 -2.147847834e-11 -1.594349559e-11)
(0 -2.802560339e-11 -2.175918056e-11)
(0 1.284267243e-12 -9.748710527e-12)
(0 5.999207075e-12 -4.144605305e-12)
(0 5.630077598e-12 -1.865061744e-12)
(0 4.681287015e-12 -1.064067405e-12)
(0 4.021449336e-12 -8.399568821e-13)
(0 3.684570826e-12 -8.044296353e-13)
(0 3.563258572e-12 -8.090370856e-13)
(0 3.563516344e-12 -8.061529876e-13)
(0 3.625238294e-12 -7.861018774e-13)
(0 3.714286796e-12 -7.511685056e-13)
(0 3.812449385e-12 -7.059665137e-13)
(0 3.910434637e-12 -6.544275327e-13)
(0 4.003683312e-12 -5.992302265e-13)
(0 4.090011306e-12 -5.419895119e-13)
(0 4.168359144e-12 -4.835902862e-13)
(0 4.238179049e-12 -4.244746016e-13)
(0 4.299155522e-12 -3.648442377e-13)
(0 4.351080604e-12 -3.047881641e-13)
(0 4.393797193e-12 -2.443552574e-13)
(0 4.427175275e-12 -1.835916072e-13)
(0 4.451105693e-12 -1.225569216e-13)
(0 4.465502667e-12 -6.132887869e-14)
(0 2.235154349e-12 -5.099896627e-24)
(0 9.051453766e-12 -9.373747429e-13)
(0 1.201503196e-11 -9.764423099e-12)
(0 -4.951356472e-12 -1.51619566e-11)
(0 -1.225712826e-11 -1.573584334e-11)
(0 -1.519040074e-11 -1.142932378e-11)
(0 -1.640417274e-11 -3.792988805e-12)
(0 -1.20873207e-11 4.291425628e-12)
(0 -4.522837929e-12 9.788319175e-12)
(0 -2.794153385 -2.653280883)
(0 -1.266954036 -2.383944775)
(0 -0.8579858844 -1.241579439)
(0 -0.9154443774 -0.7712742132)
(0 -0.7442350527 -0.473831571)
(0 -0.6961434222 -0.2084223688)
(0 -0.3652290433 -0.159022378)
(0 1.526552525e-11 -6.652938409e-11)
(0 3.682734194e-11 -3.834200729e-11)
(0 2.238817416e-11 -7.770100745e-12)
(0 1.248308057e-11 -9.340847341e-13)
(0 7.460208086e-12 3.165055389e-13)
(0 5.049373324e-12 1.141475066e-13)
(0 3.989795468e-12 -2.985804877e-13)
(0 3.592250615e-12 -6.111855215e-13)
(0 3.501607788e-12 -7.901171169e-13)
(0 3.544254567e-12 -8.677985995e-13)
(0 3.639078124e-12 -8.808177633e-13)
(0 3.749793231e-12 -8.559726929e-13)
(0 3.860891647e-12 -8.101810105e-13)
(0 3.966161168e-12 -7.532864973e-13)
(0 4.063366226e-12 -6.906858848e-13)
(0 4.151829419e-12 -6.251793551e-13)
(0 4.231383823e-12 -5.581323962e-13)
(0 4.30197082e-12 -4.901607037e-13)
(0 4.363518857e-12 -4.215171455e-13)
(0 4.415924318e-12 -3.523016153e-13)
(0 4.45906073e-12 -2.825685103e-13)
(0 4.49279379e-12 -2.123767598e-13)
(0 4.516996943e-12 -1.418088458e-13)
(0 4.531565991e-12 -7.097347968e-14)
(0 2.268215399e-12 -5.815579378e-24)
(0 9.179523375e-12 -1.039023185e-12)
(0 1.232995873e-11 -7.1576177e-12)
(0 -2.261943487e-12 -1.129251036e-11)
(0 -7.554170929e-12 -1.255565564e-11)
(0 -9.548915942e-12 -1.070484328e-11)
(0 -1.116187376e-11 -6.551969498e-12)
(0 -8.483745568e-12 -1.811345776e-12)
(0 -3.273216432e-12 1.72829611e-12)
(0 -3.132666345 -2.910961672)
(0 -2.703654005 -2.920937366)
(0 -1.737282748 -1.896282266)
(0 -0.4819276144 -0.8236194913)
(0 0.0572325259 -1.044912793)
(0 0.2805121002 -0.3693328661)
(0 -0.2591984709 -0.6050246742)
(0 0.001361767251 -0.3577602727)
(0 2.054275385e-11 2.543647713e-11)
(0 3.239997439e-11 1.165054448e-11)
(0 1.408581339e-11 7.861899612e-12)
(0 6.678309839e-12 3.951033808e-12)
(0 4.066200988e-12 1.502739948e-12)
(0 3.296116308e-12 1.426652848e-13)
(0 3.193034197e-12 -5.516242507e-13)
(0 3.306645494e-12 -8.72460169e-13)
(0 3.472815697e-12 -9.941433562e-13)
(0 3.637064201e-12 -1.013429627e-12)
(0 3.784923549e-12 -9.817405294e-13)
(0 3.915135581e-12 -9.255022462e-13)
(0 4.029929763e-12 -8.578486215e-13)
(0 4.131790454e-12 -7.850449392e-13)
(0 4.222564795e-12 -7.099114793e-13)
(0 4.303377795e-12 -6.336051137e-13)
(0 4.374794299e-12 -5.565260703e-13)
(0 4.43701461e-12 -4.78768576e-13)
(0 4.49002924e-12 -4.003369759e-13)
(0 4.533722048e-12 -3.212421949e-13)
(0 4.56793494e-12 -2.415379388e-13)
(0 4.592508974e-12 -1.613274329e-13)
(0 4.607311512e-12 -8.075634024e-14)
(0 2.306127828e-12 -6.299992593e-24)
(0 9.32876209e-12 -1.142953093e-12)
(0 1.264028035e-11 -6.017501794e-12)
(0 -1.844962699e-13 -9.360483101e-12)
(0 -3.80339965e-12 -1.082470794e-11)
(0 -4.87627803e-12 -1.03415785e-11)
(0 -6.663077969e-12 -8.400710872e-12)
(0 -5.282377508e-12 -5.950241818e-12)
(0 -2.136672558e-12 -3.906605498e-12)
(0 -2.689257913 -2.906167211)
(0 -3.229165424 -3.464523905)
(0 -2.590080167 -3.128915699)
(0 -1.575817012 -2.383030237)
(0 -0.3947966665 -1.354786774)
(0 0.3181517088 -0.2552020746)
(0 -0.2424211136 0.1320224952)
(0 0.007087907471 -0.3125003959)
(0 -1.1846948e-11 3.450401893e-11)
(0 1.801690841e-12 2.000672821e-11)
(0 3.813005633e-12 1.580955873e-11)
(0 1.101048422e-12 6.122952411e-12)
(0 1.241004801e-12 1.80309674e-12)
(0 1.935431269e-12 -8.189789065e-14)
(0 2.577125161e-12 -8.65532637e-13)
(0 3.059088683e-12 -1.153977102e-12)
(0 3.403285109e-12 -1.222910057e-12)
(0 3.651480951e-12 -1.197045643e-12)
(0 3.837720612e-12 -1.132085694e-12)
(0 3.984783555e-12 -1.052259459e-12)
(0 4.106618475e-12 -9.675724519e-13)
(0 4.211303369e-12 -8.817408921e-13)
(0 4.303269245e-12 -7.958237097e-13)
(0 4.384769232e-12 -7.098589264e-13)
(0 4.456807358e-12 -6.235780354e-13)
(0 4.519707952e-12 -5.367002426e-13)
(0 4.573450699e-12 -4.490389988e-13)
(0 4.617859767e-12 -3.605268068e-13)
(0 4.652708552e-12 -2.712061822e-13)
(0 4.677778541e-12 -1.812081984e-13)
(0 4.692893424e-12 -9.072784558e-14)
(0 2.348971739e-12 -6.507833127e-24)
(0 9.498168096e-12 -1.238703449e-12)
(0 1.295333583e-11 -5.846983551e-12)
(0 1.132685934e-12 -8.7907235e-12)
(0 -1.349341796e-12 -1.02092476e-11)
(0 -1.691085564e-12 -1.036451641e-11)
(0 -3.483986097e-12 -9.680462411e-12)
(0 -2.94542526e-12 -8.654235847e-12)
(0 -1.289738434e-12 -7.641930217e-12)
(0 -1.160221276 -2.293343844)
(0 -2.525317799 -3.240418244)
(0 -2.513705808 -3.619772165)
(0 -2.16568229 -3.432635563)
(0 -1.175224815 -2.412893739)
(0 0.04908917263 -0.6759295018)
(0 0.1803478192 -0.1716692983)
(0 0.3606405333 -0.4706406494)
(0 0.00167871862 0.006502258759)
(0 -1.639798338e-11 -1.774961896e-11)
(0 -1.695982377e-11 1.208921873e-11)
(0 -7.328152014e-12 2.92809234e-12)
(0 -2.138649313e-12 -3.314355627e-13)
(0 6.274869301e-13 -1.407847422e-12)
(0 2.120954985e-12 -1.674606811e-12)
(0 2.949268074e-12 -1.654999497e-12)
(0 3.429747156e-12 -1.546441217e-12)
(0 3.727888563e-12 -1.419728213e-12)
(0 3.929709733e-12 -1.297286671e-12)
(0 4.079648823e-12 -1.183876758e-12)
(0 4.20044833e-12 -1.078441379e-12)
(0 4.303539196e-12 -9.785235015e-13)
(0 4.39444676e-12 -8.817867913e-13)
(0 4.475623469e-12 -7.864338881e-13)
(0 4.547952983e-12 -6.912314846e-13)
(0 4.611553647e-12 -5.954177244e-13)
(0 4.666202675e-12 -4.985921912e-13)
(0 4.711554865e-12 -4.006196168e-13)
(0 4.747253548e-12 -3.01553242e-13)
(0 4.77298731e-12 -2.015756948e-13)
(0 4.788519711e-12 -1.009533343e-13)
(0 2.396855674e-12 -6.777057054e-24)
(0 9.688302768e-12 -1.322168576e-12)
(0 1.328568302e-11 -6.206140763e-12)
(0 1.850983951e-12 -9.029355863e-12)
(0 3.508730556e-14 -1.03307342e-11)
(0 2.057061716e-13 -1.071898429e-11)
(0 -1.506213338e-12 -1.067351489e-11)
(0 -1.437908231e-12 -1.045463465e-11)
(0 -7.315872671e-13 -1.009020735e-11)
(0 0.7637684677 -1.247915484)
(0 -0.858152366 -2.385477342)
(0 -1.326835892 -3.399781866)
(0 -1.664148364 -3.962338691)
(0 -1.262639447 -3.586717369)
(0 0.03195034682 -1.754683467)
(0 0.4749832969 -0.1752373637)
(0 0.316055862 -0.2294044128)
(0 0.007127491472 0.3592628314)
(0 -3.521014442e-11 -4.414296304e-12)
(0 -3.141437766e-11 -8.533198039e-12)
(0 -1.131960544e-11 -6.168344228e-12)
(0 -3.094934961e-12 -4.649067642e-12)
(0 5.92260021e-13 -3.543445775e-12)
(0 2.329973086e-12 -2.769993368e-12)
(0 3.187254277e-12 -2.244971633e-12)
(0 3.638556393e-12 -1.888111415e-12)
(0 3.900635497e-12 -1.63811964e-12)
(0 4.073572066e-12 -1.453445942e-12)
(0 4.203628847e-12 -1.307514062e-12)
(0 4.311971732e-12 -1.183786451e-12)
(0 4.407957957e-12 -1.072118561e-12)
(0 4.495358858e-12 -9.663618904e-13)
(0 4.575324539e-12 -8.62855966e-13)
(0 4.647823521e-12 -7.594934855e-13)
(0 4.712347245e-12 -6.551423658e-13)
(0 4.768248807e-12 -5.492868438e-13)
(0 4.814898716e-12 -4.418022919e-13)
(0 4.851752474e-12 -3.328118564e-13)
(0 4.878378449e-12 -2.22593334e-13)
(0 4.894469119e-12 -1.115167291e-13)
(0 2.449925073e-12 -6.996097569e-24)
(0 9.901698128e-12 -1.392219863e-12)
(0 1.364236192e-11 -6.796899633e-12)
(0 2.191651689e-12 -9.676373865e-12)
(0 7.140506147e-13 -1.088475214e-11)
(0 1.213138032e-12 -1.132235184e-11)
(0 -3.940935036e-13 -1.155867564e-11)
(0 -5.52885216e-13 -1.174829346e-11)
(0 -3.960365502e-13 -1.175125451e-11)
(0 1.787336889 -0.3773893879)
(0 0.8449712033 -1.364973313)
(0 0.1439974089 -2.568034782)
(0 -0.5704159667 -3.582486567)
(0 -0.8594569428 -3.957351141)
(0 -0.4087977599 -2.540343798)
(0 -0.09728125735 -0.126185439)
(0 0.07970051314 -0.2119308214)
(0 -0.0004126074635 0.4103421544)
(0 -3.991141323e-12 2.691078945e-11)
(0 -7.549091751e-12 -2.44814384e-11)
(0 -3.444021566e-12 -1.441917482e-11)
(0 4.862491397e-13 -8.55305207e-12)
(0 2.506561204e-12 -5.346907394e-12)
(0 3.419429128e-12 -3.617001172e-12)
(0 3.831150028e-12 -2.666818256e-12)
(0 4.036599149e-12 -2.122930083e-12)
(0 4.162554035e-12 -1.791206335e-12)
(0 4.260315311e-12 -1.570876196e-12)
(0 4.349308314e-12 -1.408952493e-12)
(0 4.435843831e-12 -1.277067993e-12)
(0 4.520963757e-12 -1.159793812e-12)
(0 4.603709355e-12 -1.048677067e-12)
(0 4.682491874e-12 -9.391255179e-13)
(0 4.755666583e-12 -8.287338487e-13)
(0 4.821760289e-12 -7.163594128e-13)
(0 4.879542749e-12 -6.015983887e-13)
(0 4.928029852e-12 -4.844817376e-13)
(0 4.966462506e-12 -3.652952883e-13)
(0 4.994282437e-12 -2.444715247e-13)
(0 5.011113045e-12 -1.225230363e-13)
(0 2.508372403e-12 -7.058730882e-24)
(0 1.013554115e-11 -1.447432051e-12)
(0 1.40272649e-11 -7.452763498e-12)
(0 2.337652884e-12 -1.048997397e-11)
(0 1.002604635e-12 -1.166439709e-11)
(0 1.696496161e-12 -1.209262464e-11)
(0 1.798173737e-13 -1.242592822e-11)
(0 -7.259409039e-14 -1.278632459e-11)
(0 -2.090622088e-13 -1.296950353e-11)
(0 1.862716627 -0.1730066051)
(0 1.583536215 -0.7923682178)
(0 1.057485277 -1.792337197)
(0 0.3536750952 -2.838566167)
(0 -0.2185685864 -3.666339296)
(0 -0.4990923757 -3.104390759)
(0 0.265014545 -0.5120981805)
(0 -0.05757142341 -0.393407789)
(0 -0.0008179337746 0.3987633365)
(0 -7.391024826e-12 -1.916986921e-11)
(0 -6.826529083e-12 -3.597459024e-11)
(0 4.608780575e-12 -1.847389507e-11)
(0 5.977332464e-12 -9.797097363e-12)
(0 5.528310918e-12 -5.674066322e-12)
(0 5.010062224e-12 -3.684326059e-12)
(0 4.681325366e-12 -2.682373052e-12)
(0 4.514168314e-12 -2.145568652e-12)
(0 4.452689383e-12 -1.832894466e-12)
(0 4.455825908e-12 -1.629904097e-12)
(0 4.49743705e-12 -1.480352809e-12)
(0 4.561130413e-12 -1.355733195e-12)
(0 4.636348882e-12 -1.241301428e-12)
(0 4.716027152e-12 -1.129415647e-12)
(0 4.795267758e-12 -1.016222863e-12)
(0 4.870589626e-12 -8.99942856e-13)
(0 4.939482705e-12 -7.799471641e-13)
(0 5.000126482e-12 -6.562496072e-13)
(0 5.051201817e-12 -5.292177558e-13)
(0 5.091762687e-12 -3.994077602e-13)
(0 5.121150701e-12 -2.674703673e-13)
(0 5.138940644e-12 -1.34098532e-13)
(0 2.572448109e-12 -6.680846556e-24)
(0 1.039296891e-11 -1.489102836e-12)
(0 1.445219186e-11 -8.098867488e-12)
(0 2.412577324e-12 -1.134633823e-11)
(0 1.118050278e-12 -1.254461361e-11)
(0 1.918112438e-12 -1.296065135e-11)
(0 4.610220645e-13 -1.330579437e-11)
(0 1.738002911e-13 -1.370648611e-11)
(0 -1.106980762e-13 -1.395521966e-11)
(0 1.618623426 -0.132209587)
(0 1.536277626 -0.5815075292)
(0 1.235596881 -1.324833393)
(0 0.6791719274 -2.215875211)
(0 0.09523066106 -3.073578028)
(0 -0.6148776034 -3.12425901)
(0 0.285575195 -0.5704339975)
(0 -0.299161545 0.1103877334)
(0 -0.203853575 0.4309896764)
(0 1.397339979e-11 -2.613749155e-11)
(0 3.799688886e-11 -3.684606315e-11)
(0 2.273347124e-11 -1.370478658e-11)
(0 1.328607789e-11 -6.487384894e-12)
(0 8.619332508e-12 -3.867888101e-12)
(0 6.411122398e-12 -2.763862699e-12)
(0 5.369907434e-12 -2.232768082e-12)
(0 4.886077734e-12 -1.94406429e-12)
(0 4.678218591e-12 -1.76489711e-12)
(0 4.612856968e-12 -1.635496282e-12)
(0 4.623479216e-12 -1.526820966e-12)
(0 4.674895212e-12 -1.424204761e-12)
(0 4.747281305e-12 -1.320254822e-12)
(0 4.82878792e-12 -1.211452255e-12)
(0 4.911964665e-12 -1.096397363e-12)
(0 4.991942282e-12 -9.748558484e-13)
(0 5.065453537e-12 -8.472237963e-13)
(0 5.130272158e-12 -7.142218681e-13)
(0 5.184871699e-12 -5.767195368e-13)
(0 5.228209895e-12 -4.35636605e-13)
(0 5.259591666e-12 -2.9189271e-13)
(0 5.278583412e-12 -1.463872237e-13)
(0 2.642470935e-12 -6.120553522e-24)
(0 1.067463451e-11 -1.517719084e-12)
(0 1.491025301e-11 -8.714829389e-12)
(0 2.481115614e-12 -1.219593982e-11)
(0 1.184837774e-12 -1.34579338e-11)
(0 2.037089177e-12 -1.387388825e-11)
(0 6.062240767e-13 -1.419626644e-11)
(0 3.004636783e-13 -1.457230333e-11)
(0 -5.971864177e-14 -1.482280558e-11)
(0 1.330818874 -0.1156445021)
(0 1.276456179 -0.4434097019)
(0 1.066299535 -0.9761196093)
(0 0.6188669352 -1.67369409)
(0 0.01851861826 -2.423089911)
(0 -0.9390575434 -2.753154917)
(0 -0.5287833175 -0.6986025395)
(0 -0.8410176868 0.07278326283)
(0 -0.5269771843 0.1124954362)
(0 -0.005682242857 -0.204433663)
(0 3.448325512e-11 2.361761537e-11)
(0 3.496745882e-11 6.988835336e-12)
(0 1.581423095e-11 1.420227182e-12)
(0 9.251833113e-12 -5.463068243e-13)
(0 6.645182244e-12 -1.270503759e-12)
(0 5.501123775e-12 -1.540776888e-12)
(0 4.982039286e-12 -1.633025269e-12)
(0 4.761257391e-12 -1.647141542e-12)
(0 4.693902052e-12 -1.620370454e-12)
(0 4.708728571e-12 -1.567232104e-12)
(0 4.767696557e-12 -1.494008245e-12)
(0 4.849101388e-12 -1.404058125e-12)
(0 4.939884611e-12 -1.299738279e-12)
(0 5.031864164e-12 -1.183054763e-12)
(0 5.119763193e-12 -1.055855094e-12)
(0 5.200116685e-12 -9.198664457e-13)
(0 5.270630742e-12 -7.766911768e-13)
(0 5.32978708e-12 -6.277975434e-13)
(0 5.376589514e-12 -4.745185906e-13)
(0 5.410400082e-12 -3.180634947e-13)
(0 5.430833354e-12 -1.595416938e-13)
(0 2.718835333e-12 -6.005825794e-24)
(0 1.098145232e-11 -1.533835048e-12)
(0 1.541351427e-11 -9.305222669e-12)
(0 2.572994865e-12 -1.302741716e-11)
(0 1.260206723e-12 -1.437178373e-11)
(0 2.133603067e-12 -1.479568451e-11)
(0 7.010599987e-13 -1.508244125e-11)
(0 3.738648498e-13 -1.54057976e-11)
(0 -3.12875668e-14 -1.562703882e-11)
(0 1.088269656 -0.09460563766)
(0 1.035778152 -0.3261259175)
(0 0.875261561 -0.6889568397)
(0 0.5290386724 -1.183511494)
(0 0.01207554525 -1.728250225)
(0 -0.9217607776 -2.168888086)
(0 -1.339122353 -1.283463758)
(0 -0.9974012114 0.2090717069)
(0 -0.724811264 -0.2711815286)
(0 -0.0005330427302 -0.6943295597)
(0 -1.714051125e-12 4.718997458e-11)
(0 4.837481665e-13 1.657368888e-11)
(0 5.750935729e-12 5.725776759e-12)
(0 5.928601568e-12 1.532924212e-12)
(0 5.416652335e-12 -2.310682009e-13)
(0 5.007385924e-12 -1.026805536e-12)
(0 4.77971308e-12 -1.400121579e-12)
(0 4.690873405e-12 -1.570283053e-12)
(0 4.692766406e-12 -1.631619854e-12)
(0 4.749841425e-12 -1.627732206e-12)
(0 4.83806919e-12 -1.580539361e-12)
(0 4.94155127e-12 -1.502232876e-12)
(0 5.049791283e-12 -1.400389783e-12)
(0 5.15584785e-12 -1.280229539e-12)
(0 5.2551306e-12 -1.14564548e-12)
(0 5.344617455e-12 -9.997012216e-13)
(0 5.42234106e-12 -8.448875751e-13)
(0 5.487044285e-12 -6.832687783e-13)
(0 5.537943943e-12 -5.165780652e-13)
(0 5.574568562e-12 -3.462930384e-13)
(0 5.596646907e-12 -1.737064487e-13)
(0 2.802012629e-12 -5.502501315e-24)
(0 1.131604764e-11 -1.539915492e-12)
(0 1.59614047e-11 -9.879887368e-12)
(0 2.691464083e-12 -1.38428948e-11)
(0 1.358816332e-12 -1.527144521e-11)
(0 2.236877325e-12 -1.570257045e-11)
(0 7.83481371e-13 -1.594850664e-11)
(0 4.271015114e-13 -1.621031367e-11)
(0 -1.236440176e-14 -1.639056523e-11)
(0 0.9137267485 -0.07127728545)
(0 0.8746007654 -0.2291759234)
(0 0.765542358 -0.4707197487)
(0 0.5321785566 -0.8124064029)
(0 0.1836677121 -1.188576203)
(0 -0.3314435803 -1.448504626)
(0 -0.76113417 -1.130193697)
(0 -0.3717158432 -0.526895482)
(0 -0.1194395394 -0.5687047722)
(0 2.759848552e-05 -0.9527755557)
(0 -6.078945898e-12 5.88908128e-12)
(0 -6.647958263e-12 6.239061172e-12)
(0 7.734662821e-13 3.376273882e-12)
(0 3.294988154e-12 1.183283933e-12)
(0 4.085452496e-12 -1.598844248e-13)
(0 4.332070397e-12 -9.352541532e-13)
(0 4.438561769e-12 -1.370377945e-12)
(0 4.529759117e-12 -1.60225701e-12)
(0 4.636452899e-12 -1.708098734e-12)
(0 4.759809063e-12 -1.731539383e-12)
(0 4.893195887e-12 -1.698185224e-12)
(0 5.029250967e-12 -1.623946187e-12)
(0 5.161887948e-12 -1.5193601e-12)
(0 5.286608467e-12 -1.391828568e-12)
(0 5.400291511e-12 -1.246797883e-12)
(0 5.50087459e-12 -1.088413028e-12)
(0 5.587063185e-12 -9.19903787e-13)
(0 5.65809659e-12 -7.438288355e-13)
(0 5.713565254e-12 -5.622431425e-13)
(0 5.753271699e-12 -3.76826285e-13)
(0 5.777126392e-12 -1.88993678e-13)
(0 2.892541782e-12 -4.612661999e-24)
(0 1.168094673e-11 -1.535802432e-12)
(0 1.655109018e-11 -1.044651625e-11)
(0 2.829542266e-12 -1.464594595e-11)
(0 1.475941311e-12 -1.615021319e-11)
(0 2.350486442e-12 -1.65811832e-11)
(0 8.653734044e-13 -1.678329727e-11)
(0 4.737751319e-13 -1.698372902e-11)
(0 2.94068258e-15 -1.712146276e-11)
(0 0.7851825923 -0.05767923525)
(0 0.7661721215 -0.1706702502)
(0 0.7126445782 -0.3304731723)
(0 0.5771478374 -0.567816839)
(0 0.3555840508 -0.8613529604)
(0 0.06429126606 -1.102432168)
(0 -0.2118383858 -1.050455188)
(0 -0.0767658322 -0.6946707652)
(0 0.252316671 -0.7261747483)
(0 5.318270347e-05 -0.7149918711)
(0 -2.002407532e-12 -9.217790062e-12)
(0 -2.175992639e-12 -1.036369293e-12)
(0 6.951584905e-13 3.569666868e-13)
(0 2.392443262e-12 -1.617895837e-14)
(0 3.298114248e-12 -6.564961282e-13)
(0 3.796892404e-12 -1.18395024e-12)
(0 4.112710224e-12 -1.54388449e-12)
(0 4.353152616e-12 -1.760272565e-12)
(0 4.563484033e-12 -1.866979752e-12)
(0 4.759754935e-12 -1.892140142e-12)
(0 4.945662386e-12 -1.85671457e-12)
(0 5.120376395e-12 -1.776006346e-12)
(0 5.281908902e-12 -1.661275089e-12)
(0 5.428410068e-12 -1.520923314e-12)
(0 5.558546139e-12 -1.361300511e-12)
(0 5.67151155e-12 -1.187250534e-12)
(0 5.766925253e-12 -1.002495925e-12)
(0 5.84470493e-12 -8.099159294e-13)
(0 5.904946494e-12 -6.117546135e-13)
(0 5.947818027e-12 -4.097859704e-13)
(0 5.973473192e-12 -2.054549283e-13)
(0 2.991006307e-12 -4.081226858e-24)
(0 1.207773775e-11 -1.523763881e-12)
(0 1.720011535e-11 -1.100599124e-11)
(0 2.983588344e-12 -1.543550872e-11)
(0 1.603578018e-12 -1.700317877e-11)
(0 2.470043248e-12 -1.742441737e-11)
(0 9.481538068e-13 -1.75809271e-11)
(0 5.183989746e-13 -1.772407634e-11)
(0 1.695176615e-14 -1.782241896e-11)
(0 0.670280488 -0.05366511247)
(0 0.6614830861 -0.1508746479)
(0 0.6464992624 -0.2672619063)
(0 0.5812476158 -0.4323366892)
(0 0.4698279161 -0.6647589081)
(0 0.281674774 -0.8579878787)
(0 0.1311640982 -0.9504206638)
(0 0.1930106408 -0.9215690715)
(0 0.6504298204 -0.719822753)
(0 3.770777733e-05 -0.6981346633)
(0 1.928490683e-12 -4.060220993e-12)
(0 2.819297946e-12 -1.642113465e-12)
(0 1.793656617e-12 -8.958579274e-13)
(0 2.281525339e-12 -9.484666099e-13)
(0 2.917681214e-12 -1.265970263e-12)
(0 3.444682036e-12 -1.600168829e-12)
(0 3.862239445e-12 -1.860940977e-12)
(0 4.206663855e-12 -2.02797132e-12)
(0 4.504585322e-12 -2.107408355e-12)
(0 4.770074245e-12 -2.11332611e-12)
(0 5.009329682e-12 -2.060525696e-12)
(0 5.224690448e-12 -1.962090828e-12)
(0 5.41697098e-12 -1.828812647e-12)
(0 5.586583045e-12 -1.66928794e-12)
(0 5.733964291e-12 -1.490225195e-12)
(0 5.859679176e-12 -1.296788024e-12)
(0 5.96439779e-12 -1.092914606e-12)
(0 6.048837902e-12 -8.815922484e-13)
(0 6.113695213e-12 -6.650847623e-13)
(0 6.159571384e-12 -4.451210067e-13)
(0 6.186912362e-12 -2.230551667e-13)
(0 3.09799671e-12 -3.702030891e-24)
(0 1.250930328e-11 -1.505900562e-12)
(0 1.789806111e-11 -1.15546391e-11)
(0 3.146110346e-12 -1.620667041e-11)
(0 1.735030717e-12 -1.78256587e-11)
(0 2.591298099e-12 -1.822873259e-11)
(0 1.031049647e-12 -1.833929144e-11)
(0 5.624347928e-13 -1.843072707e-11)
(0 3.060276141e-14 -1.849440873e-11)
(0 0.5601701485 -0.05069921137)
(0 0.5483691561 -0.1438204379)
(0 0.5396519012 -0.2448270518)
(0 0.4938288838 -0.3685300918)
(0 0.4470935395 -0.5593271559)
(0 0.2723292338 -0.7214313159)
(0 0.2335479692 -0.9023022264)
(0 0.2081659885 -1.182047461)
(0 0.702935742 -0.6148869087)
(0 7.589740543e-07 -0.001440797315)
(0 2.945076288e-13 2.252714567e-12)
(0 8.840164367e-13 -6.878175611e-13)
(0 1.388805346e-12 -1.349815981e-12)
(0 2.022330926e-12 -1.615857625e-12)
(0 2.646412029e-12 -1.858753321e-12)
(0 3.201921691e-12 -2.089820175e-12)
(0 3.684907734e-12 -2.271745886e-12)
(0 4.106685238e-12 -2.383269916e-12)
(0 4.478129243e-12 -2.421363849e-12)
(0 4.806637593e-12 -2.393236767e-12)
(0 5.096897668e-12 -2.309976875e-12)
(0 5.352089444e-12 -2.18302757e-12)
(0 5.57471179e-12 -2.022609947e-12)
(0 5.76699752e-12 -1.837203204e-12)
(0 5.931046055e-12 -1.63353112e-12)
(0 6.068822138e-12 -1.416762572e-12)
(0 6.182121028e-12 -1.190781115e-12)
(0 6.272534774e-12 -9.584546687e-13)
(0 6.341417736e-12 -7.218761258e-13)
(0 6.389847623e-12 -4.825680847e-13)
(0 6.418594198e-12 -2.416545259e-13)
(0 3.214061473e-12 -3.127648954e-24)
(0 1.297787354e-11 -1.482332993e-12)
(0 1.865503378e-11 -1.208731729e-11)
(0 3.317373266e-12 -1.695330386e-11)
(0 1.869103818e-12 -1.861338877e-11)
(0 2.713743013e-12 -1.899234348e-11)
(0 1.11469392e-12 -1.905806511e-11)
(0 6.071122363e-13 -1.910367204e-11)
(0 4.450594837e-14 -1.913754051e-11)
(0 0.4603130781 -0.0445234051)
(0 0.4419563961 -0.128555969)
(0 0.4233474552 -0.2179604952)
(0 0.3549888319 -0.3160422264)
(0 0.337023844 -0.4770056498)
(0 0.09450243739 -0.6067141397)
(0 0.1351515704 -0.8524215005)
(0 -0.02797567851 -1.38868071)
(0 0.0328445195 -0.5383621793)
(0 -3.390269074e-12 -1.478571203e-14)
(0 -4.318236749e-12 -7.49960224e-13)
(0 -7.834107041e-13 -2.002154726e-12)
(0 8.656165527e-13 -2.199731416e-12)
(0 1.772587999e-12 -2.306397867e-12)
(0 2.443718664e-12 -2.463373142e-12)
(0 3.03168947e-12 -2.628622952e-12)
(0 3.568789704e-12 -2.752964264e-12)
(0 4.057045891e-12 -2.812012222e-12)
(0 4.494618472e-12 -2.801556997e-12)
(0 4.881461219e-12 -2.728294758e-12)
(0 5.219538879e-12 -2.603128218e-12)
(0 5.512057376e-12 -2.437446207e-12)
(0 5.762795346e-12 -2.241418246e-12)
(0 5.975661873e-12 -2.02341129e-12)
(0 6.154404922e-12 -1.789958572e-12)
(0 6.302429181e-12 -1.545966401e-12)
(0 6.422705694e-12 -1.294999749e-12)
(0 6.517742891e-12 -1.039571092e-12)
(0 6.589581797e-12 -7.813991473e-13)
(0 6.639792984e-12 -5.216267271e-13)
(0 6.669480447e-12 -2.609979102e-13)
(0 3.339651236e-12 -2.303976466e-24)
(0 1.34850044e-11 -1.453489227e-12)
(0 1.946897639e-11 -1.259848117e-11)
(0 3.498064859e-12 -1.766910776e-11)
(0 2.007722523e-12 -1.936224198e-11)
(0 2.839681351e-12 -1.97137353e-11)
(0 1.201244488e-12 -1.9736982e-11)
(0 6.540360629e-13 -1.974245503e-11)
(0 5.926639451e-14 -1.97508943e-11)
(0 0.378566645 -0.03518974329)
(0 0.3560346988 -0.1020430761)
(0 0.3286732789 -0.1710117379)
(0 0.2271151711 -0.2424313641)
(0 0.209614448 -0.3526045849)
(0 -0.1334285705 -0.4594386302)
(0 -0.09308655084 -0.7600908689)
(0 -0.6062286503 -1.301201576)
(0 -0.3958748659 -0.6434454541)
(0 -6.016911189e-12 -1.81467992e-12)
(0 -6.895251236e-12 -8.255445028e-12)
(0 -5.657563437e-13 -4.355025585e-12)
(0 1.084562204e-12 -3.140561407e-12)
(0 1.758689201e-12 -2.946636498e-12)
(0 2.324186944e-12 -3.059728153e-12)
(0 2.912330569e-12 -3.208345781e-12)
(0 3.501518463e-12 -3.299488295e-12)
(0 4.058092504e-12 -3.310271809e-12)
(0 4.561846707e-12 -3.244575671e-12)
(0 5.005066372e-12 -3.115271833e-12)
(0 5.387746219e-12 -2.936801312e-12)
(0 5.713799417e-12 -2.722215794e-12)
(0 5.988746707e-12 -2.48221964e-12)
(0 6.218457194e-12 -2.225091271e-12)
(0 6.408490945e-12 -1.95695719e-12)
(0 6.563780962e-12 -1.682172e-12)
(0 6.688516337e-12 -1.403697136e-12)
(0 6.786135375e-12 -1.123437855e-12)
(0 6.8593621e-12 -8.425256703e-13)
(0 6.91024886e-12 -5.615451335e-13)
(0 6.940220926e-12 -2.80709672e-13)
(0 3.475059384e-12 -1.780906501e-24)
(0 1.403187995e-11 -1.42121444e-12)
(0 2.035109599e-11 -1.30833239e-11)
(0 3.692524025e-12 -1.834833348e-11)
(0 2.154657307e-12 -2.006821855e-11)
(0 2.972705326e-12 -2.03909799e-11)
(0 1.293513557e-12 -2.037494886e-11)
(0 7.049443244e-13 -2.034555724e-11)
(0 7.547042183e-14 -2.033234017e-11)
(0 0.3188922358 -0.02471435301)
(0 0.2962923223 -0.07053470468)
(0 0.2677458027 -0.1118795308)
(0 0.1576554252 -0.1494154657)
(0 0.1171066226 -0.1746758172)
(0 -0.2314914806 -0.2081846654)
(0 -0.3922906088 -0.4727168545)
(0 -1.387247951 -0.9864965992)
(0 -1.234071951 -0.7169897552)
(0 -0.0001414637006 -0.4332467228)
(0 3.154765555e-12 -1.036671951e-11)
(0 4.33146472e-12 -4.007064753e-12)
(0 2.274005639e-12 -3.060857245e-12)
(0 1.853421253e-12 -3.279865592e-12)
(0 2.182009381e-12 -3.620563753e-12)
(0 2.791929328e-12 -3.845551171e-12)
(0 3.466863676e-12 -3.926376937e-12)
(0 4.111958515e-12 -3.885017218e-12)
(0 4.689618448e-12 -3.751215903e-12)
(0 5.189235578e-12 -3.551427932e-12)
(0 5.612594918e-12 -3.306591143e-12)
(0 5.966639048e-12 -3.032390609e-12)
(0 6.259919869e-12 -2.740151898e-12)
(0 6.500924323e-12 -2.437788221e-12)
(0 6.697324193e-12 -2.130629851e-12)
(0 6.855689234e-12 -1.822092986e-12)
(0 6.981439839e-12 -1.514198335e-12)
(0 7.078914357e-12 -1.20796768e-12)
(0 7.151474518e-12 -9.0372481e-13)
(0 7.201608982e-12 -6.013201248e-13)
(0 7.231025581e-12 -3.002940343e-13)
(0 3.620360908e-12 -1.607948525e-24)
(0 1.461902906e-11 -1.387514394e-12)
(0 2.129339597e-11 -1.35382822e-11)
(0 3.900447973e-12 -1.898650401e-11)
(0 2.312221075e-12 -2.072784787e-11)
(0 3.115660307e-12 -2.102178896e-11)
(0 1.39380504e-12 -2.096994758e-11)
(0 7.612211104e-13 -2.091035975e-11)
(0 9.357012252e-14 -2.087864989e-11)
(0 0.2810335589 -0.01533814024)
(0 0.2632882587 -0.04176079358)
(0 0.2437216992 -0.05700935451)
(0 0.1623503902 -0.06041072761)
(0 0.1430420735 -0.004674902482)
(0 -0.06283729626 0.08740998625)
(0 -0.1410046305 0.03597817705)
(0 -1.015842981 -0.8194693182)
(0 -0.8109117765 -1.465871714)
(0 -0.0001062804611 -1.612693082)
(0 5.539352986e-12 9.37945607e-12)
(0 6.659171583e-12 1.677176934e-12)
(0 1.811761365e-12 -1.815939049e-12)
(0 1.198982693e-12 -3.491405254e-12)
(0 1.758501365e-12 -4.2971083e-12)
(0 2.606517384e-12 -4.626917078e-12)
(0 3.462052416e-12 -4.675446047e-12)
(0 4.233253539e-12 -4.552202011e-12)
(0 4.895435993e-12 -4.323856207e-12)
(0 5.449691132e-12 -4.032654456e-12)
(0 5.906783542e-12 -3.705761655e-12)
(0 6.280238661e-12 -3.360611125e-12)
(0 6.583349095e-12 -3.008211866e-12)
(0 6.827979241e-12 -2.655287155e-12)
(0 7.024186179e-12 -2.305697507e-12)
(0 7.180212477e-12 -1.961393499e-12)
(0 7.302641643e-12 -1.623054728e-12)
(0 7.396608901e-12 -1.29052187e-12)
(0 7.466009655e-12 -9.630918011e-13)
(0 7.513679635e-12 -6.397183189e-13)
(0 7.54154105e-12 -3.191456604e-13)
(0 3.775353418e-12 -1.333429825e-24)
(0 1.52451121e-11 -1.352308464e-12)
(0 2.229648955e-11 -1.39613366e-11)
(0 4.122734352e-12 -1.95809057e-11)
(0 2.482026969e-12 -2.133861361e-11)
(0 3.270410454e-12 -2.160384821e-11)
(0 1.503576773e-12 -2.151933345e-11)
(0 8.236962074e-13 -2.143345538e-11)
(0 1.138260226e-13 -2.138584091e-11)
(0 0.2602641478 -0.009143626617)
(0 0.2508180439 -0.02447302446)
(0 0.2496217263 -0.02797661817)
(0 0.2201762247 -0.02414673377)
(0 0.260691729 0.03559179874)
(0 0.2414353187 0.09920201056)
(0 0.4734157394 0.323540892)
(0 0.2360761732 -0.4349050477)
(0 0.2923872944 -1.303448512)
(0 0.0001588380255 -1.543397754)
(0 -5.239913401e-12 1.585744853e-11)
(0 -7.178495012e-12 2.818590491e-12)
(0 -2.894576549e-12 -2.388665898e-12)
(0 -6.277479986e-13 -4.572700176e-12)
(0 1.046497557e-12 -5.449537748e-12)
(0 2.413591582e-12 -5.689557484e-12)
(0 3.541578743e-12 -5.596274363e-12)
(0 4.463548355e-12 -5.324479023e-12)
(0 5.209166003e-12 -4.959363611e-12)
(0 5.80733013e-12 -4.5496014e-12)
(0 6.284638249e-12 -4.123226195e-12)
(0 6.664188837e-12 -3.69611268e-12)
(0 6.965243839e-12 -3.276819773e-12)
(0 7.203438683e-12 -2.86946809e-12)
(0 7.391217849e-12 -2.475497987e-12)
(0 7.538332013e-12 -2.094749876e-12)
(0 7.652311467e-12 -1.726124983e-12)
(0 7.738877284e-12 -1.367987976e-12)
(0 7.802278069e-12 -1.018411314e-12)
(0 7.845555123e-12 -6.753199952e-13)
(0 7.870743899e-12 -3.365719684e-13)
(0 3.939506568e-12 -9.62093375e-25)
(0 1.590830703e-11 -1.314923824e-12)
(0 2.335328454e-11 -1.435150396e-11)
(0 4.358678632e-12 -2.012978616e-11)
(0 2.664483122e-12 -2.189847205e-11)
(0 3.437573923e-12 -2.213477526e-11)
(0 1.623256681e-12 -2.202008921e-11)
(0 8.925496657e-13 -2.191103355e-11)
(0 1.362799472e-13 -2.184959756e-11)
(0 0.2461945889 -0.006650437581)
(0 0.2418188946 -0.02022559133)
(0 0.247708841 -0.02711015566)
(0 0.2382363347 -0.04215564469)
(0 0.2882854544 -0.02147427871)
(0 0.3295421749 -0.0929398913)
(0 0.5302789304 0.02795649041)
(0 0.7150248208 -0.3078990314)
(0 0.4092253218 -1.120422054)
(0 6.912993337e-05 -1.240192258)
(0 -8.005935455e-12 -2.711935399e-12)
(0 -1.184020001e-11 -4.140582013e-12)
(0 -5.579529303e-12 -5.984607871e-12)
(0 -1.861889157e-12 -6.961183258e-12)
(0 6.416440571e-13 -7.238774062e-12)
(0 2.459780769e-12 -7.085495257e-12)
(0 3.827130878e-12 -6.695585479e-12)
(0 4.87016429e-12 -6.190039821e-12)
(0 5.670313616e-12 -5.639493617e-12)
(0 6.285828548e-12 -5.083156304e-12)
(0 6.760272261e-12 -4.541442193e-12)
(0 7.126645084e-12 -4.023816835e-12)
(0 7.409993686e-12 -3.533506852e-12)
(0 7.629301027e-12 -3.070281894e-12)
(0 7.798904393e-12 -2.632089312e-12)
(0 7.929585482e-12 -2.215997569e-12)
(0 8.029403543e-12 -1.818722726e-12)
(0 8.104322569e-12 -1.436907443e-12)
(0 8.158677637e-12 -1.067255927e-12)
(0 8.195518981e-12 -7.065850107e-13)
(0 8.216861046e-12 -3.518261077e-13)
(0 4.111925386e-12 -6.819716832e-25)
(0 1.660550084e-11 -1.276107972e-12)
(0 2.446857013e-11 -1.470769322e-11)
(0 4.609415806e-12 -2.06312368e-11)
(0 2.859243928e-12 -2.240519918e-11)
(0 3.616597605e-12 -2.261201276e-11)
(0 1.752266886e-12 -2.24690773e-11)
(0 9.673250201e-13 -2.233928402e-11)
(0 1.607602099e-13 -2.226570849e-11)
(0 0.2324363905 -0.005525134111)
(0 0.2280230626 -0.01851862704)
(0 0.230406227 -0.02889634122)
(0 0.2215171807 -0.05711242007)
(0 0.2435221559 -0.06297143477)
(0 0.2907430309 -0.1469116089)
(0 0.255568359 -0.1526267579)
(0 0.5586896568 -0.2878809695)
(0 0.3046416871 -0.9099726672)
(0 0.0002599283541 -1.027912618)
(0 -7.058563999e-12 -1.256540303e-11)
(0 -1.065256171e-11 -1.08857595e-11)
(0 -5.715177793e-12 -1.044799675e-11)
(0 -1.88191419e-12 -1.004864623e-11)
(0 9.22185557e-13 -9.458870013e-12)
(0 2.956780165e-12 -8.718054147e-12)
(0 4.437034179e-12 -7.910485626e-12)
(0 5.519640217e-12 -7.100534771e-12)
(0 6.31604952e-12 -6.325348745e-12)
(0 6.905381555e-12 -5.602038674e-12)
(0 7.343977717e-12 -4.935546134e-12)
(0 7.672124178e-12 -4.324204409e-12)
(0 7.91877878e-12 -3.763114665e-12)
(0 8.104856223e-12 -3.24606715e-12)
(0 8.245502174e-12 -2.766582008e-12)
(0 8.351698599e-12 -2.318432224e-12)
(0 8.431401594e-12 -1.895867755e-12)
(0 8.490344082e-12 -1.493671982e-12)
(0 8.532600501e-12 -1.107128811e-12)
(0 8.560984943e-12 -7.31944987e-13)
(0 8.57732891e-12 -3.641519324e-13)
(0 4.291332676e-12 -7.611918446e-25)
(0 1.73301465e-11 -1.236670571e-12)
(0 2.562105075e-11 -1.502952421e-11)
(0 4.869433616e-12 -2.108379809e-11)
(0 3.063341464e-12 -2.285687857e-11)
(0 3.805254052e-12 -2.303327715e-11)
(0 1.888919927e-12 -2.286349313e-11)
(0 1.046942758e-12 -2.271484952e-11)
(0 1.868955953e-13 -2.263050061e-11)
(0 0.2213428359 -0.004261562091)
(0 0.2163222338 -0.01522985323)
(0 0.213995042 -0.02643376257)
(0 0.2033010319 -0.05239466906)
(0 0.1989677972 -0.09089292469)
(0 0.2245288204 -0.1344279774)
(0 0.1053841535 -0.1724432493)
(0 0.3521243761 -0.3249412591)
(0 0.2735731368 -0.7875949038)
(0 0.0004662053692 -0.8441826105)
(0 -7.329128866e-12 -1.885776491e-11)
(0 -9.901395702e-12 -1.656435074e-11)
(0 -4.742416027e-12 -1.487297391e-11)
(0 -8.727624236e-13 -1.332652972e-11)
(0 1.972236136e-12 -1.183001729e-11)
(0 4.008165156e-12 -1.041737912e-11)
(0 5.444650254e-12 -9.127766999e-12)
(0 6.455301171e-12 -7.976253409e-12)
(0 7.168809713e-12 -6.959302862e-12)
(0 7.675631159e-12 -6.064074379e-12)
(0 8.038106527e-12 -5.274486764e-12)
(0 8.299076553e-12 -4.574345093e-12)
(0 8.488130944e-12 -3.948691692e-12)
(0 8.625833683e-12 -3.384298694e-12)
(0 8.726539319e-12 -2.869743343e-12)
(0 8.800299735e-12 -2.395283867e-12)
(0 8.854163784e-12 -1.952647941e-12)
(0 8.893061513e-12 -1.534790462e-12)
(0 8.920404632e-12 -1.135650418e-12)
(0 8.93849586e-12 -7.499214256e-13)
(0 8.948806033e-12 -3.728412902e-13)
(0 4.476077319e-12 -1.12529055e-24)
(0 1.807618422e-11 -1.195202632e-12)
(0 2.680624077e-11 -1.531749642e-11)
(0 5.136647821e-12 -2.14867149e-11)
(0 3.273919062e-12 -2.325217718e-11)
(0 4.000800083e-12 -2.339686527e-11)
(0 2.031002713e-12 -2.320120209e-11)
(0 1.129973332e-12 -2.303517004e-11)
(0 2.141955278e-13 -2.29411711e-11)
(0 0.2115428311 -0.001676293856)
(0 0.2034870882 -0.008164636493)
(0 0.194986736 -0.01410407656)
(0 0.1703636658 -0.03378007137)
(0 0.1599371472 -0.06712733543)
(0 0.1207763365 -0.09062405578)
(0 0.06313182074 -0.2010770246)
(0 0.2184533922 -0.3785641119)
(0 0.2266997125 -0.7482073758)
(0 0.0006585473467 -0.6826288378)
(0 -6.345628094e-12 -2.616085053e-11)
(0 -6.829728133e-12 -2.180011621e-11)
(0 -2.477356771e-12 -1.915302794e-11)
(0 1.161042424e-12 -1.655447324e-11)
(0 3.831336156e-12 -1.411737212e-11)
(0 5.659030458e-12 -1.199376314e-11)
(0 6.878159888e-12 -1.020701037e-11)
(0 7.688104354e-12 -8.71744972e-12)
(0 8.22822855e-12 -7.471556702e-12)
(0 8.590197652e-12 -6.420468556e-12)
(0 8.833707004e-12 -5.523986968e-12)
(0 8.99791925e-12 -4.750012109e-12)
(0 9.108825179e-12 -4.073026289e-12)
(0 9.183804572e-12 -3.472708204e-12)
(0 9.234517001e-12 -2.932819247e-12)
(0 9.268794001e-12 -2.44031857e-12)
(0 9.291894998e-12 -1.984655728e-12)
(0 9.307341606e-12 -1.557199226e-12)
(0 9.317469538e-12 -1.150770094e-12)
(0 9.32379407e-12 -7.592574109e-13)
(0 9.327250336e-12 -3.772974837e-13)
(0 4.664173966e-12 -1.254791952e-24)
(0 1.883606989e-11 -1.151060122e-12)
(0 2.801007365e-11 -1.55716375e-11)
(0 5.407142892e-12 -2.183896158e-11)
(0 3.487511597e-12 -2.35897812e-11)
(0 4.200050056e-12 -2.370147605e-11)
(0 2.175983706e-12 -2.348079448e-11)
(0 1.214802084e-12 -2.32986306e-11)
(0 2.421093457e-13 -2.31959594e-11)
(0 0.2088819844 0.0006440748781)
(0 0.2018603864 -0.0004986361707)
(0 0.1861791092 -0.0005681763148)
(0 0.167686057 -0.01386960048)
(0 0.1267047498 -0.02458124571)
(0 0.06813314992 -0.07044976019)
(0 0.005586606037 -0.1359127032)
(0 -0.02882521992 -0.4284465919)
(0 0.2214772545 -0.7237544227)
(0 0.0003403385536 -0.5672635473)
(0 -3.699044741e-12 -2.213571914e-11)
(0 -3.041669223e-12 -2.546756585e-11)
(0 5.032269449e-13 -2.338457698e-11)
(0 4.162893398e-12 -1.962095169e-11)
(0 6.53294623e-12 -1.609123466e-11)
(0 7.918526908e-12 -1.323329547e-11)
(0 8.720963679e-12 -1.098908594e-11)
(0 9.190754835e-12 -9.21499361e-12)
(0 9.465790877e-12 -7.789011835e-12)
(0 9.623200893e-12 -6.62224154e-12)
(0 9.708562973e-12 -5.650971386e-12)
(0 9.750037232e-12 -4.82868768e-12)
(0 9.76543485e-12 -4.120694195e-12)
(0 9.766040726e-12 -3.500691491e-12)
(0 9.758928953e-12 -2.948509836e-12)
(0 9.748463254e-12 -2.448518105e-12)
(0 9.737283128e-12 -1.988460969e-12)
(0 9.726947147e-12 -1.55858691e-12)
(0 9.718346447e-12 -1.150981627e-12)
(0 9.71196847e-12 -7.590488417e-13)
(0 9.708063444e-12 -3.770971418e-13)
(0 4.853374802e-12 -1.228312344e-24)
(0 1.95999585e-11 -1.103164661e-12)
(0 2.92174399e-11 -1.579269407e-11)
(0 5.676903806e-12 -2.213976566e-11)
(0 3.700562723e-12 -2.386869915e-11)
(0 4.399738011e-12 -2.394637875e-11)
(0 2.321296724e-12 -2.370168555e-11)
(0 1.299808256e-12 -2.350463213e-11)
(0 2.700865865e-13 -2.339420835e-11)
(0 0.20758624 0.004341011658)
(0 0.1980273385 0.01321751403)
(0 0.1748304 0.02354062344)
(0 0.1477178525 0.02800832734)
(0 0.08728639328 0.02312689343)
(0 0.0459089358 0.01051946482)
(0 -0.1168806059 -0.1758963578)
(0 0.03635011162 -0.66631795)
(0 0.1772194182 -0.6041550245)
(0 -0.001262732608 -0.4678250103)
(0 -6.849123209e-12 -2.051490514e-11)
(0 -8.218911683e-12 -3.468871506e-11)
(0 3.36925739e-12 -2.929658771e-11)
(0 8.454384739e-12 -2.245342393e-11)
(0 1.021899238e-11 -1.739325748e-11)
(0 1.076117918e-11 -1.385902793e-11)
(0 1.089646174e-11 -1.130101406e-11)
(0 1.088817846e-11 -9.364417799e-12)
(0 1.082098062e-11 -7.84724347e-12)
(0 1.07282381e-11 -6.628492895e-12)
(0 1.062726086e-11 -5.628947623e-12)
(0 1.052819644e-11 -4.793053422e-12)
(0 1.043682137e-11 -4.080354969e-12)
(0 1.035598893e-11 -3.460841725e-12)
(0 1.028669039e-11 -2.912002356e-12)
(0 1.022884287e-11 -2.416777996e-12)
(0 1.018182619e-11 -1.962081316e-12)
(0 1.014482095e-11 -1.537707627e-12)
(0 1.011700761e-11 -1.135525303e-12)
(0 1.009767856e-11 -7.488646131e-13)
(0 1.008629918e-11 -3.720457587e-13)
(0 5.041271108e-12 -1.663480027e-24)
(0 2.035815508e-11 -1.051541267e-12)
(0 3.041814538e-11 -1.598138876e-11)
(0 5.942826214e-12 -2.238841664e-11)
(0 3.909785028e-12 -2.408819987e-11)
(0 4.596800042e-12 -2.413139506e-11)
(0 2.464564568e-12 -2.386409538e-11)
(0 1.383506199e-12 -2.365355034e-11)
(0 2.976244569e-13 -2.353631154e-11)
(0 0.2231431098 0.008001230791)
(0 0.2169373525 0.02581881132)
(0 0.1962292837 0.05083116778)
(0 0.1655209646 0.07117356289)
(0 0.1176295144 0.115665844)
(0 -0.1241948311 0.1074896193)
(0 -0.1898820765 0.05356431691)
(0 -0.3221976361 -0.869048596)
(0 -0.04853167007 -0.6009929407)
(0 -0.01585218532 -0.3599203088)
(0 -1.698118118e-11 -2.078262091e-11)
(0 -1.194311464e-11 -6.363770155e-11)
(0 1.273851807e-11 -3.665966298e-11)
(0 1.606622363e-11 -2.350289174e-11)
(0 1.512734223e-11 -1.716930782e-11)
(0 1.401077032e-11 -1.350851871e-11)
(0 1.321557381e-11 -1.099149947e-11)
(0 1.264452543e-11 -9.09442399e-12)
(0 1.220171578e-11 -7.60704151e-12)
(0 1.184149674e-11 -6.415549833e-12)
(0 1.154400245e-11 -5.443283174e-12)
(0 1.129862989e-11 -4.634222219e-12)
(0 1.109764655e-11 -3.94682236e-12)
(0 1.093439334e-11 -3.350308592e-12)
(0 1.080299268e-11 -2.821871544e-12)
(0 1.069838429e-11 -2.344503667e-12)
(0 1.06163535e-11 -1.90537432e-12)
(0 1.055350316e-11 -1.494635237e-12)
(0 1.050718946e-11 -1.104547825e-12)
(0 1.047544801e-11 -7.288398589e-13)
(0 1.045692806e-11 -3.622205852e-13)
(0 5.225420561e-12 -2.174545022e-24)
(0 2.11014109e-11 -9.946094395e-13)
(0 3.158701673e-11 -1.613959199e-11)
(0 6.198819494e-12 -2.258523122e-11)
(0 4.111562723e-12 -2.424843841e-11)
(0 4.78834224e-12 -2.425716908e-11)
(0 2.603680067e-12 -2.396908409e-11)
(0 1.46462332e-12 -2.374665583e-11)
(0 3.242972292e-13 -2.362359238e-11)
(0 0.2377213265 0.01012892042)
(0 0.2359140175 0.03499031065)
(0 0.2148156601 0.07229311432)
(0 0.211203683 0.1265759261)
(0 0.1053191868 0.2424994487)
(0 -0.0262604555 0.4167322659)
(0 -0.5073777694 -0.1334594662)
(0 -0.7067632146 -0.923172079)
(0 -0.5023375196 -0.9308681571)
(0 -0.320108101 -0.6292262135)
(0 -0.05787774564 -0.01886665915)
(0 -2.410999503e-11 -2.897664054e-11)
(0 4.35040672e-11 -3.019579963e-11)
(0 2.79447399e-11 -1.772915863e-11)
(0 2.021336541e-11 -1.427256813e-11)
(0 1.693898753e-11 -1.201424869e-11)
(0 1.531055646e-11 -1.006205365e-11)
(0 1.427263642e-11 -8.414797082e-12)
(0 1.349985478e-11 -7.070962095e-12)
(0 1.289199644e-11 -5.983404319e-12)
(0 1.240858848e-11 -5.094437298e-12)
(0 1.202465726e-11 -4.353740786e-12)
(0 1.1720735e-11 -3.722403574e-12)
(0 1.148093975e-11 -3.171693953e-12)
(0 1.129249531e-11 -2.680665753e-12)
(0 1.114534009e-11 -2.233985216e-12)
(0 1.103169462e-11 -1.820272105e-12)
(0 1.094564744e-11 -1.430907242e-12)
(0 1.088280298e-11 -1.059187918e-12)
(0 1.08400058e-11 -6.997236297e-13)
(0 1.081513904e-11 -3.47992245e-13)
(0 5.403491693e-12 -2.266621523e-24)
(0 2.18187591e-11 -9.308578649e-13)
(0 3.27200434e-11 -1.626982804e-11)
(0 6.444082441e-12 -2.273121044e-11)
(0 4.304110173e-12 -2.435021674e-11)
(0 4.972456671e-12 -2.432498342e-11)
(0 2.737153663e-12 -2.401837389e-11)
(0 1.542236125e-12 -2.378592077e-11)
(0 3.497922002e-13 -2.365810392e-11)
(0 0.264286659 0.01035159311)
(0 0.2751810098 0.0370430717)
(0 0.2853114782 0.08060892856)
(0 0.3295752927 0.167475067)
(0 0.3451608827 0.3381256287)
(0 0.3474133117 0.7322750443)
(0 0.2609983558 0.5446923623)
(0 -0.9896032983 -0.7584519551)
(0 -1.0679937 -0.914846506)
(0 -1.047149913 -0.5519408497)
(0 -0.8630905136 -0.271650928)
(0 -0.006135672143 -0.08490635287)
(0 2.358032502e-11 3.211157068e-11)
(0 3.198945514e-11 -2.945717247e-12)
(0 2.084225217e-11 -1.01776342e-11)
(0 1.822128481e-11 -1.021389532e-11)
(0 1.681502542e-11 -8.82768132e-12)
(0 1.563561698e-11 -7.431759111e-12)
(0 1.463310854e-11 -6.27861641e-12)
(0 1.381802154e-11 -5.352683264e-12)
(0 1.317366598e-11 -4.597336111e-12)
(0 1.267066361e-11 -3.963908099e-12)
(0 1.227969338e-11 -3.417358544e-12)
(0 1.197613116e-11 -2.933395518e-12)
(0 1.174070142e-11 -2.495108432e-12)
(0 1.155877794e-11 -2.090494723e-12)
(0 1.141943147e-11 -1.71081656e-12)
(0 1.131458735e-11 -1.349528562e-12)
(0 1.123837307e-11 -1.00156786e-12)
(0 1.118664369e-11 -6.628690241e-13)
(0 1.115665169e-11 -3.30018972e-13)
(0 5.573412806e-12 -2.3661829e-24)
(0 2.250246656e-11 -8.608542972e-13)
(0 3.380033299e-11 -1.637494981e-11)
(0 6.67538679e-12 -2.28275679e-11)
(0 4.485596914e-12 -2.439462569e-11)
(0 5.147566685e-12 -2.433650385e-11)
(0 2.863860615e-12 -2.401413364e-11)
(0 1.615685873e-12 -2.377380447e-11)
(0 3.738908461e-13 -2.364241284e-11)
(0 0.2806813109 0.003532855714)
(0 0.3058820335 0.01101303905)
(0 0.3465773919 0.03307715672)
(0 0.4434756648 0.09664655603)
(0 0.5484214212 0.255676464)
(0 0.6991789165 0.6292531213)
(0 1.118761398 1.024196829)
(0 0.1164702706 0.6082072507)
(0 0.1988389837 -0.9976572381)
(0 -0.5383676725 -0.8258378108)
(0 -0.02978565508 -0.9507186408)
(0 -0.009417943446 -0.8127809754)
(0 2.519041859e-13 2.145250524e-12)
(0 -1.436604834e-11 -1.600532273e-11)
(0 1.294518733e-11 -1.327838232e-11)
(0 1.828894041e-11 -9.835987419e-12)
(0 1.809269267e-11 -7.603068752e-12)
(0 1.682170133e-11 -6.205930453e-12)
(0 1.557893063e-11 -5.259077314e-12)
(0 1.457327673e-11 -4.551403439e-12)
(0 1.379736364e-11 -3.978337738e-12)
(0 1.320463482e-11 -3.487211648e-12)
(0 1.275124758e-11 -3.049735565e-12)
(0 1.240318986e-11 -2.649424781e-12)
(0 1.213539611e-11 -2.275877573e-12)
(0 1.192963196e-11 -1.922065538e-12)
(0 1.177266079e-11 -1.582965793e-12)
(0 1.165489614e-11 -1.254816914e-12)
(0 1.156946252e-11 -9.346802993e-13)
(0 1.151155468e-11 -6.201599932e-13)
(0 1.147800806e-11 -3.092108349e-13)
(0 5.733510665e-12 -2.816949322e-24)
(0 2.314764748e-11 -7.849053615e-13)
(0 3.482367475e-11 -1.645822942e-11)
(0 6.891622162e-12 -2.287617214e-11)
(0 4.654868107e-12 -2.43833871e-11)
(0 5.31255519e-12 -2.429390349e-11)
(0 2.983043453e-12 -2.395893796e-11)
(0 1.684557098e-12 -2.371312226e-11)
(0 3.964593232e-13 -2.357943132e-11)
(0 0.2751983516 -0.008814503107)
(0 0.3123624498 -0.03326818154)
(0 0.3691818192 -0.04536295634)
(0 0.4856109546 -0.01824556285)
(0 0.6039856159 0.09216143521)
(0 0.8038450495 0.3812567697)
(0 1.034017724 0.9221122654)
(0 1.007940813 0.5377606423)
(0 0.4011464293 -0.5067181673)
(0 0.02242809181 -0.7765198259)
(0 -0.1837908046 -0.5685437937)
(0 -0.7848652941 -0.4902811621)
(0 -1.444906482e-11 -7.739323757e-11)
(0 1.638497343e-11 -4.884029339e-11)
(0 2.701158747e-11 -1.709448571e-11)
(0 2.389659838e-11 -8.248567071e-12)
(0 2.044508239e-11 -5.542707175e-12)
(0 1.797960842e-11 -4.529829946e-12)
(0 1.628763556e-11 -4.000379121e-12)
(0 1.509876111e-11 -3.615535561e-12)
(0 1.423785777e-11 -3.277412723e-12)
(0 1.359926578e-11 -2.956875453e-12)
(0 1.311748025e-11 -2.644956526e-12)
(0 1.274998915e-11 -2.338697146e-12)
(0 1.246806066e-11 -2.036913768e-12)
(0 1.225168972e-11 -1.738921333e-12)
(0 1.208668009e-11 -1.444158225e-12)
(0 1.196287284e-11 -1.15208663e-12)
(0 1.187302999e-11 -8.621713618e-13)
(0 1.181211315e-11 -5.738765261e-13)
(0 1.177681168e-11 -2.866651069e-13)
(0 5.882623641e-12 -3.037361681e-24)
(0 2.374690804e-11 -7.019451913e-13)
(0 3.577200242e-11 -1.652369906e-11)
(0 7.089054738e-12 -2.288008002e-11)
(0 4.810632325e-12 -2.431922308e-11)
(0 5.46654592e-12 -2.420000087e-11)
(0 3.094218265e-12 -2.385574507e-11)
(0 1.74863388e-12 -2.360693997e-11)
(0 4.174351167e-13 -2.347227659e-11)
(0 0.2392346977 -0.02571739181)
(0 0.285382385 -0.08657777784)
(0 0.347259281 -0.1317669994)
(0 0.4768726029 -0.1333619447)
(0 0.5922042375 -0.07339495904)
(0 0.782288399 0.1603446242)
(0 0.9930048215 0.6134644241)
(0 1.315583293 0.7675683346)
(0 1.107383532 0.4202299382)
(0 0.6089254176 -0.4336223707)
(0 1.119383558 -0.1179059191)
(0 -0.1171009871 -0.5377978597)
(0 0.003016913328 -0.7866366036)
(0 2.992480804e-11 5.332664466e-12)
(0 5.353691365e-11 1.989915591e-12)
(0 2.984071895e-11 -5.211029466e-13)
(0 2.18114298e-11 -1.789341616e-12)
(0 1.836402938e-11 -2.37030536e-12)
(0 1.649322501e-11 -2.597089196e-12)
(0 1.529624313e-11 -2.632960489e-12)
(0 1.445602375e-11 -2.558909972e-12)
(0 1.383709102e-11 -2.417928172e-12)
(0 1.336942588e-11 -2.234526316e-12)
(0 1.301123262e-11 -2.023500718e-12)
(0 1.273517192e-11 -1.794161236e-12)
(0 1.252238751e-11 -1.552543323e-12)
(0 1.235949549e-11 -1.302650437e-12)
(0 1.223688301e-11 -1.047191687e-12)
(0 1.214767263e-11 -7.880373487e-13)
(0 1.208706094e-11 -5.265097839e-13)
(0 1.205188459e-11 -2.635785298e-13)
(0 6.020175772e-12 -2.442823215e-24)
(0 2.429925198e-11 -6.114615626e-13)
(0 3.6653896e-11 -1.65754918e-11)
(0 7.270149503e-12 -2.284273076e-11)
(0 4.953643336e-12 -2.420527938e-11)
(0 5.609627182e-12 -2.405790584e-11)
(0 3.197417773e-12 -2.370767249e-11)
(0 1.807961126e-12 -2.345840223e-11)
(0 4.368363368e-13 -2.332411425e-11)
(0 0.1683093831 -0.0462201653)
(0 0.2242793821 -0.1464699009)
(0 0.3020334512 -0.2282069852)
(0 0.4725892264 -0.2642131424)
(0 0.6178825174 -0.2190679197)
(0 0.7708009531 0.01171190173)
(0 0.8747207647 0.3826972856)
(0 1.064901836 0.6203045065)
(0 1.047621567 0.4767656524)
(0 0.6314128353 -0.3374412639)
(0 1.012478236 -0.6743551108)
(0 0.9649007605 0.6601699595)
(0 0.001921464275 -0.2022492861)
(0 4.918566474e-12 6.910876136e-11)
(0 2.095645307e-11 2.003649364e-11)
(0 2.011734118e-11 5.9635743e-12)
(0 1.859587998e-11 1.276732617e-12)
(0 1.717186084e-11 -5.64988555e-13)
(0 1.602498043e-11 -1.384740763e-12)
(0 1.513694034e-11 -1.760323511e-12)
(0 1.445289009e-11 -1.907344255e-12)
(0 1.392364944e-11 -1.921404849e-12)
(0 1.35119077e-11 -1.851725441e-12)
(0 1.319035423e-11 -1.726623173e-12)
(0 1.293901806e-11 -1.563686415e-12)
(0 1.274320052e-11 -1.374431339e-12)
(0 1.259203173e-11 -1.16669453e-12)
(0 1.247748593e-11 -9.459797671e-13)
(0 1.23937119e-11 -7.162705245e-13)
(0 1.233657197e-11 -4.805488295e-13)
(0 1.230332146e-11 -2.411467098e-13)
(0 6.146202171e-12 -2.138532387e-24)
(0 2.480520064e-11 -5.152344666e-13)
(0 3.746632786e-11 -1.661677427e-11)
(0 7.434866999e-12 -2.276705116e-11)
(0 5.084424883e-12 -2.404451615e-11)
(0 5.742020261e-12 -2.387066128e-11)
(0 3.292846418e-12 -2.351778461e-11)
(0 1.862712062e-12 -2.327058167e-11)
(0 4.547272986e-13 -2.313802523e-11)
(0 0.05553386139 -0.07512530888)
(0 0.1264607679 -0.2274095664)
(0 0.2339343104 -0.3901558319)
(0 0.440807258 -0.4865842605)
(0 0.6112148443 -0.4068765088)
(0 0.8055554475 -0.1126150844)
(0 0.8086279266 0.2899155449)
(0 0.8230751487 0.5601347906)
(0 0.6512505278 0.6834463082)
(0 0.5680623823 -0.3146728637)
(0 0.371375216 -0.8286053078)
(0 0.5592220921 1.166284475)
(0 8.898269746e-05 0.3049441917)
(0 -1.353853089e-11 -9.128548291e-12)
(0 -9.653799372e-12 3.032649006e-12)
(0 1.108095793e-11 3.062169525e-12)
(0 1.528286694e-11 1.497673973e-12)
(0 1.5702556e-11 2.183446902e-13)
(0 1.529789005e-11 -6.165805166e-13)
(0 1.477363964e-11 -1.11626391e-12)
(0 1.429494241e-11 -1.3887462e-12)
(0 1.389270983e-11 -1.508625934e-12)
(0 1.356420756e-11 -1.524352778e-12)
(0 1.329927164e-11 -1.467584469e-12)
(0 1.308736375e-11 -1.359527515e-12)
(0 1.291937939e-11 -1.214788911e-12)
(0 1.278794706e-11 -1.043698088e-12)
(0 1.268730701e-11 -8.537452047e-13)
(0 1.261310356e-11 -6.505071015e-13)
(0 1.256218475e-11 -4.382693231e-13)
(0 1.253243342e-11 -2.204646213e-13)
(0 6.261322482e-12 -2.259462812e-24)
(0 2.526674009e-11 -4.138528912e-13)
(0 3.821190673e-11 -1.665082027e-11)
(0 7.584180223e-12 -2.265624083e-11)
(0 5.20392629e-12 -2.38401724e-11)
(0 5.864227226e-12 -2.364142155e-11)
(0 3.38090447e-12 -2.328911145e-11)
(0 1.913179594e-12 -2.304643273e-11)
(0 4.712130116e-13 -2.291693344e-11)
(0 -0.1170034444 -0.1091191297)
(0 -0.05813148295 -0.3230535034)
(0 -0.04571011366 -0.5471311182)
(0 0.04408027452 -0.6509279795)
(0 0.2186078178 -0.602248321)
(0 0.475145704 -0.184167121)
(0 0.5463817173 0.3851988527)
(0 0.6402608683 0.6285788637)
(0 0.2433779816 1.083767265)
(0 -0.0399452591 0.01427616496)
(0 -1.311577608 -0.5450152295)
(0 -0.1893196147 0.1142176831)
(0 0.002343600442 0.4150486939)
(0 1.732400056e-11 -2.335568229e-11)
(0 3.320658611e-11 -1.775546152e-12)
(0 1.858236614e-11 1.754764587e-12)
(0 1.575205514e-11 1.433427182e-12)
(0 1.505760635e-11 5.572514319e-13)
(0 1.469037183e-11 -1.836806064e-13)
(0 1.436477465e-11 -6.994216321e-13)
(0 1.406052806e-11 -1.022763717e-12)
(0 1.378804286e-11 -1.2000116e-12)
(0 1.355294916e-11 -1.269487165e-12)
(0 1.33551795e-11 -1.259844025e-12)
(0 1.319181362e-11 -1.192052289e-12)
(0 1.305902995e-11 -1.081490058e-12)
(0 1.295307544e-11 -9.395471417e-13)
(0 1.287067692e-11 -7.747786578e-13)
(0 1.280918778e-11 -5.937327116e-13)
(0 1.276661445e-11 -4.015548658e-13)
(0 1.274159079e-11 -2.024422321e-13)
(0 6.366666792e-12 -1.348356041e-24)
(0 2.568888958e-11 -3.096421998e-13)
(0 3.890329461e-11 -1.667955608e-11)
(0 7.721103432e-12 -2.25128725e-11)
(0 5.313786938e-12 -2.359524453e-11)
(0 5.977126406e-12 -2.337318955e-11)
(0 3.462220504e-12 -2.302451729e-11)
(0 1.959783284e-12 -2.278870417e-11)
(0 4.864399148e-13 -2.266352638e-11)
(0 -0.2976667148 -0.1287703806)
(0 -0.4319850918 -0.2764558751)
(0 -0.6693308062 -0.4368811374)
(0 -0.7174597855 -0.772559307)
(0 -0.5970502933 -0.8880656718)
(0 -0.4666061333 -0.4205487869)
(0 -0.3075330734 0.329494488)
(0 0.2301167055 0.8384087899)
(0 -0.131351324 1.125641973)
(0 -0.6709795356 0.7422023482)
(0 -0.9683789829 -0.1321076051)
(0 -0.65113488 -0.1361831236)
(0 -0.006089335329 0.1666640585)
(0 1.812071675e-11 4.136542039e-11)
(0 1.556063492e-11 1.157556238e-11)
(0 1.428993126e-11 4.298937287e-12)
(0 1.408535379e-11 1.924009738e-12)
(0 1.408544821e-11 7.608973295e-13)
(0 1.404121699e-11 2.401054019e-14)
(0 1.393455653e-11 -4.749894484e-13)
(0 1.379435244e-11 -8.028841473e-13)
(0 1.364598639e-11 -9.991802514e-13)
(0 1.350437513e-11 -1.093752777e-12)
(0 1.337670652e-11 -1.110264038e-12)
(0 1.326571772e-11 -1.067355172e-12)
(0 1.317188454e-11 -9.795723158e-13)
(0 1.309465846e-11 -8.582151948e-13)
(0 1.303312144e-11 -7.1208002e-13)
(0 1.298632736e-11 -5.480829375e-13)
(0 1.295347523e-11 -3.717718459e-13)
(0 1.293398828e-11 -1.877446778e-13)
(0 6.463764714e-12 1.766137516e-26)
(0 2.607783988e-11 -2.039623818e-13)
(0 3.954012377e-11 -1.670424523e-11)
(0 7.846054028e-12 -2.233931845e-11)
(0 5.415339823e-12 -2.331270818e-11)
(0 6.081683228e-12 -2.306887373e-11)
(0 3.53755513e-12 -2.272667299e-11)
(0 2.003039573e-12 -2.249988077e-11)
(0 5.005890034e-13 -2.238018749e-11)
(0 -0.54122984 0.04244588128)
(0 -0.820153149 0.03308603295)
(0 -1.175730123 -0.3543084183)
(0 -1.445834516 -0.839712435)
(0 -1.751654312 -0.8220830119)
(0 -1.742124195 -0.4627178911)
(0 -1.501251823 -0.4470747878)
(0 -0.9021289668 -0.1625008948)
(0 -1.039529 3.857278576)
(0 -1.006077436 0.8282219631)
(0 -0.3627569724 -0.6063831013)
(0 -0.5522835661 -0.6777038152)
(0 -0.01053556167 -0.3905248174)
(0 1.134851213e-11 2.227031284e-13)
(0 -3.817231428e-12 2.455996494e-12)
(0 8.930813505e-12 1.941315743e-12)
(0 1.221401518e-11 1.202771234e-12)
(0 1.315760715e-11 5.383093304e-13)
(0 1.345448505e-11 -6.195840771e-15)
(0 1.353787997e-11 -4.216675036e-13)
(0 1.353633726e-11 -7.146069877e-13)
(0 1.349717423e-11 -9.000771726e-13)
(0 1.344186538e-11 -9.960833579e-13)
(0 1.33815771e-11 -1.020107843e-12)
(0 1.332250534e-11 -9.875379008e-13)
(0 1.326816992e-11 -9.112363533e-13)
(0 1.322056773e-11 -8.01667715e-13)
(0 1.318080917e-11 -6.672469476e-13)
(0 1.314949595e-11 -5.147485692e-13)
(0 1.312695271e-11 -3.497038701e-13)
(0 1.311336263e-11 -1.767595922e-13)
(0 6.55441147e-12 6.629435877e-25)
(0 2.644124904e-11 -9.825068781e-14)
(0 4.014389864e-11 -1.672483682e-11)
(0 7.964573687e-12 -2.213710552e-11)
(0 5.511423479e-12 -2.299505087e-11)
(0 6.179540584e-12 -2.273100907e-11)
(0 3.60800854e-12 -2.239789337e-11)
(0 2.043620769e-12 -2.218207342e-11)
(0 5.138866028e-13 -2.206890668e-11)
(0 -0.3251681621 0.1632445555)
(0 -0.4311268862 0.3859563292)
(0 -0.7761169578 0.2793773712)
(0 -1.553530068 -0.2008138051)
(0 -2.390178757 -0.4449555866)
(0 -2.662613713 -0.2100702666)
(0 -3.138093532 0.1543670166)
(0 -4.160052332 0.1933964387)
(0 -1.185185361 -0.498657932)
(0 -0.8428163841 -0.5835330868)
(0 0.3710330329 -0.6756368566)
(0 0.5184996563 -0.1853996886)
(0 -0.004551797018 -0.4407266863)
(0 1.619624259e-11 -2.025125493e-11)
(0 1.717927531e-11 -4.015600409e-12)
(0 1.3036706e-11 -1.924348136e-13)
(0 1.268234738e-11 4.074325404e-13)
(0 1.287648114e-11 1.957464023e-13)
(0 1.308124016e-11 -1.654457429e-13)
(0 1.322614538e-11 -4.908809656e-13)
(0 1.331594278e-11 -7.338028963e-13)
(0 1.336451002e-11 -8.904368856e-13)
(0 1.338434446e-11 -9.703840132e-13)
(0 1.338525198e-11 -9.865304399e-13)
(0 1.337458921e-11 -9.514440883e-13)
(0 1.335775472e-11 -8.761719628e-13)
(0 1.333864787e-11 -7.699857012e-13)
(0 1.332004059e-11 -6.405064017e-13)
(0 1.330387043e-11 -4.939714201e-13)
(0 1.329146421e-11 -3.355393008e-13)
(0 1.328369215e-11 -1.695885924e-13)
(0 6.640524306e-12 1.433205613e-24)
(0 2.678590379e-11 3.94862666e-15)
(0 4.072066381e-11 -1.673967337e-11)
(0 8.07863479e-12 -2.190654499e-11)
(0 5.604061038e-12 -2.264398711e-11)
(0 6.272169829e-12 -2.23615848e-11)
(0 3.674675485e-12 -2.204003213e-11)
(0 2.08222421e-12 -2.183694215e-11)
(0 5.265703257e-13 -2.173121474e-11)
(0 -0.05532363591 0.1447875591)
(0 -0.001225457016 0.435159504)
(0 0.01816707511 0.658522823)
(0 -0.2064437952 0.5773823695)
(0 -0.7097590092 0.1349450835)
(0 -1.058662428 -0.3642692995)
(0 -0.7305495983 -0.4527980884)
(0 -0.08020561926 0.01940141772)
(0 2.041726374 0.1949085739)
(0 -0.7895002583 -0.6416286932)
(0 0.3006858631 -1.823576324)
(0 0.5343364505 -0.276522756)
(0 -0.005250756854 -0.008651651536)
(0 1.535929051e-11 6.375148285e-12)
(0 1.612876308e-11 1.812929243e-12)
(0 1.335384645e-11 8.971528563e-13)
(0 1.26021964e-11 4.236402191e-13)
(0 1.258472887e-11 2.681222933e-15)
(0 1.276785768e-11 -3.60455825e-13)
(0 1.296952281e-11 -6.426143627e-13)
(0 1.313678134e-11 -8.393002718e-13)
(0 1.326059311e-11 -9.574858633e-13)
(0 1.334577182e-11 -1.008464841e-12)
(0 1.340051703e-11 -1.004152142e-12)
(0 1.343286382e-11 -9.555091319e-13)
(0 1.344962831e-11 -8.720138827e-13)
(0 1.345623329e-11 -7.616064473e-13)
(0 1.345682345e-11 -6.308389251e-13)
(0 1.345446305e-11 -4.851063596e-13)
(0 1.345133554e-11 -3.289002679e-13)
(0 1.344890193e-11 -1.660580665e-13)
(0 6.724000062e-12 2.656509518e-24)
(0 2.712153819e-11 1.008979305e-13)
(0 4.127891236e-11 -1.674685532e-11)
(0 8.19057044e-12 -2.164792274e-11)
(0 5.695267582e-12 -2.226118124e-11)
(0 6.361066349e-12 -2.196237045e-11)
(0 3.738675022e-12 -2.16545882e-11)
(0 2.119556448e-12 -2.146571587e-11)
(0 5.388794902e-13 -2.136817758e-11)
(0 0.1873433488 0.107582089)
(0 0.2517922286 0.3325256126)
(0 0.3763205799 0.5601930436)
(0 0.4604746956 0.6738436287)
(0 0.3355519253 0.573199637)
(0 -0.05536168769 0.2497714456)
(0 -0.8015520229 -0.5711766762)
(0 -1.309742964 -1.244785411)
(0 -1.168649034 -0.7073593589)
(0 0.05906850219 1.57282119)
(0 0.1381910038 -1.962136623)
(0 0.01864993019 0.172809362)
(0 -2.412440101e-11 1.499546953e-11)
(0 1.103312474e-11 9.684764148e-12)
(0 1.169906541e-11 3.992328624e-12)
(0 1.164741698e-11 1.54448683e-12)
(0 1.178787574e-11 3.872803973e-13)
(0 1.209238509e-11 -2.482109537e-13)
(0 1.243594457e-11 -6.36451484e-13)
(0 1.274730094e-11 -8.798439437e-13)
(0 1.300107128e-11 -1.023335398e-12)
(0 1.319534545e-11 -1.091765809e-12)
(0 1.333767818e-11 -1.101830727e-12)
(0 1.343820769e-11 -1.066074285e-12)
(0 1.350672747e-11 -9.943951751e-13)
(0 1.355165741e-11 -8.947522587e-13)
(0 1.357982282e-11 -7.735896962e-13)
(0 1.359654068e-11 -6.361488579e-13)
(0 1.360580909e-11 -4.867265907e-13)
(0 1.36105125e-11 -3.28902689e-13)
(0 1.361259242e-11 -1.657457101e-13)
(0 6.806582373e-12 3.550423427e-24)
(0 2.745353804e-11 1.905342374e-13)
(0 4.183060855e-11 -1.674340669e-11)
(0 8.303813474e-12 -2.136093923e-11)
(0 5.787342435e-12 -2.184789294e-11)
(0 6.447827253e-12 -2.153474027e-11)
(0 3.801138576e-12 -2.124263428e-11)
(0 2.156300985e-12 -2.106916871e-11)
(0 5.5104091e-13 -2.098039516e-11)
(0 0.3800912397 0.08394607345)
(0 0.4241670377 0.2481586704)
(0 0.5161563301 0.4057911748)
(0 0.6625071657 0.5396713188)
(0 0.7615521362 0.6265406838)
(0 0.7874355465 0.643196086)
(0 0.4314457773 0.5068334492)
(0 -0.1447042894 -0.2315716608)
(0 -1.467106484 -1.375065664)
(0 0.1818081539 -1.778608841)
(0 -0.1510018602 -1.774254111)
(0 -4.898411398e-12 -3.769031772e-12)
(0 -1.510891047e-12 1.306347911e-11)
(0 4.59000954e-12 6.684317483e-12)
(0 7.988485772e-12 2.926844208e-12)
(0 9.748798228e-12 9.011968334e-13)
(0 1.080949861e-11 -1.707993594e-13)
(0 1.156099698e-11 -7.463547202e-13)
(0 1.213622469e-11 -1.057305087e-12)
(0 1.25826389e-11 -1.217010034e-12)
(0 1.292485947e-11 -1.282486592e-12)
(0 1.318209778e-11 -1.284460605e-12)
(0 1.337146335e-11 -1.241042687e-12)
(0 1.350795258e-11 -1.163919467e-12)
(0 1.360418584e-11 -1.061235185e-12)
(0 1.367043379e-11 -9.390044875e-13)
(0 1.371483669e-11 -8.018544629e-13)
(0 1.374368656e-11 -6.534483263e-13)
(0 1.376170922e-11 -4.967543075e-13)
(0 1.377231642e-11 -3.342386139e-13)
(0 1.377780462e-11 -1.680200489e-13)
(0 6.889745772e-12 4.1355914e-24)
(0 2.778875842e-11 2.708489413e-13)
(0 4.238083028e-11 -1.672570122e-11)
(0 8.420237756e-12 -2.104480314e-11)
(0 5.882019267e-12 -2.140496837e-11)
(0 6.533759744e-12 -2.1079656e-11)
(0 3.863000331e-12 -2.080482042e-11)
(0 2.193011705e-12 -2.064765003e-11)
(0 5.632358779e-13 -2.056805199e-11)
(0 0.5313808166 0.06597075316)
(0 0.5627706346 0.192863732)
(0 0.6237649699 0.3086206537)
(0 0.7283543231 0.4074119701)
(0 0.8325082566 0.4920609682)
(0 1.00263627 0.5557805289)
(0 0.9983237904 0.5577620679)
(0 1.170059823 0.3755624638)
(0 0.3143291938 -0.05496286656)
(0 0.3071248946 -1.089602194)
(0 0.001281757075 -1.595047849)
(0 -1.175556015e-11 -2.02806881e-12)
(0 -1.046064788e-11 1.175252546e-12)
(0 8.96489746e-13 1.063741656e-12)
(0 5.915944758e-12 1.294689214e-13)
(0 8.54977341e-12 -6.957400146e-13)
(0 1.014032419e-11 -1.225302827e-12)
(0 1.120587936e-11 -1.509092896e-12)
(0 1.196528926e-11 -1.62939298e-12)
(0 1.252211943e-11 -1.648412663e-12)
(0 1.29336207e-11 -1.605169811e-12)
(0 1.323678935e-11 -1.52258779e-12)
(0 1.345821932e-11 -1.413999271e-12)
(0 1.361801519e-11 -1.287356261e-12)
(0 1.373164245e-11 -1.147643202e-12)
(0 1.381103813e-11 -9.981926867e-13)
(0 1.386537898e-11 -8.413893214e-13)
(0 1.390164083e-11 -6.790452938e-13)
(0 1.39250188e-11 -5.126060986e-13)
(0 1.393924676e-11 -3.432733471e-13)
(0 1.394683103e-11 -1.720892449e-13)
(0 6.974602422e-12 4.466584489e-24)
(0 2.813052422e-11 3.408589548e-13)
(0 4.293437845e-11 -1.668971883e-11)
(0 8.54161053e-12 -2.069860498e-11)
(0 5.980630454e-12 -2.093306813e-11)
(0 6.619810727e-12 -2.0597792e-11)
(0 3.924896288e-12 -2.034146605e-11)
(0 2.230039309e-12 -2.02011841e-11)
(0 5.755742588e-13 -2.013103067e-11)
(0 0.6499860244 0.05252618791)
(0 0.6725794488 0.1536446932)
(0 0.7176674741 0.2457700973)
(0 0.7871994708 0.3247981894)
(0 0.8390712192 0.3843854337)
(0 0.9458896696 0.4169495261)
(0 0.8910304995 0.4491297466)
(0 1.012261655 0.3109290231)
(0 0.3095086788 0.01816465333)
(0 0.2357234856 -1.269469479)
(0 0.0004027068953 -1.354156466)
(0 -7.259552311e-13 -2.186762098e-11)
(0 1.280130175e-12 -7.654146413e-12)
(0 3.544225916e-12 -3.734166949e-12)
(0 6.229004102e-12 -2.776961423e-12)
(0 8.39402648e-12 -2.588292455e-12)
(0 9.996145733e-12 -2.52554402e-12)
(0 1.115690683e-11 -2.435299766e-12)
(0 1.199690493e-11 -2.302717736e-12)
(0 1.260686207e-11 -2.142026039e-12)
(0 1.305068435e-11 -1.96715325e-12)
(0 1.337326832e-11 -1.786710424e-12)
(0 1.360669488e-11 -1.605028355e-12)
(0 1.377430865e-11 -1.423898481e-12)
(0 1.389334942e-11 -1.24382775e-12)
(0 1.397668767e-11 -1.064768044e-12)
(0 1.403398409e-11 -8.864903421e-13)
(0 1.407246978e-11 -7.087517325e-13)
(0 1.409748117e-11 -5.31354013e-13)
(0 1.411283327e-11 -3.541538369e-13)
(0 1.412107797e-11 -1.770558243e-13)
(0 7.061835017e-12 4.603483574e-24)
(0 2.848192985e-11 4.001685715e-13)
(0 4.349095044e-11 -1.663131697e-11)
(0 8.668548147e-12 -2.032139006e-11)
(0 6.083819577e-12 -2.043269328e-11)
(0 6.706391814e-12 -2.008958938e-11)
(0 3.987041705e-12 -1.98526585e-11)
(0 2.26746033e-12 -1.972960905e-11)
(0 5.880715502e-13 -1.966907173e-11)
(0 0.7457751625 0.04152433499)
(0 0.7632787975 0.1240025789)
(0 0.7996661124 0.2042238336)
(0 0.8555007751 0.285311514)
(0 0.8839553793 0.3667091396)
(0 0.9695668526 0.4356658126)
(0 0.813710479 0.5896776327)
(0 1.018950943 0.5957343739)
(0 0.1462919166 0.8076074161)
(0 0.07458753779 -1.192983206)
(0 6.410914596e-05 -1.258365924)
(0 4.533845577e-12 -8.182873226e-12)
(0 7.393370869e-12 -6.466908508e-12)
(0 5.773674736e-12 -5.569300477e-12)
(0 7.061819251e-12 -4.914828985e-12)
(0 8.801190814e-12 -4.354897423e-12)
(0 1.029331688e-11 -3.853271669e-12)
(0 1.142870565e-11 -3.40384599e-12)
(0 1.225856298e-11 -3.004125918e-12)
(0 1.285768392e-11 -2.649756798e-12)
(0 1.328893632e-11 -2.334631714e-12)
(0 1.359891425e-11 -2.05202271e-12)
(0 1.382103127e-11 -1.795497926e-12)
(0 1.397921579e-11 -1.559407903e-12)
(0 1.409077288e-11 -1.33904234e-12)
(0 1.416837554e-11 -1.130601777e-12)
(0 1.42213953e-11 -9.310834004e-13)
(0 1.425677716e-11 -7.381353498e-13)
(0 1.42796167e-11 -5.499093879e-13)
(0 1.429354495e-11 -3.649286056e-13)
(0 1.430098487e-11 -1.81975825e-13)
(0 7.151658246e-12 4.874039562e-24)
(0 2.884660879e-11 4.47971778e-13)
(0 4.405506834e-11 -1.654582549e-11)
(0 8.802178223e-12 -1.991186198e-11)
(0 6.19168754e-12 -1.990403646e-11)
(0 6.793340776e-12 -1.955527134e-11)
(0 4.049189246e-12 -1.933837651e-11)
(0 2.305054994e-12 -1.923275566e-11)
(0 6.006428699e-13 -1.918197022e-11)
(0 0.8222180821 0.02952784397)
(0 0.8409144667 0.08950718533)
(0 0.8827921713 0.1494923799)
(0 0.9509425691 0.2163582913)
(0 0.990294348 0.3073137124)
(0 1.137168688 0.3970528709)
(0 0.9289564127 0.6415012427)
(0 1.180431981 0.8512197152)
(0 -0.1207120009 1.332315001)
(0 0.1584710892 -1.124119132)
(0 1.889209119e-05 -1.20260337)
(0 1.637008273e-12 4.350518624e-12)
(0 3.622227358e-12 -4.730954477e-12)
(0 5.096305439e-12 -7.161290626e-12)
(0 7.443407156e-12 -6.958149879e-12)
(0 9.455583796e-12 -6.063219974e-12)
(0 1.094719717e-11 -5.128877413e-12)
(0 1.200605258e-11 -4.32275927e-12)
(0 1.275099412e-11 -3.66022648e-12)
(0 1.327635627e-11 -3.118237481e-12)
(0 1.364841844e-11 -2.669554774e-12)
(0 1.391240211e-11 -2.291217683e-12)
(0 1.409930968e-11 -1.965530698e-12)
(0 1.423076423e-11 -1.679219821e-12)
(0 1.432215554e-11 -1.42237235e-12)
(0 1.438464661e-11 -1.187553108e-12)
(0 1.442645051e-11 -9.691373842e-13)
(0 1.44536438e-11 -7.628164294e-13)
(0 1.447068791e-11 -5.652278938e-13)
(0 1.448076684e-11 -3.736767121e-13)
(0 1.448600657e-11 -1.859207726e-13)
(0 7.243810842e-12 4.823403656e-24)
(0 2.922004128e-11 4.850923649e-13)
(0 4.461018285e-11 -1.642929641e-11)
(0 8.938989315e-12 -1.946938791e-11)
(0 6.302742136e-12 -1.934762439e-11)
(0 6.879649665e-12 -1.899522976e-11)
(0 4.110576725e-12 -1.879875781e-11)
(0 2.342321126e-12 -1.871067395e-11)
(0 6.131136393e-13 -1.866978562e-11)
(0 0.8682178562 0.01805671702)
(0 0.8863160079 0.05256144754)
(0 0.9314057551 0.0797020911)
(0 1.016034389 0.1186250413)
(0 1.073930842 0.189581146)
(0 1.335586667 0.276721101)
(0 1.269795312 0.7745434646)
(0 1.647808423 1.273251993)
(0 -0.03824172393 1.775217047)
(0 0.2945274005 -1.260402239)
(0 2.039789406e-05 -1.124083111)
(0 -4.679804629e-12 8.44411362e-12)
(0 -4.3766658e-12 -9.903586277e-12)
(0 3.546479334e-12 -1.138678071e-11)
(0 8.159889902e-12 -9.693286578e-12)
(0 1.063046328e-11 -7.810977758e-12)
(0 1.203377758e-11 -6.276346334e-12)
(0 1.289735658e-11 -5.098177303e-12)
(0 1.346308477e-11 -4.195851168e-12)
(0 1.384835562e-11 -3.493442799e-12)
(0 1.411595612e-11 -2.934134384e-12)
(0 1.430293832e-11 -2.477763162e-12)
(0 1.443302913e-11 -2.096205161e-12)
(0 1.452237414e-11 -1.769602437e-12)
(0 1.45824396e-11 -1.483713552e-12)
(0 1.46216105e-11 -1.228136302e-12)
(0 1.464613197e-11 -9.951237879e-13)
(0 1.466068665e-11 -7.78783409e-13)
(0 1.466875642e-11 -5.745199761e-13)
(0 1.467285207e-11 -3.786366651e-13)
(0 1.467466158e-11 -1.880385948e-13)
(0 7.337579019e-12 4.362648009e-24)
(0 2.95998369e-11 5.130301027e-13)
(0 4.516215949e-11 -1.627790669e-11)
(0 9.080486587e-12 -1.899344856e-11)
(0 6.416446284e-12 -1.876400348e-11)
(0 6.964440927e-12 -1.840994636e-11)
(0 4.170370834e-12 -1.823415738e-11)
(0 2.378670608e-12 -1.816374294e-11)
(0 6.252758703e-13 -1.813296278e-11)
(0 0.8934357088 0.01469771549)
(0 0.9040688275 0.04936391383)
(0 0.9516380998 0.08597474473)
(0 1.049727403 0.1211652687)
(0 1.198668512 0.1831698294)
(0 1.718607906 0.138581812)
(0 1.896772122 0.7739655426)
(0 2.481613787 1.922509366)
(0 0.6790464011 2.753901092)
(0 0.4905760097 -1.951877765)
(0 -0.0001503374417 -1.058881776)
(0 -1.648623642e-11 -6.793792824e-11)
(0 -1.645154968e-11 -3.218700001e-11)
(0 5.306605137e-12 -1.878896116e-11)
(0 1.101921011e-11 -1.261723528e-11)
(0 1.287252404e-11 -9.210959687e-12)
(0 1.365999762e-11 -7.067273833e-12)
(0 1.408654775e-11 -5.597708894e-12)
(0 1.435572862e-11 -4.531536995e-12)
(0 1.453807306e-11 -3.725535695e-12)
(0 1.466409807e-11 -3.095769897e-12)
(0 1.475033133e-11 -2.589501401e-12)
(0 1.480747041e-11 -2.171946807e-12)
(0 1.484325584e-11 -1.819303795e-12)
(0 1.486362168e-11 -1.5147758e-12)
(0 1.487323637e-11 -1.246181356e-12)
(0 1.487580341e-11 -1.004457614e-12)
(0 1.487424761e-11 -7.826877141e-13)
(0 1.487083466e-11 -5.754434215e-13)
(0 1.486724822e-11 -3.783225388e-13)
(0 1.486464324e-11 -1.876080341e-13)
(0 7.431849437e-12 4.087329276e-24)
(0 2.998342498e-11 5.32284458e-13)
(0 4.569609034e-11 -1.608764573e-11)
(0 9.223766095e-12 -1.848313206e-11)
(0 6.531001705e-12 -1.815342998e-11)
(0 7.046339299e-12 -1.779990126e-11)
(0 4.227526206e-12 -1.764516629e-11)
(0 2.41343509e-12 -1.759271448e-11)
(0 6.369007373e-13 -1.757237594e-11)
(0 0.9280614029 -0.00594770217)
(0 0.9590591245 -0.03102637113)
(0 1.007720888 -0.08860283511)
(0 1.110954421 -0.2126847784)
(0 1.21070357 -0.5262986985)
(0 1.118542653 -0.8635207496)
(0 1.376289758 0.4315684707)
(0 2.344873268 2.950150298)
(0 3.054270874 3.527673497)
(0 1.626634115 1.144986424)
(0 -0.002795277145 -0.3562756065)
(0 3.309659988e-11 -6.800805727e-11)
(0 4.453187106e-11 -3.235581495e-11)
(0 2.311624406e-11 -1.89647337e-11)
(0 1.773789137e-11 -1.277562231e-11)
(0 1.618042473e-11 -9.348192749e-12)
(0 1.564702838e-11 -7.18392214e-12)
(0 1.543309342e-11 -5.69372666e-12)
(0 1.533525797e-11 -4.606975873e-12)
(0 1.528412272e-11 -3.781351222e-12)
(0 1.525199041e-11 -3.133891067e-12)
(0 1.522676141e-11 -2.612529138e-12)
(0 1.520322673e-11 -2.182795598e-12)
(0 1.517954515e-11 -1.82091533e-12)
(0 1.515556204e-11 -1.509927481e-12)
(0 1.513192869e-11 -1.237372487e-12)
(0 1.510962562e-11 -9.938491172e-13)
(0 1.508970084e-11 -7.720758699e-13)
(0 1.507312159e-11 -5.662538547e-13)
(0 1.506068746e-11 -3.716144473e-13)
(0 1.505298412e-11 -1.840811957e-13)
(0 7.525187053e-12 4.010983042e-24)
(0 3.036358204e-11 5.432862413e-13)
(0 4.620811843e-11 -1.585520007e-11)
(0 9.367517887e-12 -1.793794583e-11)
(0 6.644623467e-12 -1.751643257e-11)
(0 7.123915188e-12 -1.716589521e-11)
(0 4.280985212e-12 -1.703276636e-11)
(0 2.445947973e-12 -1.69987683e-11)
(0 6.477598796e-13 -1.698934704e-11)
(0 0.8539778483 0.0001177174918)
(0 0.8267045963 6.663531433e-05)
(0 0.7379493186 0.007883781472)
(0 0.4907096312 0.08246894573)
(0 0.06062551875 0.2492648145)
(0 -1.386536033 0.1601672136)
(0 -3.066316504 -0.5364709923)
(0 -2.20338507 -0.9463053599)
(0 -0.1271495257 2.768299227)
(0 0.3167988179 1.240976164)
(0 3.741756499e-11 2.164424354e-11)
(0 3.704915509e-11 9.921893538e-12)
(0 3.250297377e-11 -1.034848664e-11)
(0 2.488679777e-11 -1.193866139e-11)
(0 2.063575106e-11 -1.017238977e-11)
(0 1.846422422e-11 -8.222365609e-12)
(0 1.731446371e-11 -6.626533248e-12)
(0 1.666349402e-11 -5.386288576e-12)
(0 1.626810406e-11 -4.421274401e-12)
(0 1.601115786e-11 -3.659000191e-12)
(0 1.583292016e-11 -3.045922478e-12)
(0 1.57014268e-11 -2.543944529e-12)
(0 1.559908422e-11 -2.125811586e-12)
(0 1.551612396e-11 -1.771654682e-12)
(0 1.544716452e-11 -1.466662129e-12)
(0 1.538931474e-11 -1.199542288e-12)
(0 1.534110003e-11 -9.614973948e-13)
(0 1.530184287e-11 -7.455197902e-13)
(0 1.527129608e-11 -5.458913908e-13)
(0 1.524942088e-11 -3.578120687e-13)
(0 1.523625769e-11 -1.771095038e-13)
(0 7.615930633e-12 3.832690953e-24)
(0 3.073285551e-11 5.477300487e-13)
(0 4.667700752e-11 -1.557840917e-11)
(0 9.506855624e-12 -1.735843172e-11)
(0 6.754720846e-12 -1.68542503e-11)
(0 7.195515916e-12 -1.650927163e-11)
(0 4.329598586e-12 -1.639840702e-11)
(0 2.475481115e-12 -1.63835216e-11)
(0 6.57598964e-13 -1.638565091e-11)
(0 0.9317360951 0.003799579182)
(0 0.9679029843 0.03258995978)
(0 1.025179202 0.1352664358)
(0 1.101421022 0.420358843)
(0 1.199589715 0.9527355575)
(0 1.058042228 1.336556627)
(0 1.80482485 1.238497416)
(0 -2.668169224 0.989842383)
(0 -0.9684171678 1.717088209)
(0 -0.02920872505 0.3859101733)
(0 5.45100931e-11 1.329327529e-12)
(0 8.720261809e-12 -1.935557019e-12)
(0 2.267131612e-11 -7.023632768e-12)
(0 2.329234093e-11 -8.269322874e-12)
(0 2.145418716e-11 -7.752959504e-12)
(0 1.972628125e-11 -6.74244871e-12)
(0 1.848310541e-11 -5.713625295e-12)
(0 1.763835227e-11 -4.80364085e-12)
(0 1.706254636e-11 -4.032847382e-12)
(0 1.665947465e-11 -3.387476124e-12)
(0 1.636704607e-11 -2.846881912e-12)
(0 1.61468723e-11 -2.391540697e-12)
(0 1.597551658e-11 -2.004872277e-12)
(0 1.583869461e-11 -1.673244548e-12)
(0 1.572767443e-11 -1.385533622e-12)
(0 1.563709342e-11 -1.132643307e-12)
(0 1.556364811e-11 -9.070839449e-13)
(0 1.550530685e-11 -7.026221132e-13)
(0 1.546082931e-11 -5.139905554e-13)
(0 1.542946935e-11 -3.366442572e-13)
(0 1.541079619e-11 -1.665497986e-13)
(0 7.702296557e-12 3.319979673e-24)
(0 3.108560719e-11 5.477026633e-13)
(0 4.710252483e-11 -1.525607664e-11)
(0 9.641848898e-12 -1.674570672e-11)
(0 6.860050163e-12 -1.616846081e-11)
(0 7.259883315e-12 -1.583166406e-11)
(0 4.372190886e-12 -1.574386296e-11)
(0 2.501135644e-12 -1.574899304e-11)
(0 6.660781633e-13 -1.576357132e-11)
(0 0.8958632091 -0.02529213726)
(0 0.93141239 -0.0583395974)
(0 1.004531576 -0.01508336137)
(0 1.071514428 0.1800193278)
(0 1.045106712 0.496149509)
(0 1.507963931 0.8742342076)
(0 0.8844436883 2.550630456)
(0 -1.19731166 1.601609323)
(0 -0.3473388732 0.9000956216)
(0 -8.302974109e-12 -5.33367404e-12)
(0 4.416190869e-11 -3.501205394e-11)
(0 2.879498739e-11 -1.274331886e-11)
(0 2.616920791e-11 -7.540832274e-12)
(0 2.415747104e-11 -6.361879699e-12)
(0 2.216262522e-11 -5.827548306e-12)
(0 2.050355842e-11 -5.280781629e-12)
(0 1.925327157e-11 -4.681831633e-12)
(0 1.834427193e-11 -4.08176816e-12)
(0 1.768426879e-11 -3.518990794e-12)
(0 1.719712333e-11 -3.01119159e-12)
(0 1.682885559e-11 -2.562614807e-12)
(0 1.654343644e-11 -2.170487504e-12)
(0 1.631738037e-11 -1.828906384e-12)
(0 1.613546261e-11 -1.530922612e-12)
(0 1.598776576e-11 -1.269584537e-12)
(0 1.586776442e-11 -1.038413371e-12)
(0 1.577112122e-11 -8.315765387e-13)
(0 1.569493626e-11 -6.439027019e-13)
(0 1.563727394e-11 -4.70816683e-13)
(0 1.559686163e-11 -3.082359783e-13)
(0 1.557290194e-11 -1.524505623e-13)
(0 7.782480431e-12 2.963910844e-24)
(0 3.14136338e-11 5.426061943e-13)
(0 4.74744158e-11 -1.488694659e-11)
(0 9.769916178e-12 -1.610056904e-11)
(0 6.958443561e-12 -1.54603251e-11)
(0 7.315075371e-12 -1.513457839e-11)
(0 4.406870668e-12 -1.507105883e-11)
(0 2.521407678e-12 -1.509767369e-11)
(0 6.726206484e-13 -1.512615385e-11)
(0 0.8415701866 -0.04371201842)
(0 0.8884478847 -0.09544255941)
(0 0.9616059758 -0.03270151555)
(0 1.003828369 0.1846675901)
(0 1.051016117 0.5692268199)
(0 1.07674267 1.121937001)
(0 1.144236328 3.03996684)
(0 0.4848855695 2.17314131)
(0 0.02198891568 1.015978683)
(0 -1.27410732e-11 -4.433467322e-11)
(0 4.567276601e-11 -1.648568841e-11)
(0 3.619148347e-11 -6.485074727e-12)
(0 2.905275527e-11 -4.034296987e-12)
(0 2.50056249e-11 -3.809605729e-12)
(0 2.253528523e-11 -3.914589151e-12)
(0 2.087199792e-11 -3.871315458e-12)
(0 1.968211888e-11 -3.651120843e-12)
(0 1.880119311e-11 -3.322574155e-12)
(0 1.813312293e-11 -2.950140165e-12)
(0 1.761585063e-11 -2.575690348e-12)
(0 1.720775016e-11 -2.221915612e-12)
(0 1.688058073e-11 -1.898903613e-12)
(0 1.661508147e-11 -1.609347602e-12)
(0 1.639801645e-11 -1.351947839e-12)
(0 1.622018367e-11 -1.123456001e-12)
(0 1.607510142e-11 -9.198390402e-13)
(0 1.595815878e-11 -7.369037911e-13)
(0 1.58660667e-11 -5.706017389e-13)
(0 1.579649604e-11 -4.171491518e-13)
(0 1.574783547e-11 -2.730433556e-13)
(0 1.571903217e-11 -1.350227439e-13)
(0 7.854747119e-12 2.794417506e-24)
(0 3.170938901e-11 5.342148955e-13)
(0 4.777472305e-11 -1.447172953e-11)
(0 9.886122839e-12 -1.542508997e-11)
(0 7.046641959e-12 -1.473157247e-11)
(0 7.358071805e-12 -1.441961226e-11)
(0 4.430556207e-12 -1.438219367e-11)
(0 2.533802179e-12 -1.443287179e-11)
(0 6.762665716e-13 -1.447777428e-11)
(0 0.7242591391 -0.06697428144)
(0 0.7696175011 -0.163309146)
(0 0.8209214683 -0.1304226969)
(0 0.8501309591 0.06966975783)
(0 0.9386896548 0.5574480775)
(0 0.8230352495 1.157855539)
(0 0.9096472715 2.668303319)
(0 1.522717601 2.682771611)
(0 0.01636200324 1.663692083)
(0 6.786877972e-13 5.149724952e-11)
(0 8.227159123e-11 2.021169902e-11)
(0 4.124637882e-11 7.322694931e-12)
(0 2.884467691e-11 1.698155541e-12)
(0 2.427717887e-11 -9.276569715e-13)
(0 2.210091549e-11 -2.149942868e-12)
(0 2.076702673e-11 -2.638790007e-12)
(0 1.980201287e-11 -2.728736705e-12)
(0 1.904525261e-11 -2.607236758e-12)
(0 1.843115259e-11 -2.383285133e-12)
(0 1.792534789e-11 -2.119509113e-12)
(0 1.750564232e-11 -1.850460772e-12)
(0 1.715600445e-11 -1.593871611e-12)
(0 1.686433614e-11 -1.3576302e-12)
(0 1.662135421e-11 -1.144049605e-12)
(0 1.641987456e-11 -9.524298567e-13)
(0 1.625431663e-11 -7.805626362e-13)
(0 1.612035852e-11 -6.25586983e-13)
(0 1.60146909e-11 -4.844515927e-13)
(0 1.593483232e-11 -3.541425708e-13)
(0 1.587898804e-11 -2.317743311e-13)
(0 1.58459453e-11 -1.146032994e-13)
(0 7.917503175e-12 2.441387241e-24)
(0 3.196752374e-11 5.239296601e-13)
(0 4.80052624e-11 -1.401188782e-11)
(0 9.989883662e-12 -1.472143169e-11)
(0 7.121957193e-12 -1.398341976e-11)
(0 7.385077068e-12 -1.368781735e-11)
(0 4.438806409e-12 -1.367959757e-11)
(0 2.534579098e-12 -1.375911971e-11)
(0 6.755644583e-13 -1.382492437e-11)
(0 0.5451453525 -0.07958485161)
(0 0.5639932008 -0.1936477402)
(0 0.4970643181 -0.1661717361)
(0 0.3861695023 0.04047990612)
(0 0.2682618541 0.563581236)
(0 0.1007609646 1.280260679)
(0 0.02546796302 2.470167695)
(0 0.7478121376 2.689154316)
(0 0.001799838196 2.459452372)
(0 -1.058756698e-11 1.133333945e-10)
(0 1.91004771e-12 3.891873551e-11)
(0 1.767793999e-11 1.386594675e-11)
(0 2.080240337e-11 4.432051303e-12)
(0 2.115752649e-11 5.507731701e-13)
(0 2.082415219e-11 -1.118748821e-12)
(0 2.029320408e-11 -1.805161379e-12)
(0 1.971367213e-11 -2.017782269e-12)
(0 1.914664468e-11 -1.994332042e-12)
(0 1.862085057e-11 -1.856236872e-12)
(0 1.814867499e-11 -1.668589528e-12)
(0 1.773338766e-11 -1.466545865e-12)
(0 1.73734113e-11 -1.268494455e-12)
(0 1.706490348e-11 -1.083247738e-12)
(0 1.68032168e-11 -9.141741961e-13)
(0 1.658367064e-11 -7.616262287e-13)
(0 1.640194429e-11 -6.243697642e-13)
(0 1.625426983e-11 -5.004129085e-13)
(0 1.613751111e-11 -3.874688683e-13)
(0 1.60491733e-11 -2.831972173e-13)
(0 1.598737474e-11 -1.853130912e-13)
(0 1.59508065e-11 -9.162018941e-14)
(0 7.969350418e-12 2.534898679e-24)
(0 3.218113314e-11 5.113125506e-13)
(0 4.815663278e-11 -1.350880453e-11)
(0 1.007759922e-11 -1.399072244e-11)
(0 7.180125799e-12 -1.321554384e-11)
(0 7.390494438e-12 -1.293902284e-11)
(0 4.425190728e-12 -1.296562635e-11)
(0 2.518376042e-12 -1.308271443e-11)
(0 6.684407138e-13 -1.317720641e-11)
(0 0.3676724946 -0.06252174846)
(0 0.3282862803 -0.1035360673)
(0 0.08416667637 0.04692745996)
(0 -0.2233119097 0.385429633)
(0 -0.806949471 0.926151729)
(0 -1.20305025 1.557513142)
(0 -1.258799399 2.287656419)
(0 -0.3767270398 2.503752834)
(0 -0.0001654367237 2.793342422)
(0 -1.646096104e-11 5.925344015e-12)
(0 -1.666361745e-11 8.800416255e-12)
(0 6.759694606e-12 4.790258272e-12)
(0 1.552950333e-11 1.613347578e-12)
(0 1.872637875e-11 -1.826178863e-13)
(0 1.974498095e-11 -1.070684209e-12)
(0 1.986799328e-11 -1.445331319e-12)
(0 1.961284221e-11 -1.542915965e-12)
(0 1.9206798e-11 -1.496084795e-12)
(0 1.875689511e-11 -1.378742418e-12)
(0 1.831503889e-11 -1.23206045e-12)
(0 1.790573739e-11 -1.078632214e-12)
(0 1.753930257e-11 -9.303073663e-13)
(0 1.72186564e-11 -7.926840408e-13)
(0 1.694297572e-11 -6.677580249e-13)
(0 1.670967899e-11 -5.555093414e-13)
(0 1.651552995e-11 -4.548542566e-13)
(0 1.635725942e-11 -3.642078605e-13)
(0 1.623190659e-11 -2.818036352e-13)
(0 1.61369881e-11 -2.058612695e-13)
(0 1.607056507e-11 -1.346613723e-13)
(0 1.603125839e-11 -6.656499671e-14)
(0 8.009123365e-12 2.448934533e-24)
(0 3.234692156e-11 4.972436241e-13)
(0 4.822430636e-11 -1.296445649e-11)
(0 1.014576089e-11 -1.323321719e-11)
(0 7.215595495e-12 -1.242581952e-11)
(0 7.366571319e-12 -1.217153594e-11)
(0 4.38078569e-12 -1.224277154e-11)
(0 2.477791885e-12 -1.241245457e-11)
(0 6.520399476e-13 -1.25485671e-11)
(0 0.3027952314 -0.02458571806)
(0 0.256125913 0.07645298372)
(0 -0.0597965471 0.3972350973)
(0 -0.3406172533 0.9566512006)
(0 -1.172157894 1.483233678)
(0 -1.709141821 1.733849636)
(0 -2.182271081 1.679744699)
(0 -1.247591314 1.437614543)
(0 0.0003744258099 1.942696431)
(0 -3.551242683e-12 -4.278159272e-11)
(0 1.347672261e-12 -1.384681116e-11)
(0 1.049087132e-11 -5.118660311e-12)
(0 1.582952721e-11 -2.586354205e-12)
(0 1.84734947e-11 -1.823974597e-12)
(0 1.956143876e-11 -1.536092672e-12)
(0 1.982097233e-11 -1.362607307e-12)
(0 1.966291865e-11 -1.212522057e-12)
(0 1.931081823e-11 -1.068392123e-12)
(0 1.888487492e-11 -9.306078928e-13)
(0 1.84487852e-11 -8.022757537e-13)
(0 1.803514074e-11 -6.85598218e-13)
(0 1.765935947e-11 -5.813963546e-13)
(0 1.732745282e-11 -4.894008102e-13)
(0 1.704039149e-11 -4.086430969e-13)
(0 1.679657441e-11 -3.377776063e-13)
(0 1.659324578e-11 -2.753099906e-13)
(0 1.642732045e-11 -2.197440659e-13)
(0 1.629585771e-11 -1.696651202e-13)
(0 1.619631556e-11 -1.237763819e-13)
(0 1.612667101e-11 -8.090311748e-14)
(0 1.608546787e-11 -3.997582308e-14)
(0 8.035915415e-12 1.778894579e-24)
(0 3.245964265e-11 4.812128307e-13)
(0 4.82103499e-11 -1.237980967e-11)
(0 1.019092296e-11 -1.244680734e-11)
(0 7.220801154e-12 -1.160903611e-11)
(0 7.302304471e-12 -1.13813812e-11)
(0 4.2930052e-12 -1.151372066e-11)
(0 2.402492949e-12 -1.176059955e-11)
(0 6.223955756e-13 -1.195891525e-11)
(0 0.3684215489 0.008823275491)
(0 0.3466640877 0.2233286249)
(0 0.08589436303 0.6253908587)
(0 0.08225015719 1.378701486)
(0 -0.5078757136 2.036506962)
(0 -0.821205609 1.901333424)
(0 -0.0331321407 1.550394597)
(0 -0.6442293777 1.45500594)
(0 -0.00447751648 1.178061898)
(0 1.900602767e-11 -2.642875392e-11)
(0 2.145053237e-11 -1.583930907e-11)
(0 1.802015156e-11 -8.831792049e-12)
(0 1.882418904e-11 -5.016184269e-12)
(0 1.977664028e-11 -2.990829748e-12)
(0 2.020634824e-11 -1.88713863e-12)
(0 2.01915639e-11 -1.256518307e-12)
(0 1.990705739e-11 -8.76227602e-13)
(0 1.948871217e-11 -6.344081114e-13)
(0 1.902301148e-11 -4.730561239e-13)
(0 1.856004857e-11 -3.608423343e-13)
(0 1.812661679e-11 -2.800671777e-13)
(0 1.773549998e-11 -2.202426551e-13)
(0 1.739140966e-11 -1.748419542e-13)
(0 1.709459893e-11 -1.396041064e-13)
(0 1.68430121e-11 -1.116231982e-13)
(0 1.663356349e-11 -8.884473174e-14)
(0 1.646290429e-11 -6.977808659e-14)
(0 1.632787427e-11 -5.332463299e-14)
(0 1.62257501e-11 -3.866734495e-14)
(0 1.615436563e-11 -2.519283383e-14)
(0 1.611216151e-11 -1.24303343e-14)
(0 8.049099188e-12 1.658369225e-24)
(0 3.251761687e-11 4.6415838e-13)
(0 4.810313372e-11 -1.175504684e-11)
(0 1.020481796e-11 -1.162645429e-11)
(0 7.18375142e-12 -1.075591228e-11)
(0 7.181090127e-12 -1.056162784e-11)
(0 4.143367399e-12 -1.078169467e-11)
(0 2.277604986e-12 -1.114445723e-11)
(0 5.738574062e-13 -1.143658916e-11)
(0 0.5062363026 0.03027236131)
(0 0.5105641922 0.2926331186)
(0 0.3711455071 0.7201811603)
(0 0.464013171 1.50184757)
(0 0.2954008255 2.349483039)
(0 0.1345920791 1.93286335)
(0 0.1649568324 1.460704056)
(0 -0.0427906514 1.526304459)
(0 -0.001707766521 1.088521146)
(0 1.188251653e-11 -1.535403736e-11)
(0 1.924514841e-11 -1.395611981e-11)
(0 2.131399612e-11 -9.3530012e-12)
(0 2.167048951e-11 -5.655734202e-12)
(0 2.160254034e-11 -3.23595273e-12)
(0 2.12957502e-11 -1.765114406e-12)
(0 2.083188335e-11 -9.001295678e-13)
(0 2.028502884e-11 -4.015032151e-13)
(0 1.97139897e-11 -1.200121685e-13)
(0 1.91584407e-11 3.358455406e-14)
(0 1.864177414e-11 1.120086568e-13)
(0 1.817574042e-11 1.464276777e-13)
(0 1.77645847e-11 1.553715423e-13)
(0 1.740809137e-11 1.499229995e-13)
(0 1.710361025e-11 1.36729306e-13)
(0 1.684733378e-11 1.197613015e-13)
(0 1.663509089e-11 1.013518608e-13)
(0 1.646284055e-11 8.281578353e-14)
(0 1.632696845e-11 6.48242273e-14)
(0 1.622444736e-11 4.763489514e-14)
(0 1.615290802e-11 3.123797572e-14)
(0 1.611066071e-11 1.545349046e-14)
(0 8.048345749e-12 1.876841988e-24)
(0 3.251946685e-11 4.469548967e-13)
(0 4.791559109e-11 -1.108733079e-11)
(0 1.018151785e-11 -1.076112302e-11)
(0 7.087677531e-12 -9.850325512e-12)
(0 6.978407327e-12 -9.700929726e-12)
(0 3.904905705e-12 -1.005098358e-11)
(0 2.081845045e-12 -1.058893938e-11)
(0 4.984420961e-13 -1.102210625e-11)
(0 0.6624790229 0.03383174532)
(0 0.6759198027 0.301041142)
(0 0.6213656486 0.7556624274)
(0 0.6410142756 1.419338913)
(0 0.8051425939 2.282381256)
(0 0.8929663739 2.08811051)
(0 0.3717813091 1.529545826)
(0 0.2839224474 1.655045462)
(0 0.00247183348 1.188747471)
(0 8.111497201e-12 -2.423499907e-11)
(0 2.773022911e-11 -1.50004562e-11)
(0 2.632053717e-11 -8.968218081e-12)
(0 2.494123751e-11 -5.017746298e-12)
(0 2.366726008e-11 -2.532115876e-12)
(0 2.25421714e-11 -1.037221882e-12)
(0 2.155517509e-11 -1.774173868e-13)
(0 2.068717479e-11 2.903268246e-13)
(0 1.992379994e-11 5.222416395e-13)
(0 1.92550323e-11 6.153576297e-13)
(0 1.867289169e-11 6.288418476e-13)
(0 1.816997968e-11 5.984035482e-13)
(0 1.77389953e-11 5.454073334e-13)
(0 1.737276742e-11 4.824714171e-13)
(0 1.706443723e-11 4.168718875e-13)
(0 1.680763465e-11 3.526131837e-13)
(0 1.659661797e-11 2.916931616e-13)
(0 1.642637665e-11 2.348790035e-13)
(0 1.629269339e-11 1.821833717e-13)
(0 1.619216385e-11 1.331565516e-13)
(0 1.612218422e-11 8.706671258e-14)
(0 1.608092353e-11 4.301323924e-14)
(0 8.033645697e-12 1.527761011e-24)
(0 3.246502526e-11 4.287400981e-13)
(0 4.764452611e-11 -1.036772696e-11)
(0 1.010655612e-11 -9.829632757e-12)
(0 6.905948941e-12 -8.865839066e-12)
(0 6.658233049e-12 -8.782072814e-12)
(0 3.539794942e-12 -9.328214823e-12)
(0 1.786339185e-12 -1.01303458e-11)
(0 3.855109196e-13 -1.077318013e-11)
(0 0.7823028439 0.02541300152)
(0 0.7744436604 0.3043862952)
(0 0.7213221379 0.8024103038)
(0 0.648914857 1.303574522)
(0 1.007207524 2.046759451)
(0 1.181233004 2.25301551)
(0 0.487978846 2.046656561)
(0 0.4875805606 1.853164906)
(0 0.003737611483 1.397022977)
(0 7.602081429e-12 -2.172948043e-11)
(0 3.481625187e-11 -1.253782473e-11)
(0 3.129670601e-11 -6.501611422e-12)
(0 2.810659172e-11 -2.914885114e-12)
(0 2.558306476e-11 -8.37626985e-13)
(0 2.365044869e-11 3.257437595e-13)
(0 2.215943206e-11 9.373134357e-13)
(0 2.098468787e-11 1.217946807e-12)
(0 2.003902051e-11 1.303262318e-12)
(0 1.92650409e-11 1.276733283e-12)
(0 1.862482006e-11 1.189579146e-12)
(0 1.809230591e-11 1.072937727e-12)
(0 1.764865257e-11 9.454007027e-13)
(0 1.727955592e-11 8.177098971e-13)
(0 1.697375202e-11 6.956989579e-13)
(0 1.672215506e-11 5.821455939e-13)
(0 1.651735671e-11 4.779423292e-13)
(0 1.635333076e-11 3.82835255e-13)
(0 1.6225246e-11 2.958856231e-13)
(0 1.61293307e-11 2.157537027e-13)
(0 1.606276471e-11 1.40870454e-13)
(0 1.602359399e-11 6.953996492e-14)
(0 8.00533251e-12 1.122777805e-24)
(0 3.23550793e-11 4.100313568e-13)
(0 4.729472838e-11 -9.578846295e-12)
(0 9.960586053e-12 -8.796863471e-12)
(0 6.601780151e-12 -7.762947846e-12)
(0 6.173148298e-12 -7.781660871e-12)
(0 3.000652014e-12 -8.624761207e-12)
(0 1.356345201e-12 -9.820838491e-12)
(0 2.22538231e-13 -1.076979585e-11)
(0 0.8104593528 0.02746581823)
(0 0.7105932326 0.3664008206)
(0 0.6050594284 0.8929082669)
(0 0.5629137668 1.226877887)
(0 0.8768726166 1.887679174)
(0 0.9899721571 2.397415831)
(0 0.6240554856 2.384775338)
(0 0.6964886949 2.105898313)
(0 0.005034120374 1.72093566)
(0 6.932490813e-12 -1.772608332e-11)
(0 4.331573619e-11 -6.562112725e-12)
(0 3.594347678e-11 -1.585593779e-12)
(0 3.060522195e-11 6.974285463e-13)
(0 2.690788895e-11 1.770676059e-12)
(0 2.431711182e-11 2.240454085e-12)
(0 2.244737814e-11 2.382942917e-12)
(0 2.105312367e-11 2.340849556e-12)
(0 1.998258641e-11 2.19610188e-12)
(0 1.914134913e-11 1.998717696e-12)
(0 1.846909613e-11 1.779794704e-12)
(0 1.792580124e-11 1.558367142e-12)
(0 1.748376747e-11 1.345556678e-12)
(0 1.712306567e-11 1.147282775e-12)
(0 1.682887293e-11 9.660823626e-13)
(0 1.658987802e-11 8.023381648e-13)
(0 1.639730763e-11 6.551028161e-13)
(0 1.624431995e-11 5.226418535e-13)
(0 1.612561183e-11 4.027802855e-13)
(0 1.603714868e-11 2.931141952e-13)
(0 1.597597048e-11 1.911327783e-13)
(0 1.594005308e-11 9.428313438e-14)
(0 7.964105733e-12 9.875641575e-25)
(0 3.219333815e-11 3.900885947e-13)
(0 4.687849527e-11 -8.688743908e-12)
(0 9.719620653e-12 -7.608076899e-12)
(0 6.130186508e-12 -6.486580905e-12)
(0 5.469066716e-12 -6.67120625e-12)
(0 2.23721468e-12 -7.959915652e-12)
(0 7.57238611e-13 -9.731859393e-12)
(0 -2.543269263e-15 -1.111669453e-11)
(0 0.6506818576 0.09409046552)
(0 0.3565832906 0.548996813)
(0 0.3193232442 0.9724812826)
(0 0.3823206572 1.054621333)
(0 0.6697734112 1.685186031)
(0 0.8183966174 2.368876002)
(0 0.7671737223 2.444033675)
(0 0.8528622382 2.381551924)
(0 0.006581790128 2.146125526)
(0 6.542325513e-12 4.218874212e-12)
(0 5.139730267e-11 6.041690652e-12)
(0 3.855624728e-11 6.023862179e-12)
(0 3.146286156e-11 5.519474339e-12)
(0 2.712609029e-11 4.982488342e-12)
(0 2.426271555e-11 4.482450305e-12)
(0 2.225982753e-11 4.013164191e-12)
(0 2.079784683e-11 3.566415094e-12)
(0 1.969688865e-11 3.141584889e-12)
(0 1.884873373e-11 2.742248616e-12)
(0 1.818446951e-11 2.372519503e-12)
(0 1.765806788e-11 2.035181417e-12)
(0 1.72375682e-11 1.731178941e-12)
(0 1.690008161e-11 1.459786662e-12)
(0 1.662880741e-11 1.219013308e-12)
(0 1.641117551e-11 1.006023383e-12)
(0 1.62376604e-11 8.17489705e-13)
(0 1.610100823e-11 6.498521921e-13)
(0 1.599571834e-11 4.994866914e-13)
(0 1.591768319e-11 3.628003609e-13)
(0 1.586393365e-11 2.36273565e-13)
(0 1.583246121e-11 1.16465906e-13)
(0 7.911049376e-12 6.181909099e-25)
(0 3.19832336e-11 3.699511333e-13)
(0 4.639140239e-11 -7.648814199e-12)
(0 9.352533038e-12 -6.187311975e-12)
(0 5.44324841e-12 -4.967950598e-12)
(0 4.495144925e-12 -5.421586461e-12)
(0 1.208299925e-12 -7.364592414e-12)
(0 -3.564267233e-14 -9.954290719e-12)
(0 -2.976223406e-13 -1.194011453e-11)
(0 0.1554256099 0.3372960607)
(0 -0.1419005772 0.7331147685)
(0 -0.03964400178 0.8661912207)
(0 0.0664005792 0.7656183664)
(0 0.4157909991 1.399271644)
(0 0.8426342434 2.176817587)
(0 0.7545284513 2.340672008)
(0 0.9128822582 2.698391457)
(0 0.00399874714 2.619032346)
(0 6.967124707e-12 3.513917103e-11)
(0 4.567013422e-11 2.103561216e-11)
(0 3.542126046e-11 1.411987836e-11)
(0 2.956384811e-11 1.037407983e-11)
(0 2.587086492e-11 8.157395003e-12)
(0 2.334778767e-11 6.693698779e-12)
(0 2.153134293e-11 5.620857695e-12)
(0 2.018154437e-11 4.770073609e-12)
(0 1.915841993e-11 4.061588338e-12)
(0 1.837228374e-11 3.456186739e-12)
(0 1.776202894e-11 2.932860457e-12)
(0 1.728446067e-11 2.47865976e-12)
(0 1.690837272e-11 2.084188037e-12)
(0 1.661090004e-11 1.74166843e-12)
(0 1.637510965e-11 1.44415641e-12)
(0 1.618835442e-11 1.185246234e-12)
(0 1.604113644e-11 9.589747758e-13)
(0 1.592631693e-11 7.597886079e-13)
(0 1.583856e-11 5.825173985e-13)
(0 1.577393555e-11 4.22334589e-13)
(0 1.572963603e-11 2.747033724e-13)
(0 1.570377951e-11 1.3531161e-13)
(0 7.847639827e-12 2.872680997e-25)
(0 3.173116561e-11 3.503567686e-13)
(0 4.585656705e-11 -6.391808808e-12)
(0 8.835363481e-12 -4.438058385e-12)
(0 4.501235737e-12 -3.129777228e-12)
(0 3.216629871e-12 -4.009935256e-12)
(0 -1.049324019e-13 -6.884205823e-12)
(0 -1.02676546e-12 -1.05934859e-11)
(0 -6.626235733e-13 -1.337680539e-11)
(0 -0.4122773282 0.4256278951)
(0 -0.445597584 0.7730365074)
(0 -0.4110237938 0.7130097128)
(0 -0.3918255478 0.5850497929)
(0 -0.1256726177 1.055636185)
(0 0.4519890941 1.7531665)
(0 1.188324524 2.483243491)
(0 0.8650474619 2.960980741)
(0 0.0009411987887 3.077337784)
(0 6.730137503e-12 5.327228043e-11)
(0 3.104848643e-11 2.951289853e-11)
(0 2.789471496e-11 1.904594509e-11)
(0 2.55003782e-11 1.369952413e-11)
(0 2.344570924e-11 1.057931135e-11)
(0 2.172617824e-11 8.514084098e-12)
(0 2.033620236e-11 7.006496313e-12)
(0 1.923857748e-11 5.83144378e-12)
(0 1.838300178e-11 4.878525025e-12)
(0 1.772000585e-11 4.088063489e-12)
(0 1.720694253e-11 3.424078987e-12)
(0 1.680939546e-11 2.862403582e-12)
(0 1.650057687e-11 2.385236662e-12)
(0 1.626004998e-11 1.978533635e-12)
(0 1.607238521e-11 1.630686948e-12)
(0 1.592599388e-11 1.331817837e-12)
(0 1.581220277e-11 1.073362961e-12)
(0 1.572455085e-11 8.478030002e-13)
(0 1.565826432e-11 6.484588528e-13)
(0 1.560986917e-11 4.693212374e-13)
(0 1.557691067e-11 3.048990481e-13)
(0 1.555775784e-11 1.50080009e-13)
(0 7.775737766e-12 3.050480654e-25)
(0 3.14450142e-11 3.307338667e-13)
(0 4.527930894e-11 -4.832364265e-12)
(0 8.143173887e-12 -2.247551721e-12)
(0 3.273770467e-12 -8.945972585e-13)
(0 1.618457977e-12 -2.427834225e-12)
(0 -1.694788899e-12 -6.58016757e-12)
(0 -2.196828461e-12 -1.175995162e-11)
(0 -1.08807439e-12 -1.555705141e-11)
(0 -0.6265877091 0.3803714043)
(0 -0.5144878616 0.7818833779)
(0 -0.5917699021 0.7404223012)
(0 -0.72440356 0.5252847552)
(0 -0.6340032978 0.7574749265)
(0 -0.2387149159 1.262011914)
(0 -0.2768519471 1.992995706)
(0 0.07724071053 3.648972539)
(0 -0.001231995152 3.343732179)
(0 3.964263153e-12 3.983122591e-11)
(0 1.223160508e-11 2.548598767e-11)
(0 1.960788606e-11 1.885149061e-11)
(0 2.109721437e-11 1.479875229e-11)
(0 2.068542489e-11 1.194624602e-11)
(0 1.977497263e-11 9.776866292e-12)
(0 1.884870261e-11 8.059628249e-12)
(0 1.805357308e-11 6.670705587e-12)
(0 1.741503964e-11 5.533030651e-12)
(0 1.691783771e-11 4.593479064e-12)
(0 1.653636903e-11 3.812988995e-12)
(0 1.624561835e-11 3.161630218e-12)
(0 1.602450277e-11 2.615810176e-12)
(0 1.585635033e-11 2.156529979e-12)
(0 1.572839385e-11 1.768224497e-12)
(0 1.563103043e-11 1.437957286e-12)
(0 1.55571216e-11 1.154839229e-12)
(0 1.550141282e-11 9.095894659e-13)
(0 1.546007824e-11 6.941883265e-13)
(0 1.543037575e-11 5.015923912e-13)
(0 1.54103948e-11 3.254935975e-13)
(0 1.539888047e-11 1.6011019e-13)
(0 7.697559818e-12 1.385091211e-26)
(0 3.113331378e-11 3.119147941e-13)
(0 4.467522361e-11 -2.868861734e-12)
(0 7.250478016e-12 5.085165527e-13)
(0 1.731019808e-12 1.807523167e-12)
(0 -3.073398285e-13 -6.886863718e-13)
(0 -3.539548186e-12 -6.531351583e-12)
(0 -3.511184252e-12 -1.356087878e-11)
(0 -1.557818397e-12 -1.858849667e-11)
(0 -0.3427511606 0.3210107207)
(0 -0.3339921626 0.7654151282)
(0 -0.4681694519 0.8918811858)
(0 -0.6588026741 0.5682457303)
(0 -0.5444780025 0.5376690241)
(0 -0.2212657855 0.9279108603)
(0 -0.4077515087 1.903172547)
(0 -0.8544432775 4.078903435)
(0 -0.007646596887 3.058696955)
(0 1.45744388e-11 4.363765467e-12)
(0 1.091557877e-11 1.459581031e-11)
(0 1.720747957e-11 1.607524111e-11)
(0 1.859513361e-11 1.469777117e-11)
(0 1.842382325e-11 1.263003964e-11)
(0 1.783956047e-11 1.058754831e-11)
(0 1.723004166e-11 8.78448645e-12)
(0 1.671197988e-11 7.258758792e-12)
(0 1.630577526e-11 5.989448213e-12)
(0 1.599996419e-11 4.939853151e-12)
(0 1.577509368e-11 4.072770923e-12)
(0 1.561221664e-11 3.35531225e-12)
(0 1.549547663e-11 2.759834499e-12)
(0 1.54124643e-11 2.263538576e-12)
(0 1.535381252e-11 1.847705481e-12)
(0 1.531260861e-11 1.496925445e-12)
(0 1.528383495e-11 1.198425607e-12)
(0 1.526389995e-11 9.415106341e-13)
(0 1.525026724e-11 7.17102708e-13)
(0 1.524117444e-11 5.173621805e-13)
(0 1.523542847e-11 3.353713777e-13)
(0 1.523226424e-11 1.648659647e-13)
(0 7.615627576e-12 -3.979765397e-25)
(0 3.080672475e-11 2.941252107e-13)
(0 4.405705025e-11 -3.773917541e-13)
(0 6.119128021e-12 3.970026094e-12)
(0 -1.731685861e-13 5.037359526e-12)
(0 -2.580919528e-12 1.166070571e-12)
(0 -5.621258702e-12 -6.840459498e-12)
(0 -4.931510109e-12 -1.610162942e-11)
(0 -2.052698268e-12 -2.254992109e-11)
(0 0.09036657034 0.3601476722)
(0 -0.1560144035 0.8399200688)
(0 -0.3550560714 1.089071714)
(0 -0.5066264192 0.5833920504)
(0 -0.4591164795 0.3012817061)
(0 -0.7683901339 1.060585715)
(0 -1.815365468 2.407302875)
(0 -1.261785133 3.534435661)
(0 -0.02548556517 2.190498429)
(0 5.566869372e-11 7.334678209e-13)
(0 2.47220727e-11 1.323782113e-11)
(0 1.970984691e-11 1.615575539e-11)
(0 1.76520129e-11 1.528708551e-11)
(0 1.657520203e-11 1.328859624e-11)
(0 1.592941944e-11 1.115881707e-11)
(0 1.551991309e-11 9.232040255e-12)
(0 1.525853485e-11 7.590435698e-12)
(0 1.5096134e-11 6.226187072e-12)
(0 1.500116042e-11 5.103735488e-12)
(0 1.495182813e-11 4.182936421e-12)
(0 1.493268192e-11 3.427013351e-12)
(0 1.49327291e-11 2.804672136e-12)
(0 1.494422131e-11 2.290072543e-12)
(0 1.496178072e-11 1.862113535e-12)
(0 1.498175056e-11 1.503588303e-12)
(0 1.500170679e-11 1.200402122e-12)
(0 1.502008993e-11 9.409045001e-13)
(0 1.503592979e-11 7.153360311e-13)
(0 1.504864442e-11 5.153742772e-13)
(0 1.505789859e-11 3.337592596e-13)
(0 1.506350909e-11 1.639793603e-13)
(0 7.532693853e-12 -4.716305618e-25)
(0 3.047597406e-11 2.79210169e-13)
(0 4.343753139e-11 2.79763039e-12)
(0 4.717757053e-12 8.298606738e-12)
(0 -2.464546176e-12 8.843645532e-12)
(0 -5.187227275e-12 3.056485342e-12)
(0 -7.880602327e-12 -7.647328787e-12)
(0 -6.384250958e-12 -1.949646061e-11)
(0 -2.539282996e-12 -2.749067233e-11)
(0 0.3187754705 0.5670768785)
(0 -0.3126833348 1.196781448)
(0 -0.5931314219 1.301361736)
(0 -1.006089783 0.6898266962)
(0 -1.570410297 0.8333701982)
(0 -2.376588202 1.875740315)
(0 -2.512219809 3.06684947)
(0 -1.646970945 2.624440226)
(0 -0.04315332231 1.394371345)
(0 8.785284287e-11 1.919364221e-11)
(0 2.689863377e-11 2.202663161e-11)
(0 1.925674396e-11 2.002266844e-11)
(0 1.572797447e-11 1.700626712e-11)
(0 1.42955548e-11 1.407848847e-11)
(0 1.378300448e-11 1.152709592e-11)
(0 1.366166029e-11 9.394443205e-12)
(0 1.37061267e-11 7.644792572e-12)
(0 1.381907505e-11 6.221160999e-12)
(0 1.395671354e-11 5.065985049e-12)
(0 1.409837155e-11 4.128236958e-12)
(0 1.423395236e-11 3.365138677e-12)
(0 1.435853582e-11 2.741767578e-12)
(0 1.44699057e-11 2.229955255e-12)
(0 1.456732828e-11 1.807066941e-12)
(0 1.465089719e-11 1.45488527e-12)
(0 1.472115115e-11 1.15866321e-12)
(0 1.477883386e-11 9.063468201e-13)
(0 1.482473702e-11 6.879463669e-13)
(0 1.485959767e-11 4.950287974e-13)
(0 1.488403355e-11 3.203050433e-13)
(0 1.489850499e-11 1.572880047e-13)
(0 7.451648215e-12 -7.211051866e-25)
(0 3.015288397e-11 2.692139859e-13)
(0 4.283637486e-11 6.827912106e-12)
(0 3.146040405e-12 1.364553154e-11)
(0 -4.927985859e-12 1.323100088e-11)
(0 -7.812272723e-12 4.848869897e-12)
(0 -9.976856312e-12 -9.120087023e-12)
(0 -7.600250974e-12 -2.383919804e-11)
(0 -2.91525184e-12 -3.338122044e-11)
(0 0.1444351894 0.9771261573)
(0 -0.8463385589 1.680536999)
(0 -0.9490289101 1.834663299)
(0 -1.277264824 1.466428639)
(0 -2.121507062 1.540429197)
(0 -2.890222775 2.356311401)
(0 -2.261734198 2.05697908)
(0 -1.400305658 1.144908095)
(0 -9.03797679e-12 2.006080427e-10)
(0 6.69308961e-11 6.019250263e-11)
(0 2.590805659e-11 3.600824526e-11)
(0 1.468948243e-11 2.490211886e-11)
(0 1.170783294e-11 1.863685886e-11)
(0 1.109603083e-11 1.44920265e-11)
(0 1.124537417e-11 1.147665691e-11)
(0 1.163760974e-11 9.173879982e-12)
(0 1.208525264e-11 7.373171883e-12)
(0 1.251732648e-11 5.947711711e-12)
(0 1.290823638e-11 4.810828966e-12)
(0 1.325098175e-11 3.898904518e-12)
(0 1.354621254e-11 3.163548554e-12)
(0 1.379754568e-11 2.567306528e-12)
(0 1.400952067e-11 2.080903592e-12)
(0 1.418671073e-11 1.681292257e-12)
(0 1.433334683e-11 1.350195508e-12)
(0 1.445316834e-11 1.072991768e-12)
(0 1.454937308e-11 8.378504878e-13)
(0 1.462461176e-11 6.350564795e-13)
(0 1.468100309e-11 4.564770376e-13)
(0 1.472015779e-11 2.951356168e-13)
(0 1.474320404e-11 1.448627347e-13)
(0 7.375405848e-12 -6.301171482e-25)
(0 2.984813376e-11 2.702235112e-13)
(0 4.22643412e-11 1.176579582e-11)
(0 1.921669528e-12 1.996730436e-11)
(0 -6.607727191e-12 1.802960846e-11)
(0 -9.270315507e-12 6.340971396e-12)
(0 -1.078610118e-11 -1.134863302e-11)
(0 -7.792024713e-12 -2.901321977e-11)
(0 -2.902719442e-12 -3.989092153e-11)
(0 -1.439764678 1.718804346)
(0 -2.353703748 2.220609013)
(0 -2.177015239 1.803972204)
(0 -2.08352118 1.334360142)
(0 -1.756221367 2.071596515)
(0 -1.740970666 2.104812632)
(0 -1.097705561 1.230451914)
(0 -0.01498477362 0.3145405317)
(0 6.810919102e-12 1.199066393e-10)
(0 -5.050818683e-11 6.170058474e-11)
(0 -8.39174999e-12 3.691059006e-11)
(0 1.885357562e-12 2.494093937e-11)
(0 5.317882112e-12 1.814702288e-11)
(0 7.135352851e-12 1.377609329e-11)
(0 8.46485796e-12 1.071364334e-11)
(0 9.558175259e-12 8.451288633e-12)
(0 1.047995843e-11 6.726343997e-12)
(0 1.125673213e-11 5.385716242e-12)
(0 1.190790635e-11 4.33073975e-12)
(0 1.245109113e-11 3.493025392e-12)
(0 1.290235437e-11 2.822859478e-12)
(0 1.327589086e-11 2.283009233e-12)
(0 1.358389143e-11 1.845049425e-12)
(0 1.383662019e-11 1.486981779e-12)
(0 1.404259671e-11 1.191587174e-12)
(0 1.420880613e-11 9.452331718e-13)
(0 1.434089857e-11 7.369858844e-13)
(0 1.444336357e-11 5.579353979e-13)
(0 1.45196768e-11 4.006746589e-13)
(0 1.457241925e-11 2.588887956e-13)
(0 1.460336937e-11 1.270224651e-13)
(0 7.306785481e-12 -2.809760072e-25)
(0 2.957175262e-11 2.879386136e-13)
(0 4.178296693e-11 1.716924254e-11)
(0 2.30516789e-12 2.655228251e-11)
(0 -5.299849654e-12 2.258782979e-11)
(0 -6.970501e-12 7.2470882e-12)
(0 -7.972376043e-12 -1.407807508e-11)
(0 -5.403306033e-12 -3.424286419e-11)
(0 -1.971868186e-12 -4.590453968e-11)
(0 -2.99516466 2.366028932)
(0 -3.029025537 2.331260871)
(0 -2.675341047 1.431603063)
(0 -2.860507901 1.330433409)
(0 -1.886633411 1.492718524)
(0 -0.9370893684 1.528983597)
(0 -0.2936830141 0.7110280149)
(0 1.69311454e-11 7.411881952e-11)
(0 2.172343484e-11 -2.415895898e-13)
(0 -1.5984633e-11 2.636832001e-11)
(0 -1.085158871e-11 2.499265212e-11)
(0 -4.074084751e-12 1.980405092e-11)
(0 5.429868638e-13 1.523416812e-11)
(0 3.662651299e-12 1.175166276e-11)
(0 5.920569508e-12 9.150555161e-12)
(0 7.650310394e-12 7.191323318e-12)
(0 9.019680251e-12 5.695231234e-12)
(0 1.012172223e-11 4.53809612e-12)
(0 1.101554553e-11 3.633413814e-12)
(0 1.174310148e-11 2.919620634e-12)
(0 1.233619638e-11 2.351868809e-12)
(0 1.281973562e-11 1.896822289e-12)
(0 1.321349322e-11 1.529291274e-12)
(0 1.353324848e-11 1.22997862e-12)
(0 1.379159822e-11 9.839163536e-13)
(0 1.399856705e-11 7.793475505e-13)
(0 1.416207531e-11 6.069072437e-13)
(0 1.428830054e-11 4.590104708e-13)
(0 1.438195649e-11 3.293862436e-13)
(0 1.44465056e-11 2.127144417e-13)
(0 1.448431525e-11 1.043341955e-13)
(0 7.248383383e-12 -6.222426286e-25)
(0 2.933246975e-11 3.127930246e-13)
(0 4.147956242e-11 2.156935755e-11)
(0 6.057795117e-12 3.137992638e-11)
(0 1.973139475e-12 2.539486197e-11)
(0 2.44600669e-12 7.211066499e-12)
(0 1.374747187e-12 -1.636315404e-11)
(0 1.426347625e-12 -3.755847951e-11)
(0 4.913363199e-13 -4.899977901e-11)
(0 -3.329550288 1.535977524)
(0 -2.506920927 1.602425272)
(0 -2.046969283 1.168565234)
(0 -1.731492223 0.8557731111)
(0 -1.287302671 0.6570513317)
(0 -0.901911739 0.5138996812)
(0 -0.004362044356 0.2213737477)
(0 -3.134456437e-11 6.677602015e-11)
(0 -4.792831096e-11 2.313855656e-11)
(0 -2.527394513e-11 1.902225237e-11)
(0 -1.495601902e-11 1.688773383e-11)
(0 -7.873126431e-12 1.404841531e-11)
(0 -2.734506044e-12 1.123390128e-11)
(0 1.051739887e-12 8.84583885e-12)
(0 3.904518516e-12 6.945620758e-12)
(0 6.102851332e-12 5.468247234e-12)
(0 7.826731227e-12 4.325183633e-12)
(0 9.194914708e-12 3.438044228e-12)
(0 1.028943086e-11 2.745221097e-12)
(0 1.116954613e-11 2.200193374e-12)
(0 1.187955602e-11 1.768181824e-12)
(0 1.245331332e-11 1.423116754e-12)
(0 1.291704776e-11 1.145302486e-12)
(0 1.329124527e-11 9.197087678e-13)
(0 1.359196564e-11 7.347359902e-13)
(0 1.383179702e-11 5.81319511e-13)
(0 1.402056149e-11 4.522733935e-13)
(0 1.416584257e-11 3.418030742e-13)
(0 1.427338078e-11 2.451371385e-13)
(0 1.43473672e-11 1.582425081e-13)
(0 1.439065493e-11 7.759703723e-14)
(0 7.202451285e-12 -7.375462962e-25)
(0 2.913722432e-11 3.057411777e-13)
(0 4.144633261e-11 2.242799154e-11)
(0 1.397839711e-11 3.108951284e-11)
(0 1.643780969e-11 2.418218751e-11)
(0 2.014257476e-11 5.940402545e-12)
(0 1.808048537e-11 -1.651352416e-11)
(0 1.310237143e-11 -3.587141516e-11)
(0 4.589891221e-12 -4.567079882e-11)
(0 -2.355680149 1.662301714)
(0 -1.920175608 1.351855025)
(0 -1.351134848 0.7557126424)
(0 -0.8953711359 0.4988580154)
(0 -0.5218531457 0.3436800142)
(0 -0.165390573 0.030193)
(0 -9.762055959e-12 5.180186425e-13)
(0 -1.725158929e-11 -1.177186005e-11)
(0 -2.507633704e-11 6.981178608e-12)
(0 -2.223545571e-11 9.694284258e-12)
(0 -1.582542581e-11 9.487573594e-12)
(0 -9.727917301e-12 8.267931226e-12)
(0 -4.6595896e-12 6.807175082e-12)
(0 -6.256292243e-13 5.452193552e-12)
(0 2.542977892e-12 4.317867504e-12)
(0 5.029873268e-12 3.410877217e-12)
(0 6.989477246e-12 2.69922345e-12)
(0 8.541759698e-12 2.143690046e-12)
(0 9.777694673e-12 1.709248174e-12)
(0 1.076606221e-11 1.367760242e-12)
(0 1.155911976e-11 1.097549491e-12)
(0 1.219685629e-11 8.821531706e-13)
(0 1.271008523e-11 7.090818201e-13)
(0 1.312268199e-11 5.688069583e-13)
(0 1.345320896e-11 4.539908457e-13)
(0 1.371610445e-11 3.589150674e-13)
(0 1.392255887e-11 2.790589535e-13)
(0 1.408116428e-11 2.10786807e-13)
(0 1.419839593e-11 1.511125052e-13)
(0 1.42789655e-11 9.751821145e-14)
(0 1.432607274e-11 4.781026468e-14)
(0 7.170786346e-12 -2.334846105e-26)
(0 2.899665657e-11 2.941670772e-13)
(0 4.13215435e-11 1.744824729e-11)
(0 2.372607202e-11 2.272559689e-11)
(0 3.40440415e-11 1.724213079e-11)
(0 4.105724999e-11 3.516656149e-12)
(0 3.737262515e-11 -1.28624454e-11)
(0 2.632120047e-11 -2.655890832e-11)
(0 9.169582577e-12 -3.323764272e-11)
(0 -3.174565382 1.213163536)
(0 -0.8769000423 0.6246087729)
(0 -0.7388498509 0.1689338382)
(0 -0.1939234796 0.06748110654)
(0 -0.0853065621 -0.08580309292)
(0 -0.00167352026 -0.004064207339)
(0 -1.424332128e-11 1.119020404e-11)
(0 -3.120499369e-11 -2.113394152e-12)
(0 -2.968606011e-11 3.632433274e-12)
(0 -2.276815717e-11 3.285538051e-12)
(0 -1.638237209e-11 3.100338802e-12)
(0 -1.055352494e-11 2.728591766e-12)
(0 -5.550243717e-12 2.27473116e-12)
(0 -1.437567692e-12 1.837937648e-12)
(0 1.863202181e-12 1.462792693e-12)
(0 4.484207278e-12 1.158161936e-12)
(0 6.559544056e-12 9.171267022e-13)
(0 8.204939432e-12 7.282287471e-13)
(0 9.513501055e-12 5.803064363e-13)
(0 1.055784745e-11 4.640351286e-13)
(0 1.139394895e-11 3.720916731e-13)
(0 1.206484565e-11 2.988643185e-13)
(0 1.260370155e-11 2.400810402e-13)
(0 1.30361543e-11 1.924806345e-13)
(0 1.338207375e-11 1.535533524e-13)
(0 1.365686513e-11 1.213454164e-13)
(0 1.387243323e-11 9.431402373e-14)
(0 1.403789612e-11 7.121977223e-14)
(0 1.416011218e-11 5.104586383e-14)
(0 1.424406496e-11 3.293602578e-14)
(0 1.429313672e-11 1.614532542e-14)
(0 7.15464102e-12 2.108361147e-25)
(0 2.892397239e-11 1.502025927e-13)
(0 4.127941764e-11 6.55462239e-12)
(0 3.006365817e-11 8.047892332e-12)
(0 4.544725422e-11 6.061158509e-12)
(0 5.383945143e-11 1.048796959e-12)
(0 4.889365658e-11 -4.871431338e-12)
(0 3.4106666e-11 -9.750376229e-12)
(0 1.183139457e-11 -1.211539685e-11)
)
;

boundaryField
{
    lowerWall
    {
        type            slip;
    }
    atmosphere
    {
        type            pressureInletOutletVelocity;
        tangentialVelocity uniform (0 0 0);
        value           nonuniform List<vector> 
80
(
(0 0.2011003361 0)
(0 0.6019667056 0)
(0 -0.05307834296 0.1696689752)
(0 -0.11079121 0.8241249506)
(0 -1.563088324 2.228390446)
(0 -2.786501858 -1.095830644)
(0 -2.575846304 -0.2129647273)
(0 -2.794153385 -2.653280883)
(0 -3.132666345 -2.910961672)
(0 -2.689257913 -2.906167211)
(0 -1.160221276 -2.293343844)
(0 0.7637684677 0)
(0 1.787336889 0)
(0 1.862716627 0)
(0 1.618623426 0)
(0 1.330818874 0)
(0 1.088269656 0)
(0 0.9137267485 0)
(0 0.7851825923 0)
(0 0.670280488 0)
(0 0.5601701485 0)
(0 0.4603130781 0)
(0 0.378566645 0)
(0 0.3188922358 0)
(0 0.2810335589 0)
(0 0.2602641478 0)
(0 0.2461945889 0)
(0 0.2324363905 0)
(0 0.2213428359 0)
(0 0.2115428311 0)
(0 0.2088819844 0)
(0 0.20758624 0)
(0 0.2231431098 0)
(0 0.2377213265 0)
(0 0.264286659 0)
(0 0.2806813109 0)
(0 0.2751983516 0)
(0 0.2392346977 0)
(0 0.1683093831 0)
(0 0.05553386139 0)
(0 -0.1170034444 -0.1091191297)
(0 -0.2976667148 -0.1287703806)
(0 -0.54122984 0.04244588128)
(0 -0.3251681621 0.1632445555)
(0 -0.05532363591 0.1447875591)
(0 0.1873433488 0)
(0 0.3800912397 0)
(0 0.5313808166 0)
(0 0.6499860244 0)
(0 0.7457751625 0)
(0 0.8222180821 0)
(0 0.8682178562 0)
(0 0.8934357088 0)
(0 0.9280614029 0)
(0 0.8539778483 0)
(0 0.9317360951 0)
(0 0.8958632091 0)
(0 0.8415701866 0)
(0 0.7242591391 0)
(0 0.5451453525 0)
(0 0.3676724946 0)
(0 0.3027952314 0)
(0 0.3684215489 0)
(0 0.5062363026 0)
(0 0.6624790229 0)
(0 0.7823028439 0)
(0 0.8104593528 0)
(0 0.6506818576 0)
(0 0.1554256099 0)
(0 -0.4122773282 0.4256278951)
(0 -0.6265877091 0.3803714043)
(0 -0.3427511606 0.3210107207)
(0 0.09036657034 0)
(0 0.3187754705 0)
(0 0.1444351894 0)
(0 -1.439764678 1.718804346)
(0 -2.99516466 2.366028932)
(0 -3.329550288 1.535977524)
(0 -2.355680149 1.662301714)
(0 -3.174565382 1.213163536)
)
;
    }
    rightWall
    {
        type            empty;
    }
    leftWall
    {
        type            empty;
    }
    frontAndBack
    {
        type            slip;
    }
}


// ************************************************************************* //
