/*--------------------------------*- C++ -*----------------------------------*\
| =========                 |                                                 |
| \\      /  F ield         | OpenFOAM: The Open Source CFD Toolbox           |
|  \\    /   O peration     | Version:  2506                                  |
|   \\  /    A nd           | Website:  www.openfoam.com                      |
|    \\/     M anipulation  |                                                 |
\*---------------------------------------------------------------------------*/
FoamFile
{
    version     2.0;
    format      ascii;
    arch        "LSB;label=32;scalar=64";
    class       surfaceScalarField;
    location    "0.008";
    object      phi;
}
// * * * * * * * * * * * * * * * * * * * * * * * * * * * * * * * * * * * * * //

dimensions      [0 3 -1 0 0 0 0];

oriented        oriented;

internalField   nonuniform List<scalar> 
6280
(
1.506532599e-08
-1.527778252e-09
1.445817368e-08
6.071540937e-10
2.881852898e-11
1.442935175e-08
-3.943208796e-09
3.972024383e-09
-2.356045159e-09
-1.587180816e-09
1.534140448e-14
-2.356089774e-09
6.217593979e-20
3.164879437e-21
6.998618156e-20
-7.810241755e-21
4.944610513e-20
2.054025067e-20
3.472690839e-20
1.471961926e-20
2.767992541e-20
7.047657402e-21
2.539727748e-20
2.2835588e-21
2.554915536e-20
-1.507593329e-22
2.682872959e-20
-1.27817812e-21
2.859858297e-20
-1.768203686e-21
3.056897515e-20
-1.968679771e-21
3.260844652e-20
-2.037681005e-21
3.465015692e-20
-2.039726513e-21
3.665162011e-20
-1.999280752e-21
3.858004754e-20
-1.926157136e-21
4.040819208e-20
-1.825891017e-21
4.211359363e-20
-1.703182811e-21
4.367842343e-20
-1.562609819e-21
4.508912701e-20
-1.408483616e-21
4.633583907e-20
-1.244577093e-21
4.741171225e-20
-1.073952202e-21
4.831225165e-20
-8.989283293e-22
4.903469197e-20
-7.21159456e-22
4.957744699e-20
-5.417672131e-22
4.993966973e-20
-3.614839241e-22
5.012095494e-20
-1.80781985e-22
5.012052768e-20
-1.465907515e-32
5.526846923e-20
-5.144629829e-21
2.519130085e-19
-2.108072617e-19
5.090779052e-19
-2.69467714e-19
7.109771838e-19
-2.135959327e-19
7.669913169e-19
-6.762186399e-20
6.421660171e-19
1.13230362e-19
3.601832163e-19
2.703897223e-19
3.485929779e-19
1.590739791e-08
-1.058151734e-09
1.67503091e-08
-2.357638909e-10
1.450729794e-08
1.667235644e-08
5.422025586e-09
1.305726511e-08
-4.291208566e-12
3.839084356e-09
5.451400495e-15
-2.360428012e-09
1.004488368e-19
-1.369094874e-20
9.833722352e-20
-5.698253181e-21
4.362457839e-20
7.525369587e-20
2.705494653e-20
3.129047026e-20
2.29158268e-20
1.118842706e-20
2.296295935e-20
2.23852423e-21
2.442173657e-20
-1.607101773e-21
2.633870402e-20
-3.192397261e-21
2.839810688e-20
-3.824509176e-21
3.049997392e-20
-4.067132864e-21
3.260640101e-20
-4.140404916e-21
3.469060268e-20
-4.120024005e-21
3.672474373e-20
-4.029437732e-21
3.868031366e-20
-3.877740274e-21
4.053090029e-20
-3.6725085e-21
4.225416662e-20
-3.422514702e-21
4.383254963e-20
-3.137159659e-21
4.525303353e-20
-2.825359438e-21
4.650646396e-20
-2.494764936e-21
4.758673612e-20
-2.15144796e-21
4.849002053e-20
-1.799935051e-21
4.921408421e-20
-1.44342609e-21
4.975773028e-20
-1.084071603e-21
5.012037167e-20
-7.232385435e-22
5.030173693e-20
-3.617380272e-22
5.030250741e-20
-1.602388728e-32
3.83688846e-20
-7.376011426e-21
1.545656853e-19
-3.506452927e-19
3.280697318e-19
-4.6428132e-19
4.652754144e-19
-3.716172218e-19
5.100976073e-19
-1.33201728e-19
4.329795075e-19
1.695978049e-19
2.406299342e-19
4.4199209e-19
5.800682235e-19
1.934677815e-08
-6.454992117e-10
1.814949885e-08
9.615071972e-10
2.172977171e-08
1.30920617e-08
1.771851937e-08
1.706848272e-08
6.76752961e-09
1.479003437e-08
1.087268681e-14
4.407070277e-09
8.678144214e-21
-4.768313324e-20
9.465446976e-21
-6.485248692e-21
-3.383015411e-22
8.505807345e-20
6.952903333e-21
2.400023313e-20
1.396592397e-20
4.176740404e-21
1.911733335e-20
-2.911187024e-21
2.283644108e-20
-5.324228235e-21
2.570659211e-20
-6.060081788e-21
2.81554832e-20
-6.27053227e-21
3.042670187e-20
-6.335293839e-21
3.262678192e-20
-6.33731924e-21
3.478118895e-20
-6.271156771e-21
3.687644118e-20
-6.12130678e-21
3.888554543e-20
-5.883393288e-21
4.078089408e-20
-5.564413268e-21
4.253952166e-20
-5.177780629e-21
4.414434985e-20
-4.7387573e-21
4.558362803e-20
-4.261575398e-21
4.684978093e-20
-3.758077894e-21
4.793824903e-20
-3.237372629e-21
4.884652949e-20
-2.706041469e-21
4.95734387e-20
-2.168582214e-21
5.011856334e-20
-1.627892136e-21
5.048187219e-20
-1.085702121e-21
5.066347495e-20
-5.429346195e-22
5.06615038e-20
-2.818766968e-32
4.060713701e-20
-8.658058656e-21
4.091502759e-20
-3.714868692e-19
6.753454834e-20
-5.094161728e-19
9.928251997e-20
-4.214842836e-19
1.166443331e-19
-1.686433209e-19
1.046755638e-19
1.634906708e-19
5.98405375e-20
4.687537805e-19
6.309923968e-19
2.185162608e-08
-1.798653144e-09
2.218384791e-08
6.29280056e-10
2.53796065e-08
9.896282028e-09
2.471245282e-08
1.773560593e-08
1.137973076e-08
2.812272195e-08
1.768477352e-14
1.578676143e-08
-2.629644415e-19
-1.52660044e-19
-2.337043695e-19
-3.574503599e-20
-6.139598405e-20
-8.724977443e-20
-1.287058939e-20
-2.452432976e-20
6.877996545e-21
-1.557059178e-20
1.670429214e-20
-1.273586072e-20
2.210058753e-20
-1.071872455e-20
2.549614163e-20
-9.453432238e-21
2.809072163e-20
-8.862573021e-21
3.042467647e-20
-8.666467722e-21
3.269294439e-20
-8.6025852e-21
3.493103895e-20
-8.506053048e-21
3.711435468e-20
-8.301282536e-21
3.920452545e-20
-7.970159245e-21
4.116752672e-20
-7.524031492e-21
4.297854499e-20
-6.985506879e-21
4.462153175e-20
-6.378572806e-21
4.608712553e-20
-5.724132111e-21
4.73704862e-20
-5.038577316e-21
4.846958019e-20
-4.333865227e-21
4.938398874e-20
-3.618208463e-21
5.011412878e-20
-2.896919928e-21
5.066075335e-20
-2.173193428e-21
5.102463969e-20
-1.448743158e-21
5.120640957e-20
-7.24299711e-22
5.120578864e-20
-4.155333223e-32
4.034585594e-20
-8.717931417e-21
-3.919437828e-20
-3.121162908e-19
-1.234889617e-19
-4.433511095e-19
-1.777703468e-19
-3.850565507e-19
-1.869396614e-19
-1.77292158e-19
-1.518088772e-19
1.105449754e-19
-8.407456792e-20
3.832070419e-19
5.380240904e-19
2.568348779e-08
-6.577839038e-09
3.003742709e-08
-3.724666355e-09
3.229598103e-08
7.637706578e-09
3.191184598e-08
1.811970729e-08
1.553732372e-08
4.44972058e-08
1.408896424e-15
3.1324044e-08
3.900215171e-19
1.321857281e-19
1.794964396e-19
1.747802697e-19
1.32935268e-21
9.09177805e-20
-3.916851406e-21
-1.92774071e-20
9.712727601e-21
-2.919891373e-20
1.872142831e-20
-2.174308998e-20
2.336587984e-20
-1.536140034e-20
2.608700084e-20
-1.217232447e-20
2.828682693e-20
-1.105983967e-20
3.048855899e-20
-1.08653655e-20
3.278947654e-20
-1.090040863e-20
3.513580946e-20
-1.084909053e-20
3.744547797e-20
-1.060754649e-20
3.965065321e-20
-1.017189665e-20
4.170605134e-20
-9.576022464e-21
4.358547907e-20
-8.861612563e-21
4.527597245e-20
-8.065856963e-21
4.677268033e-20
-7.217759512e-21
4.807519829e-20
-6.338188414e-21
4.918523695e-20
-5.441260583e-21
5.010527728e-20
-4.535977894e-21
5.083785528e-20
-3.627685764e-21
5.138520362e-20
-2.719226489e-21
5.174908314e-20
-1.811791783e-21
5.193070929e-20
-9.055324303e-22
5.193039886e-20
-4.970245958e-32
4.139226783e-20
-9.042423794e-21
-6.536128568e-20
-2.254895299e-19
-1.928648947e-19
-3.340479446e-19
-2.862526869e-19
-3.094967665e-19
-3.128963509e-19
-1.684416294e-19
-2.631866042e-19
4.304524135e-20
-1.494982036e-19
2.517311315e-19
3.796344988e-19
2.380316131e-09
-1.273423944e-08
1.256678915e-08
-1.39111566e-08
2.814115669e-08
-7.936692294e-09
4.697173237e-08
-7.109068311e-10
7.672308688e-08
1.474581853e-08
8.015508499e-08
2.789198367e-08
-1.451795906e-19
8.015508541e-08
-3.524133063e-19
3.820142849e-19
-1.08866121e-19
-1.526289418e-19
-1.383835803e-20
-1.143045255e-19
1.716855135e-20
-6.020407086e-20
2.510311794e-20
-2.967580305e-20
2.655495571e-20
-1.681119505e-20
2.719948564e-20
-1.281451458e-20
2.848130109e-20
-1.233901059e-20
3.045351585e-20
-1.283460864e-20
3.284079465e-20
-1.328442696e-20
3.53773535e-20
-1.338220669e-20
3.78811278e-20
-1.310782449e-20
4.02465274e-20
-1.253381126e-20
4.242046124e-20
-1.174651364e-20
4.438123467e-20
-1.081902057e-20
4.61240699e-20
-9.805433674e-21
4.765225143e-20
-8.742816984e-21
4.897212612e-20
-7.655127822e-21
5.009051964e-20
-6.557001476e-21
5.101356941e-20
-5.456766505e-21
5.174631456e-20
-4.358643994e-21
5.229263833e-20
-3.264267548e-21
5.265534249e-20
-2.173693847e-21
5.283624172e-20
-1.086058143e-21
5.283368008e-20
-5.603727842e-32
4.275078291e-20
-9.811615359e-21
-5.242418318e-20
-1.504358449e-19
-1.717485163e-19
-2.329207097e-19
-2.656697146e-19
-2.334007809e-19
-2.995700897e-19
-1.52331656e-19
-2.584901738e-19
-1.582191166e-20
-1.504841392e-19
1.259403547e-19
2.202594499e-19
-5.901128812e-08
-1.604080843e-08
-5.275228394e-08
-2.017018735e-08
-4.08079759e-08
-1.988103893e-08
-2.715406539e-08
-1.436486142e-08
-1.698979786e-08
4.581498386e-09
-2.943966884e-08
4.034183314e-08
4.013085955e-15
5.071537265e-08
-6.180080575e-19
-1.215272581e-18
-7.056638338e-20
-7.000700419e-19
4.026209658e-20
-2.251321453e-19
4.769681915e-20
-6.763752062e-20
3.796772595e-20
-1.994513044e-20
3.055163618e-20
-9.393054536e-21
2.767498963e-20
-9.935452348e-21
2.798570304e-20
-1.264699962e-20
3.000369753e-20
-1.484952641e-20
3.274301492e-20
-1.602033792e-20
3.56517357e-20
-1.628733086e-20
3.845514103e-20
-1.59076198e-20
4.103382501e-20
-1.510894143e-20
4.334795431e-20
-1.405715363e-20
4.539482156e-20
-1.286247889e-20
4.718668659e-20
-1.159399744e-20
4.873994059e-20
-1.029291378e-20
5.007025247e-20
-8.982489918e-21
5.119075461e-20
-7.674858366e-21
5.211169192e-20
-6.375469159e-21
5.2840691e-20
-5.085894697e-21
5.338321203e-20
-3.805546309e-21
5.374297819e-20
-2.532690315e-21
5.392229986e-20
-1.265026239e-21
5.392224977e-20
-6.442334202e-32
4.408965566e-20
-1.083125188e-20
-2.500161002e-20
-1.0146482e-19
-1.1413297e-19
-1.619856987e-19
-1.897400125e-19
-1.756182781e-19
-2.233766819e-19
-1.364846972e-19
-1.990936862e-19
-5.789142413e-20
-1.197278912e-19
2.879056336e-20
9.164097134e-20
-9.062412292e-08
-1.179785297e-08
-9.591839447e-08
-1.487594228e-08
-1.002943816e-07
-1.55050922e-08
-9.998902081e-08
-1.467024585e-08
-8.619415138e-08
-9.213404037e-09
-5.065825866e-08
4.80595551e-09
-5.449776884e-19
5.713004648e-11
6.204076006e-19
-2.532244003e-18
4.044024426e-19
-4.840654498e-19
1.977567213e-19
-1.848602543e-20
9.538920933e-20
3.473120393e-20
4.851980185e-20
2.69259768e-20
3.000923837e-20
9.119613642e-21
2.496344236e-20
-4.887225351e-21
2.578317626e-20
-1.346397033e-20
2.883288602e-20
-1.789610503e-20
3.247602198e-20
-1.965994878e-20
3.603144677e-20
-1.983898232e-20
3.92538194e-20
-1.912620405e-20
4.20856128e-20
-1.793703427e-20
4.454262906e-20
-1.651056895e-20
4.666330301e-20
-1.497965838e-20
4.848777024e-20
-1.341509752e-20
5.005036446e-20
-1.185230485e-20
5.137788402e-20
-1.030703616e-20
5.249014382e-20
-8.78447142e-21
5.340126638e-20
-7.284373096e-21
5.412103939e-20
-5.803945119e-21
5.465606802e-20
-4.339358917e-21
5.501064227e-20
-2.886513745e-21
5.51873261e-20
-1.441363303e-21
5.518783611e-20
-7.287367295e-32
4.549055075e-20
-1.198640384e-20
8.189802466e-22
-7.691291501e-20
-5.724958366e-20
-1.221130109e-19
-1.109913829e-19
-1.397005286e-19
-1.40342311e-19
-1.249229498e-19
-1.311762053e-19
-8.484348005e-20
-8.262374936e-20
-3.754529144e-20
1.269524638e-22
-3.199908571e-08
-5.836031194e-09
-3.512529938e-08
-1.174973634e-08
-3.361038092e-08
-1.702002759e-08
-2.570611464e-08
-2.257452743e-08
-1.834142309e-08
-1.657810228e-08
-1.31602651e-08
-3.752027904e-10
-2.224404202e-09
-1.087872865e-08
4.147412418e-18
-2.224404168e-09
6.153051135e-19
7.296641445e-19
2.509740335e-19
3.458458871e-19
8.75839822e-20
1.981225102e-19
3.071343869e-20
8.379812243e-20
1.600239938e-20
2.383270087e-20
1.638669738e-20
-5.269140964e-21
2.135104155e-20
-1.842554753e-20
2.706904227e-20
-2.361093552e-20
3.229698845e-20
-2.488424924e-20
3.674422504e-20
-2.428224366e-20
4.044298918e-20
-2.282093832e-20
4.351207812e-20
-2.100218776e-20
4.607353963e-20
-1.906822981e-20
4.822786387e-20
-1.713033068e-20
5.005056291e-20
-1.523431009e-20
5.159563315e-20
-1.339408547e-20
5.290044876e-20
-1.160882023e-20
5.399024214e-20
-9.871582569e-21
5.488169436e-20
-8.173586917e-21
5.558562559e-20
-6.506142073e-21
5.610891319e-20
-4.861419997e-21
5.645579271e-20
-3.232628876e-21
5.66286894e-20
-1.61389404e-21
5.662547601e-20
-7.593930914e-32
4.687919759e-20
-1.308666449e-20
1.921133107e-20
-6.936418601e-20
-1.56944781e-20
-1.054025894e-19
-5.132275398e-20
-1.218957806e-19
-7.508953905e-20
-1.189447924e-19
-7.598958689e-20
-1.017287968e-19
-5.144421001e-20
-7.987345236e-20
-6.020720371e-20
1.406953242e-09
-6.077881859e-11
-5.931846027e-09
-4.410966571e-09
-9.755021559e-09
-1.31968531e-08
-7.215773195e-09
-2.511379036e-08
-5.416724761e-09
-1.837714456e-08
-7.394396525e-09
1.602505488e-09
-8.460772054e-09
-9.812353632e-09
-3.047136467e-09
-7.638051582e-09
3.891907758e-19
-3.047136455e-09
7.076291365e-20
6.642742831e-19
-2.674040559e-20
2.956271191e-19
-2.925198287e-20
8.631133565e-20
-1.309944245e-20
7.682256712e-21
3.230290818e-21
-2.159641089e-20
1.616565355e-20
-3.135807536e-20
2.579572856e-20
-3.323780034e-20
3.289899403e-20
-3.198378117e-20
3.820553037e-20
-2.958466543e-20
4.226173974e-20
-2.687292649e-20
4.544603606e-20
-2.418233147e-20
4.801143877e-20
-2.162962484e-20
5.012388446e-20
-1.923894773e-20
5.189078752e-20
-1.69975838e-20
5.338089839e-20
-1.488079401e-20
5.463768642e-20
-1.286248815e-20
5.568823779e-20
-1.091937961e-20
5.65491392e-20
-9.032186619e-21
5.723034767e-20
-7.185555979e-21
5.773770431e-20
-5.367490541e-21
5.807452755e-20
-3.568630675e-21
5.824258344e-20
-1.781534025e-21
5.824178693e-20
-7.902723317e-32
4.833929184e-20
-1.403290336e-20
3.033098229e-20
-7.147437758e-20
9.741860243e-21
-1.030083038e-19
-1.332046604e-20
-1.166564029e-19
-3.182465666e-20
-1.182286326e-19
-3.809604954e-20
-1.132421491e-19
-2.934567685e-20
-1.064059706e-19
-9.844249883e-20
8.694935164e-09
-1.03425408e-11
8.063279572e-09
-3.779305297e-09
5.704237109e-09
-1.083778982e-08
2.277171203e-09
-2.168668014e-08
-1.378634352e-09
-1.472129687e-08
5.230194216e-09
-5.006328617e-09
2.674800216e-10
-4.849633144e-09
-2.13685511e-09
-5.233732119e-09
4.796502183e-17
-5.183991605e-09
-5.089807063e-19
-1.979036293e-19
-2.360564987e-19
2.270372311e-20
-1.078810618e-19
-4.186252433e-20
-4.237811006e-20
-5.781860305e-20
-6.531373651e-21
-5.744060916e-20
1.428592858e-20
-5.217248183e-20
2.704974772e-20
-4.599841288e-20
3.529810977e-20
-4.022839635e-20
4.091726931e-20
-3.51996854e-20
4.495233476e-20
-3.090370925e-20
4.799874269e-20
-2.722448221e-20
5.040211588e-20
-2.402886434e-20
5.236524839e-20
-2.119812613e-20
5.400757731e-20
-1.863616915e-20
5.539920425e-20
-1.626891778e-20
5.658079495e-20
-1.404086774e-20
5.757543079e-20
-1.191117285e-20
5.839576984e-20
-9.850131515e-21
5.904841311e-20
-7.836305448e-21
5.953656418e-20
-5.854253378e-21
5.98616242e-20
-3.892774628e-21
6.002411746e-20
-1.943540347e-21
6.002518833e-20
-8.321440789e-32
4.995491271e-20
-1.481322628e-20
3.635387851e-20
-7.799108815e-20
2.329299467e-20
-1.081416128e-19
7.941103577e-21
-1.191268263e-19
-6.348330467e-21
-1.217265904e-19
-1.482895325e-20
-1.225456228e-19
-1.530543351e-20
-1.237109822e-19
-1.22637222e-19
4.907920229e-09
7.996763403e-10
1.592265117e-09
-4.63616569e-10
-4.840471686e-09
-4.405024823e-09
-9.040825715e-09
-1.748629916e-08
-6.28798816e-09
-1.747413311e-08
1.89308694e-09
-1.318741737e-08
3.701341596e-09
-6.657898772e-09
-1.234296214e-09
-2.980300792e-10
5.28524639e-18
-6.418287597e-09
-7.075987489e-19
-6.348805773e-19
-3.006224364e-19
-3.842717507e-19
-1.238371405e-19
-2.186462331e-19
-4.200011617e-20
-1.396535925e-19
-1.263246313e-21
-9.81749033e-20
2.045999753e-20
-7.389276012e-20
3.281976424e-20
-5.835491722e-20
4.032682073e-20
-4.773166541e-20
4.521324546e-20
-4.008192647e-20
4.86315618e-20
-3.431767791e-20
5.119436056e-20
-2.978294002e-20
5.323285409e-20
-2.606313501e-20
5.492720538e-20
-2.2888438e-20
5.637482868e-20
-2.007997014e-20
5.762725429e-20
-1.751776699e-20
5.871048984e-20
-1.512081922e-20
5.963647213e-20
-1.283423099e-20
6.040959591e-20
-1.062076341e-20
6.103046518e-20
-8.455166698e-21
6.149804293e-20
-6.320321828e-21
6.181085848e-20
-4.204565179e-21
6.196765781e-20
-2.099783367e-21
6.196409969e-20
-8.532825475e-32
5.172102722e-20
-1.54185019e-20
3.945841656e-20
-8.584535005e-20
2.963066141e-20
-1.165072935e-19
1.850739488e-20
-1.25825178e-19
7.213576014e-21
-1.282194786e-19
-1.774811893e-21
-1.313406517e-19
-7.113522865e-21
-1.36153095e-19
-1.386397043e-19
2.350839261e-09
2.179174398e-09
-5.746909882e-09
7.634179441e-09
-1.526275508e-08
5.110847432e-09
-8.999721629e-09
-2.374931367e-08
-6.859521979e-09
-1.96143329e-08
-4.314945402e-09
-1.573199468e-08
-3.335655422e-09
-7.637307977e-09
-1.182029381e-09
-2.4516561e-09
-2.990182267e-17
-7.600316921e-09
-3.571465716e-19
-1.251493497e-18
-1.349968968e-19
-6.064204911e-19
-4.484449993e-20
-3.087970591e-19
-5.214269998e-22
-1.839746705e-19
2.301889686e-20
-1.217124913e-19
3.599784043e-20
-8.686855112e-20
4.344301605e-20
-6.579650549e-20
4.797655967e-20
-5.226118764e-20
5.097749402e-20
-4.307854944e-20
5.316629969e-20
-3.650204716e-20
5.491416557e-20
-3.152638364e-20
5.640755109e-20
-2.755222214e-20
5.773567324e-20
-2.421245257e-20
5.893703182e-20
-2.127744501e-20
6.002420207e-20
-1.860130446e-20
6.099707806e-20
-1.609035403e-20
6.18499397e-20
-1.368410035e-20
6.257519262e-20
-1.134343671e-20
6.316531005e-20
-9.043169553e-21
6.361379958e-20
-6.767190113e-21
6.391564029e-20
-4.505287689e-21
6.406744118e-20
-2.250984938e-21
6.406844716e-20
-8.581493612e-32
5.362679787e-20
-1.582765501e-20
4.125878641e-20
-9.359323812e-20
3.235210395e-20
-1.25793176e-19
2.325006603e-20
-1.345439565e-19
1.383513594e-20
-1.365904949e-19
5.007742796e-21
-1.402959474e-19
-2.665855501e-21
-1.462596275e-19
-1.501941766e-19
6.995572519e-09
4.606613453e-09
2.999627414e-09
1.163015868e-08
-2.018055074e-09
1.012856456e-08
-6.698675066e-09
-1.906864934e-08
-1.059497712e-08
-1.57179965e-08
-9.624752309e-09
-1.670221939e-08
-2.50557853e-09
-1.475648168e-08
1.390447054e-09
-6.347681636e-09
-1.38618982e-17
-6.209869812e-09
5.295803886e-19
7.009393853e-19
1.626270101e-19
-2.394661783e-19
7.997788866e-20
-2.261462279e-19
6.174075227e-20
-1.657354111e-19
5.7862837e-20
-1.178316275e-19
5.706988606e-20
-8.607246576e-20
5.69783339e-20
-6.570135284e-20
5.715919786e-20
-5.243798002e-20
5.755399631e-20
-4.346897504e-20
5.814196321e-20
-3.708550351e-20
5.888832708e-20
-3.226824125e-20
5.974732066e-20
-2.840683197e-20
6.067068081e-20
-2.513162256e-20
6.161317237e-20
-2.221597505e-20
6.25351525e-20
-1.951958089e-20
6.340333175e-20
-1.695512569e-20
6.419060335e-20
-1.446830932e-20
6.487545978e-20
-1.202563155e-20
6.544128949e-20
-9.606793312e-21
6.5875702e-20
-7.19989566e-21
6.616994304e-20
-4.798353907e-21
6.631842612e-20
-2.398863776e-21
6.632003279e-20
-7.840084859e-32
5.572597477e-20
-1.608451821e-20
4.276372423e-20
-1.007457824e-19
3.377856606e-20
-1.349996435e-19
2.543311829e-20
-1.440184395e-19
1.698870973e-20
-1.459311956e-19
8.384815628e-21
-1.494739596e-19
-3.671662922e-22
-1.552870487e-19
-1.594495947e-19
1.628200789e-09
1.065181727e-08
-4.614736181e-09
1.787312779e-08
-5.924852738e-09
1.143875853e-08
-1.517369645e-08
-9.819716161e-09
-1.917531352e-08
-1.171635497e-08
-1.650989852e-08
-1.936763792e-08
-9.533529689e-09
-2.173285078e-08
-2.215135842e-09
-1.366607545e-08
-2.813060896e-17
-8.425005617e-09
1.462676921e-19
-4.143888292e-19
1.759465442e-19
-2.691441071e-19
1.403887055e-19
-1.905873412e-19
1.096445359e-19
-1.349895131e-19
8.962199877e-20
-9.780650258e-20
7.744099898e-20
-7.388828183e-20
7.024170672e-20
-5.849830739e-20
6.612820285e-20
-4.832026832e-20
6.393746783e-20
-4.127374191e-20
6.295922547e-20
-3.610262172e-20
6.274973636e-20
-3.205411328e-20
6.302253007e-20
-2.867510975e-20
6.358632832e-20
-2.569109928e-20
6.430956653e-20
-2.293512291e-20
6.509960769e-20
-2.030579788e-20
6.589014812e-20
-1.774214981e-20
6.663328112e-20
-1.520827941e-20
6.729429801e-20
-1.268389134e-20
6.784818714e-20
-1.015839082e-20
6.827724375e-20
-7.627184696e-21
6.856943318e-20
-5.089349639e-21
6.871728989e-20
-2.546140503e-21
6.871554785e-20
-7.59790587e-32
5.794501213e-20
-1.61596035e-20
4.446601449e-20
-1.073804216e-19
3.512963167e-20
-1.438538717e-19
2.68970786e-20
-1.536048675e-19
1.875609638e-20
-1.555744228e-19
1.016521838e-20
-1.586641545e-19
8.334605992e-22
-1.637339267e-19
-1.675039945e-19
-8.610622097e-09
1.471562067e-08
-5.207331071e-09
1.446988222e-08
1.353993673e-09
4.877519943e-09
-8.597282085e-09
1.315892562e-10
-1.93712005e-08
-9.424275829e-10
-2.111632679e-08
-1.762251655e-08
-1.541284721e-08
-2.743634966e-08
-8.342473095e-09
-2.073645015e-08
-3.210797296e-09
-1.355668139e-08
2.912337926e-19
-3.210797289e-09
2.545039553e-19
-2.324136311e-19
1.959865336e-19
-1.32069203e-19
1.468275464e-19
-8.58283904e-20
1.135402195e-19
-6.451644101e-20
9.283097342e-20
-5.317570526e-20
8.041974578e-20
-4.60831625e-20
7.317472926e-20
-4.107087969e-20
6.910858802e-20
-3.72029309e-20
6.700773391e-20
-3.399694625e-20
6.612873988e-20
-3.117029356e-20
6.600654055e-20
-2.854820636e-20
6.634230469e-20
-2.602235017e-20
6.693889156e-20
-2.352742461e-20
6.766325576e-20
-2.102614881e-20
6.842401852e-20
-1.849922304e-20
6.915766918e-20
-1.59386144e-20
6.981979854e-20
-1.334313431e-20
7.037939326e-20
-1.071559723e-20
7.081507881e-20
-8.061052565e-21
7.111264231e-20
-5.385721582e-21
7.12634304e-20
-2.696378565e-21
7.125830105e-20
-7.747386634e-32
6.034929509e-20
-1.60932318e-20
4.653866636e-20
-1.136822218e-19
3.688331852e-20
-1.523880388e-19
2.846105885e-20
-1.630005748e-19
2.017504867e-20
-1.65071665e-19
1.133134088e-20
-1.676006375e-19
1.542453736e-21
-1.717228633e-19
-1.748489837e-19
-2.004592915e-08
1.542226495e-08
-1.76750596e-08
1.209904853e-08
-1.746077576e-08
4.663270971e-09
-2.185068367e-08
4.52150782e-09
-2.177885263e-08
-1.01428511e-09
-1.933454213e-08
-2.006687119e-08
-1.559735487e-08
-3.117355958e-08
-1.150657096e-08
-2.482724904e-08
-5.428744078e-09
-1.963450854e-08
-5.51042655e-18
-8.639541354e-09
3.540372017e-19
-1.835254017e-19
2.422266222e-19
-2.025756954e-20
1.681394958e-19
-1.17393464e-20
1.248809553e-19
-2.125517855e-20
9.992351618e-20
-2.821484554e-20
8.543202859e-20
-3.158764121e-20
7.704267805e-20
-3.26770154e-20
7.231457268e-20
-3.246998324e-20
6.98343866e-20
-3.151174074e-20
6.875082708e-20
-3.008169556e-20
6.853239674e-20
-2.832484975e-20
6.883723024e-20
-2.632243523e-20
6.944016736e-20
-2.412582645e-20
7.019018153e-20
-2.177189507e-20
7.098462716e-20
-1.928973753e-20
7.175314927e-20
-1.670360691e-20
7.244733562e-20
-1.403425969e-20
7.303393793e-20
-1.129968939e-20
7.349040979e-20
-8.515648854e-21
7.380198533e-20
-5.696104638e-21
7.395980896e-20
-2.853664927e-21
7.396152729e-20
-6.681863765e-32
6.292036987e-20
-1.59049584e-20
4.894621269e-20
-1.198192138e-19
3.906008343e-20
-1.606902679e-19
3.031459248e-20
-1.720719767e-19
2.161902531e-20
-1.741583369e-19
1.231790432e-20
-1.760787728e-19
2.059646359e-21
-1.792415643e-19
-1.816763339e-19
-1.770968844e-08
1.446431098e-08
-1.960770081e-08
1.399708986e-08
-2.29586054e-08
8.014176573e-09
-1.75021056e-08
-9.350154017e-10
-9.728837298e-09
-8.787593379e-09
-9.705475747e-09
-2.009027181e-08
-1.186137942e-08
-2.901767892e-08
-8.68403008e-09
-2.800460331e-08
-4.869054586e-09
-2.344948168e-08
-1.874916657e-20
-1.350859582e-08
5.152267251e-19
7.646215889e-19
2.507454313e-19
2.442246834e-19
1.586236637e-19
8.038436476e-20
1.179212883e-19
1.944994413e-20
9.655072051e-20
-6.840819666e-21
8.43426544e-20
-1.937549907e-20
7.724971021e-20
-2.557949e-20
7.327281518e-20
-2.848813804e-20
7.126443178e-20
-2.949818812e-20
7.050767289e-20
-2.931971757e-20
7.053481126e-20
-2.834685864e-20
7.103383902e-20
-2.681648418e-20
7.179409875e-20
-2.488128598e-20
7.267233907e-20
-2.264557631e-20
7.357075778e-20
-2.018393165e-20
7.44224965e-20
-1.755154716e-20
7.518190592e-20
-1.479038672e-20
7.581797846e-20
-1.193309641e-20
7.630995401e-20
-9.005667361e-21
7.664442504e-20
-6.029358297e-21
7.681347389e-20
-3.02216104e-21
7.681364604e-20
-5.902146204e-32
6.562508533e-20
-1.556332062e-20
5.159163867e-20
-1.258955709e-19
4.150695439e-20
-1.68792732e-19
3.237093309e-20
-1.80751699e-19
2.313393521e-20
-1.82702498e-19
1.326421145e-20
-1.839873093e-19
2.508267039e-21
-1.862616529e-19
-1.880545822e-19
-3.470499441e-09
9.601171475e-09
-5.944729158e-10
1.112106731e-08
2.359265213e-10
7.183762625e-09
-3.679256992e-10
-3.311969374e-10
-1.755488211e-09
-7.400056246e-09
-4.581552888e-09
-1.72642138e-08
-8.744203728e-09
-2.485502671e-08
-8.865758551e-09
-2.788302995e-08
-6.084566964e-09
-2.623066528e-08
2.178791821e-18
-1.959314627e-08
-7.78890174e-21
2.7854377e-19
8.69054041e-20
1.495312937e-19
9.768924303e-20
6.96024483e-20
9.163052447e-20
2.551139928e-20
8.40160411e-20
7.770836112e-22
7.813866348e-20
-1.349411122e-20
7.434106217e-20
-2.177737009e-20
7.22627651e-20
-2.640492194e-20
7.144290232e-20
-2.867313542e-20
7.148053183e-20
-2.935205911e-20
7.206518573e-20
-2.892627886e-20
7.296903722e-20
-2.771521279e-20
7.402980841e-20
-2.593705472e-20
7.513398373e-20
-2.374492977e-20
7.620314227e-20
-2.124856688e-20
7.718365694e-20
-1.852796683e-20
7.803919623e-20
-1.564238636e-20
7.874540751e-20
-1.263645151e-20
7.928626308e-20
-9.544449898e-21
7.96516223e-20
-6.393438324e-21
7.983563493e-20
-3.205578022e-21
7.983450964e-20
-5.247359913e-32
6.85727833e-20
-1.514800906e-20
5.441677439e-20
-1.318479206e-19
4.4093579e-20
-1.766554383e-19
3.450558314e-20
-1.889782554e-19
2.46692685e-20
-1.906462097e-19
1.419319499e-20
-1.912884425e-19
2.930751245e-21
-1.927742542e-19
-1.940098298e-19
6.516682649e-09
4.317891719e-09
1.241646453e-08
5.221279977e-09
1.639270807e-08
3.207504274e-09
1.626822613e-08
-2.067335381e-10
1.29298769e-08
-4.061705928e-09
6.655326404e-09
-1.09896419e-08
1.703340993e-09
-1.990301789e-08
-2.099885593e-09
-2.407977105e-08
-1.877008475e-09
-2.645352574e-08
-1.525889529e-18
-2.147014754e-08
-1.39953627e-19
-1.59371904e-19
6.976408846e-21
2.602137468e-21
5.3598194e-20
2.298252606e-20
6.689620881e-20
1.221605141e-20
6.974484627e-20
-2.068226402e-21
6.98554046e-20
-1.360081245e-20
6.971351032e-20
-2.163114513e-20
6.999455162e-20
-2.668122949e-20
7.076397863e-20
-2.943751277e-20
7.190631208e-20
-3.048918641e-20
7.327625179e-20
-3.029102877e-20
7.474719529e-20
-2.918104193e-20
7.622193336e-20
-2.740673268e-20
7.763034662e-20
-2.514837247e-20
7.892374232e-20
-2.253720961e-20
8.006923741e-20
-1.966909589e-20
8.104513108e-20
-1.661447673e-20
8.183740912e-20
-1.342565672e-20
8.243727465e-20
-1.014208873e-20
8.28394826e-20
-6.794264145e-21
8.304121295e-20
-3.406646949e-21
8.304231606e-20
-5.073394462e-32
7.168107947e-20
-1.463316668e-20
5.736622883e-20
-1.376399393e-19
4.672228411e-20
-1.841960814e-19
3.663338752e-20
-1.967026908e-19
2.618346006e-20
-1.979751365e-19
1.510531633e-20
-1.979863974e-19
3.343243157e-21
-1.987861728e-19
-1.995520318e-19
9.591555226e-09
1.560767705e-09
1.369901524e-08
1.113825763e-09
1.73389863e-08
-4.324707272e-10
1.843554369e-08
-1.303294598e-09
1.656091585e-08
-2.187069914e-09
1.172162432e-08
-6.15033636e-09
7.294593578e-09
-1.547597231e-08
3.364536193e-09
-2.014970234e-08
2.180120013e-09
-2.526908484e-08
-3.802865672e-19
-1.92900319e-08
1.881895615e-20
-6.270304266e-20
2.735679923e-20
-5.934855278e-21
4.283171935e-20
7.509397561e-21
5.261193099e-20
2.438441984e-21
5.821226022e-20
-7.665279651e-21
6.182507193e-20
-1.720989226e-20
6.466342596e-20
-2.446535157e-20
6.723826834e-20
-2.925154744e-20
6.971230499e-20
-3.190668606e-20
7.210446972e-20
-3.28762768e-20
7.438623863e-20
-3.256771853e-20
7.652150455e-20
-3.131130858e-20
7.848029357e-20
-2.936054934e-20
8.024150948e-20
-2.690462555e-20
8.179185604e-20
-2.408270682e-20
8.312385657e-20
-2.099654786e-20
8.423395109e-20
-1.772054437e-20
8.512097711e-20
-1.430939285e-20
8.578509923e-20
-1.080380291e-20
8.622709979e-20
-7.234744339e-21
8.64478599e-20
-3.626660468e-21
8.644864582e-20
-4.153614656e-32
7.501566819e-20
-1.40441756e-20
6.043788123e-20
-1.431674766e-19
4.938965881e-20
-1.913310494e-19
3.87508282e-20
-2.038758911e-19
2.768243157e-20
-2.04684354e-19
1.601554153e-20
-2.040944286e-19
3.759717178e-21
-2.043032115e-19
-2.046771634e-19
1.003648773e-08
3.191685383e-10
1.20258645e-08
-8.755431254e-10
1.372383946e-08
-2.130443666e-09
1.401041671e-08
-1.589869893e-09
1.22579913e-08
-4.346454633e-10
9.525086849e-09
-3.417439139e-09
6.935882508e-09
-1.288678138e-08
2.863087622e-09
-1.607692289e-08
2.144562272e-09
-2.455053127e-08
1.806904704e-18
-1.71454775e-08
7.2787613e-20
5.919955058e-20
4.080105188e-20
2.605254138e-20
3.776076378e-20
1.055144381e-20
4.250820936e-20
-2.306353878e-21
4.866764761e-20
-1.382130225e-20
5.456961262e-20
-2.310803783e-20
5.987723009e-20
-2.976878824e-20
6.458312972e-20
-3.395293874e-20
6.874271425e-20
-3.606142372e-20
7.241302799e-20
-3.654148847e-20
7.564264858e-20
-3.579224028e-20
7.847226378e-20
-3.41359769e-20
8.093621736e-20
-3.181964588e-20
8.306342821e-20
-2.902698505e-20
8.4878015e-20
-2.589248534e-20
8.639986006e-20
-2.251378786e-20
8.764510261e-20
-1.896162204e-20
8.862656705e-20
-1.528738743e-20
8.93541578e-20
-1.152880256e-20
8.983518366e-20
-7.714093681e-21
9.007452037e-20
-3.865151862e-21
9.007500562e-20
-2.806628514e-32
7.855921412e-20
-1.337378993e-20
6.36677824e-20
-1.483796866e-19
5.21326871e-20
-1.979777167e-19
4.090005822e-20
-2.104539464e-19
2.920556748e-20
-2.107661784e-19
1.695387624e-20
-2.096164152e-19
4.196899225e-21
-2.093178946e-19
-2.093644757e-19
9.218743191e-09
-2.687076588e-10
1.012608115e-08
-1.782877427e-09
9.685086034e-09
-1.689454694e-09
7.160961154e-09
9.34247653e-10
4.646727809e-09
2.079573059e-09
5.188320473e-09
-3.959042248e-09
3.933976797e-09
-1.163245045e-08
7.327301933e-10
-1.287568889e-08
1.791572426e-09
-2.560932724e-08
7.867011851e-18
-1.535388689e-08
3.716140914e-20
7.365797785e-20
2.529995399e-20
3.791489575e-20
2.490296609e-20
1.095028578e-20
3.099326098e-20
-8.393798954e-21
3.938091203e-20
-2.220515059e-20
4.790886221e-20
-3.163175374e-20
5.569307959e-20
-3.754847547e-20
6.247464474e-20
-4.072978658e-20
6.82626495e-20
-4.184441208e-20
7.316227618e-20
-4.143576639e-20
7.729891196e-20
-3.992350324e-20
8.078859481e-20
-3.762053033e-20
8.372887818e-20
-3.475503668e-20
8.619792793e-20
-3.149125795e-20
8.825671247e-20
-2.794656013e-20
8.995202589e-20
-2.420454261e-20
9.131933722e-20
-2.032473021e-20
9.238515193e-20
-1.634961936e-20
9.316886668e-20
-1.230977274e-20
9.368412548e-20
-8.227526995e-21
9.393967223e-20
-4.119754124e-21
9.394124781e-20
-2.447932609e-32
8.239890681e-20
-1.267596339e-20
6.710694653e-20
-1.531896491e-19
5.501860321e-20
-2.040696544e-19
4.314637394e-20
-2.163910264e-19
3.080572472e-20
-2.16200505e-19
1.79556229e-20
-2.145386917e-19
4.672060654e-21
-2.138047203e-19
-2.135759552e-19
7.498995929e-09
-8.097877583e-11
5.436698907e-09
2.794142238e-10
5.415332769e-10
3.205697343e-09
-3.102420664e-09
4.578178481e-09
-2.03784152e-09
1.014961315e-09
1.406633138e-09
-7.403533013e-09
-1.976005737e-09
-8.249822258e-09
-2.935341447e-09
-1.191633019e-08
1.6206831e-09
-3.016529651e-08
2.380820811e-18
-1.373309554e-08
-7.986937124e-22
8.434435706e-20
-1.664656173e-21
3.878194327e-20
5.558881353e-21
3.729097176e-21
1.718190934e-20
-2.001365257e-20
2.995430887e-20
-3.497356152e-20
4.199214048e-20
-4.366500421e-20
5.251176849e-20
-4.806314109e-20
6.136001924e-20
-4.957303124e-20
6.867129518e-20
-4.915046786e-20
7.467453934e-20
-4.743335267e-20
7.960188487e-20
-4.484504916e-20
8.365408846e-20
-4.166719107e-20
8.699265692e-20
-3.808844231e-20
8.974262574e-20
-3.423636184e-20
9.199872999e-20
-3.019799317e-20
9.383183829e-20
-2.60331626e-20
9.529444806e-20
-2.178316367e-20
9.642499854e-20
-1.747654089e-20
9.725111243e-20
-1.31330365e-20
9.779189835e-20
-8.766366656e-21
9.805942635e-20
-4.386254772e-21
9.80589529e-20
-2.035028304e-32
8.649016501e-20
-1.194792968e-20
7.077401343e-20
-1.57573669e-19
5.808440894e-20
-2.095587788e-19
4.553842954e-20
-2.216529199e-19
3.252665216e-20
-2.20962307e-19
1.905024312e-20
-2.188332971e-19
5.19919738e-21
-2.177227183e-19
-2.172595933e-19
7.584430814e-10
4.382809845e-09
-6.80860758e-09
7.846445746e-09
-1.256579908e-08
8.962865294e-09
-1.090637155e-08
2.918720435e-09
-6.049374824e-09
-3.842047211e-09
-6.326968129e-09
-7.125897922e-09
-8.70258972e-09
-5.874212746e-09
-5.015499181e-09
-1.560333272e-08
1.702706338e-09
-3.688339919e-08
6.385926456e-18
-1.203032954e-08
-4.835209355e-20
8.211943514e-20
-3.67175018e-20
2.714862678e-20
-1.818386839e-20
-1.480207643e-20
2.222000389e-21
-4.041599048e-20
2.126286619e-20
-5.401040716e-20
3.75940036e-20
-5.999132879e-20
5.100187834e-20
-6.146579225e-20
6.178258262e-20
-6.034869605e-20
7.038841037e-20
-5.775119311e-20
7.726284284e-20
-5.430212234e-20
8.277974297e-20
-5.035589818e-20
8.723283721e-20
-4.611432815e-20
9.084473739e-20
-4.169478196e-20
9.378099441e-20
-3.716750567e-20
9.616356056e-20
-3.257580854e-20
9.808183722e-20
-2.794697349e-20
9.960107085e-20
-2.329825897e-20
1.007685029e-19
-1.864033935e-20
1.016177823e-19
-1.397940678e-20
1.021720102e-19
-9.318565285e-21
1.024456811e-19
-4.658843766e-21
1.024430101e-19
-1.318714602e-32
9.085911453e-20
-1.120561657e-20
7.468094926e-20
-1.614938631e-19
6.136276618e-20
-2.144177297e-19
4.811327639e-20
-2.26209785e-19
3.439930254e-20
-2.250204415e-19
2.025766906e-20
-2.224612425e-19
5.787390466e-21
-2.210200676e-19
-2.203542996e-19
-1.135887075e-08
1.133878333e-08
-1.718800169e-08
1.367557766e-08
-1.599536648e-08
7.770245459e-09
-1.097303645e-08
-2.103580592e-09
-1.280965559e-08
-2.005450217e-09
-1.455020749e-08
-5.385363484e-09
-1.010563186e-08
-1.031873303e-08
-3.878678575e-09
-2.18301123e-08
1.800419874e-09
-4.256240506e-08
-4.46848144e-17
-1.022993412e-08
-1.050647126e-19
8.616844477e-20
-7.866820567e-20
7.533998402e-22
-4.379778244e-20
-4.967032235e-20
-1.137241629e-20
-7.283811698e-20
1.528194455e-20
-8.066132245e-20
3.611954014e-20
-8.082428834e-20
5.211897454e-20
-7.74599158e-20
6.438008557e-20
-7.260483288e-20
7.383748114e-20
-6.720378746e-20
8.1209067e-20
-6.166839377e-20
8.7021313e-20
-5.616225538e-20
9.165238341e-20
-5.073934348e-20
9.537201368e-20
-4.540861041e-20
9.837269155e-20
-4.016285184e-20
1.007923956e-19
-3.499065502e-20
1.027305517e-19
-2.98806602e-20
1.042589905e-19
-2.48225991e-20
1.054294355e-19
-1.980717555e-20
1.062786238e-19
-1.482567053e-20
1.068317318e-19
-9.869603146e-21
1.071045249e-19
-4.930534276e-21
1.071050001e-19
-7.895916083e-33
9.548739145e-20
-1.042671359e-20
7.884863469e-20
-1.649515896e-19
6.487225833e-20
-2.186168967e-19
5.089028182e-20
-2.300326437e-19
3.643898153e-20
-2.283397458e-19
2.158672159e-20
-2.253770736e-19
6.440135242e-21
-2.23639633e-19
-2.227954943e-19
-2.050595441e-08
1.639770527e-08
-2.579952259e-08
1.896914436e-08
-3.01282543e-08
1.209899597e-08
-2.567375219e-08
-6.55803028e-09
-2.376550941e-08
-3.913729536e-09
-1.324990463e-08
-1.590105832e-08
-5.508659626e-10
-2.301759192e-08
2.327471354e-09
-2.470790899e-08
7.090054226e-10
-4.094406563e-08
-7.83583653e-17
-9.520973474e-09
-1.918428566e-19
9.207754395e-20
-1.290919224e-19
-6.199646399e-20
-6.696557706e-20
-1.117948062e-19
-1.919562177e-20
-1.206055309e-19
1.511897866e-20
-1.1497266e-19
3.948391269e-20
-1.051843644e-19
5.697405745e-20
-9.494426478e-20
6.978113099e-20
-8.540681506e-20
7.937287483e-20
-7.679098956e-20
8.671520539e-20
-6.900589983e-20
9.24442249e-20
-6.188586312e-20
9.698311647e-20
-5.527244927e-20
1.006177722e-19
-4.903752298e-20
1.035448884e-19
-4.308460171e-20
1.059023904e-19
-3.734327816e-20
1.077886128e-19
-3.176244287e-20
1.09274414e-19
-2.630436405e-20
1.104109405e-19
-2.094015037e-20
1.112346911e-19
-1.56465242e-20
1.117708006e-19
-1.040364592e-20
1.120350592e-19
-5.193702629e-21
1.120366509e-19
-8.998293394e-34
1.004460496e-19
-9.676835925e-21
8.329410611e-20
-1.678943418e-19
6.862875302e-20
-2.221254493e-19
5.38763978e-20
-2.330835773e-19
3.864651217e-20
-2.308789292e-19
2.303538514e-20
-2.275325063e-19
7.155450323e-21
-2.255243237e-19
-2.24520586e-19
-2.073303381e-08
1.921194885e-08
-2.694502062e-08
2.518117899e-08
-3.435248997e-08
1.950654219e-08
-2.442102514e-08
-1.648948821e-08
-9.259163636e-09
-1.907558078e-08
3.145926345e-09
-2.830608421e-08
7.212336747e-09
-2.708413923e-08
2.595881033e-09
-2.009164859e-08
-7.052569954e-09
-3.129548019e-08
-1.039085838e-16
-1.657357614e-08
-3.470279588e-19
-1.550401438e-19
-1.788903446e-19
-2.301334821e-19
-7.577630173e-20
-2.149065049e-19
-1.35627509e-20
-1.828167499e-19
2.490727429e-20
-1.534396181e-19
4.972401232e-20
-1.299966378e-19
6.651150717e-20
-1.117252713e-19
7.839695649e-20
-9.728625321e-20
8.715796457e-20
-8.55467999e-20
9.383524209e-20
-7.567807647e-20
9.905763875e-20
-6.710282637e-20
1.032180428e-19
-5.942711394e-20
1.065706935e-19
-5.238444973e-20
1.092862119e-19
-4.579474814e-20
1.114832257e-19
-3.953541821e-20
1.132466917e-19
-3.352150758e-20
1.146386277e-19
-2.769233087e-20
1.157045667e-19
-2.200260972e-20
1.164775694e-19
-1.641668554e-20
1.169807439e-19
-1.090479072e-20
1.172287618e-19
-5.44066493e-21
1.172280364e-19
-2.734920668e-34
1.056391118e-19
-8.92496044e-21
8.79857875e-20
-1.703339105e-19
7.260163036e-20
-2.249135669e-19
5.704876392e-20
-2.353324479e-19
4.100432944e-20
-2.32602009e-19
2.459056384e-20
-2.288837373e-19
7.926149991e-21
-2.266229697e-19
-2.25474176e-19
-8.055650268e-09
1.733663233e-08
-7.834353668e-09
2.495989941e-08
-1.238942013e-08
2.406160238e-08
-1.352745005e-08
-1.535144056e-08
3.012176277e-09
-3.561522049e-08
-1.861925079e-09
-2.343192093e-08
1.522389839e-09
-3.046821494e-08
4.627791152e-09
-2.319713265e-08
-6.715384146e-09
-1.995231089e-08
-4.216293646e-16
-2.328895261e-08
-4.244795162e-19
-7.427345585e-19
-1.636658018e-19
-4.909471752e-19
-4.368654665e-20
-3.348841913e-19
1.581438088e-20
-2.423157891e-19
4.835025452e-20
-1.859721832e-19
6.799537885e-20
-1.496372502e-19
8.095052528e-20
-1.246733466e-19
9.01364098e-20
-1.064648042e-19
9.702668801e-20
-9.243049578e-20
1.024104922e-19
-8.105582501e-20
1.067333512e-19
-7.141970921e-20
1.10260707e-19
-6.29484343e-20
1.131603951e-19
-5.527824567e-20
1.155455419e-19
-4.817442372e-20
1.174971364e-19
-4.148208684e-20
1.190758684e-19
-3.509582929e-20
1.203283488e-19
-2.89408712e-20
1.212904909e-19
-2.296132313e-20
1.219894642e-19
-1.71128704e-20
1.224448697e-19
-1.135821187e-20
1.226694267e-19
-5.664201794e-21
1.226692305e-19
-2.789006906e-33
1.110911533e-19
-8.182583384e-21
9.290505219e-20
-1.722389482e-19
7.67704438e-20
-2.269496376e-19
6.038210342e-20
-2.367442977e-19
4.34878102e-20
-2.334736682e-19
2.623318389e-20
-2.293925286e-19
8.741917463e-21
-2.268931748e-19
-2.25611191e-19
5.415178405e-09
1.231494791e-08
1.359522449e-08
1.677990581e-08
1.75024708e-08
2.015432185e-08
1.005536255e-08
-7.904298142e-09
2.752571083e-10
-2.583519488e-08
9.464051146e-09
-3.26208117e-08
2.095887044e-08
-4.196315554e-08
4.882465717e-09
-7.120786988e-09
9.915515997e-10
-1.606139646e-08
-1.442097479e-16
-2.229739947e-08
-1.769017654e-19
-1.28198271e-18
-7.59998705e-21
-6.602488697e-19
4.888185551e-20
-3.913643332e-19
7.215798685e-20
-2.655889652e-19
8.468518749e-20
-1.984985441e-19
9.295928242e-20
-1.579083849e-19
9.915906768e-20
-1.308683976e-19
1.041707182e-19
-1.114708419e-19
1.084013588e-19
-9.665513293e-20
1.12046608e-19
-8.469496598e-20
1.152046261e-19
-7.45715204e-20
1.179308956e-19
-6.566845788e-20
1.202642171e-19
-5.760552917e-20
1.222378787e-19
-5.014251492e-20
1.238833939e-19
-4.312260175e-20
1.252308265e-19
-3.643880104e-20
1.263078969e-19
-3.001398199e-20
1.271389436e-19
-2.378894973e-20
1.277441228e-19
-1.77152843e-20
1.281388798e-19
-1.175101052e-20
1.283336285e-19
-5.85794459e-21
1.28332109e-19
-3.863127949e-34
1.167672937e-19
-7.453247423e-21
9.802780054e-20
-1.73588867e-19
8.110312057e-20
-2.281940909e-19
6.384287072e-20
-2.37282736e-19
4.606688633e-20
-2.334620996e-19
2.794069526e-20
-2.290281873e-19
9.590739476e-21
-2.263031025e-19
-2.248985849e-19
1.348149001e-08
6.734009354e-09
2.087672442e-08
9.384643953e-09
2.561126447e-08
1.541974001e-08
1.74953731e-08
2.114960733e-10
9.611214452e-09
-1.795117043e-08
1.238985058e-08
-3.539948593e-08
2.041095477e-08
-4.99842509e-08
1.301565837e-08
2.744863629e-10
5.838805646e-09
-8.88454534e-09
6.981487153e-18
-1.645859388e-08
4.401290557e-19
-1.116609953e-18
2.612847677e-19
-4.814054933e-19
1.746572235e-19
-3.047363407e-19
1.392484079e-19
-2.301746104e-19
1.252753467e-19
-1.845291893e-19
1.199992697e-19
-1.526321425e-19
1.185566233e-19
-1.294224088e-19
1.189864273e-19
-1.118959418e-19
1.203615257e-19
-9.802487535e-20
1.221700536e-19
-8.649771073e-20
1.241076886e-19
-7.650303995e-20
1.259938243e-19
-6.754835931e-20
1.277272313e-19
-5.933290336e-20
1.292577919e-19
-5.166749956e-20
1.305671946e-19
-4.442697154e-20
1.316556455e-19
-3.75227397e-20
1.325329292e-19
-3.088725796e-20
1.33212609e-19
-2.446517715e-20
1.337083965e-19
-1.820828775e-20
1.340319457e-19
-1.207258859e-20
1.341915731e-19
-6.016546009e-21
1.341902021e-19
-3.759828761e-34
1.226302129e-19
-6.723813618e-21
1.033239382e-19
-1.743703415e-19
8.556426471e-20
-2.286020248e-19
6.739538344e-20
-2.36911071e-19
4.871019722e-20
-2.325398259e-19
2.9689893e-20
-2.277681935e-19
1.046034242e-20
-2.248318682e-19
-2.233155973e-19
1.829749712e-08
2.926671944e-09
2.387928871e-08
3.802849419e-09
3.151854456e-08
7.780480178e-09
2.714834557e-08
4.581576455e-09
1.538405473e-08
-6.187041128e-09
1.290022314e-09
-2.13055332e-08
-7.349436879e-09
-4.134489921e-08
7.909786044e-09
-1.498477545e-08
8.816846978e-09
-9.791656582e-09
-2.929724573e-17
-7.641746801e-09
1.071601294e-18
8.654429867e-19
4.379544775e-19
1.522413992e-19
2.492189538e-19
-1.159985861e-19
1.84893829e-19
-1.658356474e-19
1.571723936e-19
-1.568001352e-19
1.432090034e-19
-1.386640448e-19
1.360830904e-19
-1.22292291e-19
1.328574937e-19
-1.086655536e-19
1.318886903e-19
-9.705075912e-20
1.321647244e-19
-8.676798208e-20
1.330623692e-19
-7.739457166e-20
1.342092803e-19
-6.868907678e-20
1.353926351e-19
-6.051030095e-20
1.364983199e-19
-5.276766955e-20
1.374714264e-19
-4.539505574e-20
1.382911272e-19
-3.833789192e-20
1.3895501e-19
-3.154707391e-20
1.394694985e-19
-2.497614942e-20
1.398440957e-19
-1.858003877e-20
1.400879883e-19
-1.231445076e-20
1.402081191e-19
-6.135594484e-21
1.402104226e-19
-7.204407725e-33
1.286767854e-19
-6.027461188e-21
1.087581031e-19
-1.745377328e-19
9.012028751e-20
-2.281303154e-19
7.100570801e-20
-2.355922529e-19
5.138790107e-20
-2.3068346e-19
3.14589171e-20
-2.255980195e-19
1.133923373e-20
-2.224689721e-19
-2.208529691e-19
2.028292772e-08
8.499458001e-10
2.332086667e-08
7.648818721e-10
2.857544768e-08
2.525910973e-09
2.910941934e-08
4.047602035e-09
2.216429821e-08
7.57990134e-10
8.936264048e-09
-8.077601121e-09
-5.076859883e-09
-2.733189103e-08
2.214997012e-09
-2.227672791e-08
4.448974105e-09
-1.202565573e-08
7.312879201e-14
-3.192846025e-09
3.563690823e-19
7.334071542e-14
1.697142237e-19
3.388990804e-19
1.993818924e-19
-1.456459423e-19
1.939293413e-19
-1.603808377e-19
1.75308484e-19
-1.38175511e-19
1.595807571e-19
-1.229314892e-19
1.497098278e-19
-1.124164993e-19
1.444722882e-19
-1.034229574e-19
1.421714674e-19
-9.474454241e-20
1.415381348e-19
-8.612878428e-20
1.417678641e-19
-7.761810844e-20
1.423880561e-19
-6.930308043e-20
1.431352665e-19
-6.125161995e-20
1.438709337e-19
-5.34978839e-20
1.445285903e-19
-4.604770662e-20
1.450819453e-19
-3.88866678e-20
1.455259345e-19
-3.198693381e-20
1.458656091e-19
-2.531222471e-20
1.461096837e-19
-1.882117042e-20
1.462668446e-19
-1.246948101e-20
1.463437136e-19
-6.211297114e-21
1.463464483e-19
-6.015249515e-33
1.347938824e-19
-5.311091444e-21
1.142736033e-19
-1.741018178e-19
9.472007537e-20
-2.267414158e-19
7.463484678e-20
-2.333013603e-19
5.407105412e-20
-2.278796794e-19
3.322790934e-20
-2.22512234e-19
1.221719364e-20
-2.192135669e-19
-2.17511667e-19
2.035883786e-08
-4.402548037e-10
2.224158876e-08
-1.117917886e-09
2.498998897e-08
-2.225537648e-10
2.615276191e-08
2.884802909e-09
2.348467154e-08
3.426025176e-09
1.720285667e-08
-1.795904276e-09
1.642042554e-09
-1.177117254e-08
-4.11406263e-09
-1.652067207e-08
-2.156616356e-09
-1.398310161e-08
2.298965071e-10
-5.579359633e-09
-2.457871978e-18
2.299697784e-10
-3.148353788e-19
-2.954510701e-18
1.846469963e-19
-6.451234088e-19
2.161346679e-19
-1.918648039e-19
1.905525058e-19
-1.125899016e-19
1.70095747e-19
-1.024712394e-19
1.587033696e-19
-1.010199129e-19
1.531507032e-19
-9.786549383e-20
1.507872255e-19
-9.23757286e-20
1.500488106e-19
-8.538442862e-20
1.500828921e-19
-7.764593714e-20
1.504395166e-19
-6.965352792e-20
1.508890026e-19
-6.16952683e-20
1.51321111e-19
-5.39245838e-20
1.516896291e-19
-4.641122903e-20
1.519816792e-19
-3.917411644e-20
1.522006436e-19
-3.220171872e-20
1.523566634e-19
-2.546456561e-20
1.524613731e-19
-1.892282979e-20
1.525250285e-19
-1.253088767e-20
1.525550107e-19
-6.24002208e-21
1.52555266e-19
-7.709812397e-33
1.410075401e-19
-4.595266968e-21
1.198456071e-19
-1.730225317e-19
9.934173486e-20
-2.244006777e-19
7.825902792e-20
-2.30011561e-19
5.673825412e-20
-2.241175177e-19
3.498120892e-20
-2.185111489e-19
1.308598026e-20
-2.150722353e-19
-2.133009044e-19
1.831385185e-08
-1.242547588e-09
1.931028173e-08
-2.11439674e-09
1.991456467e-08
-8.268888032e-10
1.947073597e-08
3.328575215e-09
1.581882969e-08
7.077888776e-09
1.175054522e-08
2.272297721e-09
-2.514537018e-09
2.493832159e-09
-1.907185815e-08
3.662115002e-11
-1.854544244e-08
-1.450951689e-08
-6.34212562e-09
-1.778267686e-08
-9.957400275e-10
-5.116415713e-09
2.005059161e-18
-9.957400049e-10
6.37915614e-19
7.220204282e-19
2.954095702e-19
1.506422571e-19
2.00671168e-19
-1.784866469e-20
1.715470736e-19
-7.334362355e-20
1.618577887e-19
-9.132644092e-20
1.586404684e-19
-9.46434773e-20
1.577785255e-19
-9.150850075e-20
1.577873021e-19
-8.538727851e-20
1.580753013e-19
-7.792776158e-20
1.583977762e-19
-6.996993713e-20
1.586596871e-19
-6.195143317e-20
1.588344658e-19
-5.409400142e-20
1.589267417e-19
-4.649852327e-20
1.58954077e-19
-3.919684894e-20
1.589377967e-19
-3.218124246e-20
1.588983992e-19
-2.54214425e-20
1.588533152e-19
-1.887461217e-20
1.588158941e-19
-1.249111795e-20
1.587950328e-19
-6.21783589e-21
1.587971709e-19
-1.184088645e-32
1.472348806e-19
-3.864666663e-21
1.254357667e-19
-1.713042839e-19
1.03947664e-19
-2.210742092e-19
8.184959118e-20
-2.257049983e-19
5.936868489e-20
-2.193938656e-19
3.670482899e-20
-2.136019055e-19
1.393845643e-20
-2.100584096e-19
-2.08237029e-19
1.402845257e-08
-1.514521848e-09
1.400188353e-08
-2.087872423e-09
1.354233226e-08
-3.673694137e-10
1.262168806e-08
4.249179102e-09
1.387731122e-08
5.82222379e-09
1.275775981e-08
3.391767757e-09
3.163074971e-09
1.208842816e-08
-2.055257258e-08
2.375224364e-08
-3.944407249e-08
4.38198245e-09
-2.679518696e-08
-3.043156377e-08
-1.183936095e-08
-2.007224463e-08
6.262463468e-18
-1.283510092e-08
6.633039543e-20
4.35365504e-19
1.269158973e-19
9.005896125e-20
1.451762091e-19
-3.610634537e-20
1.535642562e-19
-8.172831961e-20
1.585407523e-19
-9.62988284e-20
1.617754449e-19
-9.787362806e-20
1.638997477e-19
-9.362762364e-20
1.65246819e-19
-8.672854618e-20
1.660331258e-19
-7.870807808e-20
1.664162802e-19
-7.034719303e-20
1.665171188e-19
-6.204661745e-20
1.664299439e-19
-5.400148752e-20
1.66228416e-19
-4.629201209e-20
1.659696834e-19
-3.893352383e-20
1.656975966e-19
-3.190497967e-20
1.654452295e-19
-2.516535398e-20
1.652368095e-19
-1.866303057e-20
1.650891761e-19
-1.234109143e-20
1.650128687e-19
-6.140188168e-21
1.65012606e-19
-1.766837115e-32
1.534602375e-19
-3.140732001e-21
1.30991425e-19
-1.689146112e-19
1.085017222e-19
-2.167445933e-19
8.537889126e-20
-2.203722213e-19
6.194216414e-20
-2.137130235e-19
3.838560683e-20
-2.077986383e-19
1.476807939e-20
-2.041921287e-19
-2.023429187e-19
8.874854015e-09
-1.277295049e-09
7.835342786e-09
-1.04838072e-09
6.544180124e-09
9.237668772e-10
4.405838333e-09
6.387479247e-09
3.907036272e-09
6.3209671e-09
-5.673456991e-10
7.866067101e-09
-1.064187309e-08
2.216290196e-08
-2.076779753e-08
3.387814721e-08
-2.48666358e-08
8.480815602e-09
-2.184628908e-08
-3.345191214e-08
-1.545967594e-08
-2.645886198e-08
4.611906628e-18
-2.829478642e-08
-2.807205794e-19
-4.502883036e-19
7.532883966e-22
-1.914136e-19
9.955423485e-20
-1.349050311e-19
1.389937474e-19
-1.211647558e-19
1.569659527e-19
-1.142669889e-19
1.660214494e-19
-1.06924625e-19
1.707988252e-19
-9.83997471e-20
1.732672871e-19
-8.919123441e-20
1.743940108e-19
-7.98289164e-20
1.747168557e-19
-7.066421994e-20
1.745622488e-19
-6.188635592e-20
1.741394193e-19
-5.357325873e-20
1.735869043e-19
-4.573445632e-20
1.729982276e-19
-3.834024522e-20
1.724372223e-19
-3.133983553e-20
1.71947553e-19
-2.467201575e-20
1.715587486e-19
-1.827110733e-20
1.712900794e-19
-1.207006414e-20
1.711530569e-19
-6.001878501e-21
1.711535949e-19
-1.652081707e-32
1.59547746e-19
-2.364172842e-21
1.364409109e-19
-1.658851052e-19
1.129473774e-19
-2.114096447e-19
8.881068142e-20
-2.14024158e-19
6.443615484e-20
-2.070930301e-19
4.000997651e-20
-2.011244499e-19
1.556835682e-20
-1.975004928e-19
-1.956479299e-19
5.781427752e-09
-6.785849929e-10
4.411473901e-09
3.215561126e-10
2.974214881e-09
2.360996049e-09
1.423517242e-09
7.938126718e-09
-9.454366074e-10
8.689861206e-09
-6.797672798e-09
1.371824104e-08
-1.159091995e-08
2.695610851e-08
-1.036817956e-08
3.265538129e-08
-2.88700505e-09
9.996183997e-10
2.34292389e-09
-3.868187079e-08
6.263239125e-09
-3.037921854e-08
3.423055354e-19
-2.203155726e-08
-2.655922955e-20
-5.004795053e-19
5.726193707e-20
-2.752336576e-19
1.132945101e-19
-1.909355679e-19
1.458915143e-19
-1.537586943e-19
1.643083166e-19
-1.326795649e-19
1.745463272e-19
-1.171579454e-19
1.800073379e-19
-1.038553702e-19
1.826296052e-19
-9.180778539e-20
1.835587073e-19
-8.075220931e-20
1.834947198e-19
-7.059440993e-20
1.828753459e-19
-6.126122145e-20
1.819782218e-19
-5.267057271e-20
1.809811154e-19
-4.473216771e-20
1.799986373e-19
-3.735309964e-20
1.791050421e-19
-3.044211947e-20
1.783484614e-19
-2.391184221e-20
1.777597918e-19
-1.76794233e-20
1.77358265e-19
-1.166629572e-20
1.771549354e-19
-5.797378844e-21
1.771556174e-19
-9.04641169e-33
1.655174848e-19
-1.552995488e-21
1.417506181e-19
-1.621939317e-19
1.172576897e-19
-2.050737855e-19
9.21207612e-20
-2.066744305e-19
6.683163077e-20
-1.995570774e-19
4.156533717e-20
-1.936088506e-19
1.633307401e-20
-1.90016966e-19
-1.881876175e-19
5.459109692e-09
7.481466243e-11
4.265433962e-09
1.515213944e-09
3.195323571e-09
3.431080008e-09
2.722554121e-09
8.410846131e-09
9.197234466e-10
1.049263191e-08
-1.565749676e-09
1.620366825e-08
-1.622995155e-09
2.701334261e-08
6.38720241e-09
2.464519705e-08
1.116220898e-08
-3.775370397e-09
6.40324965e-09
-3.392291732e-08
5.945126973e-09
-2.992112111e-08
-1.339496745e-17
-1.608642789e-08
1.952855659e-19
-1.06824253e-19
1.415601733e-19
-2.215071817e-19
1.504713838e-19
-1.998448015e-19
1.669706437e-19
-1.702546323e-19
1.798299361e-19
-1.455350169e-19
1.878489024e-19
-1.251724434e-19
1.920549227e-19
-1.08056108e-19
1.936851812e-19
-9.343246887e-20
1.937165067e-19
-8.077779251e-20
1.928279082e-19
-6.969992457e-20
1.914659947e-19
-5.989335938e-20
1.899166267e-19
-5.111539124e-20
1.883601835e-19
-4.317030898e-20
1.869096175e-19
-3.589771562e-20
1.856353194e-19
-2.916365836e-20
1.845808803e-19
-2.285386928e-20
1.837729194e-19
-1.686858211e-20
1.832271819e-19
-1.111848948e-20
1.829523142e-19
-5.521496422e-21
1.829524992e-19
-1.192185915e-32
1.712761539e-19
-7.032073831e-22
1.468599539e-19
-1.578518222e-19
1.213832487e-19
-1.977526865e-19
9.527446571e-20
-1.983514353e-19
6.910543599e-20
-1.911398706e-19
4.303737062e-20
-1.852901823e-19
1.705538656e-20
-1.817824698e-19
-1.800043705e-19
6.773574139e-09
5.602518129e-10
6.096022463e-09
2.192746968e-09
5.499423857e-09
4.027644256e-09
5.992672782e-09
7.917552257e-09
5.936892218e-09
1.054837116e-08
6.855729805e-09
1.528481483e-08
1.178655166e-08
2.208252734e-08
1.885467081e-08
1.757708577e-08
1.813774731e-08
-3.058444217e-09
8.934416725e-09
-2.471959708e-08
3.5010108e-09
-2.448772564e-08
-6.388488673e-12
-1.257901484e-08
7.837866801e-20
-6.388455291e-12
1.632217935e-19
-3.063489769e-19
1.800615529e-19
-2.166835009e-19
1.916902591e-19
-1.818804005e-19
2.001925095e-19
-1.540334535e-19
2.049652379e-19
-1.299407583e-19
2.066785618e-19
-1.097643723e-19
2.063398576e-19
-9.308835889e-20
2.047943746e-19
-7.922661208e-20
2.026344734e-19
-6.753404571e-20
2.002439628e-19
-5.749668553e-20
1.97861709e-19
-4.872703182e-20
1.956327768e-19
-4.093566147e-20
1.936436747e-19
-3.390355571e-20
1.919451084e-19
-2.746079881e-20
1.905661675e-19
-2.147139503e-20
1.89523012e-19
-1.58226647e-20
1.88824175e-19
-1.041776782e-20
1.884738106e-19
-5.170270782e-21
1.884747569e-19
-1.078859558e-32
1.767466137e-19
1.964065464e-22
1.517012832e-19
-1.528791102e-19
1.252714915e-19
-1.89477119e-19
9.823424515e-20
-1.890986247e-19
7.12321527e-20
-1.818882726e-19
4.441042657e-20
-1.762165636e-19
1.772789333e-20
-1.728461694e-19
-1.711479812e-19
8.58721598e-09
7.324841645e-10
8.393182783e-09
2.38676154e-09
8.257448146e-09
4.163338294e-09
9.24869334e-09
6.926264184e-09
1.053017354e-08
9.266867228e-09
1.328667714e-08
1.252832042e-08
1.888584636e-08
1.648337643e-08
2.345205025e-08
1.301089303e-08
2.079356902e-08
-3.999628313e-10
7.480590332e-09
-1.140661248e-08
-3.50159339e-09
-1.350550661e-08
-2.19167283e-09
-1.388892094e-08
-2.803548725e-18
-2.198061282e-09
2.52888268e-19
4.897456962e-20
2.148646338e-19
-1.786581001e-19
2.195372062e-19
-1.865501996e-19
2.242852047e-19
-1.587778759e-19
2.251416239e-19
-1.307927947e-19
2.233545752e-19
-1.079724802e-19
2.202016044e-19
-8.993014658e-20
2.16486941e-19
-7.550630812e-20
2.126718336e-19
-6.371290713e-20
2.090136165e-19
-5.383213964e-20
2.056530794e-19
-4.536012941e-20
2.026648826e-19
-3.794143798e-20
2.000864316e-19
-3.131974674e-20
1.979345122e-19
-2.530436821e-20
1.962148978e-19
-1.974816502e-20
1.949279089e-19
-1.453297389e-20
1.94071672e-19
-9.559791139e-21
1.936440814e-19
-4.741929507e-21
1.936429814e-19
6.98843551e-33
1.818978242e-19
1.116614366e-21
1.562125546e-19
-1.472651296e-19
1.288745435e-19
-1.802920244e-19
1.009635832e-19
-1.789707986e-19
7.318597974e-20
-1.718598648e-19
4.566844608e-20
-1.664458577e-19
1.83430141e-20
-1.632657055e-19
-1.616758274e-19
1.038550809e-08
7.359521346e-10
1.048785427e-08
2.284389714e-09
1.068477129e-08
3.966383109e-09
1.160222306e-08
6.008784982e-09
1.301023405e-08
7.858852421e-09
1.568796284e-08
9.850611675e-09
2.039774179e-08
1.177361019e-08
2.367120537e-08
9.737414661e-09
2.039840385e-08
2.872824062e-09
9.264273641e-09
-2.724662712e-10
-4.084882502e-09
-1.562960229e-10
-2.579298171e-09
-1.539449986e-08
-1.292721513e-18
-4.777359476e-09
2.468887115e-20
-7.490966123e-19
2.069720566e-19
-3.60940014e-19
2.473095299e-19
-2.268848957e-19
2.522702859e-19
-1.637351847e-19
2.479619384e-19
-1.264803004e-19
2.413969088e-19
-1.014028519e-19
2.346254429e-19
-8.315362594e-20
2.28280342e-19
-6.915570034e-20
2.225526011e-19
-5.797920163e-20
2.174856268e-19
-4.875881008e-20
2.130717708e-19
-4.093977124e-20
2.092865738e-19
-3.414997412e-20
2.061018102e-19
-2.812933034e-20
2.034907154e-19
-2.268849646e-20
2.014300889e-19
-1.768376642e-20
1.999010916e-19
-1.300125615e-20
1.988895336e-19
-8.546562346e-21
1.983860109e-19
-4.237697451e-21
1.98386035e-19
1.679752259e-32
1.86588436e-19
2.088608721e-21
1.603117225e-19
-1.410584519e-19
1.321279915e-19
-1.702599908e-19
1.034197209e-19
-1.680443948e-19
7.49397842e-20
-1.611278469e-19
4.679533376e-20
-1.560469629e-19
1.88933026e-20
-1.531073681e-19
-1.516527374e-19
1.201964944e-08
6.68033408e-10
1.227451308e-08
2.029503507e-09
1.268611433e-08
3.554760747e-09
1.336577147e-08
5.329122545e-09
1.422909076e-08
6.995534341e-09
1.570984717e-08
8.369847545e-09
1.827960884e-08
9.203824027e-09
2.05216779e-08
7.49531331e-09
2.175144486e-08
1.643057016e-09
1.865406076e-08
2.82495726e-09
1.20691823e-08
6.428610356e-09
2.138676007e-09
-5.463976053e-09
1.451838366e-18
-2.638683462e-09
4.116241905e-19
-4.503502681e-19
3.410275794e-19
-2.903423621e-19
3.104592409e-19
-1.963138992e-19
2.895251702e-19
-1.427976049e-19
2.730393869e-19
-1.099905403e-19
2.596461347e-19
-8.800518022e-20
2.486233685e-19
-7.212600315e-20
2.394568407e-19
-5.998389136e-20
2.317729926e-19
-5.028960567e-20
2.253046656e-19
-4.228428562e-20
2.198615679e-19
-3.549021877e-20
2.153072176e-19
-2.958926439e-20
2.11542644e-19
-2.435889593e-20
2.084954454e-19
-1.963627716e-20
2.061125992e-19
-1.529696093e-20
2.043557854e-19
-1.124163757e-20
2.031983985e-19
-7.387490591e-21
2.026237084e-19
-3.66226916e-21
2.026245085e-19
2.271379936e-32
1.908261507e-19
3.063490411e-21
1.639574854e-19
-1.342586024e-19
1.349989685e-19
-1.59452037e-19
1.055745118e-19
-1.564005918e-19
7.647233851e-20
-1.497723485e-19
4.777761695e-20
-1.450965365e-19
1.937237866e-20
-1.424445445e-19
-1.411499228e-19
1.346512922e-08
5.550258534e-10
1.380754964e-08
1.687071885e-09
1.426541747e-08
3.096886288e-09
1.468326605e-08
4.911268827e-09
1.486639137e-08
6.812385555e-09
1.498238711e-08
8.253803782e-09
1.575194001e-08
8.434219806e-09
1.725608575e-08
5.991144239e-09
1.597736423e-08
2.921803897e-09
1.257950393e-08
6.222862946e-09
1.275940969e-08
6.248724277e-09
2.420540359e-09
4.8749095e-09
-4.478351248e-18
-2.181430935e-10
5.709220502e-19
-1.817565673e-19
4.350560803e-19
-1.54475302e-19
3.639755352e-19
-1.252302192e-19
3.223322348e-19
-1.011504677e-19
2.95024747e-19
-8.267883719e-20
2.755253118e-19
-6.850116991e-20
2.607654803e-19
-5.736132295e-20
2.491511264e-19
-4.836441238e-20
2.397783127e-19
-4.091128467e-20
2.320987325e-19
-3.459876146e-20
2.257625223e-19
-2.914774148e-20
2.205375861e-19
-2.435802712e-20
2.162652628e-19
-2.008063237e-20
2.128347617e-19
-1.620059334e-20
2.101679226e-19
-1.262599938e-20
2.082099324e-19
-9.280728536e-21
2.069236199e-19
-6.099417813e-21
2.062859775e-19
-3.023813186e-21
2.062922273e-19
4.224272723e-32
1.945081203e-19
4.019752169e-21
1.670847469e-19
-1.269028718e-19
1.37437666e-19
-1.479544108e-19
1.073948042e-19
-1.441371971e-19
7.776265729e-20
-1.378856575e-19
4.860300206e-20
-1.336799285e-19
1.977461064e-20
-1.313572897e-19
-1.3024423e-19
1.474768707e-08
3.584586106e-10
1.534970851e-08
1.08504735e-09
1.606768888e-08
2.378896743e-09
1.654933471e-08
4.429593222e-09
1.619391821e-08
7.167744612e-09
1.371839213e-08
1.072927018e-08
1.054621058e-08
1.160637693e-08
8.05572362e-09
8.481651159e-09
-7.543084842e-10
1.17318904e-08
-5.828551691e-09
1.129713205e-08
-2.928693493e-09
3.348907159e-09
2.181431019e-10
1.728072866e-09
8.577978316e-19
3.944318235e-19
5.98160505e-19
7.78807585e-20
4.643012178e-19
-2.061339524e-20
3.880552866e-19
-4.898026095e-20
3.408038653e-19
-5.389455795e-20
3.092024142e-19
-5.107247988e-20
2.866651588e-19
-4.595874925e-20
2.697623908e-19
-4.04533548e-20
2.566042541e-19
-3.520103538e-20
2.460908359e-19
-3.039242015e-20
2.375497524e-19
-2.605189934e-20
2.305522366e-19
-2.214414297e-20
2.248149808e-19
-1.861459237e-20
2.201453018e-19
-1.540503208e-20
2.164093556e-19
-1.245939626e-20
2.135131934e-19
-9.725607748e-21
2.113912431e-19
-7.15575133e-21
2.099992246e-19
-4.70553638e-21
2.093097907e-19
-2.333476965e-21
2.093081278e-19
5.585056141e-32
1.975634814e-19
4.945026602e-21
1.696326139e-19
-1.190384416e-19
1.394019616e-19
-1.358721223e-19
1.088530538e-19
-1.313666152e-19
7.879350441e-20
-1.255703798e-19
4.926154582e-20
-1.218897902e-19
2.009547851e-20
-1.19931093e-19
-1.190170325e-19
1.551474658e-08
9.654546695e-11
1.647451046e-08
1.252733652e-10
1.758267944e-08
1.270694777e-09
1.85396744e-08
3.472540646e-09
1.853990413e-08
7.167460531e-09
1.580017086e-08
1.34689943e-08
1.296886645e-08
1.443771563e-08
6.539901491e-09
1.491063483e-08
-4.803439436e-09
2.307523248e-08
-4.571394808e-09
1.106507649e-08
-1.728072855e-09
5.055851484e-10
3.883498218e-19
3.024320483e-19
5.414974833e-19
2.412841528e-19
4.99665379e-19
1.197141831e-19
4.359343521e-19
4.312092643e-20
3.831409896e-19
3.8174998e-21
3.436259434e-19
-1.437445211e-20
3.143161449e-19
-2.175701243e-20
2.921705532e-19
-2.380729321e-20
2.750147102e-19
-2.329181756e-20
2.614128693e-19
-2.159366394e-20
2.504313567e-19
-1.940533472e-20
2.414575088e-19
-1.707227225e-20
2.340817872e-19
-1.476241467e-20
2.280245411e-19
-1.255125728e-20
2.230909376e-19
-1.046556028e-20
2.191431441e-19
-8.506348776e-21
2.160830498e-19
-6.661233123e-21
2.138414581e-19
-4.911049201e-21
2.12371284e-19
-3.233398722e-21
2.116432677e-19
-1.60448145e-21
2.116424315e-19
6.411614589e-32
1.999625441e-19
5.802461541e-21
1.715678789e-19
-1.107090239e-19
1.408680126e-19
-1.233195192e-19
1.099322475e-19
-1.18208064e-19
7.955347278e-20
-1.129347225e-19
4.974637836e-20
-1.09823308e-19
2.033175316e-20
-1.08255086e-19
-1.075529342e-19
1.605355515e-08
-3.449885415e-10
1.785899598e-08
-1.6801957e-09
2.02293467e-08
-1.099711539e-09
2.322110581e-08
4.807286352e-10
2.301327309e-08
7.375290297e-09
1.553641608e-08
2.094589405e-08
-3.072274793e-10
3.02813717e-08
-1.535533053e-08
2.99586859e-08
-4.916128217e-09
1.263599486e-08
-5.055851968e-10
6.65453342e-09
1.432343865e-19
-2.288049366e-19
3.357838478e-19
1.098825844e-19
4.199288267e-19
1.571396668e-19
4.230721224e-19
1.165728921e-19
3.966309255e-19
6.95652922e-20
3.649490377e-19
3.550324585e-20
3.362433831e-19
1.433614155e-20
3.122658641e-19
2.226469322e-21
2.926860289e-19
-4.221210899e-21
2.767128639e-19
-7.312652362e-21
2.636011985e-19
-8.476244019e-21
2.527644192e-19
-8.562820224e-21
2.437673664e-19
-8.069344686e-21
2.362929446e-19
-7.281963354e-21
2.301102381e-19
-6.362493791e-21
2.250501491e-19
-5.399652817e-21
2.209882598e-19
-4.439236857e-21
2.178332337e-19
-3.501917445e-21
2.155191086e-19
-2.593758434e-21
2.140002013e-19
-1.712445389e-21
2.132477491e-19
-8.50995124e-22
2.132488163e-19
7.393111905e-32
2.016518369e-19
6.57639945e-21
1.728594294e-19
-1.019806603e-19
1.418144807e-19
-1.10420723e-19
1.106192268e-19
-1.047888918e-19
8.003448771e-20
-1.00091942e-19
5.005262478e-20
-9.758085169e-20
2.048104274e-20
-9.642087597e-20
-9.593892236e-20
1.516635596e-08
-7.696194398e-10
1.721638532e-08
-3.730267203e-09
2.001391658e-08
-3.897290801e-09
2.287642908e-08
-2.381782929e-09
2.15128998e-08
8.738877824e-09
1.735235314e-08
2.510644887e-08
1.155098468e-08
3.608262525e-08
-1.064439295e-09
4.257413032e-08
-5.06147485e-09
1.663304232e-08
-5.071997789e-17
1.593058565e-09
4.82199236e-19
3.533853406e-19
3.830409847e-19
2.090408177e-19
3.793620519e-19
1.60819289e-19
3.760645225e-19
1.198727641e-19
3.625688791e-19
8.306444147e-20
3.437819334e-19
5.429428079e-20
3.241337109e-19
3.39896797e-20
3.058181839e-19
2.054836689e-20
2.895945874e-19
1.200890229e-20
2.755492722e-19
6.738802606e-21
2.635146223e-19
3.564263669e-21
2.532578947e-19
1.6997595e-21
2.445547477e-19
6.397888903e-22
2.372124142e-19
6.646411898e-23
2.310730791e-19
-2.17103207e-22
2.260105651e-19
-3.3136876e-22
2.219255792e-19
-3.490827583e-22
2.187413928e-19
-3.13462757e-22
2.164004216e-19
-2.495934705e-22
2.148616515e-19
-1.715713942e-22
2.140987442e-19
-8.701922884e-23
2.141008123e-19
7.574493682e-32
2.026076643e-19
7.244734796e-21
1.734866839e-19
-9.292246132e-20
1.422305391e-19
-9.730964218e-20
1.109070253e-19
-9.124033742e-20
8.023157357e-20
-8.715729202e-20
5.017674084e-20
-8.526422352e-20
2.054138196e-20
-8.452164917e-20
-8.426394575e-20
1.359000085e-08
-9.972327778e-10
1.3052239e-08
-3.192545581e-09
1.092544871e-08
-1.770519257e-09
6.560190297e-09
1.983514209e-09
-1.199514659e-09
1.649859865e-08
-1.319174291e-08
3.709859499e-08
-1.59268094e-08
3.881752201e-08
-4.145196397e-09
3.079250906e-08
-1.593058573e-09
1.408090436e-08
3.166707009e-19
6.692091267e-19
3.382343083e-19
3.318217353e-19
3.348203957e-19
2.124587784e-19
3.38415527e-19
1.572279881e-19
3.392561999e-19
1.190354507e-19
3.337987184e-19
8.852561849e-20
3.234773323e-19
6.462016509e-20
3.10692398e-19
4.678061527e-20
2.972787193e-19
3.396901097e-20
2.843244877e-19
2.496999235e-20
2.723747333e-19
1.869487104e-20
2.616501182e-19
1.429487516e-20
2.521979241e-19
1.115796348e-20
2.43981423e-19
8.862428885e-21
2.369288469e-19
7.12523004e-21
2.309588135e-19
5.758998723e-21
2.259928511e-19
4.640310643e-21
2.219611992e-19
3.687664429e-21
2.18805262e-19
2.846697524e-21
2.164784437e-19
2.080422571e-21
2.149462037e-19
1.362805624e-21
2.141857635e-19
6.745082687e-22
2.14181876e-19
7.870169982e-32
2.028010731e-19
7.809241437e-21
1.734457454e-19
-8.36286762e-20
1.421117697e-19
-8.411962831e-20
1.107920385e-19
-7.769446859e-20
8.014124735e-20
-7.424616366e-20
5.011552728e-20
-7.297551814e-20
2.051077241e-20
-7.265179495e-20
-7.261895403e-20
1.119989642e-08
-3.661584499e-10
5.978466931e-09
2.028866739e-09
-3.458223554e-09
7.666180012e-09
-1.421897006e-08
1.274427896e-08
-1.979404411e-08
2.207360415e-08
-1.557483575e-08
3.287927702e-08
-1.031302593e-08
3.355568248e-08
-2.415314971e-09
2.289479807e-08
-2.396397463e-16
1.166558918e-08
-3.537312437e-20
-4.778434202e-19
2.188709755e-19
7.757688003e-20
2.795896055e-19
1.517405872e-19
3.002229896e-19
1.365963583e-19
3.087463677e-19
1.105141374e-19
3.09893265e-19
8.738200188e-20
3.056377825e-19
6.8880609e-20
2.978807937e-19
5.454433809e-20
2.882797006e-19
4.357757414e-20
2.780493664e-19
3.520742436e-20
2.679747374e-19
2.87759631e-20
2.585132065e-19
2.376258629e-20
2.499023895e-19
1.977501806e-20
2.422442241e-19
1.652694567e-20
2.355626156e-19
1.381316276e-20
2.298401254e-19
1.1487588e-20
2.250402049e-19
9.445897005e-21
2.211202323e-19
7.612651641e-21
2.180389871e-19
5.932107223e-21
2.157608267e-19
4.361766289e-21
2.142579063e-19
2.867875904e-21
2.135112552e-19
1.422254137e-21
2.135118597e-19
8.234229915e-32
2.022696401e-19
8.232071449e-21
1.72742132e-19
-7.416149358e-20
1.414647317e-19
-7.098505211e-20
1.102750986e-19
-6.427757961e-20
7.976093464e-20
-6.14705211e-20
4.986564613e-20
-6.081605988e-20
2.038700377e-20
-6.090682689e-20
-6.109710974e-20
7.358762747e-09
1.552383669e-09
4.829201796e-10
8.90471194e-09
-8.191371285e-09
1.634047239e-08
-1.58208832e-08
2.037374252e-08
-1.738155297e-08
2.363421887e-08
-1.159655776e-08
2.709430399e-08
-1.364850967e-09
2.33239786e-08
9.084525285e-10
2.062149523e-08
-1.877844196e-16
1.257404221e-08
5.230923323e-19
7.115904114e-19
2.930353706e-19
3.076368009e-19
2.644453765e-19
1.803343504e-19
2.741407687e-19
1.269022369e-19
2.856142321e-19
9.904147697e-20
2.913918722e-19
8.160683222e-20
2.913015116e-19
6.89757197e-20
2.869140298e-19
5.893843749e-20
2.799095509e-19
5.058925785e-20
2.716179052e-19
4.350588458e-20
2.629613606e-19
3.743885231e-20
2.545256383e-19
3.220457713e-20
2.466543171e-19
2.765279129e-20
2.395304412e-19
2.365739796e-20
2.332370408e-19
2.011303671e-20
2.277984344e-19
1.693233664e-20
2.232069595e-19
1.40429964e-20
2.194396879e-19
1.138486328e-20
2.164686462e-19
8.907254326e-21
2.142669364e-19
6.566636313e-21
2.128122846e-19
4.324677468e-21
2.120890011e-19
2.146632614e-21
2.120874547e-19
7.461914143e-32
2.009358457e-19
8.563327675e-21
1.713656292e-19
-6.465033946e-20
1.402798639e-19
-5.804099027e-20
1.093508246e-19
-5.112015648e-20
7.90865614e-20
-4.894363417e-20
4.942348206e-20
-4.888762916e-20
2.016786646e-20
-4.938366378e-20
-4.979378766e-20
3.716753967e-09
4.394575109e-09
-2.882545567e-09
1.550399886e-08
-6.232408893e-09
1.969033183e-08
-5.865036861e-09
2.000626166e-08
7.880548106e-09
9.888539459e-09
2.661871284e-08
8.356068893e-09
3.475551731e-09
4.646710813e-08
9.206901321e-10
2.317635786e-08
-1.314471741e-16
1.349473243e-08
1.223044587e-19
6.283759529e-19
1.657320512e-19
2.642101794e-19
2.110132631e-19
1.350568087e-19
2.462800088e-19
9.16348117e-20
2.681795874e-19
7.714158154e-20
2.787607596e-19
7.102810482e-20
2.812642294e-19
6.647745533e-20
2.785648501e-19
6.164454967e-20
2.728261776e-19
5.63348057e-20
2.655508729e-19
5.07875725e-20
2.577270854e-19
4.526873702e-20
2.499738524e-19
3.996407267e-20
2.426589238e-19
3.497431656e-20
2.3598608e-19
3.03369922e-20
2.300563407e-19
2.60493681e-20
2.249090942e-19
2.20857587e-20
2.205488264e-19
1.840885341e-20
2.169620789e-19
1.49764884e-20
2.141280281e-19
1.174535963e-20
2.120249775e-19
8.672823021e-21
2.106342397e-19
5.717558435e-21
2.099423685e-19
2.839594936e-21
2.099417482e-19
6.628710866e-32
1.98905505e-19
8.779860034e-21
1.693582536e-19
-5.516090185e-20
1.385868426e-19
-4.541017995e-20
1.080317568e-19
-3.833555962e-20
7.812133467e-20
-3.676944332e-20
4.87888243e-20
-3.728858882e-20
1.985265287e-20
-3.817872997e-20
-3.880507243e-20
1.705253682e-09
7.39985166e-09
-5.294946324e-09
2.250414232e-08
-9.04155168e-09
2.343686465e-08
-1.366129412e-08
2.462598914e-08
-2.09805864e-08
1.720789351e-08
-1.69253513e-08
4.3007178e-09
-3.60356847e-09
3.314521989e-08
-1.678791904e-09
2.1251596e-08
-3.650574238e-16
1.181594098e-08
-2.384942179e-19
-1.833987079e-21
3.657813052e-20
-1.086258736e-20
1.67591266e-19
4.050087781e-21
2.317867786e-19
2.744107532e-20
2.620661107e-19
4.686455641e-20
2.742101101e-19
5.888878634e-20
2.764313237e-19
6.42630309e-20
2.732551062e-19
6.482818904e-20
2.672789444e-19
6.231784485e-20
2.600320374e-19
5.804062408e-20
2.524224211e-19
5.288428652e-20
2.449840963e-19
4.740865214e-20
2.380215994e-19
4.194350182e-20
2.316984559e-19
3.666699362e-20
2.260927313e-19
3.166175176e-20
2.212321889e-19
2.6952486e-20
2.171164614e-19
2.253013572e-20
2.137309502e-19
1.836682782e-20
2.110554915e-19
1.442483321e-20
2.090697129e-19
1.066171643e-20
2.077562762e-19
7.033128711e-21
2.071027735e-19
3.494182238e-21
2.071045187e-19
6.322493806e-32
1.961606125e-19
8.904951659e-21
1.667498919e-19
-4.580675833e-20
1.364010373e-19
-3.320082118e-20
1.063272831e-19
-2.603117048e-20
7.687062931e-20
-2.504787542e-20
4.796435538e-20
-2.611460316e-20
1.944242481e-20
-2.738682436e-20
-2.822598113e-20
3.439012702e-09
9.930312159e-09
-3.258851709e-09
2.920197889e-08
-8.494230332e-09
2.867215233e-08
-1.474989588e-08
3.088157903e-08
-2.744481386e-08
2.990276859e-08
-2.607605905e-08
2.93200807e-09
-1.130205565e-08
1.837125085e-08
-2.426277827e-09
1.237573573e-08
-8.161081641e-16
9.389663984e-09
-2.445186942e-19
-5.255221333e-19
5.149104151e-20
-3.068743883e-19
1.909822536e-19
-1.354350912e-19
2.512102597e-19
-3.278574967e-20
2.740903406e-19
2.398711913e-20
2.795843547e-19
5.340039718e-20
2.769964819e-19
6.68585379e-20
2.70744762e-19
7.108773097e-20
2.630017236e-19
7.006781683e-20
2.548756998e-19
6.617275035e-20
2.469467867e-19
6.081914146e-20
2.39518946e-19
5.484282288e-20
2.327450912e-19
4.872414084e-20
2.26693214e-19
4.272580171e-20
2.213834656e-19
3.697819088e-20
2.168098386e-19
3.153229071e-20
2.129531535e-19
2.639234492e-20
2.097889556e-19
2.153581798e-20
2.072923748e-19
1.692540086e-20
2.054411252e-19
1.251606311e-20
2.042173297e-19
8.259046149e-21
2.036085913e-19
4.103996711e-21
2.036105078e-19
5.829859051e-32
1.927796668e-19
8.918019105e-21
1.635728901e-19
-3.665533246e-20
1.337514674e-19
-2.151776707e-20
1.042558216e-19
-1.430373592e-20
7.534580801e-20
-1.38717769e-20
4.695702548e-20
-1.545690621e-20
1.894047473e-20
-1.709907536e-20
-1.814822518e-20
6.967937266e-09
1.22553404e-08
3.608180826e-09
3.256178516e-08
4.513067995e-09
2.776729052e-08
1.295298541e-08
2.244170361e-08
1.228684798e-08
3.056893977e-08
-2.711589612e-09
1.793046731e-08
-5.442296102e-10
1.620393752e-08
1.256492719e-10
1.170585684e-08
-2.958092838e-16
9.515313547e-09
-2.346490505e-20
-1.369552928e-18
2.2293106e-19
-5.5326873e-19
2.936315951e-19
-2.06133871e-19
3.079831285e-19
-4.7138479e-20
3.035036187e-19
2.846837701e-20
2.930424954e-19
6.386727342e-20
2.812256749e-19
7.868325374e-20
2.697248478e-19
8.259643811e-20
2.591066571e-19
8.069288008e-20
2.495220909e-19
7.576339553e-20
2.409704681e-19
6.937676676e-20
2.334002639e-19
6.24194582e-20
2.267467521e-19
5.538452259e-20
2.209456032e-19
4.853392599e-20
2.159375654e-19
4.199292583e-20
2.116698928e-19
3.58061243e-20
2.080966266e-19
2.997110973e-20
2.051785384e-19
2.445867366e-20
2.02883037e-19
1.922486925e-20
2.011841082e-19
1.421807285e-20
2.000622803e-19
9.382981744e-21
1.995045946e-19
4.662747501e-21
1.995076919e-19
4.817186046e-32
1.887323118e-19
8.872732012e-21
1.598511146e-19
-2.782821264e-20
1.306569066e-19
-1.046079738e-20
1.018354272e-19
-3.249316101e-21
7.356165503e-20
-3.330732906e-21
4.577669454e-20
-5.401804993e-21
1.835143792e-20
-7.401376619e-21
-8.658869925e-21
7.357526316e-09
1.547735585e-08
5.468539666e-09
3.445080804e-08
9.339673006e-09
2.389621109e-08
1.666979042e-08
1.511159737e-08
2.288160398e-08
2.435709849e-08
1.700056472e-08
2.381149852e-08
1.232344919e-08
2.088105303e-08
5.751246693e-09
1.82780575e-08
-3.560428947e-16
1.526656159e-08
7.954045417e-19
-8.757677436e-19
5.700668995e-19
-3.279290707e-19
4.526269871e-19
-8.869220356e-20
3.835899845e-19
2.189819377e-20
3.389025151e-19
7.315805207e-20
3.078584757e-19
9.491735804e-20
2.851388593e-19
1.014107135e-19
2.678212898e-19
9.992163589e-20
2.541771726e-19
9.434364069e-20
2.431354622e-19
8.681109612e-20
2.340131595e-19
7.850510621e-20
2.263653283e-19
7.007379718e-20
2.198961555e-19
6.186061918e-20
2.14404603e-19
5.403246592e-20
2.097507639e-19
4.665344508e-20
2.058348783e-19
3.972814388e-20
2.025841905e-19
3.322727063e-20
1.99944734e-19
2.710287665e-20
1.978762406e-19
2.129731078e-20
1.963490171e-19
1.574835797e-20
1.953420461e-19
1.039204124e-20
1.948418471e-19
5.163997504e-21
1.948440476e-19
3.671439807e-32
1.841418652e-19
8.758653846e-21
1.556584598e-19
-1.939763988e-20
1.271738296e-19
-1.122428192e-22
9.910234019e-20
7.056273917e-21
7.153946792e-20
6.50061511e-21
4.443436376e-20
3.974683423e-21
1.767937804e-20
1.627314265e-21
1.59078047e-22
4.531209961e-09
2.003601347e-08
3.531545327e-09
3.545050484e-08
8.667477431e-09
1.876036746e-08
1.488440761e-08
8.894787408e-09
2.28052893e-08
1.643636213e-08
2.131688481e-08
2.529994672e-08
1.613886595e-08
2.6059076e-08
8.181821647e-09
2.623510251e-08
-1.876989807e-16
2.344838342e-08
1.347166158e-18
4.904469e-19
8.093043747e-19
2.099302233e-19
5.632173844e-19
1.573924321e-19
4.348498428e-19
1.502652957e-19
3.60661821e-19
1.473491649e-19
3.143518312e-19
1.41233959e-19
2.836497816e-19
1.321206313e-19
2.622432946e-19
1.213355029e-19
2.46644628e-19
1.099487309e-19
2.348294723e-19
9.8632171e-20
2.255818505e-19
8.775880654e-20
2.181521503e-19
7.751007144e-20
2.120680023e-19
6.795172201e-20
2.070255822e-19
5.908185952e-20
2.028254627e-19
5.086020606e-20
1.99334005e-19
4.322569411e-20
1.964597965e-19
3.610691783e-20
1.941391682e-19
2.942822299e-20
1.923272878e-19
2.311311171e-20
1.909927004e-19
1.708597813e-20
1.901140023e-19
1.127280049e-20
1.896778496e-19
5.601182944e-21
1.896774775e-19
3.218796958e-32
1.790642282e-19
8.555693732e-21
1.510501068e-19
-1.143508439e-20
1.233461624e-19
9.456801756e-21
9.608601056e-20
1.655166026e-20
6.929387924e-20
1.556241802e-20
4.29335715e-20
1.260762161e-20
1.692311582e-20
9.912750658e-21
8.221419504e-21
1.308161815e-09
2.44084917e-08
3.826997288e-09
3.293170079e-08
1.270603118e-08
9.881299956e-09
2.035232036e-08
1.248472775e-09
2.436449497e-08
1.242429722e-08
1.783304464e-08
3.183134355e-08
1.356510098e-08
3.032702734e-08
7.351068623e-09
3.244913515e-08
-3.5249787e-17
3.079945224e-08
1.0725742e-18
9.222994861e-19
7.567661694e-19
5.257353743e-19
5.560902481e-19
3.580643958e-19
4.319337119e-19
2.744211616e-19
3.545466151e-19
2.247401674e-19
3.052385036e-19
1.905489239e-19
2.728646533e-19
1.645020426e-19
2.508565226e-19
1.433505591e-19
2.353280681e-19
1.254833025e-19
2.239561078e-19
1.100099596e-19
2.153331154e-19
9.638791804e-20
2.085938009e-19
8.425601949e-20
2.031981398e-19
7.335435276e-20
1.988039287e-19
6.348300954e-20
1.951909507e-19
5.447976624e-20
1.922152287e-19
4.620744807e-20
1.897811017e-19
3.854643081e-20
1.878240569e-19
3.138993887e-20
1.863001542e-19
2.46408895e-20
1.851795228e-19
1.820959783e-20
1.844423848e-19
1.201196133e-20
1.840766666e-19
5.967909812e-21
1.840741561e-19
2.458789072e-32
1.735030154e-19
8.315306398e-21
1.460634316e-19
-4.045857804e-21
1.192040818e-19
1.818246511e-20
9.280385396e-20
2.518832521e-20
6.682527382e-20
2.381190299e-20
4.126302588e-20
2.044376562e-20
1.607171554e-20
1.738033369e-20
1.543301556e-20
-8.916343213e-10
2.618653774e-08
5.881425958e-09
2.615872657e-08
1.356125702e-08
2.201579312e-09
1.671576147e-08
-1.905980171e-09
1.765522588e-08
1.148486353e-08
1.366164279e-08
3.582488444e-08
8.817537943e-09
3.517116685e-08
5.318148114e-09
3.594852532e-08
7.807296698e-17
3.611760007e-08
6.838417364e-19
8.038289831e-19
5.890947097e-19
6.204799878e-19
4.724470138e-19
4.747097358e-19
3.822527178e-19
3.646160092e-19
3.203553716e-19
2.866422659e-19
2.791916223e-19
2.317194981e-19
2.517131698e-19
1.919875201e-19
2.32989266e-19
1.620808326e-19
2.198547252e-19
1.386236446e-19
2.103340663e-19
1.195363799e-19
2.032012169e-19
1.035269456e-19
1.976921342e-19
8.977179607e-20
1.933267965e-19
7.772666192e-20
1.898006854e-19
6.701600577e-20
1.869186326e-19
5.736832048e-20
1.845542115e-19
4.857781746e-20
1.826246097e-19
4.048134101e-20
1.810750075e-19
3.294413988e-20
1.798688625e-19
2.585084028e-20
1.789818863e-19
1.909949847e-20
1.783983333e-19
1.259748594e-20
1.781087568e-19
6.258464527e-21
1.781068751e-19
1.867188789e-32
1.675961627e-19
8.011100055e-21
1.407782011e-19
2.723063537e-21
1.148012463e-19
2.602691669e-20
8.927272812e-20
3.295453121e-20
6.411866055e-20
3.123814919e-20
3.939223244e-20
2.744538024e-20
1.510130061e-20
2.394884556e-20
2.167485329e-20
-2.312186031e-09
2.475194147e-08
4.444335986e-09
1.940222394e-08
3.471787764e-09
3.174182061e-09
1.483298097e-10
1.417518604e-09
2.285422644e-09
9.347719709e-09
5.919590425e-09
3.21907661e-08
5.370881164e-09
3.571994066e-08
2.499429893e-09
3.882004062e-08
6.674744421e-17
3.861702981e-08
5.096833299e-19
5.211332522e-19
4.433243543e-19
6.868368272e-19
3.623532872e-19
5.556803984e-19
3.042789744e-19
4.22692731e-19
2.654326037e-19
3.254939401e-19
2.394596444e-19
2.576989085e-19
2.218064822e-19
2.096470064e-19
2.095320781e-19
1.743610392e-19
2.007674605e-19
1.473938101e-19
1.94324632e-19
1.259849674e-19
1.894460673e-19
1.084117802e-19
1.85647e-19
9.357761779e-20
1.826161404e-19
8.076447725e-20
1.801530001e-19
6.948595393e-20
1.781281295e-19
5.939958746e-20
1.76457735e-19
5.025405138e-20
1.750874086e-19
4.185687138e-20
1.739817079e-19
3.405433936e-20
1.731175207e-19
2.671873863e-20
1.724798738e-19
1.973998606e-20
1.720593118e-19
1.301995533e-20
1.718502923e-19
6.468425652e-21
1.718533897e-19
1.743163508e-32
1.613958126e-19
7.652559649e-21
1.352557775e-19
8.815384437e-21
1.101682176e-19
3.298317223e-20
8.548578976e-20
3.987591435e-20
6.113255142e-20
3.786485926e-20
3.72652586e-20
3.358916786e-20
1.397189276e-20
2.952111027e-20
2.678794544e-20
-3.018029707e-09
2.088542634e-08
1.262993614e-09
1.512116828e-08
-5.636462887e-09
1.007363099e-08
-1.206745114e-08
7.848558465e-09
-9.696633204e-09
6.976907421e-09
8.989422107e-09
1.350481647e-08
2.185540079e-08
2.285401654e-08
-6.973703233e-10
6.137283044e-08
-3.715490339e-18
3.791965961e-08
6.850210228e-19
2.284394488e-18
3.1216842e-19
1.059688201e-18
2.293656198e-19
6.384838013e-19
2.070801836e-19
4.449816364e-19
1.976375721e-19
3.349417685e-19
1.914077423e-19
2.639344835e-19
1.86520515e-19
2.145397949e-19
1.825648489e-19
1.783220168e-19
1.793586178e-19
1.506054388e-19
1.767514448e-19
1.285979649e-19
1.746119049e-19
1.105576979e-19
1.728338595e-19
9.536245856e-20
1.713376171e-19
8.226762653e-20
1.700666337e-19
7.076363596e-20
1.689825935e-19
6.048989122e-20
1.68060555e-19
5.118179438e-20
1.672848766e-19
4.263762313e-20
1.666461072e-19
3.469748178e-20
1.661387682e-19
2.722967133e-20
1.65759843e-19
2.012165066e-20
1.655077822e-19
1.327384867e-20
1.653818666e-19
6.595241134e-21
1.653815286e-19
6.118952393e-33
1.549797484e-19
7.245903841e-21
1.295548791e-19
1.419388273e-20
1.053247768e-19
3.908324745e-20
8.141308326e-20
4.602786933e-20
5.779412828e-20
4.375860102e-20
3.479556287e-20
3.886555104e-20
1.262412955e-20
3.397276969e-20
3.055394273e-20
-2.749152883e-09
1.401908067e-08
-4.221534136e-11
1.241422686e-08
-8.914410014e-09
1.894581685e-08
-1.856940188e-08
1.750358385e-08
-2.479943518e-08
1.320700299e-08
-2.483681126e-08
1.354230029e-08
-2.763258599e-08
2.564964595e-08
-1.346807433e-08
4.720836445e-08
-5.414607089e-17
2.445163911e-08
-5.316427629e-19
7.328307972e-19
-1.090363597e-19
6.370818026e-19
3.586345495e-20
4.935859653e-19
9.704031572e-20
3.838086115e-19
1.266302871e-19
3.053565365e-19
1.420130537e-19
2.485566953e-19
1.503027369e-19
2.062550224e-19
1.548482709e-19
1.7378146e-19
1.573511439e-19
1.481079255e-19
1.587111778e-19
1.272438591e-19
1.594166656e-19
1.09858675e-19
1.597390274e-19
9.504688435e-20
1.598336265e-19
8.217983595e-20
1.597928889e-19
7.081092381e-20
1.596744966e-19
6.061438512e-20
1.595163838e-19
5.134545287e-20
1.593447352e-19
4.281419186e-20
1.591782967e-19
3.486814655e-20
1.590307475e-19
2.738067901e-20
1.58912041e-19
2.02429826e-20
1.588291746e-19
1.335846499e-20
1.587866255e-19
6.638645802e-21
1.587888991e-19
-1.322560836e-33
1.484598419e-19
6.761450926e-21
1.237270902e-19
1.888169495e-20
1.002733791e-19
4.440825043e-20
7.698989301e-20
5.155291757e-20
5.398467716e-20
4.903991624e-20
3.185258871e-20
4.327678171e-20
1.097115747e-20
3.713575664e-20
3.266763727e-20
-1.839720052e-12
3.073281757e-09
1.668554059e-09
1.074382588e-08
-7.483158651e-09
2.809749714e-08
-1.446780272e-08
2.448817825e-08
-2.183489682e-08
2.057407625e-08
-2.612025761e-08
1.782761159e-08
-2.167199451e-08
2.120142063e-08
-7.864602094e-09
3.340099267e-08
-1.032666835e-17
1.658698674e-08
-6.233072027e-19
-6.048418327e-20
-2.525325836e-19
2.663078847e-19
-7.391389881e-20
3.149696056e-19
1.858824068e-20
2.913099692e-19
6.983044587e-20
2.541183895e-19
9.971138089e-20
2.186800854e-19
1.178291744e-19
1.881417036e-19
1.291747365e-19
1.624407287e-19
1.364870775e-19
1.408009991e-19
1.413259936e-19
1.224109725e-19
1.44604875e-19
1.065862887e-19
1.46871979e-19
9.278649204e-20
1.484647144e-19
8.059375521e-20
1.495963502e-19
6.96856522e-20
1.504055644e-19
5.981108557e-20
1.509851228e-19
5.077126212e-20
1.513986899e-19
4.240537503e-20
1.516908292e-19
3.458007215e-20
1.518930511e-19
2.718176896e-20
1.520275234e-19
2.011101445e-20
1.521093554e-19
1.32782968e-20
1.521479797e-19
6.600832215e-21
1.521482932e-19
-1.371206446e-33
1.418437272e-19
6.253632568e-21
1.177940669e-19
2.288784033e-20
9.496244463e-20
4.911251658e-20
7.208235649e-20
5.667587986e-20
4.950631197e-20
5.389337358e-20
2.82331403e-20
4.683041766e-20
8.882090941e-21
3.876968955e-20
3.269292965e-20
1.762709405e-09
-4.799540598e-10
-8.040655252e-10
1.331058666e-08
-4.102054242e-09
3.139548657e-08
-7.062482268e-09
2.744863245e-08
-1.010592048e-08
2.361761886e-08
-1.236629753e-08
2.008804186e-08
-5.870015047e-09
1.470529015e-08
2.28408109e-09
2.524689122e-08
6.283638232e-19
1.887107555e-08
-2.94787407e-19
9.969466741e-20
-2.038708979e-19
1.753924168e-19
-9.757353522e-20
2.086744204e-19
-1.860333908e-20
2.123427449e-19
3.439214177e-20
2.011263927e-19
6.917299914e-20
1.839031643e-19
9.21281995e-20
1.651908052e-19
1.075350069e-19
1.470387816e-19
1.180970509e-19
1.30244481e-19
1.255013099e-19
1.150128049e-19
1.308050783e-19
1.012889654e-19
1.346792422e-19
8.891888859e-20
1.375566114e-19
7.772283483e-20
1.397217836e-19
6.752662785e-20
1.413657409e-19
5.817283795e-20
1.426192357e-19
4.952294427e-20
1.43573387e-19
4.145579369e-20
1.44292526e-19
3.386482858e-20
1.448222966e-19
2.665515873e-20
1.451948058e-19
1.974088642e-20
1.454318909e-19
1.304278996e-20
1.455471475e-19
6.486343104e-21
1.455407744e-19
-3.930315776e-33
1.352925063e-19
5.697260755e-21
1.117861708e-19
2.63521196e-20
8.93038442e-20
5.346882298e-20
6.646480105e-20
6.175911099e-20
4.404082052e-20
5.85960785e-20
2.362298438e-20
4.953003094e-20
6.160337705e-21
3.851653626e-20
2.999712012e-20
-3.00174226e-09
3.298026615e-09
-5.406341836e-09
1.571515905e-08
-2.107645085e-09
2.809680885e-08
-2.047204289e-09
2.738822539e-08
-1.274253567e-09
2.284472128e-08
-1.586694638e-09
2.040043676e-08
8.609193635e-10
1.225756096e-08
3.110154792e-09
2.299769397e-08
2.182228601e-19
2.198125366e-08
-2.165187844e-19
2.897355812e-19
-1.705889045e-19
1.2946354e-19
-9.39052107e-20
1.319926524e-19
-2.981969126e-20
1.482598222e-19
1.716891337e-20
1.54140968e-19
5.046064003e-20
1.50615272e-19
7.397617589e-20
1.41679612e-19
9.07407063e-20
1.302792259e-19
1.028653748e-19
1.181254282e-19
1.117774703e-19
1.06106787e-19
1.184350015e-19
9.463774877e-20
1.234831884e-19
8.387705272e-20
1.273604044e-19
7.385182998e-20
1.303679937e-19
6.452495546e-20
1.327158472e-19
5.58304819e-20
1.345520851e-19
4.769168724e-20
1.359824219e-19
4.002984247e-20
1.370828561e-19
3.276811847e-20
1.379080243e-19
2.583300062e-20
1.384967093e-19
1.915446298e-20
1.38875444e-19
1.266555212e-20
1.390608044e-19
6.301710602e-21
1.390622959e-19
-1.213849879e-32
1.288378815e-19
5.108857158e-21
1.056628067e-19
2.948658273e-20
8.308215333e-20
5.792476045e-20
5.974901271e-20
6.733772788e-20
3.709771047e-20
6.352739564e-20
1.75627966e-20
5.13480137e-20
2.528243252e-21
3.583658314e-20
2.366984741e-20
-1.429382045e-09
6.483192114e-09
-3.650544985e-09
1.793632751e-08
-1.759377383e-09
2.620564856e-08
1.187132547e-10
2.551019576e-08
3.234875185e-09
1.972861439e-08
4.557683873e-09
1.907766523e-08
1.610150414e-09
1.520507327e-08
-1.25480217e-09
2.586265756e-08
3.583047388e-18
2.072647649e-08
-3.736377278e-19
-3.364148816e-19
-1.680598269e-19
-7.611351139e-20
-7.763804094e-20
4.157262111e-20
-2.393854546e-20
9.456271684e-20
1.364321737e-20
1.165622265e-19
4.152498009e-20
1.227372906e-19
6.25757898e-20
1.206332599e-19
7.858690857e-20
1.142732296e-19
9.084673359e-20
1.058712698e-19
1.003084321e-19
9.665108127e-20
1.076743055e-19
8.727800017e-20
1.134579657e-19
7.809950303e-20
1.180335298e-19
6.928223037e-20
1.216735201e-19
6.089065186e-20
1.245770526e-19
5.293223656e-20
1.268902403e-19
4.538328498e-20
1.287206979e-19
3.820358736e-20
1.301477383e-19
3.134463471e-20
1.312294866e-19
2.475411853e-20
1.320077985e-19
1.837830108e-20
1.325116025e-19
1.216317079e-20
1.327590938e-19
6.054912463e-21
1.32760834e-19
-1.710760803e-32
1.225486867e-19
4.51372074e-21
9.932090791e-20
3.267514455e-20
7.594863288e-20
6.317361526e-20
5.136997045e-20
7.41631545e-20
2.801295142e-20
6.916570508e-20
9.462228433e-21
5.218307391e-20
-2.357855326e-21
2.994342402e-20
1.245708596e-20
-3.540126783e-09
1.039067943e-08
-5.582147017e-09
1.997841423e-08
-2.161849352e-09
2.27853451e-08
4.173404852e-09
1.917491971e-08
1.109936758e-08
1.280265658e-08
1.433849517e-08
1.58385387e-08
3.838274982e-09
2.570529551e-08
-5.598199817e-09
3.529917139e-08
4.742879407e-18
1.51282954e-08
-1.10154434e-19
-6.332861528e-19
-5.037349346e-20
-1.358936866e-19
-2.464794522e-20
1.584860904e-20
-1.939035759e-21
7.185605819e-20
1.981828141e-20
9.480804922e-20
3.942094938e-20
1.031384089e-19
5.621575955e-20
1.038429117e-19
7.018494879e-20
1.00309163e-19
8.162654501e-20
9.443526048e-20
9.093535101e-20
8.734809276e-20
9.849580833e-20
7.972343366e-20
1.046406931e-19
7.196047934e-20
1.096419513e-19
6.428669762e-20
1.137151048e-19
5.682296473e-20
1.17028101e-19
4.962432374e-20
1.197105427e-19
4.270543786e-20
1.218617453e-19
3.605640958e-20
1.235572221e-19
2.965255543e-20
1.248536692e-19
2.346040503e-20
1.257926682e-19
1.7441352e-20
1.264033442e-19
1.155385308e-20
1.267041813e-19
5.754739638e-21
1.267058719e-19
-2.182068078e-32
1.165229144e-19
3.885771077e-21
9.258351833e-20
3.657672985e-20
6.742221638e-20
7.021275521e-20
4.062218477e-20
8.321120475e-20
1.602656878e-20
7.604385464e-20
-1.306912736e-21
5.180212565e-20
-8.844246053e-21
1.976873748e-20
-5.241479934e-21
-7.718278529e-09
1.401858861e-08
-8.556138253e-09
2.081633126e-08
-5.289033512e-09
1.951825666e-08
-5.207530773e-09
1.909337327e-08
-1.107654805e-08
1.867162533e-08
-1.58817347e-08
2.064368466e-08
-1.729420281e-08
2.711774954e-08
-8.432958815e-09
2.643796526e-08
-2.619469542e-18
6.695336576e-09
3.902877898e-19
5.329754642e-19
1.013677759e-19
1.530270044e-19
3.135950393e-20
8.585855296e-20
2.101295528e-20
8.220469075e-20
2.814864108e-20
8.767545527e-20
4.012545215e-20
9.116540231e-20
5.268201088e-20
9.129082609e-20
6.431104627e-20
8.868519235e-20
7.453937729e-20
8.421236312e-20
8.33106919e-20
7.858237575e-20
9.073285402e-20
7.230692051e-20
9.696691132e-20
6.573204756e-20
1.021782184e-19
5.908089559e-20
1.065164639e-19
5.2489979e-20
1.101092151e-19
4.60364601e-20
1.130615144e-19
3.975754872e-20
1.154578911e-19
3.366388886e-20
1.173650717e-19
2.774862594e-20
1.188346161e-19
2.199347638e-20
1.199051692e-19
1.63727633e-20
1.206042307e-19
1.08560969e-20
1.209494417e-19
5.410170669e-21
1.209503492e-19
-2.59644548e-32
1.107239741e-19
3.303965823e-21
8.519607576e-20
4.206816932e-20
5.692498681e-20
8.036290567e-20
2.677068966e-20
9.56147095e-20
4.526861766e-22
8.464557638e-20
-1.52351764e-20
4.977673973e-20
-1.716962343e-20
3.992337143e-21
-3.126486398e-20
-9.166594352e-09
1.607754937e-08
-8.501610056e-09
2.015140186e-08
-5.70238467e-09
1.671905469e-08
-8.665223966e-09
2.205619312e-08
-1.744103271e-08
2.744739928e-08
-2.243330961e-08
2.563595772e-08
-1.85863029e-08
2.327074302e-08
-6.694433039e-09
1.454609532e-08
-2.478425893e-19
9.035189915e-13
1.198779277e-20
2.612845247e-19
3.420016928e-20
1.308151352e-19
2.770564172e-20
9.235521138e-20
2.648371979e-20
8.342924924e-20
3.163858813e-20
8.252380255e-20
4.025087592e-20
8.255690819e-20
5.007637714e-20
8.146975004e-20
5.983821704e-20
7.892829564e-20
6.890938993e-20
7.514642862e-20
7.703523666e-20
7.046190002e-20
8.415798107e-20
6.518960226e-20
9.031575935e-20
5.957968568e-20
9.558730186e-20
5.381465854e-20
1.00062945e-19
4.801940119e-20
1.038303037e-19
4.227380085e-20
1.069678546e-19
3.662423191e-20
1.095426282e-19
3.109281464e-20
1.116099221e-19
2.568445293e-20
1.13213903e-19
2.039201152e-20
1.143885028e-19
1.520005895e-20
1.151583045e-19
1.008755997e-20
1.15539271e-19
5.029830422e-21
1.155389336e-19
-3.078968085e-32
1.052857853e-19
2.750393928e-21
7.692727278e-20
5.039149857e-20
4.394736516e-20
9.522306214e-20
9.252220379e-21
1.12560201e-19
-1.90959101e-20
9.527855403e-20
-3.247014024e-20
4.543884405e-20
-2.734273599e-20
-1.884480073e-20
-6.746083402e-20
-7.121375501e-09
1.670599508e-08
-6.732294713e-09
1.976236935e-08
-5.981217033e-09
1.59680072e-08
-7.736217744e-09
2.381122774e-08
-9.04395347e-09
2.87551489e-08
-9.407540711e-09
2.59996194e-08
-7.596226171e-09
2.145944239e-08
-9.03651251e-13
6.950772837e-09
-6.539970116e-19
-1.602985705e-18
-1.185771771e-19
-2.741353096e-19
-4.259754479e-21
1.649790082e-20
1.877967958e-20
6.931754709e-20
2.557827311e-20
7.663325875e-20
3.167169378e-20
7.643351966e-20
3.916371777e-20
7.506860141e-20
4.753492274e-20
7.310287363e-20
5.605635002e-20
7.041165087e-20
6.422486133e-20
6.698295014e-20
7.176293889e-20
6.292898498e-20
7.85480645e-20
5.840970961e-20
8.455073221e-20
5.358225054e-20
8.979204452e-20
4.857846733e-20
9.431734461e-20
4.349898005e-20
9.818073479e-20
3.8414929e-20
1.014364373e-19
3.337259791e-20
1.041342665e-19
2.83985442e-20
1.063174807e-19
2.350424909e-20
1.080219505e-19
1.868997824e-20
1.092760039e-19
1.394784955e-20
1.101005749e-19
9.264225516e-21
1.105094406e-19
4.62158164e-21
1.105080211e-19
-3.025233627e-32
1.001933831e-19
2.2595553e-21
6.755288149e-20
6.299804925e-20
2.808061823e-20
1.165766755e-19
-1.223438184e-20
1.351265979e-19
-4.259737622e-20
1.079274473e-19
-5.271787064e-20
3.784826601e-20
-3.908302012e-20
-5.018833625e-20
-1.153965975e-19
-4.499563042e-09
1.642461652e-08
-4.820027862e-09
2.008287843e-08
-6.944616213e-09
1.809265409e-08
-9.409218244e-09
2.627591705e-08
-8.594477366e-09
2.794045126e-08
-8.62503533e-09
2.603022764e-08
-4.446698079e-09
1.728110517e-08
8.084363386e-18
2.504074577e-09
7.923782839e-19
9.96195439e-19
1.720567871e-19
3.461870113e-19
4.85598918e-20
1.399960418e-19
2.609539124e-20
9.178416836e-20
2.537853402e-20
7.735274991e-20
3.030677553e-20
7.150834297e-20
3.719798999e-20
6.818103718e-20
4.484369998e-20
6.54613882e-20
5.262764929e-20
6.263232089e-20
6.017089617e-20
5.944454908e-20
6.724366352e-20
5.586120278e-20
7.372060542e-20
5.193783522e-20
7.954694899e-20
4.776097211e-20
8.471255724e-20
4.341780291e-20
8.923329356e-20
3.898294084e-20
9.31384037e-20
3.451416397e-20
9.646238359e-20
3.005253517e-20
9.923997139e-20
2.562439403e-20
1.015032099e-19
2.124393251e-20
1.032798218e-19
1.691574429e-20
1.045923798e-19
1.263710124e-20
1.054579311e-19
8.399894498e-21
1.058878589e-19
4.192266734e-21
1.058890446e-19
-3.537076642e-32
9.549363031e-20
1.849096505e-21
5.684287981e-20
8.161594778e-20
8.955477232e-21
1.463464536e-19
-3.787162011e-20
1.642060872e-19
-6.981070341e-20
1.221534192e-19
-7.541383562e-20
2.574131279e-20
-5.191218006e-20
-9.13976947e-20
-1.761610653e-19
-1.208129093e-09
1.544091377e-08
-1.467331049e-09
2.034213115e-08
-5.755349745e-09
2.238075879e-08
-9.628262226e-09
3.014891374e-08
-5.924713475e-09
2.42369182e-08
-5.699196663e-09
2.580469151e-08
-2.504074551e-09
1.40859831e-08
-7.259288872e-19
2.65430354e-19
-2.222808163e-19
4.925473715e-19
-3.413410249e-20
1.580409449e-19
3.480183489e-22
1.055157951e-19
1.166397278e-20
8.047043356e-20
1.953412708e-20
6.948513753e-20
2.697946973e-20
6.406601166e-20
3.447834101e-20
6.068577684e-20
4.201463267e-20
5.792922513e-20
4.943987748e-20
5.521154678e-20
5.658754987e-20
5.230156333e-20
6.332029596e-20
4.913329224e-20
6.954374232e-20
4.571930722e-20
7.52037798e-20
4.210583727e-20
8.027769517e-20
3.834865489e-20
8.476451669e-20
3.45006387e-20
8.867677489e-20
3.060608894e-20
9.203424245e-20
2.669885163e-20
9.485950986e-20
2.280246561e-20
9.717502167e-20
1.893127712e-20
9.900117873e-20
1.509192696e-20
1.003551731e-19
1.128489794e-20
1.012503033e-19
7.505978035e-21
1.016955922e-19
3.747591207e-21
1.016919301e-19
-3.780857654e-32
9.120083169e-20
1.538217229e-21
4.441468913e-20
1.08370279e-19
-1.410986003e-20
1.86754297e-19
-6.821403181e-20
2.005635618e-19
-1.008069237e-19
1.370341126e-19
-1.001680424e-19
7.393256571e-21
-6.539230804e-20
-1.438802253e-19
-2.50405245e-19
4.532662307e-09
1.653197777e-08
1.432362961e-09
2.344242915e-08
-5.838519924e-09
2.965165369e-08
-1.112059321e-08
3.543095136e-08
-5.185868452e-09
1.830214302e-08
-3.553191202e-09
2.417195028e-08
6.10033886e-18
1.053279191e-08
-6.060943144e-19
-8.789393463e-20
-2.568812905e-19
1.433345412e-19
-8.665925033e-20
-1.218013183e-20
-2.469734322e-20
4.355583177e-20
6.786767511e-22
5.50964986e-20
1.411500121e-20
5.605123272e-20
2.359923491e-20
5.458476541e-20
3.172178929e-20
5.256680347e-20
3.929695432e-20
5.035809395e-20
4.652989404e-20
4.798294341e-20
5.341927877e-20
4.541672759e-20
5.990631094e-20
4.265096016e-20
6.593027236e-20
3.970011724e-20
7.144659741e-20
3.659424875e-20
7.642967898e-20
3.337016349e-20
8.086996693e-20
3.006469995e-20
8.476953758e-20
2.671055571e-20
8.813785643e-20
2.333420567e-20
9.098832137e-20
1.995526474e-20
9.333567152e-20
1.658673978e-20
9.519414971e-20
1.323576798e-20
9.65762532e-20
9.904579349e-21
9.749191648e-20
6.591529426e-21
9.7948001e-20
3.292123216e-21
9.794811069e-20
-3.609397125e-32
8.731640781e-20
1.367519809e-21
2.965716598e-20
1.459986234e-19
-4.222093882e-20
2.405165203e-19
-1.042681026e-19
2.448648302e-19
-1.360069476e-19
1.510615725e-19
-1.267809769e-19
-1.954107137e-20
-7.911760228e-20
-2.092495781e-19
-3.383743537e-19
9.795796728e-09
2.287487539e-08
3.680870191e-09
2.955727358e-08
6.869943423e-09
2.646246591e-08
6.849372208e-09
3.545144602e-08
-3.386580532e-09
2.853814615e-08
-1.545394747e-09
2.233076447e-08
1.741477107e-16
8.987396741e-09
-1.321516244e-19
-3.788111242e-20
-2.69006856e-20
3.808432668e-20
-3.092328722e-20
-8.156431694e-21
-1.315667639e-20
2.579096896e-20
1.633410868e-21
4.030841574e-20
1.26485339e-20
4.503855874e-20
2.158127297e-20
4.565506199e-20
2.951307978e-20
4.463855464e-20
3.692180377e-20
4.295330816e-20
4.396367822e-20
4.094528109e-20
5.065351134e-20
3.873131608e-20
5.695546803e-20
3.635356852e-20
6.282440387e-20
3.383579889e-20
6.822251215e-20
3.120070549e-20
7.312421545e-20
2.847287657e-20
7.751582269e-20
2.567728544e-20
8.139318754e-20
2.283710373e-20
8.47589155e-20
1.997206349e-20
8.761979641e-20
1.709759557e-20
8.998469972e-20
1.422462421e-20
9.186296107e-20
1.135981871e-20
9.326320327e-20
8.506124328e-21
9.419251027e-20
5.663442314e-21
9.465587778e-20
2.829376414e-21
9.465593186e-20
-3.838096059e-32
8.385633406e-20
1.363772044e-21
1.244085598e-20
1.973839856e-19
-7.510032601e-20
3.099425644e-19
-1.448457842e-19
2.968651037e-19
-1.733379996e-19
1.618431206e-19
-1.52938009e-19
-5.764869544e-20
-9.144980571e-20
-2.884430351e-19
-4.386753561e-19
4.193636389e-09
3.158194175e-08
-3.095532069e-09
3.684638019e-08
-4.21375666e-09
2.758062644e-08
-1.901287802e-09
3.313895997e-08
-1.448749522e-09
2.808560742e-08
6.324384871e-09
1.455763023e-08
3.211931635e-15
1.531177781e-08
1.449766488e-20
3.06842135e-19
2.381796721e-20
2.876478126e-20
3.024113421e-21
1.263878001e-20
1.360770382e-21
2.745584384e-20
6.363553876e-21
3.530758177e-20
1.326503715e-20
3.813959147e-20
2.056476562e-20
3.835840366e-20
2.78278333e-20
3.737899292e-20
3.49137767e-20
3.587119608e-20
4.174971322e-20
3.411343454e-20
4.827576379e-20
3.220955935e-20
5.44376984e-20
3.019605643e-20
6.018931047e-20
2.808864251e-20
6.549468322e-20
2.589972644e-20
7.032862432e-20
2.364318959e-20
7.467564098e-20
2.13343256e-20
7.85281473e-20
1.898841017e-20
8.188444758e-20
1.661928515e-20
8.474682505e-20
1.423839643e-20
8.711989422e-20
1.18543309e-20
8.900926669e-20
9.472759064e-21
9.042052126e-20
7.096662944e-21
9.135844437e-20
4.726745252e-21
9.182650137e-20
2.361943636e-21
9.182862852e-20
-2.830833378e-32
8.069241664e-20
1.693840658e-21
-4.216804561e-21
2.622637762e-19
-1.04940947e-19
3.925522094e-19
-1.781714057e-19
3.523510132e-19
-1.997304243e-19
1.656921085e-19
-1.676076545e-19
-1.074784574e-19
-9.609162772e-20
-3.776636824e-19
-5.436179199e-19
-1.383790719e-08
3.639638277e-08
-9.177800484e-09
3.218623949e-08
-8.98796579e-09
2.739080269e-08
-5.414221588e-09
2.956521475e-08
-2.28728287e-09
2.495866489e-08
7.701171629e-09
4.569176663e-09
-1.412913667e-13
2.301309895e-08
4.635263904e-21
2.557079091e-20
3.722265044e-20
-3.822100295e-21
1.784117734e-20
3.202135636e-20
9.212508304e-21
3.608599678e-20
9.195563584e-21
3.532655767e-20
1.348384933e-20
3.385390241e-20
1.958535488e-20
3.2259962e-20
2.632003646e-20
3.064773455e-20
3.315601517e-20
2.903893449e-20
3.984583802e-20
2.742758004e-20
4.626226087e-20
2.579729901e-20
5.233028448e-20
2.413230693e-20
5.80003944e-20
2.242282639e-20
6.323814637e-20
2.066620775e-20
6.801976032e-20
1.886568843e-20
7.232972556e-20
1.702830711e-20
7.615902228e-20
1.516285094e-20
7.950355886e-20
1.327822647e-20
8.236275952e-20
1.138235371e-20
8.473832239e-20
9.481538729e-21
8.663317057e-20
7.580226368e-21
8.805060357e-20
5.681028157e-21
8.899364275e-20
3.784936106e-21
8.946455773e-20
1.891654218e-21
8.946454633e-20
-2.27827271e-32
7.794550773e-20
2.409472576e-21
-9.578285288e-21
3.297587339e-19
-1.068315428e-19
4.716914897e-19
-1.697452737e-19
3.975207411e-19
-1.796420307e-19
1.578793862e-19
-1.426851931e-19
-1.621417325e-19
-7.808843172e-20
-4.599645253e-19
-6.305570745e-19
-1.634687565e-08
3.137422616e-08
-1.374617534e-08
2.958553942e-08
-1.098079607e-08
2.462542333e-08
2.433083616e-09
1.615133346e-08
-2.450221349e-08
5.18939721e-08
-2.301289251e-08
3.079791278e-09
3.13562592e-19
-2.548247693e-20
2.619146207e-19
7.721875385e-20
7.302449656e-20
1.850686392e-19
2.190581946e-20
8.314111309e-20
8.453069198e-21
4.954033475e-20
7.722908317e-21
3.60588608e-20
1.188990893e-20
2.968952936e-20
1.797312742e-20
2.617975284e-20
2.47112364e-20
2.391295012e-20
3.154466072e-20
2.220911724e-20
3.821555698e-20
2.076053615e-20
4.459726879e-20
1.941962043e-20
5.062080394e-20
1.811290188e-20
5.624377576e-20
1.680399976e-20
6.143762705e-20
1.547645242e-20
6.6182379e-20
1.412493654e-20
7.046426939e-20
1.275028123e-20
7.427439781e-20
1.13564069e-20
7.760768609e-20
9.94838616e-21
8.046194454e-20
8.531239052e-21
8.283701002e-20
7.10923891e-21
8.473397236e-20
5.685578583e-21
8.615451152e-20
4.262287174e-21
8.710036086e-20
2.840316016e-21
8.757290351e-20
1.419735136e-21
8.757195709e-20
-2.793519366e-32
7.591239346e-20
3.268890632e-21
1.594518873e-20
3.696975929e-19
-3.82580424e-20
5.0778115e-19
-6.333341976e-20
4.04852503e-19
-5.757219311e-20
1.344091022e-19
-3.600314519e-20
-2.014167854e-19
-1.601023063e-20
-4.976610998e-19
-6.554178744e-19
-1.997378246e-08
1.802411624e-08
-1.459641923e-08
2.420817683e-08
-1.543711712e-08
2.546612343e-08
-1.596921522e-08
1.668347403e-08
-1.302036325e-09
3.722680607e-08
2.665662947e-10
1.511332691e-09
-5.849146119e-20
2.665335613e-10
-1.216532922e-19
1.403808603e-19
-2.890302935e-20
9.231873845e-20
-1.169495899e-20
6.593408506e-20
-5.028404745e-21
4.287544424e-20
1.353576876e-21
2.967906214e-20
8.380132406e-21
2.266556648e-20
1.570632471e-20
1.885648878e-20
2.300740352e-20
1.661510324e-20
3.009607964e-20
1.512395427e-20
3.687464127e-20
1.398572477e-20
4.329055024e-20
1.300762864e-20
4.931190182e-20
1.209555531e-20
5.491622842e-20
1.120369713e-20
6.008611116e-20
1.031056131e-20
6.48077237e-20
9.407243856e-21
6.907039506e-20
8.491418562e-21
7.286637708e-20
7.564073279e-21
7.619053898e-20
6.62764984e-21
7.90399444e-20
5.684963006e-21
8.14133497e-20
4.738588792e-21
8.331068095e-20
3.790553055e-21
8.473254036e-20
2.842217848e-21
8.567977998e-20
1.894298261e-21
8.615316838e-20
9.469642035e-22
8.615251516e-20
-1.674462924e-32
7.524700545e-20
3.374290388e-21
8.737120954e-20
3.375453543e-19
1.309072861e-19
4.461318555e-19
1.775113355e-19
3.405051e-19
1.993673391e-19
9.48443434e-20
1.753261045e-19
-1.950812262e-19
1.005109133e-19
-4.405492498e-19
-5.637574278e-19
-4.214580191e-08
1.365266486e-08
-3.71748422e-08
1.923720183e-08
-2.76804879e-08
1.597178583e-08
-2.083706645e-08
9.839949497e-09
-1.614768594e-09
1.800438819e-08
-1.222535716e-11
-9.124221304e-11
1.93273637e-17
2.542963968e-10
-5.830348108e-20
-4.536396835e-20
-5.52879014e-20
8.930372951e-20
-3.475360104e-20
4.540092255e-20
-1.822478685e-20
2.634833142e-20
-5.659918782e-21
1.711634996e-20
4.571054698e-21
1.243711887e-20
1.346493917e-20
9.965458859e-21
2.151625455e-20
8.566951864e-21
2.895785014e-20
7.68580301e-21
3.589654513e-20
7.050700669e-21
4.237847692e-20
6.529523569e-21
4.842004364e-20
6.057900951e-21
5.40230926e-20
5.604588834e-21
5.918279371e-20
5.154785484e-21
6.38918984e-20
4.702010826e-21
6.814304977e-20
4.244042183e-21
7.192995364e-20
3.780793044e-21
7.524785215e-20
3.31315618e-21
7.809357019e-20
2.842354666e-21
8.046531396e-20
2.369580552e-21
8.236234575e-20
1.895807732e-21
8.378462077e-20
1.421715105e-21
8.473244592e-20
9.476800209e-22
8.520620417e-20
4.738127571e-22
8.520622054e-20
-1.216057e-33
7.397092954e-20
3.807033963e-21
1.86817135e-19
2.046735738e-19
3.610168369e-19
2.538214398e-19
4.921323468e-19
1.916486647e-19
5.254968423e-19
4.377347697e-20
4.378845984e-19
-1.251722886e-19
2.415109509e-19
-2.618765857e-19
-3.310947393e-19
-6.321622006e-08
-4.397905156e-08
-2.800727131e-08
-1.816732675e-08
-1.629798631e-10
-2.542961676e-10
-1.431482921e-19
-1.885122602e-19
-9.920798195e-20
-5.380619204e-20
-2.745676831e-20
-1.033914987e-20
2.09939469e-21
1.206643218e-20
2.063510569e-20
2.83227478e-20
3.537536803e-20
4.19068543e-20
4.796673152e-20
5.357328925e-20
5.873001905e-20
6.343392976e-20
6.767980063e-20
7.146231677e-20
7.477705064e-20
7.762079607e-20
7.999154114e-20
8.188825312e-20
8.331058569e-20
8.425857866e-20
8.473239142e-20
8.472976451e-20
7.773847446e-20
2.731885526e-19
5.181246258e-19
7.009196882e-19
7.358424563e-19
6.018196746e-19
3.310947395e-19
)
;

boundaryField
{
    lowerWall
    {
        type            calculated;
        value           uniform 0;
    }
    atmosphere
    {
        type            calculated;
        value           nonuniform List<scalar> 
80
(
-1.353754838e-08
-1.637702925e-08
-1.97594354e-08
-2.069847589e-08
-2.090430634e-08
3.776078503e-09
6.231785253e-08
8.638116539e-08
2.603725583e-08
-7.182235186e-09
-8.745365887e-09
-5.717910368e-09
-3.730327501e-09
-9.423019807e-09
-7.673408121e-09
4.546832034e-09
1.933930606e-08
1.866766908e-08
8.333642904e-09
-1.233412143e-09
-6.834435678e-09
-8.794895679e-09
-8.630878307e-09
-7.686737344e-09
-5.222244982e-09
4.402897464e-09
1.544702713e-08
1.791880243e-08
9.930990532e-09
-3.934315144e-10
-7.900508819e-09
-1.449011195e-08
-1.820618657e-08
-1.90686355e-08
-1.7511579e-08
-1.375649349e-08
-9.112076601e-09
-6.38013657e-09
-6.212516552e-09
-7.259019484e-09
-8.759454708e-09
-1.038898584e-08
-1.195174071e-08
-1.335212704e-08
-1.455111954e-08
-1.525283158e-08
-1.561202366e-08
-1.474173629e-08
-1.336240662e-08
-1.183099059e-08
-9.277323353e-09
-6.558968195e-09
-4.710544112e-09
-5.969464096e-09
-9.292953673e-09
-1.057955697e-08
-9.089846542e-09
-5.680598043e-09
-8.864082135e-10
3.746741624e-09
6.884520861e-09
9.615518524e-09
1.094766243e-08
1.79052946e-09
-7.762178818e-10
-1.755778719e-09
-3.673439938e-10
4.09036291e-09
7.107634456e-09
6.49294412e-09
4.780963172e-09
2.191862867e-09
-5.623675899e-09
-1.613863126e-08
-1.290069529e-08
9.023370215e-09
2.136900978e-08
3.332388928e-08
4.651723977e-08
7.686893535e-08
)
;
    }
    rightWall
    {
        type            empty;
    }
    leftWall
    {
        type            empty;
    }
    frontAndBack
    {
        type            calculated;
        value           nonuniform List<scalar> 
80
(
0
0
0
0
0
0
0
0
0
0
0
0
0
0
0
0
0
0
0
0
0
0
0
0
0
0
0
0
0
0
0
0
-1.925929944e-34
0
-1.925929944e-34
1.925929944e-34
0
0
0
-1.925929944e-34
3.009265538e-36
0
0
-2.40741243e-35
0
0
0
0
0
0
0
0
0
0
0
0
0
0
0
0
0
0
0
0
0
0
0
0
0
0
0
0
0
0
1.925929944e-34
0
0
0
0
1.925929944e-34
)
;
    }
}


// ************************************************************************* //
