/*--------------------------------*- C++ -*----------------------------------*\
| =========                 |                                                 |
| \\      /  F ield         | OpenFOAM: The Open Source CFD Toolbox           |
|  \\    /   O peration     | Version:  2506                                  |
|   \\  /    A nd           | Website:  www.openfoam.com                      |
|    \\/     M anipulation  |                                                 |
\*---------------------------------------------------------------------------*/
FoamFile
{
    version     2.0;
    format      ascii;
    arch        "LSB;label=32;scalar=64";
    class       volVectorField;
    location    "0.008";
    object      U;
}
// * * * * * * * * * * * * * * * * * * * * * * * * * * * * * * * * * * * * * //

dimensions      [0 1 -1 0 0 0 0];

internalField   nonuniform List<vector> 
3200
(
(0 1.06226586 -0.1199389018)
(0 1.780899779 0.2138999995)
(0 0.1489872098 -0.1321368089)
(0 -0.1407415261 -0.4300213327)
(0 -0.445120046 -0.1086471827)
(0 0.005020024603 -0.09001592208)
(0 2.486529528e-12 1.272032411e-13)
(0 5.285542428e-12 -3.124096702e-13)
(0 4.777285502e-12 8.216100268e-13)
(0 3.366920541e-12 5.887847704e-13)
(0 2.496273352e-12 2.819062961e-13)
(0 2.123088116e-12 9.134235201e-14)
(0 2.037857314e-12 -6.030373315e-15)
(0 2.095115398e-12 -5.11271248e-14)
(0 2.217092502e-12 -7.072814743e-14)
(0 2.366702325e-12 -7.874719085e-14)
(0 2.527096867e-12 -8.150724021e-14)
(0 2.690344138e-12 -8.158906052e-14)
(0 2.852071081e-12 -7.997123006e-14)
(0 3.009266706e-12 -7.704628543e-14)
(0 3.159529585e-12 -7.303564068e-14)
(0 3.300871428e-12 -6.812731244e-14)
(0 3.431680682e-12 -6.250439276e-14)
(0 3.550702017e-12 -5.633934464e-14)
(0 3.656998643e-12 -4.978308372e-14)
(0 3.749902053e-12 -4.295808808e-14)
(0 3.828958556e-12 -3.595713317e-14)
(0 3.893877745e-12 -2.884637824e-14)
(0 3.944485558e-12 -2.167068852e-14)
(0 3.980684669e-12 -1.445935696e-14)
(0 4.002424987e-12 -7.231279402e-15)
(0 2.004838198e-12 -5.899484841e-25)
(0 8.516150447e-12 -2.095791351e-13)
(0 1.431227636e-11 -9.131665736e-12)
(0 2.992524514e-11 -1.17222764e-11)
(0 4.983298687e-11 -9.171376302e-12)
(0 6.386683097e-11 -2.801279399e-12)
(0 5.882888168e-11 5.054783823e-12)
(0 4.325285736e-11 1.187863714e-11)
(0 1.50417754e-11 1.518590015e-11)
(0 1.298776032 -0.1078885307)
(0 1.465054652 -0.1132220461)
(0 1.108218398 1.956445328)
(0 1.0158012 0.9959585448)
(0 -0.01276333914 -0.1659904449)
(0 0.00312625059 -0.3201008824)
(0 4.014635863e-12 -4.257156609e-13)
(0 7.951845939e-12 -5.403397974e-13)
(0 5.678467847e-12 3.831757862e-12)
(0 2.827180997e-12 1.840403581e-12)
(0 1.998830933e-12 7.294433786e-13)
(0 1.835151446e-12 1.808833212e-13)
(0 1.895387837e-12 -7.031444424e-14)
(0 2.030417624e-12 -1.788230153e-13)
(0 2.189472436e-12 -2.237085145e-13)
(0 2.355923232e-12 -2.414325054e-13)
(0 2.524254997e-12 -2.471234368e-13)
(0 2.691880148e-12 -2.463900207e-13)
(0 2.856613856e-12 -2.411487393e-13)
(0 3.016202295e-12 -2.321558964e-13)
(0 3.168448558e-12 -2.199359807e-13)
(0 3.311402676e-12 -2.050279005e-13)
(0 3.44346865e-12 -1.879907791e-13)
(0 3.563423326e-12 -1.693537222e-13)
(0 3.670379899e-12 -1.495736812e-13)
(0 3.763728003e-12 -1.290160065e-13)
(0 3.843070266e-12 -1.079545352e-13)
(0 3.90816419e-12 -8.658342186e-14)
(0 3.95887258e-12 -6.503355263e-14)
(0 3.995124078e-12 -4.33888987e-14)
(0 4.016884344e-12 -2.170080049e-14)
(0 2.012069477e-12 -1.232605174e-24)
(0 8.548528643e-12 -5.111476067e-13)
(0 1.182207194e-11 -2.442530065e-11)
(0 1.884357856e-11 -3.200259217e-11)
(0 3.169752654e-11 -2.532110469e-11)
(0 4.277493153e-11 -8.393760341e-12)
(0 3.896187809e-11 1.276451222e-11)
(0 2.925183868e-11 3.143611222e-11)
(0 1.013117129e-11 4.067444322e-11)
(0 1.581422349 -0.05422724166)
(0 1.48433043 0.06133124751)
(0 1.550345086 1.231162289)
(0 1.74999451 1.268280948)
(0 1.13326494 0.8502854684)
(0 -0.0001257057651 0.01356171186)
(0 3.251632972e-13 -2.462130865e-12)
(0 7.32065725e-13 -4.873400754e-13)
(0 3.65085849e-13 6.412470773e-12)
(0 2.645840717e-13 2.211628135e-12)
(0 8.367530922e-13 6.146066987e-13)
(0 1.323330293e-12 -2.690651176e-14)
(0 1.678150977e-12 -2.772532003e-13)
(0 1.941721328e-12 -3.70099162e-13)
(0 2.154483012e-12 -4.038016579e-13)
(0 2.343287403e-12 -4.160970681e-13)
(0 2.522139352e-12 -4.191089662e-13)
(0 2.696318835e-12 -4.156472311e-13)
(0 2.866305206e-12 -4.060297805e-13)
(0 3.030479465e-12 -3.904453425e-13)
(0 3.186657581e-12 -3.694768707e-13)
(0 3.33281663e-12 -3.440118132e-13)
(0 3.467354861e-12 -3.150366784e-13)
(0 3.589119115e-12 -2.834773934e-13)
(0 3.697336359e-12 -2.501137132e-13)
(0 3.791521198e-12 -2.155528235e-13)
(0 3.871391141e-12 -1.802390608e-13)
(0 3.936798728e-12 -1.444803322e-13)
(0 3.987680082e-12 -1.084785495e-13)
(0 4.024017421e-12 -7.235762658e-14)
(0 4.045813886e-12 -3.618690587e-14)
(0 2.026538998e-12 -1.771649882e-24)
(0 8.629494014e-12 -6.510479075e-13)
(0 1.184478965e-11 -3.081196427e-11)
(0 4.070194959e-12 -4.158722717e-11)
(0 5.219073609e-12 -3.376346739e-11)
(0 1.061086973e-11 -1.2596215e-11)
(0 8.27705007e-12 1.463427406e-11)
(0 7.586746792e-12 3.926988105e-11)
(0 2.525270111e-12 5.197796087e-11)
(0 1.66001189 -0.063337468)
(0 1.769780841 0.1224627742)
(0 1.859180197 0.8280120906)
(0 2.103359875 1.404904611)
(0 1.781075676 1.556795923)
(0 0.008022346918 0.7755180497)
(0 -1.061106978e-11 -8.115344897e-12)
(0 -1.984056548e-11 -1.68921139e-12)
(0 -1.180403213e-11 -8.766803945e-14)
(0 -2.970662937e-12 -2.096386536e-14)
(0 -2.397037137e-13 -4.557540549e-13)
(0 9.432915473e-13 -6.258819098e-13)
(0 1.552195187e-12 -6.417181114e-13)
(0 1.903869166e-12 -6.20540561e-13)
(0 2.14347453e-12 -6.053242116e-13)
(0 2.340615924e-12 -6.000704624e-13)
(0 2.524704834e-12 -5.975961776e-13)
(0 2.704959333e-12 -5.910883928e-13)
(0 2.881815745e-12 -5.769035726e-13)
(0 3.052755205e-12 -5.541421013e-13)
(0 3.214882087e-12 -5.235377904e-13)
(0 3.365842869e-12 -4.865315003e-13)
(0 3.50400307e-12 -4.446932042e-13)
(0 3.628346291e-12 -3.994283003e-13)
(0 3.738304469e-12 -3.518662084e-13)
(0 3.833602655e-12 -3.028495142e-13)
(0 3.914142757e-12 -2.529699973e-13)
(0 3.979924701e-12 -2.026200857e-13)
(0 4.030995285e-12 -1.520434225e-13)
(0 4.067415722e-12 -1.013778112e-13)
(0 4.089241971e-12 -5.068937322e-14)
(0 2.048256383e-12 -2.790816633e-24)
(0 8.732711609e-12 -6.999263845e-13)
(0 1.166529167e-11 -2.839418801e-11)
(0 -6.694082992e-12 -3.958746327e-11)
(0 -1.452451288e-11 -3.348706655e-11)
(0 -1.399537285e-11 -1.427224743e-11)
(0 -1.560347422e-11 1.158368582e-11)
(0 -9.530565533e-12 3.567564709e-11)
(0 -3.551618085e-12 4.889524768e-11)
(0 1.687545336 -0.2299641546)
(0 2.231861993 -0.03499243365)
(0 2.574353286 0.7267108885)
(0 2.650442311 1.442946708)
(0 2.546183866 3.301658385)
(0 -0.01183853469 2.087708129)
(0 1.562016736e-11 -7.027430649e-13)
(0 2.278667811e-11 5.559363552e-12)
(0 7.23308076e-12 1.467202425e-13)
(0 -1.034999491e-13 -1.752069474e-12)
(0 2.318350478e-13 -1.79078022e-12)
(0 1.137366236e-12 -1.379158028e-12)
(0 1.683492326e-12 -1.043204996e-12)
(0 1.978115227e-12 -8.650302683e-13)
(0 2.174953111e-12 -7.968965076e-13)
(0 2.351015437e-12 -7.812733289e-13)
(0 2.531121421e-12 -7.801197534e-13)
(0 2.71701144e-12 -7.742057431e-13)
(0 2.903251497e-12 -7.563531608e-13)
(0 3.083845247e-12 -7.256822359e-13)
(0 3.254268182e-12 -6.840021582e-13)
(0 3.411661216e-12 -6.338847777e-13)
(0 3.554458061e-12 -5.777771908e-13)
(0 3.681946111e-12 -5.176756649e-13)
(0 3.793915145e-12 -4.550706292e-13)
(0 3.89041741e-12 -3.910050324e-13)
(0 3.971620569e-12 -3.261674543e-13)
(0 4.037725302e-12 -2.609842277e-13)
(0 4.088922356e-12 -1.956967967e-13)
(0 4.12537147e-12 -1.304213976e-13)
(0 4.147191697e-12 -6.519328565e-14)
(0 2.077228371e-12 -3.649203831e-24)
(0 8.860444768e-12 -7.106187881e-13)
(0 1.184029286e-11 -2.161936763e-11)
(0 -1.041599582e-11 -3.132834057e-11)
(0 -2.196101305e-11 -2.809181937e-11)
(0 -2.393585353e-11 -1.406484771e-11)
(0 -2.578734244e-11 6.134841994e-12)
(0 -1.717916917e-11 2.568737238e-11)
(0 -6.347844008e-12 3.725959969e-11)
(0 -0.2839323693 -0.7331055067)
(0 0.5657415718 -0.5678414495)
(0 1.425419103 0.4062401829)
(0 3.48216966 1.316142195)
(0 3.781146838 2.921263255)
(0 11.35224394 1.746694553)
(0 -3.172217391e-12 7.728009543e-12)
(0 -2.02704028e-11 2.217660468e-11)
(0 -1.84690741e-11 -2.468446453e-12)
(0 -4.908179163e-12 -5.343277303e-12)
(0 1.332077326e-13 -3.576119383e-12)
(0 1.690866772e-12 -2.056755721e-12)
(0 2.066322946e-12 -1.286903816e-12)
(0 2.150177654e-12 -9.994735619e-13)
(0 2.22723147e-12 -9.359540102e-13)
(0 2.357392678e-12 -9.479989656e-13)
(0 2.53177242e-12 -9.673934239e-13)
(0 2.728725926e-12 -9.692518887e-13)
(0 2.930339252e-12 -9.486148389e-13)
(0 3.125106208e-12 -9.082283164e-13)
(0 3.306679545e-12 -8.529014441e-13)
(0 3.472067836e-12 -7.872253252e-13)
(0 3.620212183e-12 -7.148516255e-13)
(0 3.751052853e-12 -6.384230599e-13)
(0 3.864975102e-12 -5.597326494e-13)
(0 3.96250583e-12 -4.799304823e-13)
(0 4.044163562e-12 -3.997097759e-13)
(0 4.110395359e-12 -3.194531903e-13)
(0 4.161558115e-12 -2.393397615e-13)
(0 4.197919233e-12 -1.594194252e-13)
(0 4.219663368e-12 -7.966362295e-14)
(0 2.113449669e-12 -4.228592798e-24)
(0 9.013637297e-12 -7.520140541e-13)
(0 1.219269114e-11 -1.464837414e-11)
(0 -8.974460686e-12 -2.220808998e-11)
(0 -2.011770652e-11 -2.146798838e-11)
(0 -2.249782413e-11 -1.288949898e-11)
(0 -2.510145833e-11 7.71822653e-13)
(0 -1.714181679e-11 1.464860583e-11)
(0 -6.434355573e-12 2.357030975e-11)
(0 -4.978233075 -1.439332043)
(0 -4.600957718 -1.832507959)
(0 -3.877334817 -1.869490035)
(0 -2.909576942 -1.513128193)
(0 -1.64962841 -0.05820440642)
(0 -1.965719356 4.035184939)
(0 -0.659121502 10.39816377)
(0 -2.43255657e-11 -3.313005128e-11)
(0 -2.753874047e-11 -3.410795389e-11)
(0 -1.211132247e-12 -1.357746683e-11)
(0 3.518356629e-12 -5.113663659e-12)
(0 3.426581804e-12 -1.98483734e-12)
(0 2.740774485e-12 -1.048169983e-12)
(0 2.329065033e-12 -9.09998677e-13)
(0 2.226427707e-12 -9.994404085e-13)
(0 2.319576023e-12 -1.107365402e-12)
(0 2.509868498e-12 -1.172190595e-12)
(0 2.735790025e-12 -1.186781502e-12)
(0 2.964275069e-12 -1.160617771e-12)
(0 3.179558642e-12 -1.105710107e-12)
(0 3.375271173e-12 -1.032146691e-12)
(0 3.549711035e-12 -9.472599782e-13)
(0 3.703260326e-12 -8.559772444e-13)
(0 3.837065087e-12 -7.614292308e-13)
(0 3.952407722e-12 -6.655047096e-13)
(0 4.050440283e-12 -5.692743937e-13)
(0 4.132097861e-12 -4.732894266e-13)
(0 4.198095317e-12 -3.777815476e-13)
(0 4.248956121e-12 -2.827925543e-13)
(0 4.285047609e-12 -1.882553665e-13)
(0 4.306611122e-12 -9.404337529e-14)
(0 2.156891994e-12 -4.817877074e-24)
(0 9.195747971e-12 -8.232539162e-13)
(0 1.260279869e-11 -9.585737856e-12)
(0 -5.528778054e-12 -1.515613622e-11)
(0 -1.442733402e-11 -1.592898944e-11)
(0 -1.604549016e-11 -1.150040983e-11)
(0 -1.938192644e-11 -3.298237144e-12)
(0 -1.338208134e-11 5.530847547e-12)
(0 -5.168852224e-12 1.171617592e-11)
(0 -6.918863817 -1.051024023)
(0 -7.553965826 -1.145219992)
(0 -7.774517804 -0.9123933303)
(0 -8.057977239 -0.3369622038)
(0 -8.372593488 0.6633088912)
(0 -7.358299077 1.374754132)
(0 -2.248597458e-11 9.283676917e-13)
(0 3.099561185e-12 -5.495116833e-11)
(0 4.095225697e-11 -4.736750363e-11)
(0 2.408637309e-11 -9.74472683e-12)
(0 1.172583723e-11 -1.316252667e-12)
(0 5.756360447e-12 2.792338545e-13)
(0 3.141161609e-12 -1.093763574e-14)
(0 2.198907229e-12 -5.929071079e-13)
(0 2.029864745e-12 -1.044438798e-12)
(0 2.184642491e-12 -1.309825258e-12)
(0 2.45235632e-12 -1.427211468e-12)
(0 2.74029875e-12 -1.445052527e-12)
(0 3.011410647e-12 -1.401352954e-12)
(0 3.253577288e-12 -1.321839028e-12)
(0 3.465129674e-12 -1.222708904e-12)
(0 3.648237283e-12 -1.113685491e-12)
(0 3.80604293e-12 -1.000363798e-12)
(0 3.941525388e-12 -8.858087455e-13)
(0 4.057129939e-12 -7.715810432e-13)
(0 4.154721113e-12 -6.583731915e-13)
(0 4.235656408e-12 -5.463936902e-13)
(0 4.300892231e-12 -4.355935926e-13)
(0 4.351084296e-12 -3.25796209e-13)
(0 4.386668412e-12 -2.167681624e-13)
(0 4.407918735e-12 -1.082555817e-13)
(0 2.207493044e-12 -5.491787132e-24)
(0 9.40866277e-12 -9.108618383e-13)
(0 1.303644357e-11 -6.744934256e-12)
(0 -2.216443823e-12 -1.083136533e-11)
(0 -8.694398701e-12 -1.221176765e-11)
(0 -9.184534906e-12 -1.035621125e-11)
(0 -1.297240061e-11 -5.968792303e-12)
(0 -8.936587431e-12 -9.200081733e-13)
(0 -3.61503807e-12 2.952488296e-12)
(0 -2.097334298 -0.9099709665)
(0 -2.896683661 -1.403409741)
(0 -2.850012334 -1.775183077)
(0 -2.330887719 -2.144269934)
(0 -1.638874548 -1.830482924)
(0 -1.530956903 -0.3382150631)
(0 -0.3949608392 0.008474378876)
(0 0.0007847177796 0.002681500482)
(0 2.397290536e-11 1.085585007e-11)
(0 3.465273737e-11 1.309432515e-11)
(0 1.354231735e-11 9.314148566e-12)
(0 4.731896836e-12 4.428963969e-12)
(0 1.868633523e-12 1.31809258e-12)
(0 1.29556387e-12 -4.062546526e-13)
(0 1.509509557e-12 -1.275580714e-12)
(0 1.936803353e-12 -1.660281622e-12)
(0 2.374641229e-12 -1.781767921e-12)
(0 2.761648539e-12 -1.764849039e-12)
(0 3.087488568e-12 -1.677885695e-12)
(0 3.358202692e-12 -1.557568881e-12)
(0 3.58342471e-12 -1.423151951e-12)
(0 3.77205614e-12 -1.284399562e-12)
(0 3.931137071e-12 -1.145976304e-12)
(0 4.065847842e-12 -1.009855613e-12)
(0 4.179843276e-12 -8.766342557e-13)
(0 4.275627636e-12 -7.462421596e-13)
(0 4.35487746e-12 -6.183184005e-13)
(0 4.418692798e-12 -4.924034877e-13)
(0 4.467781551e-12 -3.680311566e-13)
(0 4.502588236e-12 -2.447657048e-13)
(0 4.523379285e-12 -1.222102937e-13)
(0 2.265147576e-12 -5.952841994e-24)
(0 9.652518795e-12 -1.00183891e-12)
(0 1.346689289e-11 -5.605384535e-12)
(0 1.510888312e-13 -8.746042266e-12)
(0 -4.451720069e-12 -1.016736927e-11)
(0 -3.889253215e-12 -9.648524064e-12)
(0 -7.834734743e-12 -7.616110689e-12)
(0 -5.245274689e-12 -5.096579793e-12)
(0 -2.294431019e-12 -2.944744355e-12)
(0 0.5644852863 0.019453397)
(0 -0.2870352639 -0.428126521)
(0 -0.7742473772 -1.141571152)
(0 -0.6594478177 -1.880975561)
(0 -0.4546693103 -1.259164842)
(0 -0.508754222 0.1754818128)
(0 -0.747715828 -1.436263652)
(0 -0.4841971377 -0.4139966325)
(0 1.399389758e-11 2.848294204e-11)
(0 1.827403594e-11 4.041158553e-11)
(0 1.76388992e-12 1.974998517e-11)
(0 -2.239695539e-12 6.804378323e-12)
(0 -1.694057013e-12 1.260598303e-12)
(0 -3.947660653e-13 -1.074622074e-12)
(0 7.758377747e-13 -1.991344916e-12)
(0 1.678455284e-12 -2.273949434e-12)
(0 2.347788903e-12 -2.274721217e-12)
(0 2.844180976e-12 -2.154676364e-12)
(0 3.218690805e-12 -1.987754593e-12)
(0 3.508311032e-12 -1.807380769e-12)
(0 3.738298993e-12 -1.627914186e-12)
(0 3.925412929e-12 -1.454771136e-12)
(0 4.080586879e-12 -1.289275755e-12)
(0 4.210867436e-12 -1.130995179e-12)
(0 4.320743392e-12 -9.788523351e-13)
(0 4.413036969e-12 -8.316384873e-13)
(0 4.48949508e-12 -6.882309414e-13)
(0 4.551179475e-12 -5.476679221e-13)
(0 4.598722079e-12 -4.091564215e-13)
(0 4.632489275e-12 -2.720503821e-13)
(0 4.65268444e-12 -1.358171226e-13)
(0 2.329703338e-12 -6.199126845e-24)
(0 9.927246191e-12 -1.084291107e-12)
(0 1.390646887e-11 -5.505844387e-12)
(0 1.563541963e-12 -8.135427312e-12)
(0 -1.826262044e-12 -9.350655908e-12)
(0 -4.478678373e-13 -9.395804505e-12)
(0 -4.355677794e-12 -8.672095275e-12)
(0 -2.656325622e-12 -7.697271689e-12)
(0 -1.347965356e-12 -6.704830376e-12)
(0 0.6952756522 -0.02430870115)
(0 0.7832408123 -0.2281503047)
(0 0.3868637704 -0.8434650124)
(0 0.7544424808 -1.779410749)
(0 -0.5673514193 -1.290650212)
(0 0.4544009783 0.2066625246)
(0 0.306968331 -0.4068467411)
(0 -0.2681807062 -0.7606842198)
(0 -0.009359095587 -0.494944625)
(0 -1.599205539e-11 1.864585131e-11)
(0 -2.980088062e-11 1.273323369e-11)
(0 -1.375748989e-11 1.777952453e-12)
(0 -6.010366875e-12 -2.005453853e-12)
(0 -1.956379348e-12 -3.161480802e-12)
(0 3.10182197e-13 -3.341222288e-12)
(0 1.653427052e-12 -3.169448528e-12)
(0 2.4939143e-12 -2.888487101e-12)
(0 3.048615163e-12 -2.591374033e-12)
(0 3.434784163e-12 -2.31106543e-12)
(0 3.718043098e-12 -2.056272547e-12)
(0 3.936034343e-12 -1.826339567e-12)
(0 4.110694571e-12 -1.617482954e-12)
(0 4.254913028e-12 -1.425350118e-12)
(0 4.376271263e-12 -1.245988472e-12)
(0 4.479199968e-12 -1.076134235e-12)
(0 4.56624903e-12 -9.132220987e-13)
(0 4.638848025e-12 -7.552927254e-13)
(0 4.697767318e-12 -6.008744571e-13)
(0 4.743399091e-12 -4.488697567e-13)
(0 4.775927535e-12 -2.984562121e-13)
(0 4.795429667e-12 -1.490029749e-13)
(0 2.400964699e-12 -6.490156804e-24)
(0 1.023144524e-11 -1.153721247e-12)
(0 1.437256519e-11 -5.92746419e-12)
(0 2.290835755e-12 -8.34993372e-12)
(0 -4.177539176e-13 -9.320666353e-12)
(0 1.527302766e-12 -9.5297076e-12)
(0 -2.253689345e-12 -9.456951996e-12)
(0 -1.028645117e-12 -9.34109026e-12)
(0 -7.392625768e-13 -9.059867499e-12)
(0 0.4478632495 0.02049910997)
(0 0.4030620543 -0.3282058926)
(0 -0.04567728553 -0.5803415279)
(0 -0.6461261279 -1.412495654)
(0 -1.034014243 -1.346233344)
(0 -0.08557266859 -1.063027234)
(0 0.553382013 -0.5083339566)
(0 -0.176449114 0.004684462723)
(0 -0.001338153283 -0.2932202284)
(0 -2.678070003e-11 -3.329065425e-11)
(0 -4.032877363e-11 -1.44627211e-11)
(0 -1.69783827e-11 -1.04203503e-11)
(0 -6.633490268e-12 -7.898887821e-12)
(0 -1.730534499e-12 -6.224620498e-12)
(0 7.678700485e-13 -5.042609678e-12)
(0 2.131190471e-12 -4.174133204e-12)
(0 2.925863399e-12 -3.518402471e-12)
(0 3.421602648e-12 -3.011264475e-12)
(0 3.753792291e-12 -2.608855486e-12)
(0 3.993036895e-12 -2.280296889e-12)
(0 4.177088586e-12 -2.003679974e-12)
(0 4.326402379e-12 -1.763462565e-12)
(0 4.452081362e-12 -1.548645571e-12)
(0 4.560083319e-12 -1.351467391e-12)
(0 4.653509765e-12 -1.166467478e-12)
(0 4.733878479e-12 -9.898161538e-13)
(0 4.801842721e-12 -8.188357971e-13)
(0 4.857602443e-12 -6.516588858e-13)
(0 4.901140324e-12 -4.869830082e-13)
(0 4.932356056e-12 -3.238935923e-13)
(0 4.951140652e-12 -1.617329486e-13)
(0 2.478706312e-12 -6.742244289e-24)
(0 1.056362157e-11 -1.20932835e-12)
(0 1.486945939e-11 -6.543908846e-12)
(0 2.615032535e-12 -8.951063814e-12)
(0 2.351671887e-13 -9.741506012e-12)
(0 2.542731111e-12 -9.952254254e-12)
(0 -1.09720791e-12 -1.01583429e-11)
(0 -8.978102338e-14 -1.046335565e-11)
(0 -3.792248085e-13 -1.057220584e-11)
(0 0.2866642323 0.1086517923)
(0 0.1901808666 0.2593947423)
(0 -1.312617667 -0.3155466527)
(0 -0.8269104867 -1.654029702)
(0 -0.7177354731 -1.59054071)
(0 -0.4359871865 -1.20982852)
(0 -0.2813559087 -0.4064532321)
(0 -0.2011739638 -0.06886797878)
(0 0.000532178511 -0.7162151983)
(0 -1.553071726e-11 -7.54737374e-11)
(0 -1.968755943e-11 -3.962768967e-11)
(0 -7.193656594e-12 -2.109773169e-11)
(0 -1.814637077e-12 -1.294513052e-11)
(0 8.998987945e-13 -8.795495782e-12)
(0 2.360669492e-12 -6.43045245e-12)
(0 3.177634259e-12 -4.966056909e-12)
(0 3.656783029e-12 -3.999714122e-12)
(0 3.958162148e-12 -3.326419037e-12)
(0 4.165751749e-12 -2.832789003e-12)
(0 4.323218611e-12 -2.452372947e-12)
(0 4.452868667e-12 -2.144614286e-12)
(0 4.565728973e-12 -1.884035623e-12)
(0 4.666908203e-12 -1.654296606e-12)
(0 4.758449356e-12 -1.444762858e-12)
(0 4.840851205e-12 -1.24844693e-12)
(0 4.913880711e-12 -1.060733254e-12)
(0 4.977005293e-12 -8.785680048e-13)
(0 5.029620107e-12 -6.9993345e-13)
(0 5.071164385e-12 -5.235004776e-13)
(0 5.101177595e-12 -3.483941147e-13)
(0 5.119323259e-12 -1.740307322e-13)
(0 2.562697647e-12 -6.846228154e-24)
(0 1.092366646e-11 -1.249966073e-12)
(0 1.539853141e-11 -7.185456655e-12)
(0 2.748237796e-12 -9.687207527e-12)
(0 4.945309559e-13 -1.039085234e-11)
(0 3.016666009e-12 -1.056663323e-11)
(0 -5.096248773e-13 -1.086203852e-11)
(0 4.134636297e-13 -1.132898884e-11)
(0 -1.808939513e-13 -1.161705009e-11)
(0 0.7488736454 0.2112999235)
(0 0.4983191919 0.7966162126)
(0 -0.01570045891 0.9925577098)
(0 -0.337901115 -2.008112748)
(0 -0.7739115747 -1.545353745)
(0 -0.992634571 -1.326877342)
(0 -0.5334172076 -0.8648694793)
(0 0.1703146601 -0.2858992334)
(0 0.006656382349 -0.451481348)
(0 -1.688978701e-12 -2.200812778e-11)
(0 2.767974298e-11 -3.383546678e-11)
(0 9.704176153e-12 -2.139773148e-11)
(0 5.668745637e-12 -1.398840327e-11)
(0 4.784143571e-12 -9.581764751e-12)
(0 4.597308922e-12 -6.917640675e-12)
(0 4.561928799e-12 -5.259914333e-12)
(0 4.565501271e-12 -4.187966706e-12)
(0 4.588527767e-12 -3.461900979e-12)
(0 4.627838381e-12 -2.943502027e-12)
(0 4.681211611e-12 -2.551784996e-12)
(0 4.74542591e-12 -2.238362164e-12)
(0 4.816720059e-12 -1.973763006e-12)
(0 4.891354127e-12 -1.739736802e-12)
(0 4.965932995e-12 -1.524835414e-12)
(0 5.03753937e-12 -1.321819189e-12)
(0 5.103757404e-12 -1.126096387e-12)
(0 5.162642525e-12 -9.347627302e-13)
(0 5.212669971e-12 -7.459985146e-13)
(0 5.25267966e-12 -5.586834309e-13)
(0 5.281825802e-12 -3.721456639e-13)
(0 5.299534766e-12 -1.859939486e-13)
(0 2.652737045e-12 -6.569070224e-24)
(0 1.130963873e-11 -1.276592331e-12)
(0 1.596865097e-11 -7.785208766e-12)
(0 2.825719762e-12 -1.043790402e-11)
(0 5.973208435e-13 -1.113635871e-11)
(0 3.235032696e-12 -1.129052438e-11)
(0 -2.217359925e-13 -1.15895541e-11)
(0 6.703418594e-13 -1.207805676e-11)
(0 -7.725596792e-14 -1.241856313e-11)
(0 0.602778352 0.500409144)
(0 -0.2803420631 1.199662059)
(0 -0.4777416863 0.8777097162)
(0 -0.640965062 -1.034216369)
(0 -1.575188797 -0.9759857107)
(0 -1.592682346 -1.334271494)
(0 -1.062728627 -1.446093567)
(0 -0.3885209688 -0.770443072)
(0 0.000574334504 -0.5668402721)
(0 1.25463471e-11 1.187029282e-11)
(0 1.288554135e-11 -2.034444038e-11)
(0 1.265340688e-11 -1.666934277e-11)
(0 1.000132965e-11 -1.202899697e-11)
(0 7.970661386e-12 -8.625525204e-12)
(0 6.68251991e-12 -6.398429903e-12)
(0 5.907308228e-12 -4.967986409e-12)
(0 5.454796383e-12 -4.030329934e-12)
(0 5.202626827e-12 -3.389708678e-12)
(0 5.075867732e-12 -2.927525009e-12)
(0 5.028358473e-12 -2.572894181e-12)
(0 5.030890657e-12 -2.283277669e-12)
(0 5.064354335e-12 -2.032908874e-12)
(0 5.115835794e-12 -1.806043919e-12)
(0 5.176366969e-12 -1.593015151e-12)
(0 5.239590233e-12 -1.38789102e-12)
(0 5.30093717e-12 -1.187063549e-12)
(0 5.357103165e-12 -9.883809156e-13)
(0 5.405699406e-12 -7.906073653e-13)
(0 5.445017236e-12 -5.930832142e-13)
(0 5.473867077e-12 -3.955081418e-13)
(0 5.491468923e-12 -1.978001712e-13)
(0 2.748691596e-12 -6.175596101e-24)
(0 1.172072767e-11 -1.289819344e-12)
(0 1.656933205e-11 -8.334371089e-12)
(0 2.913663897e-12 -1.116186052e-11)
(0 6.72256916e-13 -1.190747623e-11)
(0 3.364349402e-12 -1.206072639e-11)
(0 -6.705441382e-14 -1.232939452e-11)
(0 8.039448295e-13 -1.277163671e-11)
(0 -2.341637313e-14 -1.309630248e-11)
(0 -0.3759711374 1.222464961)
(0 -0.8439691808 1.698107434)
(0 0.01554080475 0.8274445066)
(0 0.1331854586 -0.7334438378)
(0 -1.348949517 -0.7773600847)
(0 -1.998043092 -1.555084125)
(0 -1.408780784 -2.073320762)
(0 -0.8841527772 -1.43131111)
(0 -0.5098900171 -0.8020785077)
(0 4.846841082e-12 -2.95388575e-11)
(0 2.13645609e-11 -2.002962564e-11)
(0 1.801961964e-11 -1.290626177e-11)
(0 1.37125632e-11 -8.83271614e-12)
(0 1.041471064e-11 -6.492917744e-12)
(0 8.254847718e-12 -5.082559484e-12)
(0 6.930028768e-12 -4.183258796e-12)
(0 6.143779002e-12 -3.575645921e-12)
(0 5.691332691e-12 -3.139066913e-12)
(0 5.444652877e-12 -2.803982719e-12)
(0 5.325458952e-12 -2.528976274e-12)
(0 5.285411217e-12 -2.288932645e-12)
(0 5.293953809e-12 -2.068537978e-12)
(0 5.33124785e-12 -1.858501901e-12)
(0 5.384085893e-12 -1.653277868e-12)
(0 5.443490971e-12 -1.449654914e-12)
(0 5.503267508e-12 -1.245875753e-12)
(0 5.559098709e-12 -1.041081026e-12)
(0 5.607967672e-12 -8.34959522e-13)
(0 5.647778883e-12 -6.275294904e-13)
(0 5.677108845e-12 -4.190028488e-13)
(0 5.695042908e-12 -2.097007627e-13)
(0 2.850537216e-12 -6.138407143e-24)
(0 1.215758581e-11 -1.290109391e-12)
(0 1.720957277e-11 -8.848130761e-12)
(0 3.037485299e-12 -1.185596216e-11)
(0 7.721667671e-13 -1.267063336e-11)
(0 3.483152797e-12 -1.283309229e-11)
(0 4.199186362e-14 -1.305914743e-11)
(0 8.841864893e-13 -1.342831077e-11)
(0 7.133339348e-15 -1.370619956e-11)
(0 -1.553768353 1.196232069)
(0 -1.511254249 0.7324657356)
(0 -1.225426453 0.07227151705)
(0 -1.710618755 0.7705557854)
(0 -1.890151055 0.5921560683)
(0 -1.630646596 -1.484720485)
(0 -1.417386121 -2.384480425)
(0 -1.084101131 -1.90884589)
(0 -0.775357916 -1.339731344)
(0 -0.005410184938 -0.5098670629)
(0 2.770745569e-11 -1.665002328e-11)
(0 2.385031627e-11 -6.093070903e-12)
(0 1.641467368e-11 -3.902709472e-12)
(0 1.172081804e-11 -3.430864782e-12)
(0 8.992178858e-12 -3.255622032e-12)
(0 7.414221791e-12 -3.106832149e-12)
(0 6.498988266e-12 -2.949915804e-12)
(0 5.974290029e-12 -2.786916566e-12)
(0 5.685958371e-12 -2.62034748e-12)
(0 5.543408547e-12 -2.450079565e-12)
(0 5.491328953e-12 -2.274922245e-12)
(0 5.494785079e-12 -2.093791416e-12)
(0 5.531095904e-12 -1.906130043e-12)
(0 5.585213956e-12 -1.711921755e-12)
(0 5.646992348e-12 -1.511558423e-12)
(0 5.709511058e-12 -1.305688853e-12)
(0 5.768019396e-12 -1.09509576e-12)
(0 5.819250942e-12 -8.806114647e-13)
(0 5.860973909e-12 -6.630680567e-13)
(0 5.891695805e-12 -4.432730488e-13)
(0 5.910471772e-12 -2.220017397e-13)
(0 2.958392358e-12 -5.771965635e-24)
(0 1.262116417e-11 -1.279866711e-12)
(0 1.788581156e-11 -9.343454728e-12)
(0 3.19411897e-12 -1.252802093e-11)
(0 9.039389299e-13 -1.34109846e-11)
(0 3.615184174e-12 -1.357996509e-11)
(0 1.415685334e-13 -1.375858248e-11)
(0 9.447467407e-13 -1.404897417e-11)
(0 2.800656005e-14 -1.427079493e-11)
(0 -1.490576984 1.23884778)
(0 -1.399887251 1.071712744)
(0 -1.82343719 0.5543600837)
(0 -1.747883323 -0.1119992462)
(0 -1.045697207 -0.7406013854)
(0 -0.5984092545 -1.658180038)
(0 -0.8505969517 -2.463866154)
(0 -0.9263269033 -2.092968804)
(0 -0.6543212845 -1.730127297)
(0 -0.001003988708 -0.8743716255)
(0 2.126588282e-11 2.322981291e-11)
(0 3.06364072e-11 8.958684556e-12)
(0 1.637476932e-11 2.745800734e-12)
(0 1.106179808e-11 -7.220937651e-14)
(0 8.578880351e-12 -1.402226608e-12)
(0 7.235734996e-12 -2.038525611e-12)
(0 6.463694585e-12 -2.330260216e-12)
(0 6.020901016e-12 -2.438324851e-12)
(0 5.781489878e-12 -2.440397154e-12)
(0 5.670884187e-12 -2.376056525e-12)
(0 5.641699366e-12 -2.266868336e-12)
(0 5.662746011e-12 -2.125556776e-12)
(0 5.713117511e-12 -1.960284497e-12)
(0 5.778657513e-12 -1.776698855e-12)
(0 5.849723874e-12 -1.578946767e-12)
(0 5.919730171e-12 -1.370206163e-12)
(0 5.984176097e-12 -1.152985856e-12)
(0 6.039995375e-12 -9.293114321e-13)
(0 6.085117299e-12 -7.008526486e-13)
(0 6.118175162e-12 -4.690185174e-13)
(0 6.138315957e-12 -2.350330387e-13)
(0 3.072538955e-12 -5.033776528e-24)
(0 1.31118057e-11 -1.2586267e-12)
(0 1.859338799e-11 -9.831247547e-12)
(0 3.370922881e-12 -1.31842236e-11)
(0 1.055780298e-12 -1.412199233e-11)
(0 3.758587031e-12 -1.428659918e-11)
(0 2.410318419e-13 -1.44150787e-11)
(0 9.987888507e-13 -1.463061141e-11)
(0 4.519441064e-14 -1.479806176e-11)
(0 -0.6589343121 1.096269486)
(0 0.03926769617 1.199591933)
(0 -0.1303831479 0.763165426)
(0 0.1486948653 -0.08353318213)
(0 -0.1853540274 -0.7583348916)
(0 -0.1432200358 -1.641940918)
(0 -0.5113957121 -2.202542705)
(0 -0.8515345276 -2.316789667)
(0 -0.7917985468 -1.989718883)
(0 0.001144051367 -1.370266279)
(0 -2.722241416e-12 4.172279036e-11)
(0 3.155168666e-12 1.575023908e-11)
(0 7.383779749e-12 5.999472522e-12)
(0 7.5727907e-12 1.798453736e-12)
(0 7.025862623e-12 -2.425494422e-13)
(0 6.486188183e-12 -1.314784412e-12)
(0 6.099189026e-12 -1.894274404e-12)
(0 5.864153091e-12 -2.195722399e-12)
(0 5.748226697e-12 -2.326852942e-12)
(0 5.716937366e-12 -2.346871067e-12)
(0 5.741828702e-12 -2.2909255e-12)
(0 5.801368918e-12 -2.181267879e-12)
(0 5.879953825e-12 -2.032733628e-12)
(0 5.966551686e-12 -1.855620243e-12)
(0 6.05348504e-12 -1.657299941e-12)
(0 6.135471968e-12 -1.44318056e-12)
(0 6.208914127e-12 -1.217310923e-12)
(0 6.27138415e-12 -9.827819168e-13)
(0 6.321266824e-12 -7.420046904e-13)
(0 6.357515415e-12 -4.969118648e-13)
(0 6.379490289e-12 -2.491095625e-13)
(0 3.193425397e-12 -4.45986777e-24)
(0 1.363153674e-11 -1.228319207e-12)
(0 1.9348548e-11 -1.031289071e-11)
(0 3.560837494e-12 -1.382386187e-11)
(0 1.215425029e-12 -1.479900547e-11)
(0 3.905618555e-12 -1.494635264e-11)
(0 3.401313067e-13 -1.502331306e-11)
(0 1.05040824e-12 -1.517155916e-11)
(0 6.101698125e-14 -1.529085814e-11)
(0 0.1064759104 0.4752574088)
(0 0.8411349796 0.6672855749)
(0 1.168248947 0.4831090258)
(0 1.395560472 0.05153257827)
(0 1.260183919 -0.3630656967)
(0 0.7583191491 -1.057189902)
(0 0.3681700102 -1.77029734)
(0 -0.1071313998 -2.115417076)
(0 -0.266233532 -2.296779175)
(0 2.380598812e-05 -1.757184137)
(0 -5.612755924e-12 4.76205144e-12)
(0 -5.322824709e-12 6.085337247e-12)
(0 2.422983972e-12 3.703398974e-12)
(0 4.819776112e-12 1.509098027e-12)
(0 5.465642203e-12 -5.164571163e-14)
(0 5.584010035e-12 -1.083796947e-12)
(0 5.582756597e-12 -1.736340609e-12)
(0 5.588322478e-12 -2.123446057e-12)
(0 5.63034121e-12 -2.324425928e-12)
(0 5.706811628e-12 -2.393649821e-12)
(0 5.807302555e-12 -2.368692305e-12)
(0 5.920937884e-12 -2.275850189e-12)
(0 6.038765146e-12 -2.133751496e-12)
(0 6.154091199e-12 -1.95573209e-12)
(0 6.262163558e-12 -1.75143106e-12)
(0 6.359719189e-12 -1.527882509e-12)
(0 6.44457474e-12 -1.290274524e-12)
(0 6.515301608e-12 -1.042484329e-12)
(0 6.570987351e-12 -7.874615451e-13)
(0 6.61107029e-12 -5.275080988e-13)
(0 6.635227822e-12 -2.644889988e-13)
(0 3.321648518e-12 -4.128353621e-24)
(0 1.418348648e-11 -1.191098263e-12)
(0 2.014103019e-11 -1.078380264e-11)
(0 3.75518908e-12 -1.444131616e-11)
(0 1.374791343e-12 -1.543767162e-11)
(0 4.050954047e-12 -1.555701216e-11)
(0 4.376158391e-13 -1.558265248e-11)
(0 1.10099957e-12 -1.567202685e-11)
(0 7.643970738e-14 -1.575044478e-11)
(0 0.5507192952 0.1814931861)
(0 0.9140570446 0.1767223675)
(0 1.25841467 0.05853965349)
(0 1.482717261 -0.08011192295)
(0 1.498041602 -0.2441586445)
(0 1.138972279 -0.6389013363)
(0 0.7975080863 -1.36045049)
(0 0.3171326615 -1.747186784)
(0 0.2924083725 -2.02752284)
(0 3.99258644e-05 -1.623796585)
(0 7.179553337e-13 -8.886543652e-12)
(0 1.851255613e-12 -1.333087124e-13)
(0 2.80754053e-12 1.219676945e-12)
(0 3.817746014e-12 5.861797358e-13)
(0 4.432967648e-12 -3.893402421e-13)
(0 4.801493286e-12 -1.232428189e-12)
(0 5.059539916e-12 -1.843859868e-12)
(0 5.276067772e-12 -2.237311077e-12)
(0 5.478022933e-12 -2.453767953e-12)
(0 5.672670989e-12 -2.534618528e-12)
(0 5.859628334e-12 -2.514349892e-12)
(0 6.036309727e-12 -2.41969402e-12)
(0 6.200071925e-12 -2.270691281e-12)
(0 6.348872122e-12 -2.082119921e-12)
(0 6.481334621e-12 -1.864796657e-12)
(0 6.596628504e-12 -1.62662575e-12)
(0 6.694312306e-12 -1.373400844e-12)
(0 6.774197128e-12 -1.109401983e-12)
(0 6.836243054e-12 -8.378356654e-13)
(0 6.880487961e-12 -5.611603394e-13)
(0 6.906998388e-12 -2.813322967e-13)
(0 3.457914396e-12 -3.690832178e-24)
(0 1.476999773e-11 -1.146947362e-12)
(0 2.098259953e-11 -1.123763593e-11)
(0 3.9546955e-12 -1.502961094e-11)
(0 1.533245949e-12 -1.603412365e-11)
(0 4.194555776e-12 -1.61182596e-11)
(0 5.344754667e-13 -1.609432385e-11)
(0 1.152009044e-12 -1.613284185e-11)
(0 9.21526956e-14 -1.617712083e-11)
(0 0.7052614687 0.06394819871)
(0 0.8634455057 -0.01439695174)
(0 1.028561543 -0.1350217597)
(0 1.134574458 -0.1429896317)
(0 1.149546205 -0.1226054677)
(0 0.8233145606 -0.3687704714)
(0 0.7712914522 -1.08290432)
(0 0.2579891201 -1.43517335)
(0 0.2797283208 -1.964912443)
(0 3.833660954e-05 -1.452660585)
(0 2.879775613e-12 -1.399847675e-13)
(0 4.548142385e-12 8.047074443e-13)
(0 3.142472421e-12 7.224336549e-13)
(0 3.210758925e-12 5.283524256e-15)
(0 3.647034279e-12 -8.594632762e-13)
(0 4.129490409e-12 -1.612717204e-12)
(0 4.577873708e-12 -2.169365593e-12)
(0 4.978414392e-12 -2.528179447e-12)
(0 5.333033759e-12 -2.718724391e-12)
(0 5.64622969e-12 -2.776710611e-12)
(0 5.922227063e-12 -2.734398353e-12)
(0 6.164596495e-12 -2.617891419e-12)
(0 6.376339246e-12 -2.447207809e-12)
(0 6.559985823e-12 -2.237264424e-12)
(0 6.717657728e-12 -1.999007686e-12)
(0 6.851115002e-12 -1.740413429e-12)
(0 6.961798507e-12 -1.467286656e-12)
(0 7.050866787e-12 -1.183871211e-12)
(0 7.119228994e-12 -8.933042188e-13)
(0 7.167573659e-12 -5.979535208e-13)
(0 7.196388161e-12 -2.996724932e-13)
(0 3.602980815e-12 -2.784081122e-24)
(0 1.539488293e-11 -1.096592222e-12)
(0 2.187397871e-11 -1.166794696e-11)
(0 4.161202326e-12 -1.558188253e-11)
(0 1.694125438e-12 -1.65846569e-11)
(0 4.339862426e-12 -1.662979813e-11)
(0 6.335779555e-13 -1.6559267e-11)
(0 1.205375584e-12 -1.655410879e-11)
(0 1.088568451e-13 -1.656995083e-11)
(0 0.6907792861 -0.009011619999)
(0 0.775305405 -0.1198196815)
(0 0.8118767687 -0.2009292192)
(0 0.6989375035 -0.1170465021)
(0 0.5003842474 0.05751362701)
(0 0.2458162076 -0.1604864816)
(0 0.6365367859 -0.9779139452)
(0 -0.07480586857 -1.130227395)
(0 0.2324525524 -1.950220409)
(0 3.572609963e-05 -1.294469847)
(0 1.457039985e-12 5.315447754e-12)
(0 2.502519394e-12 2.558697485e-12)
(0 2.00811661e-12 8.600691837e-13)
(0 2.235849083e-12 -4.280061132e-13)
(0 2.81496692e-12 -1.441058114e-12)
(0 3.491590969e-12 -2.189591663e-12)
(0 4.144077672e-12 -2.692690549e-12)
(0 4.726708973e-12 -2.987309013e-12)
(0 5.22949177e-12 -3.116233432e-12)
(0 5.656997027e-12 -3.119090195e-12)
(0 6.018447526e-12 -3.028629741e-12)
(0 6.323500271e-12 -2.870260289e-12)
(0 6.58069892e-12 -2.662987302e-12)
(0 6.797072245e-12 -2.42072972e-12)
(0 6.978185616e-12 -2.153561819e-12)
(0 7.128349534e-12 -1.868733219e-12)
(0 7.250854524e-12 -1.57145409e-12)
(0 7.348179566e-12 -1.265480272e-12)
(0 7.422160744e-12 -9.535430122e-13)
(0 7.474119687e-12 -6.37664827e-13)
(0 7.504951908e-12 -3.193962395e-13)
(0 3.757586889e-12 -2.101757624e-24)
(0 1.606083355e-11 -1.041902169e-12)
(0 2.283051783e-11 -1.206919597e-11)
(0 4.380612843e-12 -1.609209718e-11)
(0 1.86282222e-12 -1.708564263e-11)
(0 4.491728706e-12 -1.709052874e-11)
(0 7.384978453e-13 -1.697712233e-11)
(0 1.263180919e-12 -1.693452106e-11)
(0 1.27231912e-13 -1.692656294e-11)
(0 0.6148311234 -0.02896208528)
(0 0.5670141038 -0.1831413954)
(0 0.2764481903 -0.08151830913)
(0 -0.1818470503 0.2553538414)
(0 -0.3019738359 0.2342324738)
(0 -0.0199107397 -0.5170831473)
(0 0.2787034915 -0.9464665397)
(0 -0.6276150123 -0.9349143374)
(0 0.2156449345 -2.16900397)
(0 3.407535402e-05 -1.163508307)
(0 -6.143943417e-14 6.31996827e-12)
(0 -9.487137063e-14 3.067873561e-12)
(0 1.557688221e-13 5.871753182e-13)
(0 9.096316278e-13 -1.136298061e-12)
(0 1.885448729e-12 -2.287148485e-12)
(0 2.877857974e-12 -3.011870318e-12)
(0 3.780156359e-12 -3.424464663e-12)
(0 4.554871509e-12 -3.612112713e-12)
(0 5.201252577e-12 -3.639795198e-12)
(0 5.733833381e-12 -3.554764762e-12)
(0 6.171056968e-12 -3.390742096e-12)
(0 6.530238933e-12 -3.171508856e-12)
(0 6.825869815e-12 -2.91373916e-12)
(0 7.069411306e-12 -2.629104791e-12)
(0 7.269654229e-12 -2.325782132e-12)
(0 7.433222731e-12 -2.009508208e-12)
(0 7.565051454e-12 -1.684315755e-12)
(0 7.668777864e-12 -1.35304641e-12)
(0 7.747044439e-12 -1.01771237e-12)
(0 7.801720431e-12 -6.79755746e-13)
(0 7.834052988e-12 -3.402403559e-13)
(0 3.922377054e-12 -1.793164307e-24)
(0 1.67705343e-11 -9.849232515e-13)
(0 2.384942399e-11 -1.243716779e-11)
(0 4.614100892e-12 -1.655563462e-11)
(0 2.043117791e-12 -1.753384853e-11)
(0 4.654140531e-12 -1.749858758e-11)
(0 8.522293769e-13 -1.734614993e-11)
(0 1.327124506e-12 -1.72713409e-11)
(0 1.478159438e-13 -1.724327587e-11)
(0 0.4143050347 0.0188381585)
(0 -0.2659035473 0.2434539276)
(0 -0.8714849427 0.6435788488)
(0 -1.078813169 0.5685299871)
(0 -0.6293534373 -0.01754910735)
(0 -0.3693163441 -0.5917809341)
(0 -0.5712706781 -0.3241269733)
(0 -0.9376162684 -0.9389958487)
(0 0.2265789286 -2.611758328)
(0 3.763055982e-05 -1.033200535)
(0 -1.966301465e-12 6.658094052e-12)
(0 -3.398974637e-12 2.637222802e-12)
(0 -2.196055011e-12 -4.429191701e-13)
(0 -6.384747202e-13 -2.417185722e-12)
(0 9.393946631e-13 -3.559358747e-12)
(0 2.354274791e-12 -4.14625332e-12)
(0 3.543835277e-12 -4.381157334e-12)
(0 4.511378439e-12 -4.396869092e-12)
(0 5.28683972e-12 -4.276066439e-12)
(0 5.906050129e-12 -4.069419e-12)
(0 6.401703432e-12 -3.808037894e-12)
(0 6.800503207e-12 -3.511260769e-12)
(0 7.123102984e-12 -3.191328971e-12)
(0 7.385029272e-12 -2.8561547e-12)
(0 7.597782199e-12 -2.510952068e-12)
(0 7.769815911e-12 -2.159205444e-12)
(0 7.907316323e-12 -1.803256906e-12)
(0 8.014782951e-12 -1.44467521e-12)
(0 8.095451408e-12 -1.084497731e-12)
(0 8.1515917e-12 -7.233972776e-13)
(0 8.184707655e-12 -3.618039415e-13)
(0 4.097827245e-12 -1.341544116e-24)
(0 1.752593491e-11 -9.261784638e-13)
(0 2.493734276e-11 -1.276944456e-11)
(0 4.863976215e-12 -1.696968925e-11)
(0 2.237911941e-12 -1.792681609e-11)
(0 4.829950541e-12 -1.785171756e-11)
(0 9.768348635e-13 -1.766359263e-11)
(0 1.398321313e-12 -1.756075447e-11)
(0 1.709489561e-13 -1.751546284e-11)
(0 -0.3580287773 0.6561576166)
(0 -1.374085694 1.003635977)
(0 -1.40022228 0.7483900226)
(0 -1.101593407 -0.2109129927)
(0 -0.7556086541 -0.6996065603)
(0 -1.165296553 -0.6438437466)
(0 -1.030448572 -0.6553559134)
(0 -0.7701065752 -1.654094208)
(0 0.2447845409 -3.205844908)
(0 3.427353129e-05 -0.8919937753)
(0 -4.233754719e-12 6.731152239e-12)
(0 -7.345154074e-12 1.116081065e-12)
(0 -4.898639702e-12 -2.578895951e-12)
(0 -2.206807949e-12 -4.530164298e-12)
(0 1.563811304e-13 -5.386869184e-12)
(0 2.056059388e-12 -5.632624685e-12)
(0 3.529540587e-12 -5.557028322e-12)
(0 4.659962404e-12 -5.318141157e-12)
(0 5.528702668e-12 -4.998199223e-12)
(0 6.201861926e-12 -4.638820645e-12)
(0 6.7292152e-12 -4.260726143e-12)
(0 7.146947856e-12 -3.874146865e-12)
(0 7.480975883e-12 -3.484135695e-12)
(0 7.749788209e-12 -3.093214301e-12)
(0 7.966603486e-12 -2.702658542e-12)
(0 8.140917894e-12 -2.313105348e-12)
(0 8.279581688e-12 -1.924834323e-12)
(0 8.387537039e-12 -1.537900596e-12)
(0 8.468322371e-12 -1.152203092e-12)
(0 8.524414221e-12 -7.675267372e-13)
(0 8.557450266e-12 -3.835751217e-13)
(0 4.284180996e-12 -8.433841165e-25)
(0 1.832846916e-11 -8.65408921e-13)
(0 2.609462694e-11 -1.306451034e-11)
(0 5.13099731e-12 -1.733225279e-11)
(0 2.448746927e-12 -1.826231301e-11)
(0 5.020627839e-12 -1.814726229e-11)
(0 1.113271342e-12 -1.792599301e-11)
(0 1.477212918e-12 -1.779829661e-11)
(0 1.967484481e-13 -1.773798847e-11)
(0 -1.239456076 1.18176405)
(0 -2.029281323 1.26044859)
(0 -2.209690414 0.6775450989)
(0 -2.316156893 0.03368936632)
(0 -2.076784729 0.5624916046)
(0 -1.546864674 -0.3297354843)
(0 -0.4566124472 -1.078959899)
(0 0.3212777588 -1.863081316)
(0 0.08463945614 -3.715376488)
(0 7.972281113e-05 -0.740268539)
(0 -7.708291687e-12 7.141012436e-12)
(0 -1.283702803e-11 -2.449722566e-12)
(0 -7.842300374e-12 -6.458605144e-12)
(0 -3.446447953e-12 -7.737745915e-12)
(0 -1.630657243e-13 -7.8253593e-12)
(0 2.184115654e-12 -7.44034611e-12)
(0 3.858318805e-12 -6.896167223e-12)
(0 5.070207538e-12 -6.320465918e-12)
(0 5.966160233e-12 -5.759791081e-12)
(0 6.643523209e-12 -5.226971744e-12)
(0 7.166377211e-12 -4.72192474e-12)
(0 7.577093655e-12 -4.24047171e-12)
(0 7.904035549e-12 -3.777845336e-12)
(0 8.166506425e-12 -3.329898142e-12)
(0 8.377891152e-12 -2.893357327e-12)
(0 8.547640131e-12 -2.465724123e-12)
(0 8.682521074e-12 -2.045078526e-12)
(0 8.787414182e-12 -1.629893037e-12)
(0 8.865825267e-12 -1.218887789e-12)
(0 8.920219671e-12 -8.109299625e-13)
(0 8.952234392e-12 -4.049694762e-13)
(0 4.481402367e-12 -3.519213654e-25)
(0 1.917714177e-11 -8.043400559e-13)
(0 2.733302284e-11 -1.332058348e-11)
(0 5.417603769e-12 -1.764085494e-11)
(0 2.676288457e-12 -1.853762581e-11)
(0 5.226369454e-12 -1.838208447e-11)
(0 1.261431766e-12 -1.812949383e-11)
(0 1.563583714e-12 -1.797928606e-11)
(0 2.251144341e-13 -1.790565903e-11)
(0 -1.426567167 1.481153855)
(0 -1.935076763 1.783387462)
(0 -2.683060844 1.130049014)
(0 -2.393088022 -1.318908712)
(0 -1.712982654 -1.431459419)
(0 0.3436502697 -2.032912475)
(0 0.07838767879 -2.45035875)
(0 1.050630587 -1.844315337)
(0 -0.8355420101 -3.330458358)
(0 -0.000572870844 -0.8919690981)
(0 -1.35848717e-11 -2.492123658e-12)
(0 -2.105007437e-11 -1.168519784e-11)
(0 -1.018666305e-11 -1.306805245e-11)
(0 -3.573562105e-12 -1.213689123e-11)
(0 4.537809354e-13 -1.073649112e-11)
(0 2.985251464e-12 -9.407240091e-12)
(0 4.64942078e-12 -8.266781444e-12)
(0 5.796338546e-12 -7.307722731e-12)
(0 6.622196842e-12 -6.493511579e-12)
(0 7.239728266e-12 -5.787359052e-12)
(0 7.715715234e-12 -5.15954758e-12)
(0 8.091027261e-12 -4.587982528e-12)
(0 8.391549451e-12 -4.056878908e-12)
(0 8.634276217e-12 -3.555173994e-12)
(0 8.830777506e-12 -3.075147855e-12)
(0 8.989196695e-12 -2.611358018e-12)
(0 9.115412774e-12 -2.159867797e-12)
(0 9.213727776e-12 -1.717710404e-12)
(0 9.287285445e-12 -1.282528389e-12)
(0 9.338332534e-12 -8.523374655e-13)
(0 9.368380228e-12 -4.253747023e-13)
(0 4.689150472e-12 -4.712455153e-26)
(0 2.007014262e-11 -7.443488728e-13)
(0 2.864003464e-11 -1.353618648e-11)
(0 5.719745432e-12 -1.789304795e-11)
(0 2.918499823e-12 -1.875000583e-11)
(0 5.445611624e-12 -1.855303258e-11)
(0 1.420048037e-12 -1.827032889e-11)
(0 1.65657531e-12 -1.809930545e-11)
(0 2.557431632e-13 -1.80136707e-11)
(0 -0.7808247294 1.5184582)
(0 -0.559008399 2.089507715)
(0 -0.7241505112 1.732408863)
(0 -1.274820635 -1.41249792)
(0 -0.9911039084 -1.697370753)
(0 0.7114706813 -2.315580306)
(0 -0.2380651113 -1.961502065)
(0 0.4819743247 -1.566079599)
(0 -0.3196734449 -1.110967401)
(0 -0.0201819101 -1.694709072)
(0 -7.815218199e-12 -3.591637474e-11)
(0 -2.354062641e-11 -2.884322629e-11)
(0 -8.29399376e-12 -2.199162785e-11)
(0 -1.114886631e-12 -1.700530156e-11)
(0 2.566585416e-12 -1.357647205e-11)
(0 4.653825335e-12 -1.118535552e-11)
(0 5.957836165e-12 -9.455944718e-12)
(0 6.843477403e-12 -8.150042297e-12)
(0 7.486523912e-12 -7.119091827e-12)
(0 7.977487208e-12 -6.269356059e-12)
(0 8.365753735e-12 -5.540901423e-12)
(0 8.679762326e-12 -4.89502193e-12)
(0 8.936844083e-12 -4.306507816e-12)
(0 9.148237478e-12 -3.758766874e-12)
(0 9.321707128e-12 -3.240700202e-12)
(0 9.462920189e-12 -2.744693475e-12)
(0 9.576168688e-12 -2.265328083e-12)
(0 9.664753589e-12 -1.798557314e-12)
(0 9.731198205e-12 -1.341182238e-12)
(0 9.777373358e-12 -8.905201038e-13)
(0 9.804571857e-12 -4.441946689e-13)
(0 4.906777069e-12 -1.227364598e-25)
(0 2.100530451e-11 -6.846517753e-13)
(0 3.001883153e-11 -1.371028988e-11)
(0 6.036604707e-12 -1.808659779e-11)
(0 3.173373484e-12 -1.889691981e-11)
(0 5.676210455e-12 -1.865725992e-11)
(0 1.587284146e-12 -1.834518678e-11)
(0 1.754959084e-12 -1.815456764e-11)
(0 2.882058917e-13 -1.805795568e-11)
(0 0.05125160618 1.2792701)
(0 0.7347012705 1.767509727)
(0 1.551382541 1.99856048)
(0 0.9237262946 -0.8959643852)
(0 0.702032017 -3.055606227)
(0 -0.4272141657 -2.229878239)
(0 2.189429357 -3.042590253)
(0 0.6943865736 -2.075538225)
(0 0.1341402096 -1.991139286)
(0 0.002321165829 -1.978729303)
(0 -1.286104911e-11 -8.101119433e-11)
(0 -7.380028975e-12 -4.60478418e-11)
(0 1.651261682e-12 -2.904994098e-11)
(0 4.841593694e-12 -2.031619017e-11)
(0 6.273726974e-12 -1.537882909e-11)
(0 7.105778797e-12 -1.23018254e-11)
(0 7.684734004e-12 -1.022166977e-11)
(0 8.133191437e-12 -8.717425847e-12)
(0 8.50288308e-12 -7.563425148e-12)
(0 8.817918671e-12 -6.63003164e-12)
(0 9.090049363e-12 -5.839649184e-12)
(0 9.325420868e-12 -5.144675687e-12)
(0 9.527804507e-12 -4.515350994e-12)
(0 9.700083832e-12 -3.932677545e-12)
(0 9.844850905e-12 -3.384187543e-12)
(0 9.964568814e-12 -2.861385213e-12)
(0 1.006154893e-11 -2.358194127e-12)
(0 1.013787362e-11 -1.870010914e-12)
(0 1.019532266e-11 -1.393126188e-12)
(0 1.02353201e-11 -9.243688959e-13)
(0 1.025890033e-11 -4.608858554e-13)
(0 5.133345141e-12 -1.273087667e-25)
(0 2.197738417e-11 -6.258428754e-13)
(0 3.146298296e-11 -1.38410616e-11)
(0 6.365567619e-12 -1.821849006e-11)
(0 3.438248188e-12 -1.897547605e-11)
(0 5.915524578e-12 -1.869205789e-11)
(0 1.760946065e-12 -1.835128626e-11)
(0 1.857299972e-12 -1.814208185e-11)
(0 3.220070851e-13 -1.803536745e-11)
(0 0.6476468171 0.7365908965)
(0 1.357643271 1.082517491)
(0 2.124223213 1.520683159)
(0 1.666739541 -0.4447680937)
(0 1.339058625 -1.96655772)
(0 0.1393659433 -2.487763613)
(0 2.071606457 -3.669050409)
(0 1.133239845 0.7214443265)
(0 0.8643940653 -0.7717847659)
(0 0.003960203486 -1.62871456)
(0 4.956378605e-14 -9.598248267e-11)
(0 2.806039875e-11 -4.566617452e-11)
(0 1.743765787e-11 -2.784402696e-11)
(0 1.255622526e-11 -1.983054302e-11)
(0 1.058095019e-11 -1.532110934e-11)
(0 9.810984657e-12 -1.242162109e-11)
(0 9.54223572e-12 -1.041163226e-11)
(0 9.501722023e-12 -8.934671349e-12)
(0 9.573918119e-12 -7.787200331e-12)
(0 9.701263172e-12 -6.847707068e-12)
(0 9.851109687e-12 -6.042982414e-12)
(0 1.000406052e-11 -5.328672688e-12)
(0 1.014884223e-11 -4.677537301e-12)
(0 1.027940093e-11 -4.072400579e-12)
(0 1.039299946e-11 -3.501982932e-12)
(0 1.04889136e-11 -2.958461629e-12)
(0 1.056754299e-11 -2.436049598e-12)
(0 1.062982153e-11 -1.930165075e-12)
(0 1.067684022e-11 -1.436942882e-12)
(0 1.070961369e-11 -9.529439647e-13)
(0 1.072894075e-11 -4.74979624e-13)
(0 5.367662924e-12 -3.081446561e-26)
(0 2.298206892e-11 -5.675410579e-13)
(0 3.296459832e-11 -1.392686192e-11)
(0 6.703840468e-12 -1.828543212e-11)
(0 3.710327634e-12 -1.898272654e-11)
(0 6.160783602e-12 -1.865503298e-11)
(0 1.93876482e-12 -1.828649071e-11)
(0 1.96213103e-12 -1.805974017e-11)
(0 3.56642586e-13 -1.794375546e-11)
(0 1.167304748 0.3189234879)
(0 1.645562543 0.453548403)
(0 2.262812722 0.9159787651)
(0 2.54198966 0.4559892603)
(0 1.706477162 -0.8737198373)
(0 1.075823344 -2.73385956)
(0 -0.9959633248 -4.024770309)
(0 -0.03755292584 -0.5200246276)
(0 1.299711785 -0.5346532132)
(0 0.008133953953 -0.9302334443)
(0 -4.701768542e-12 -1.00499592e-11)
(0 6.038189794e-11 -1.31665638e-11)
(0 2.748689318e-11 -1.682939707e-11)
(0 1.736451131e-11 -1.584041031e-11)
(0 1.36826489e-11 -1.365317298e-11)
(0 1.201525588e-11 -1.165184749e-11)
(0 1.117168375e-11 -1.006858799e-11)
(0 1.075762336e-11 -8.822459815e-12)
(0 1.058984736e-11 -7.803025378e-12)
(0 1.056213659e-11 -6.930627712e-12)
(0 1.060908374e-11 -6.155904464e-12)
(0 1.069086598e-11 -5.449497444e-12)
(0 1.078407662e-11 -4.793728172e-12)
(0 1.08756382e-11 -4.177406764e-12)
(0 1.095878985e-11 -3.592881091e-12)
(0 1.103050215e-11 -3.034425265e-12)
(0 1.108984549e-11 -2.497373275e-12)
(0 1.113698034e-11 -1.977653063e-12)
(0 1.117254377e-11 -1.471533061e-12)
(0 1.119728336e-11 -9.754815739e-13)
(0 1.12118443e-11 -4.860856197e-13)
(0 5.608324765e-12 -3.035956214e-25)
(0 2.401299774e-11 -5.10547535e-13)
(0 3.451897174e-11 -1.396552095e-11)
(0 7.049470712e-12 -1.82836486e-11)
(0 3.98700638e-12 -1.891560751e-11)
(0 6.409333067e-12 -1.854409949e-11)
(0 2.118594439e-12 -1.814930551e-11)
(0 2.068079491e-12 -1.790629709e-11)
(0 3.916422331e-13 -1.778193397e-11)
(0 1.459929523 0.1307457095)
(0 1.717901328 0.139659299)
(0 2.011204286 0.345742002)
(0 2.474549859 0.3207701546)
(0 2.118373373 -0.07916311973)
(0 1.636140296 -1.009481179)
(0 -0.3897532748 -2.731558719)
(0 -0.2879848349 -2.09771504)
(0 0.6228398517 -0.9586943324)
(0 0.006098147909 -0.3311597485)
(0 -1.51417464e-11 6.251153333e-11)
(0 2.104352197e-11 1.964590855e-11)
(0 1.476381135e-11 -1.046578113e-11)
(0 1.573244935e-11 -1.30486594e-11)
(0 1.476951301e-11 -1.179902585e-11)
(0 1.339556964e-11 -1.046382136e-11)
(0 1.23716234e-11 -9.388351611e-12)
(0 1.176728464e-11 -8.48354044e-12)
(0 1.146575022e-11 -7.671812061e-12)
(0 1.134838409e-11 -6.915870654e-12)
(0 1.133223996e-11 -6.200507204e-12)
(0 1.136623681e-11 -5.519686288e-12)
(0 1.14209329e-11 -4.870476836e-12)
(0 1.148024801e-11 -4.250622138e-12)
(0 1.153598096e-11 -3.657710495e-12)
(0 1.158442142e-11 -3.088982389e-12)
(0 1.162431519e-11 -2.541360309e-12)
(0 1.165566174e-11 -2.011534965e-12)
(0 1.167901171e-11 -1.496048368e-12)
(0 1.169506113e-11 -9.913572705e-13)
(0 1.170442233e-11 -4.938756639e-13)
(0 5.853748544e-12 -5.292505669e-25)
(0 2.506301792e-11 -4.540706217e-13)
(0 3.610466935e-11 -1.395546693e-11)
(0 7.397218022e-12 -1.820993035e-11)
(0 4.265150696e-12 -1.877163049e-11)
(0 6.65852895e-12 -1.835779246e-11)
(0 2.298445854e-12 -1.793894999e-11)
(0 2.173917763e-12 -1.76813256e-11)
(0 4.265905505e-13 -1.754959791e-11)
(0 1.527217987 0.0086747598)
(0 1.687201463 -0.02448433659)
(0 1.836176122 0.0382409935)
(0 2.104898119 0.2677496206)
(0 2.063976158 0.1753898205)
(0 1.787206886 -0.2204360398)
(0 0.8106284579 -1.494471445)
(0 -0.4125587218 -1.701735649)
(0 -0.4168796996 -1.124964767)
(0 0.0444254798 -0.2148691236)
(0 -3.897206901e-06 1.774770663e-05)
(0 -1.26802298e-11 -1.050424092e-10)
(0 -5.207674769e-12 -3.163088409e-11)
(0 1.60312666e-11 -1.408982566e-11)
(0 1.626748695e-11 -1.00306165e-11)
(0 1.442593011e-11 -9.016109143e-12)
(0 1.315196467e-11 -8.537456487e-12)
(0 1.247416291e-11 -8.051538049e-12)
(0 1.215751715e-11 -7.48481084e-12)
(0 1.203344144e-11 -6.860528516e-12)
(0 1.200526811e-11 -6.210561823e-12)
(0 1.202089635e-11 -5.558264334e-12)
(0 1.205314077e-11 -4.91787553e-12)
(0 1.208840454e-11 -4.296898708e-12)
(0 1.21204296e-11 -3.698357426e-12)
(0 1.214685233e-11 -3.12243137e-12)
(0 1.216729291e-11 -2.567546101e-12)
(0 1.218229228e-11 -2.031071613e-12)
(0 1.219272146e-11 -1.509760008e-12)
(0 1.219945606e-11 -1.000014747e-12)
(0 1.220320157e-11 -4.980527678e-13)
(0 6.102200429e-12 -5.494882116e-25)
(0 2.612477087e-11 -3.968146873e-13)
(0 3.771872434e-11 -1.389537677e-11)
(0 7.746769243e-12 -1.806140453e-11)
(0 4.543188233e-12 -1.854872697e-11)
(0 6.906478565e-12 -1.809514846e-11)
(0 2.476778812e-12 -1.765523685e-11)
(0 2.278666685e-12 -1.738507984e-11)
(0 4.611518731e-13 -1.724717862e-11)
(0 1.401912202 -0.0741162882)
(0 1.496043698 -0.153127659)
(0 1.538868829 -0.07421052181)
(0 1.594944182 0.2122114798)
(0 1.520497397 0.4308639338)
(0 1.108761159 -0.01364426414)
(0 0.9928197876 -0.266634339)
(0 -1.401738161 -0.9813579551)
(0 -1.94862315 -1.166202241)
(0 -1.028138391 -0.7113684239)
(0 -0.1199770939 0.02003211179)
(0 -9.503930277e-11 -5.853692748e-11)
(0 1.057163992e-10 3.086778514e-12)
(0 3.733271693e-11 -1.648901871e-12)
(0 1.984322953e-11 -5.21754265e-12)
(0 1.488872966e-11 -7.032594519e-12)
(0 1.333619449e-11 -7.693854153e-12)
(0 1.281993028e-11 -7.700358845e-12)
(0 1.265675976e-11 -7.355369174e-12)
(0 1.26226331e-11 -6.830868285e-12)
(0 1.263450414e-11 -6.222947949e-12)
(0 1.26589231e-11 -5.584938602e-12)
(0 1.268229853e-11 -4.945868059e-12)
(0 1.269976611e-11 -4.320743409e-12)
(0 1.27104483e-11 -3.716390092e-12)
(0 1.271523275e-11 -3.134838615e-12)
(0 1.271567495e-11 -2.575318447e-12)
(0 1.271344784e-11 -2.035440325e-12)
(0 1.271006858e-11 -1.511897678e-12)
(0 1.270676837e-11 -1.000880225e-12)
(0 1.270443707e-11 -4.983143188e-13)
(0 6.351801312e-12 -7.825370621e-25)
(0 2.719058246e-11 -3.389947494e-13)
(0 3.934168162e-11 -1.378384729e-11)
(0 8.094813188e-12 -1.783518162e-11)
(0 4.81906982e-12 -1.824500599e-11)
(0 7.15127965e-12 -1.775554811e-11)
(0 2.652180973e-12 -1.729844417e-11)
(0 2.381472172e-12 -1.701836296e-11)
(0 4.950386084e-13 -1.687570734e-11)
(0 1.100739455 -0.1163700778)
(0 1.137273142 -0.1926444469)
(0 1.054815375 -0.06992060396)
(0 1.105906356 0.2676900383)
(0 0.9065411608 0.5863239117)
(0 1.467001134 0.2998447667)
(0 0.3079861281 0.5668801762)
(0 0.3178614511 0.9970659462)
(0 -3.674239578 -0.8618788838)
(0 -2.747183285 -1.979903224)
(0 -1.619839291 -0.7348802708)
(0 -0.02021910257 -0.1721361341)
(0 5.177952116e-11 4.635483875e-11)
(0 7.726945445e-12 9.628048733e-12)
(0 1.08837943e-11 -2.158200402e-12)
(0 1.194961861e-11 -6.202877726e-12)
(0 1.248420034e-11 -7.505010773e-12)
(0 1.281264789e-11 -7.700684214e-12)
(0 1.302700771e-11 -7.405444976e-12)
(0 1.316586267e-11 -6.884632988e-12)
(0 1.325119779e-11 -6.265433586e-12)
(0 1.329797624e-11 -5.612685206e-12)
(0 1.331733596e-11 -4.959922025e-12)
(0 1.331788251e-11 -4.323819557e-12)
(0 1.33063344e-11 -3.711621414e-12)
(0 1.328792398e-11 -3.125214911e-12)
(0 1.32666912e-11 -2.563448885e-12)
(0 1.324571305e-11 -2.023471859e-12)
(0 1.322728156e-11 -1.50150571e-12)
(0 1.321303942e-11 -9.932883754e-13)
(0 1.320408179e-11 -4.943209623e-13)
(0 6.600514747e-12 -1.180990382e-24)
(0 2.825139284e-11 -2.8085803e-13)
(0 4.096239294e-11 -1.361982585e-11)
(0 8.439402808e-12 -1.752904661e-11)
(0 5.090861249e-12 -1.785927084e-11)
(0 7.391054533e-12 -1.733897903e-11)
(0 2.823309005e-12 -1.686939549e-11)
(0 2.48154949e-12 -1.658250683e-11)
(0 5.279907529e-13 -1.643675207e-11)
(0 0.7284512372 -0.1187109314)
(0 0.7035407952 -0.1382592688)
(0 0.5274370659 0.01301964461)
(0 0.4957115654 0.4204238147)
(0 0.239948593 0.4005048794)
(0 0.4536784169 0.2796076246)
(0 -0.5893300981 1.467849824)
(0 -0.9824395111 2.593693598)
(0 -2.381647408 1.260917135)
(0 -1.857431573 -2.703953691)
(0 -2.042601796 -2.014052891)
(0 -0.0003796214843 -2.012112977)
(0 -1.071922964e-11 -6.727677459e-13)
(0 -1.122304135e-11 -4.05418555e-12)
(0 4.012303067e-12 -6.840455057e-12)
(0 9.54191929e-12 -8.115723017e-12)
(0 1.1838388e-11 -8.422632694e-12)
(0 1.291949608e-11 -8.191930121e-12)
(0 1.347281098e-11 -7.68109483e-12)
(0 1.376264449e-11 -7.036791224e-12)
(0 1.390645192e-11 -6.341479779e-12)
(0 1.396443466e-11 -5.640456519e-12)
(0 1.397116418e-11 -4.957318935e-12)
(0 1.394806672e-11 -4.30298985e-12)
(0 1.390905294e-11 -3.681058736e-12)
(0 1.386340528e-11 -3.090950762e-12)
(0 1.3817418e-11 -2.529792608e-12)
(0 1.377539101e-11 -1.993494789e-12)
(0 1.374025206e-11 -1.477365516e-12)
(0 1.371395312e-11 -9.764462227e-13)
(0 1.369772545e-11 -4.856826667e-13)
(0 6.846122274e-12 -1.36828425e-24)
(0 2.929863906e-11 -2.208896807e-13)
(0 4.255156168e-11 -1.340315189e-11)
(0 8.775082002e-12 -1.714227338e-11)
(0 5.355827884e-12 -1.73916105e-11)
(0 7.62364971e-12 -1.684634723e-11)
(0 2.98874173e-12 -1.636958382e-11)
(0 2.578110862e-12 -1.60793982e-11)
(0 5.597536037e-13 -1.59324009e-11)
(0 0.50971882 -0.08909147089)
(0 0.4315549933 -0.02689520557)
(0 0.264261678 0.1403037147)
(0 0.2069646162 0.5991065973)
(0 0.0333517393 0.5787402837)
(0 -0.1564330887 0.9583969298)
(0 -0.867299484 2.129564623)
(0 -1.140858685 2.7782784)
(0 -0.4166627161 0.4170825944)
(0 -0.1933875099 -3.091156461)
(0 0.7635039387 -2.73005077)
(0 0.0001995385639 -2.216370582)
(0 -1.119414547e-12 -3.804682604e-11)
(0 1.236235312e-12 -1.86658903e-11)
(0 6.822256835e-12 -1.303362396e-11)
(0 1.036744097e-11 -1.0996938e-11)
(0 1.240799324e-11 -9.877862153e-12)
(0 1.355418575e-11 -8.963302816e-12)
(0 1.41821466e-11 -8.090204693e-12)
(0 1.450547772e-11 -7.239960792e-12)
(0 1.46475325e-11 -6.423245029e-12)
(0 1.468213708e-11 -5.650345195e-12)
(0 1.465480263e-11 -4.925903095e-12)
(0 1.459414271e-11 -4.249753258e-12)
(0 1.451837349e-11 -3.618664961e-12)
(0 1.443919011e-11 -3.027733794e-12)
(0 1.436414718e-11 -2.4712782e-12)
(0 1.429814014e-11 -1.943354318e-12)
(0 1.424433013e-11 -1.438021225e-12)
(0 1.420472227e-11 -9.494543943e-13)
(0 1.418052801e-11 -4.719702938e-13)
(0 7.086197414e-12 -1.023429388e-24)
(0 3.032158995e-11 -1.574344997e-13)
(0 4.410129991e-11 -1.313402603e-11)
(0 9.101698439e-12 -1.667506236e-11)
(0 5.612572553e-12 -1.684304374e-11)
(0 7.847326594e-12 -1.627931447e-11)
(0 3.147199302e-12 -1.580111474e-11)
(0 2.670412815e-12 -1.551145661e-11)
(0 5.900827637e-13 -1.536524466e-11)
(0 0.4965171587 -0.02080855273)
(0 0.3907433723 0.08218138647)
(0 0.2841189992 0.2423682513)
(0 0.2417335956 0.6860467138)
(0 0.1804434628 0.8124557369)
(0 -0.01243506376 1.279004631)
(0 -0.181298829 2.239482066)
(0 -0.1553389403 2.417344966)
(0 1.101042727 -0.291974013)
(0 0.5961430894 -2.957737713)
(0 0.7087972977 -2.383193275)
(0 0.001299894763 -1.457508323)
(0 6.704829706e-12 -2.427989282e-11)
(0 1.348939616e-11 -1.986963435e-11)
(0 1.168125537e-11 -1.563121478e-11)
(0 1.26976811e-11 -1.296053306e-11)
(0 1.387202319e-11 -1.112858327e-11)
(0 1.470715354e-11 -9.693215552e-12)
(0 1.519615301e-11 -8.476459128e-12)
(0 1.542960416e-11 -7.40961017e-12)
(0 1.549606752e-11 -6.461200073e-12)
(0 1.54617766e-11 -5.61177338e-12)
(0 1.537175612e-11 -4.846183233e-12)
(0 1.525530486e-11 -4.151438558e-12)
(0 1.513107241e-11 -3.516099068e-12)
(0 1.501079204e-11 -2.93003261e-12)
(0 1.490179747e-11 -2.384231113e-12)
(0 1.480864799e-11 -1.87062846e-12)
(0 1.473415199e-11 -1.381920216e-12)
(0 1.468000405e-11 -9.11391408e-13)
(0 1.464717984e-11 -4.527550107e-13)
(0 7.318092568e-12 -8.395498503e-25)
(0 3.130913356e-11 -9.104078012e-14)
(0 4.558706897e-11 -1.281232611e-11)
(0 9.415510195e-12 -1.612796863e-11)
(0 5.858691657e-12 -1.621516212e-11)
(0 8.059908671e-12 -1.56401482e-11)
(0 3.297195655e-12 -1.516667273e-11)
(0 2.757626361e-12 -1.488164085e-11)
(0 6.187112175e-13 -1.473838934e-11)
(0 0.5804636468 0.03200856949)
(0 0.5122491389 0.1561959565)
(0 0.4554864068 0.3050091812)
(0 0.4461239743 0.6685109203)
(0 0.4898590452 0.8901616777)
(0 0.5104915876 1.317022892)
(0 0.6509944736 2.01982412)
(0 1.113869035 1.702638096)
(0 1.733594938 -0.2103889021)
(0 1.282289676 -2.316891551)
(0 0.4122838236 -2.275249035)
(0 -0.005485684215 -1.10641527)
(0 7.412646561e-12 -1.347620973e-11)
(0 9.671132451e-12 -2.111420107e-11)
(0 1.373135813e-11 -1.66611321e-11)
(0 1.487007248e-11 -1.408540131e-11)
(0 1.567531075e-11 -1.198273881e-11)
(0 1.62063099e-11 -1.020452807e-11)
(0 1.646575199e-11 -8.712819208e-12)
(0 1.652073677e-11 -7.460833111e-12)
(0 1.644536929e-11 -6.400176184e-12)
(0 1.629715392e-11 -5.489358811e-12)
(0 1.611513745e-11 -4.695601796e-12)
(0 1.592422687e-11 -3.993696923e-12)
(0 1.573977943e-11 -3.364238818e-12)
(0 1.557105806e-11 -2.792050853e-12)
(0 1.542355133e-11 -2.264978287e-12)
(0 1.530045104e-11 -1.773010572e-12)
(0 1.520356718e-11 -1.307649872e-12)
(0 1.513388748e-11 -8.614502918e-13)
(0 1.509191942e-11 -4.276706882e-13)
(0 7.538952425e-12 -9.092515628e-25)
(0 3.224995201e-11 -2.109443014e-14)
(0 4.698631707e-11 -1.24389691e-11)
(0 9.712944176e-12 -1.550303748e-11)
(0 6.091529971e-12 -1.551086482e-11)
(0 8.258993558e-12 -1.493210966e-11)
(0 3.437104245e-12 -1.446971177e-11)
(0 2.838852441e-12 -1.419355077e-11)
(0 6.453516077e-13 -1.405551944e-11)
(0 0.7006395851 0.05534727167)
(0 0.6768480294 0.1886108568)
(0 0.6600374097 0.3316331125)
(0 0.6801475954 0.5913037931)
(0 0.782408411 0.8093268423)
(0 0.9411683479 1.139957253)
(0 1.207107926 1.567757425)
(0 1.728557677 1.192248877)
(0 1.897545529 -0.2004425859)
(0 1.572380905 -1.472883457)
(0 -0.2940258834 -1.504910086)
(0 -0.3404293232 -0.9467726559)
(0 -0.0002296075781 -0.0009936934433)
(0 1.012909517e-11 -1.027230921e-11)
(0 1.871005513e-11 -1.581366404e-11)
(0 1.737607438e-11 -1.4737224e-11)
(0 1.775289644e-11 -1.251245317e-11)
(0 1.797707314e-11 -1.042934212e-11)
(0 1.793984796e-11 -8.709474098e-12)
(0 1.774224718e-11 -7.320740219e-12)
(0 1.746754182e-11 -6.189316808e-12)
(0 1.716635098e-11 -5.249878114e-12)
(0 1.686741801e-11 -4.453153007e-12)
(0 1.658666784e-11 -3.763486449e-12)
(0 1.633271848e-11 -3.155083978e-12)
(0 1.611005257e-11 -2.608932098e-12)
(0 1.592083775e-11 -2.110606681e-12)
(0 1.57659764e-11 -1.648782402e-12)
(0 1.564571227e-11 -1.214225544e-12)
(0 1.555998323e-11 -7.991023583e-13)
(0 1.550863014e-11 -3.964880116e-13)
(0 7.745763256e-12 -1.528332474e-25)
(0 3.313045995e-11 5.169724723e-14)
(0 4.828271147e-11 -1.201460728e-11)
(0 9.991628614e-12 -1.480313955e-11)
(0 6.308540644e-12 -1.473405006e-11)
(0 8.442147525e-12 -1.415936854e-11)
(0 3.565262248e-12 -1.371447057e-11)
(0 2.913170715e-12 -1.345146387e-11)
(0 6.697103533e-13 -1.332092975e-11)
(0 0.8310897711 0.05969421379)
(0 0.8306052183 0.1885801696)
(0 0.8415697483 0.328262513)
(0 0.875682117 0.5099482092)
(0 0.9692040231 0.6761995977)
(0 1.126434246 0.8797176738)
(0 1.397018371 1.093719405)
(0 1.831802256 0.8673092411)
(0 1.826650812 0.1193213952)
(0 1.605355072 -0.3144287242)
(0 -0.2902054287 -0.5833879576)
(0 -0.324279695 -1.244557309)
(0 -0.003819099643 -0.355597687)
(0 1.157861103e-11 -2.802418579e-11)
(0 9.266188952e-12 -2.158392456e-11)
(0 1.817128335e-11 -1.653740381e-11)
(0 1.998319263e-11 -1.290052242e-11)
(0 2.000928897e-11 -1.02909238e-11)
(0 1.957435389e-11 -8.375013284e-12)
(0 1.904089407e-11 -6.923350901e-12)
(0 1.851623139e-11 -5.786480338e-12)
(0 1.803331772e-11 -4.867684351e-12)
(0 1.760152911e-11 -4.103637989e-12)
(0 1.72222959e-11 -3.451996026e-12)
(0 1.689433378e-11 -2.883656484e-12)
(0 1.661553536e-11 -2.377963083e-12)
(0 1.638370102e-11 -1.919714587e-12)
(0 1.619683217e-11 -1.497277258e-12)
(0 1.605324722e-11 -1.101369202e-12)
(0 1.595162501e-11 -7.242541394e-13)
(0 1.589102178e-11 -3.591850783e-13)
(0 7.935440436e-12 9.506642602e-25)
(0 3.393827902e-11 1.274196413e-13)
(0 4.944516428e-11 -1.154064738e-11)
(0 1.024599299e-11 -1.403269818e-11)
(0 6.506450587e-12 -1.389003957e-11)
(0 8.606762539e-12 -1.332720486e-11)
(0 3.679977199e-12 -1.290605422e-11)
(0 2.979669355e-12 -1.266036466e-11)
(0 6.915002774e-13 -1.253953332e-11)
(0 0.9561627851 0.05634426848)
(0 0.9654035509 0.173250256)
(0 0.9924518261 0.301834207)
(0 1.035012859 0.4453040804)
(0 1.094485044 0.5701282439)
(0 1.179038203 0.6813334469)
(0 1.340747091 0.762600933)
(0 1.598498414 0.6529823226)
(0 1.689291032 0.3126903003)
(0 1.724338535 0.2410733938)
(0 1.402723758 0.540246799)
(0 0.3953508709 -1.240961609)
(0 -0.000715415139 -0.4089337598)
(0 1.830517869e-11 -4.800558018e-11)
(0 3.010580428e-11 -2.605129504e-11)
(0 2.605947652e-11 -1.692795179e-11)
(0 2.399937644e-11 -1.226131158e-11)
(0 2.250258228e-11 -9.458833629e-12)
(0 2.130742086e-11 -7.576321285e-12)
(0 2.033078013e-11 -6.211185163e-12)
(0 1.952320837e-11 -5.165583668e-12)
(0 1.884919333e-11 -4.330752292e-12)
(0 1.828310633e-11 -3.641723828e-12)
(0 1.780664934e-11 -3.0571996e-12)
(0 1.740675142e-11 -2.54956954e-12)
(0 1.707399447e-11 -2.099529051e-12)
(0 1.680152358e-11 -1.692990945e-12)
(0 1.658432179e-11 -1.319229094e-12)
(0 1.641873539e-11 -9.697157488e-13)
(0 1.630216736e-11 -6.373621175e-13)
(0 1.623288428e-11 -3.159986644e-13)
(0 8.104948334e-12 1.579818755e-24)
(0 3.466038093e-11 2.053662635e-13)
(0 5.046460112e-11 -1.101889648e-11)
(0 1.047540319e-11 -1.319717824e-11)
(0 6.683368341e-12 -1.298519999e-11)
(0 8.75085095e-12 -1.244179827e-11)
(0 3.77986472e-12 -1.205032416e-11)
(0 3.037575901e-12 -1.182587476e-11)
(0 7.104745396e-13 -1.17168051e-11)
(0 1.068219326 0.04948286286)
(0 1.083182532 0.1522493818)
(0 1.117949193 0.2742922753)
(0 1.156657504 0.4209156408)
(0 1.185843254 0.5653719858)
(0 1.189201004 0.6663177778)
(0 1.227882594 0.6699160264)
(0 1.331802304 0.469248178)
(0 1.374656722 -0.05910917552)
(0 1.267676326 0.2667251789)
(0 1.188683465 0.5022334916)
(0 0.3987474375 0.4361381326)
(0 -0.0004534054115 -0.02918703776)
(0 2.360287224e-11 -2.526183906e-11)
(0 4.023923702e-11 -1.779270656e-11)
(0 3.196126681e-11 -1.286176473e-11)
(0 2.74523108e-11 -9.757922905e-12)
(0 2.469427927e-11 -7.7067751e-12)
(0 2.282200235e-11 -6.260254005e-12)
(0 2.145163168e-11 -5.179493044e-12)
(0 2.039666427e-11 -4.33393215e-12)
(0 1.955717756e-11 -3.648035614e-12)
(0 1.887508181e-11 -3.075321883e-12)
(0 1.831445019e-11 -2.58551841e-12)
(0 1.785200433e-11 -2.15789166e-12)
(0 1.747211395e-11 -1.777581132e-12)
(0 1.716400098e-11 -1.43347482e-12)
(0 1.692010737e-11 -1.116918412e-12)
(0 1.67351142e-11 -8.208946442e-13)
(0 1.660534209e-11 -5.394763361e-13)
(0 1.65283839e-11 -2.674432938e-13)
(0 8.251439101e-12 2.597778145e-24)
(0 3.528477915e-11 2.827214252e-13)
(0 5.131813736e-11 -1.045116721e-11)
(0 1.067574154e-11 -1.230268214e-11)
(0 6.83666998e-12 -1.20266481e-11)
(0 8.872377056e-12 -1.15100474e-11)
(0 3.86362962e-12 -1.115378205e-11)
(0 3.086199823e-12 -1.095416192e-11)
(0 7.264167578e-13 -1.085870157e-11)
(0 1.164173725 0.03684789448)
(0 1.193053659 0.1126368342)
(0 1.250662227 0.2150648994)
(0 1.306728194 0.3602514196)
(0 1.324410586 0.528100744)
(0 1.249792272 0.679194828)
(0 0.9275841739 0.7458911276)
(0 0.8913023697 0.5583721692)
(0 0.223065899 0.4695270993)
(0 -0.3056939975 0.8565068392)
(0 -0.5550686312 0.4731496904)
(0 0.03600768999 0.2754214836)
(0 4.205818065e-11 -2.498255837e-11)
(0 5.819800169e-11 -4.153171426e-12)
(0 4.249843221e-11 -7.003547888e-12)
(0 3.409426018e-11 -6.968419204e-12)
(0 2.915436608e-11 -6.201801028e-12)
(0 2.600025118e-11 -5.350052683e-12)
(0 2.383470292e-11 -4.578396766e-12)
(0 2.225710198e-11 -3.91258711e-12)
(0 2.10546658e-11 -3.34261791e-12)
(0 2.01078036e-11 -2.852148193e-12)
(0 1.934562353e-11 -2.426026432e-12)
(0 1.872407956e-11 -2.051675378e-12)
(0 1.82146887e-11 -1.718904779e-12)
(0 1.779841131e-11 -1.419426578e-12)
(0 1.74621863e-11 -1.146399584e-12)
(0 1.719690196e-11 -8.940642853e-13)
(0 1.699617746e-11 -6.574591946e-13)
(0 1.685561871e-11 -4.321981677e-13)
(0 1.677236061e-11 -2.142916061e-13)
(0 8.372391628e-12 3.923425153e-24)
(0 3.579933894e-11 3.581201915e-13)
(0 5.198856352e-11 -9.840646411e-12)
(0 1.084364135e-11 -1.135706926e-11)
(0 6.964062974e-12 -1.102289132e-11)
(0 8.969648787e-12 -1.053981863e-11)
(0 3.930222338e-12 -1.022360403e-11)
(0 3.124986087e-12 -1.005189244e-11)
(0 7.39153307e-13 -9.971592324e-12)
(0 1.220319749 0.02054823736)
(0 1.264814795 0.06236232469)
(0 1.354785476 0.1692148598)
(0 1.442026364 0.3531170589)
(0 1.500209287 0.6280372074)
(0 1.462437356 1.00526802)
(0 1.049025585 0.9386327959)
(0 1.197824993 0.7621213546)
(0 -0.2917387364 1.943837187)
(0 -0.4282045189 0.7842435067)
(0 -0.2786131334 0.08012329009)
(0 1.338591536e-11 2.409045902e-11)
(0 3.719548851e-11 2.537826497e-11)
(0 4.164653032e-11 7.903799852e-12)
(0 3.742398925e-11 9.003012476e-13)
(0 3.276301367e-11 -1.806510446e-12)
(0 2.907067732e-11 -2.730760402e-12)
(0 2.631768353e-11 -2.913179692e-12)
(0 2.425946792e-11 -2.790641698e-12)
(0 2.268741054e-11 -2.549806894e-12)
(0 2.145710318e-11 -2.271787973e-12)
(0 2.047376904e-11 -1.991910195e-12)
(0 1.967555462e-11 -1.724966864e-12)
(0 1.902157184e-11 -1.476262306e-12)
(0 1.848425313e-11 -1.246633986e-12)
(0 1.804461915e-11 -1.034823694e-12)
(0 1.768936327e-11 -8.386298016e-13)
(0 1.740904776e-11 -6.554736348e-13)
(0 1.719698032e-11 -4.826720213e-13)
(0 1.704850968e-11 -3.175574041e-13)
(0 1.696058207e-11 -1.575183366e-13)
(0 8.465730707e-12 4.798542053e-24)
(0 3.619703654e-11 4.295840651e-13)
(0 5.246751238e-11 -9.191071841e-12)
(0 1.097756184e-11 -1.036916241e-11)
(0 7.064099205e-12 -9.983273811e-12)
(0 9.041559738e-12 -9.539615004e-12)
(0 3.978935038e-12 -9.267439344e-12)
(0 3.153542605e-12 -9.126093137e-12)
(0 7.485579252e-13 -9.062153454e-12)
(0 1.249162019 -0.00622838813)
(0 1.325706008 -0.03931185745)
(0 1.513678534 0.05459380289)
(0 1.724208015 0.2542365661)
(0 1.905450547 0.618217018)
(0 1.643737255 1.356360136)
(0 1.162041114 1.719496941)
(0 -1.365237435 1.832146281)
(0 -0.6037566906 1.055359953)
(0 -0.09034939618 0.8963462664)
(0 2.934295271e-11 -5.695501571e-12)
(0 1.925927837e-11 1.61508126e-11)
(0 3.022856257e-11 1.593691609e-11)
(0 3.372003796e-11 9.451483005e-12)
(0 3.278812192e-11 4.507448745e-12)
(0 3.046319853e-11 1.572829826e-12)
(0 2.804769683e-11 -1.532422277e-15)
(0 2.594036989e-11 -7.812217242e-13)
(0 2.419807572e-11 -1.121140164e-12)
(0 2.277595571e-11 -1.224178797e-12)
(0 2.16125625e-11 -1.202796318e-12)
(0 2.065462471e-11 -1.118726198e-12)
(0 1.986127142e-11 -1.005664677e-12)
(0 1.920241244e-11 -8.81775121e-13)
(0 1.865612731e-11 -7.565500427e-13)
(0 1.820641549e-11 -6.346085239e-13)
(0 1.784153636e-11 -5.178234253e-13)
(0 1.755285974e-11 -4.065260227e-13)
(0 1.733409369e-11 -3.001923054e-13)
(0 1.718077239e-11 -1.978337644e-13)
(0 1.708991802e-11 -9.821906296e-14)
(0 8.529909965e-12 5.521977384e-24)
(0 3.647044565e-11 4.950001072e-13)
(0 5.274519674e-11 -8.506928367e-12)
(0 1.107526378e-11 -9.348542363e-12)
(0 7.135477504e-12 -8.91771212e-12)
(0 9.087320434e-12 -8.518347009e-12)
(0 4.00927449e-12 -8.29323244e-12)
(0 3.171580183e-12 -8.184023416e-12)
(0 7.545335995e-13 -8.137274301e-12)
(0 1.180065443 -0.05150608694)
(0 1.269492697 -0.2527961663)
(0 1.490274715 -0.2596524609)
(0 1.717536812 -0.1956117332)
(0 1.871732022 0.4463962056)
(0 1.333259688 1.694957968)
(0 1.806559791 2.695196028)
(0 0.3888273565 3.362971395)
(0 -0.7072322765 1.131375332)
(0 -0.007086740553 0.2472822425)
(0 3.782724167e-11 5.118710771e-12)
(0 3.460898886e-11 1.275695191e-11)
(0 3.049615905e-11 1.271835823e-11)
(0 3.021706298e-11 9.457826248e-12)
(0 2.954533607e-11 6.105189347e-12)
(0 2.82540325e-11 3.591901065e-12)
(0 2.671662577e-11 1.93303285e-12)
(0 2.519807579e-11 9.109934485e-13)
(0 2.381651085e-11 3.115076558e-13)
(0 2.260575438e-11 -2.295399023e-14)
(0 2.156255578e-11 -1.96479214e-13)
(0 2.067090068e-11 -2.745224289e-13)
(0 1.99125057e-11 -2.971822318e-13)
(0 1.927068648e-11 -2.886199694e-13)
(0 1.873141973e-11 -2.631838799e-13)
(0 1.828334577e-11 -2.292408631e-13)
(0 1.791744577e-11 -1.915327846e-13)
(0 1.762667888e-11 -1.526152081e-13)
(0 1.740567257e-11 -1.137340762e-13)
(0 1.725048293e-11 -7.536067134e-14)
(0 1.715841583e-11 -3.752057411e-14)
(0 8.56394977e-12 5.987287513e-24)
(0 3.661502567e-11 5.528465093e-13)
(0 5.281876075e-11 -7.793707439e-12)
(0 1.11354196e-11 -8.305609722e-12)
(0 7.177321658e-12 -7.836629618e-12)
(0 9.106466461e-12 -7.485213363e-12)
(0 4.020911099e-12 -7.309106421e-12)
(0 3.178866213e-12 -7.23309329e-12)
(0 7.569954399e-13 -7.20400567e-12)
(0 1.070489552 -0.07115620148)
(0 1.107046386 -0.3589132997)
(0 1.003463022 -0.4116620367)
(0 0.7760224153 -0.2383001859)
(0 0.1948938859 0.8829097757)
(0 -0.4551443781 2.503614047)
(0 -1.872405781 3.116080108)
(0 -0.3745785365 2.924528614)
(0 -0.2550949076 1.350028248)
(0 1.13923075e-11 4.528709316e-11)
(0 2.606146566e-11 2.73924374e-11)
(0 2.692223005e-11 1.685998384e-11)
(0 2.692943691e-11 1.272189109e-11)
(0 2.710686908e-11 9.556328592e-12)
(0 2.692219673e-11 6.863602399e-12)
(0 2.629104203e-11 4.756577835e-12)
(0 2.536678921e-11 3.230811799e-12)
(0 2.431884469e-11 2.180695115e-12)
(0 2.326412828e-11 1.479155786e-12)
(0 2.226796884e-11 1.017346946e-12)
(0 2.136099406e-11 7.143655533e-13)
(0 2.055392169e-11 5.143089192e-13)
(0 1.984717388e-11 3.80088711e-13)
(0 1.923641079e-11 2.876677664e-13)
(0 1.871550642e-11 2.216758206e-13)
(0 1.827806659e-11 1.723576753e-13)
(0 1.791816201e-11 1.335432668e-13)
(0 1.763065845e-11 1.013293907e-13)
(0 1.741134823e-11 7.323316403e-14)
(0 1.72569859e-11 4.764936918e-14)
(0 1.716527869e-11 2.349956159e-14)
(0 8.567430539e-12 6.178260465e-24)
(0 3.662885686e-11 6.022990645e-13)
(0 5.268685821e-11 -7.057853735e-12)
(0 1.11567679e-11 -7.251241967e-12)
(0 7.188969897e-12 -6.750647198e-12)
(0 9.098711732e-12 -6.449487761e-12)
(0 4.013575563e-12 -6.323239432e-12)
(0 3.175167322e-12 -6.280810621e-12)
(0 7.558528446e-13 -6.269545761e-12)
(0 0.9483795001 -0.07858928939)
(0 0.8065045598 -0.1144995602)
(0 0.1997613536 0.1657640782)
(0 -0.6990563201 0.5930184723)
(0 -1.777149327 1.754739633)
(0 -1.185919171 3.091707081)
(0 -1.393765556 3.169003404)
(0 -0.3414046521 1.981857322)
(0 -0.003948445721 0.979884756)
(0 1.366289812e-11 8.235662151e-12)
(0 7.339655838e-12 1.63759822e-11)
(0 1.993844257e-11 1.456797462e-11)
(0 2.31925038e-11 1.175297386e-11)
(0 2.435877429e-11 9.181983525e-12)
(0 2.474558531e-11 7.036304815e-12)
(0 2.46212419e-11 5.340030964e-12)
(0 2.414074305e-11 4.052998134e-12)
(0 2.344641977e-11 3.101863404e-12)
(0 2.265316268e-11 2.407096668e-12)
(0 2.184096415e-11 1.898833366e-12)
(0 2.105951776e-11 1.522298458e-12)
(0 2.033662384e-11 1.237319262e-12)
(0 1.968586455e-11 1.015574982e-12)
(0 1.911227359e-11 8.375357121e-13)
(0 1.861610964e-11 6.89863469e-13)
(0 1.819521321e-11 5.634483059e-13)
(0 1.784641749e-11 4.520126428e-13)
(0 1.756636878e-11 3.511521899e-13)
(0 1.735199255e-11 2.576875544e-13)
(0 1.720074932e-11 1.692272611e-13)
(0 1.711076646e-11 8.387049623e-14)
(0 8.540450208e-12 6.442231177e-24)
(0 3.651349777e-11 6.419126332e-13)
(0 5.235965888e-11 -6.305936096e-12)
(0 1.113968986e-11 -6.196046491e-12)
(0 7.17009841e-12 -5.670091688e-12)
(0 9.06389203e-12 -5.420263663e-12)
(0 3.987010067e-12 -5.34376303e-12)
(0 3.160227535e-12 -5.334764077e-12)
(0 7.510042552e-13 -5.341256763e-12)
(0 0.7438404908 0.01743658379)
(0 0.3974382966 0.4216219499)
(0 -0.3098493629 1.026819199)
(0 -0.9180695792 1.44175285)
(0 -1.888254782 2.041230201)
(0 -1.123117922 2.644093637)
(0 -0.4195188324 2.160302705)
(0 0.1617582513 1.629529168)
(0 0.001504666903 0.919249794)
(0 1.398313271e-11 9.336614138e-12)
(0 3.264462754e-11 1.540854724e-11)
(0 2.22992217e-11 1.328299751e-11)
(0 2.154344581e-11 1.053994381e-11)
(0 2.239020003e-11 8.382224577e-12)
(0 2.308024417e-11 6.759553364e-12)
(0 2.330773535e-11 5.514253148e-12)
(0 2.312862166e-11 4.539311023e-12)
(0 2.267294323e-11 3.766673279e-12)
(0 2.206109824e-11 3.148532358e-12)
(0 2.138317063e-11 2.648592616e-12)
(0 2.069947995e-11 2.238686537e-12)
(0 2.004719822e-11 1.897112374e-12)
(0 1.944739033e-11 1.607373745e-12)
(0 1.891069928e-11 1.357047979e-12)
(0 1.844141901e-11 1.136796986e-12)
(0 1.804021576e-11 9.395557364e-13)
(0 1.77058659e-11 7.59900597e-13)
(0 1.743633336e-11 5.93574462e-13)
(0 1.72294233e-11 4.371361041e-13)
(0 1.708316884e-11 2.877021349e-13)
(0 1.699605143e-11 1.4275547e-13)
(0 8.483560043e-12 6.278993512e-24)
(0 3.626991885e-11 6.721761983e-13)
(0 5.18326235e-11 -5.5455315e-12)
(0 1.108107344e-11 -5.1509723e-12)
(0 7.119645451e-12 -4.605325246e-12)
(0 9.001664195e-12 -4.406595158e-12)
(0 3.940904773e-12 -4.378820425e-12)
(0 3.133782336e-12 -4.402660393e-12)
(0 7.423490487e-13 -4.426693048e-12)
(0 0.526655272 0.2263338026)
(0 0.04530766998 0.9883337276)
(0 -0.5082896132 1.528583856)
(0 -0.320957248 1.678591792)
(0 -0.8838802293 1.205642005)
(0 2.831286865 1.038645065)
(0 0.2840478913 1.536730915)
(0 0.1893410422 1.705542287)
(0 -0.004725721098 1.066016137)
(0 1.924496272e-11 5.360956239e-11)
(0 1.152136805e-11 2.287387921e-11)
(0 1.506983915e-11 1.261564637e-11)
(0 1.829173087e-11 8.741481946e-12)
(0 2.057838385e-11 7.04732234e-12)
(0 2.187761388e-11 6.105397482e-12)
(0 2.240099956e-11 5.418127001e-12)
(0 2.239316318e-11 4.823319486e-12)
(0 2.205564111e-11 4.276962542e-12)
(0 2.153508202e-11 3.771738283e-12)
(0 2.093111833e-11 3.308303573e-12)
(0 2.030803751e-11 2.886745992e-12)
(0 1.970531105e-11 2.505084314e-12)
(0 1.914580015e-11 2.159775607e-12)
(0 1.864169683e-11 1.846496192e-12)
(0 1.81986174e-11 1.560723814e-12)
(0 1.781831682e-11 1.298073993e-12)
(0 1.750043621e-11 1.054454067e-12)
(0 1.724360428e-11 8.261045581e-13)
(0 1.704612023e-11 6.095783734e-13)
(0 1.690636869e-11 4.016894362e-13)
(0 1.682306433e-11 1.99449102e-13)
(0 8.397694738e-12 5.636868277e-24)
(0 3.590258013e-11 6.941709393e-13)
(0 5.112831243e-11 -4.784382208e-12)
(0 1.098382095e-11 -4.126451382e-12)
(0 7.038311733e-12 -3.566173251e-12)
(0 8.912451487e-12 -3.417207315e-12)
(0 3.875335611e-12 -3.436438982e-12)
(0 3.09575966e-12 -3.492255278e-12)
(0 7.298467853e-13 -3.533542056e-12)
(0 0.38080255 0.5075958931)
(0 -0.1434572919 1.523621659)
(0 -0.7411547462 1.709616655)
(0 -0.6991265579 1.714580308)
(0 -1.655686978 0.8565651683)
(0 -1.700936434 0.8244283632)
(0 -0.5836102477 4.428270274)
(0 -0.1907265436 1.957057314)
(0 -0.009141404039 1.043809608)
(0 1.750542533e-11 2.507384475e-11)
(0 -8.076387744e-12 1.013390368e-11)
(0 8.16682444e-12 5.564275861e-12)
(0 1.597512178e-11 4.763035481e-12)
(0 1.975411557e-11 4.960245518e-12)
(0 2.145104883e-11 5.196675646e-12)
(0 2.202565735e-11 5.229619449e-12)
(0 2.19874572e-11 5.058909548e-12)
(0 2.162136202e-11 4.746106022e-12)
(0 2.109243927e-11 4.353127863e-12)
(0 2.049817834e-11 3.926120941e-12)
(0 1.989626069e-11 3.494908993e-12)
(0 1.932022783e-11 3.076712735e-12)
(0 1.878880221e-11 2.680159433e-12)
(0 1.831164749e-11 2.308444794e-12)
(0 1.789299681e-11 1.961529788e-12)
(0 1.753394601e-11 1.637559565e-12)
(0 1.723389646e-11 1.333732649e-12)
(0 1.699145767e-11 1.046807714e-12)
(0 1.680500818e-11 7.733815782e-13)
(0 1.667303957e-11 5.100274859e-13)
(0 1.659436199e-11 2.53351087e-13)
(0 8.284110941e-12 5.181142772e-24)
(0 3.541698154e-11 7.079075805e-13)
(0 5.025314438e-11 -4.029758402e-12)
(0 1.084749267e-11 -3.131621873e-12)
(0 6.926334226e-12 -2.561403899e-12)
(0 8.796793091e-12 -2.46022204e-12)
(0 3.790618801e-12 -2.524375509e-12)
(0 3.046291727e-12 -2.611217994e-12)
(0 7.135333636e-13 -2.669482179e-12)
(0 0.4835862276 0.7046112561)
(0 0.01068975813 2.091952874)
(0 -0.5614501136 2.053860304)
(0 -0.7437872813 2.335145817)
(0 -1.740957167 1.638604135)
(0 -2.882373843 -0.3906951774)
(0 -1.327590911 2.043858605)
(0 -0.3121534063 1.326216923)
(0 -0.007330788726 0.8316190632)
(0 1.186234094e-11 -2.109807185e-11)
(0 -7.720984959e-12 -1.270947903e-11)
(0 9.698970947e-12 -5.255400136e-12)
(0 1.768770053e-11 -2.137869738e-13)
(0 2.101202401e-11 2.834067022e-12)
(0 2.214698781e-11 4.491567341e-12)
(0 2.226323346e-11 5.244862752e-12)
(0 2.190964975e-11 5.4366368e-12)
(0 2.134985942e-11 5.295426467e-12)
(0 2.071509694e-11 4.968534977e-12)
(0 2.007289946e-11 4.548137119e-12)
(0 1.945862931e-11 4.090059001e-12)
(0 1.889056149e-11 3.626705706e-12)
(0 1.837753221e-11 3.175711813e-12)
(0 1.792306718e-11 2.745597706e-12)
(0 1.752773217e-11 2.339391068e-12)
(0 1.719051969e-11 1.956899226e-12)
(0 1.690968436e-11 1.596105832e-12)
(0 1.668325321e-11 1.254009363e-12)
(0 1.650934e-11 9.271111816e-13)
(0 1.63863382e-11 6.116869944e-13)
(0 1.631303684e-11 3.03927158e-13)
(0 8.144343651e-12 4.861613567e-24)
(0 3.481931534e-11 7.134989127e-13)
(0 4.922753491e-11 -3.288933808e-12)
(0 1.067417053e-11 -2.174915071e-12)
(0 6.784704179e-12 -1.599121862e-12)
(0 8.65574812e-12 -1.543326072e-12)
(0 3.687487914e-12 -1.650111218e-12)
(0 2.985784351e-12 -1.767009283e-12)
(0 6.935377733e-13 -1.842011432e-12)
(0 0.7482786476 0.8483493316)
(0 0.3564467076 2.500921574)
(0 0.25293717 2.374212454)
(0 0.3921307638 2.272358279)
(0 2.01727986 2.816993546)
(0 -0.36800658 0.9377050842)
(0 -0.09851354266 1.095474152)
(0 0.02211685327 0.7444255077)
(0 -0.002421469417 0.6788924293)
(0 4.966336596e-12 -7.582860811e-11)
(0 7.979178292e-12 -3.440572473e-11)
(0 2.066251649e-11 -1.366275849e-11)
(0 2.406458894e-11 -3.196969147e-12)
(0 2.445946989e-11 2.098219846e-12)
(0 2.386184456e-11 4.690706824e-12)
(0 2.297072681e-11 5.821671666e-12)
(0 2.203802091e-11 6.147366763e-12)
(0 2.11532602e-11 6.030427876e-12)
(0 2.034514992e-11 5.677445835e-12)
(0 1.961970236e-11 5.207836329e-12)
(0 1.897482928e-11 4.690491243e-12)
(0 1.840588064e-11 4.164346537e-12)
(0 1.790769421e-11 3.650389108e-12)
(0 1.747532674e-11 3.158844668e-12)
(0 1.710429833e-11 2.6935366e-12)
(0 1.679066078e-11 2.254538186e-12)
(0 1.65310066e-11 1.839779665e-12)
(0 1.632246302e-11 1.446010804e-12)
(0 1.616268581e-11 1.069365438e-12)
(0 1.604985554e-11 7.056811157e-13)
(0 1.598267499e-11 3.506697685e-13)
(0 7.980183783e-12 4.259507215e-24)
(0 3.411731605e-11 7.12273567e-13)
(0 4.805655428e-11 -2.569422902e-12)
(0 1.046319013e-11 -1.264539672e-12)
(0 6.614278767e-12 -6.87091181e-13)
(0 8.490656997e-12 -6.738707144e-13)
(0 3.56695551e-12 -8.207899044e-13)
(0 2.91481113e-12 -9.667306695e-13)
(0 6.700398459e-13 -1.058280324e-12)
(0 0.8449333069 1.07399029)
(0 0.3893576103 2.712103765)
(0 0.4947910611 2.15647723)
(0 0.9032473733 1.505076406)
(0 2.040393985 2.293666757)
(0 1.423935455 1.895106811)
(0 1.203022099 1.534295958)
(0 0.8365821692 1.163216332)
(0 0.005144500146 0.9257148209)
(0 7.791095354e-12 -8.983559312e-11)
(0 5.461866005e-11 -3.524791203e-11)
(0 4.090772653e-11 -1.179304298e-11)
(0 3.344867886e-11 -1.009611409e-12)
(0 2.889969998e-11 4.065057163e-12)
(0 2.587043963e-11 6.351385258e-12)
(0 2.37198934e-11 7.203758691e-12)
(0 2.211840596e-11 7.30072296e-12)
(0 2.08799385e-11 7.001460831e-12)
(0 1.989250539e-11 6.502979666e-12)
(0 1.908594487e-11 5.915274919e-12)
(0 1.841513951e-11 5.299730215e-12)
(0 1.785045935e-11 4.689805671e-12)
(0 1.737203034e-11 4.102655677e-12)
(0 1.696621468e-11 3.545854836e-12)
(0 1.662342569e-11 3.021370727e-12)
(0 1.633676275e-11 2.527935214e-12)
(0 1.610115698e-11 2.062462012e-12)
(0 1.591283899e-11 1.620887201e-12)
(0 1.576901031e-11 1.198657233e-12)
(0 1.566764253e-11 7.910009195e-13)
(0 1.560735573e-11 3.930698002e-13)
(0 7.793673883e-12 3.396245287e-24)
(0 3.331926328e-11 7.059590651e-13)
(0 4.676751464e-11 -1.878657624e-12)
(0 1.021960752e-11 -4.07962163e-13)
(0 6.417838031e-12 1.677259133e-13)
(0 8.303653458e-12 1.41498509e-13)
(0 3.430271202e-12 -4.294559161e-14)
(0 2.833916788e-12 -2.169553512e-13)
(0 6.431771879e-13 -3.250200815e-13)
(0 0.7171474262 1.406081416)
(0 0.09828176516 2.833310291)
(0 0.4372650848 1.728556219)
(0 0.9043082085 1.018237416)
(0 1.589593918 1.68659118)
(0 1.965550635 1.928920054)
(0 1.482005189 1.844313491)
(0 1.178986344 1.783407718)
(0 0.009919317932 1.527456683)
(0 6.828449957e-12 -1.54161716e-11)
(0 8.625871117e-11 -4.719953896e-12)
(0 5.490081711e-11 2.74800914e-12)
(0 3.992268909e-11 6.886539581e-12)
(0 3.182046655e-11 8.820288677e-12)
(0 2.700054609e-11 9.44605268e-12)
(0 2.392006452e-11 9.341253793e-12)
(0 2.183572305e-11 8.850285553e-12)
(0 2.035551691e-11 8.171694864e-12)
(0 1.925896401e-11 7.417730685e-12)
(0 1.841645291e-11 6.65055651e-12)
(0 1.774936003e-11 5.903354745e-12)
(0 1.72088061e-11 5.192493648e-12)
(0 1.676374338e-11 4.524573018e-12)
(0 1.639404179e-11 3.900546045e-12)
(0 1.608637871e-11 3.31815352e-12)
(0 1.583175206e-11 2.773367538e-12)
(0 1.562395859e-11 2.261243986e-12)
(0 1.545865824e-11 1.7764169e-12)
(0 1.533279953e-11 1.313373444e-12)
(0 1.524426811e-11 8.665936694e-13)
(0 1.519167408e-11 4.306072179e-13)
(0 7.587113983e-12 2.756903065e-24)
(0 3.243539992e-11 6.93337355e-13)
(0 4.537781714e-11 -1.222840683e-12)
(0 9.946383949e-12 3.890083418e-13)
(0 6.197679382e-12 9.598965238e-13)
(0 8.096427979e-12 8.973787134e-13)
(0 3.278066941e-12 6.777902961e-13)
(0 2.743052221e-12 4.76284766e-13)
(0 6.12844361e-13 3.512531104e-13)
(0 0.4372913335 1.804112366)
(0 -0.1573156495 2.818922437)
(0 0.7049039054 1.219068048)
(0 1.285715293 0.3808967231)
(0 2.035494273 0.9519696964)
(0 1.67873624 2.108889809)
(0 1.249001907 2.201725803)
(0 1.066612449 2.342595026)
(0 0.006891462602 2.181545018)
(0 7.425351047e-12 5.651789603e-11)
(0 7.317387093e-11 2.94266239e-11)
(0 5.251422001e-11 2.061827311e-11)
(0 3.95209584e-11 1.698745829e-11)
(0 3.145921308e-11 1.488357329e-11)
(0 2.639140475e-11 1.327131531e-11)
(0 2.312412627e-11 1.186490696e-11)
(0 2.094884704e-11 1.058744248e-11)
(0 1.944738363e-11 9.417281336e-12)
(0 1.837136704e-11 8.345685223e-12)
(0 1.757156893e-11 7.365868983e-12)
(0 1.695707665e-11 6.470643637e-12)
(0 1.647167763e-11 5.652242991e-12)
(0 1.608008274e-11 4.902594762e-12)
(0 1.575979518e-11 4.213598892e-12)
(0 1.549624718e-11 3.577325687e-12)
(0 1.527985322e-11 2.986133945e-12)
(0 1.510420634e-11 2.432726474e-12)
(0 1.496496844e-11 1.910160049e-12)
(0 1.485918708e-11 1.411823038e-12)
(0 1.47848763e-11 9.313904728e-13)
(0 1.474076206e-11 4.627637102e-13)
(0 7.363066665e-12 2.271857882e-24)
(0 3.147650344e-11 6.756561229e-13)
(0 4.389735708e-11 -6.087813896e-13)
(0 9.644667847e-12 1.120721017e-12)
(0 5.95532268e-12 1.684850586e-12)
(0 7.869665708e-12 1.589532267e-12)
(0 3.109706035e-12 1.33667044e-12)
(0 2.641049167e-12 1.107174435e-12)
(0 5.784945843e-13 9.636184428e-13)
(0 0.05085067021 2.112498045)
(0 -0.1259429078 2.410192648)
(0 0.9890417447 0.313701585)
(0 1.108781519 -0.2250857727)
(0 1.485386903 0.8558750587)
(0 1.202655217 2.844122824)
(0 0.8153387059 2.539347234)
(0 0.7959499479 2.764233415)
(0 0.003279759998 2.710873375)
(0 9.042799093e-12 6.905853555e-11)
(0 5.091756518e-11 4.584861448e-11)
(0 4.24616515e-11 3.331096526e-11)
(0 3.418798926e-11 2.556148683e-11)
(0 2.810432357e-11 2.045529733e-11)
(0 2.398187976e-11 1.689073688e-11)
(0 2.123619168e-11 1.425958251e-11)
(0 1.938809743e-11 1.221725567e-11)
(0 1.811375965e-11 1.056427789e-11)
(0 1.720755166e-11 9.181853579e-12)
(0 1.654141133e-11 7.996594547e-12)
(0 1.603573404e-11 6.961112622e-12)
(0 1.564075723e-11 6.043240587e-12)
(0 1.532509928e-11 5.219960612e-12)
(0 1.506877272e-11 4.473923469e-12)
(0 1.485891376e-11 3.791410621e-12)
(0 1.468715285e-11 3.161110873e-12)
(0 1.454798469e-11 2.57336315e-12)
(0 1.44377548e-11 2.019669191e-12)
(0 1.435402995e-11 1.492363852e-12)
(0 1.429520878e-11 9.843778907e-13)
(0 1.42602836e-11 4.890549736e-13)
(0 7.124350272e-12 1.731316133e-24)
(0 3.045504895e-11 6.539122217e-13)
(0 4.235447667e-11 -4.253401154e-14)
(0 9.320236302e-12 1.782918361e-12)
(0 5.692952731e-12 2.339975848e-12)
(0 7.623165886e-12 2.215665176e-12)
(0 2.922970152e-12 1.930052547e-12)
(0 2.525269628e-12 1.66966253e-12)
(0 5.389965959e-13 1.503824163e-12)
(0 -0.319902459 2.078034674)
(0 0.06235515818 1.729884428)
(0 0.5790567167 0.04190264757)
(0 -0.01203822066 -0.06637159959)
(0 0.01104728398 0.9682591713)
(0 0.3997068878 3.039409205)
(0 0.5168547666 3.05927786)
(0 0.3658246805 2.974360626)
(0 0.002530248394 3.031297009)
(0 1.07911215e-11 5.30232696e-11)
(0 3.812028612e-11 5.22926726e-11)
(0 3.222709235e-11 4.121560537e-11)
(0 2.666529047e-11 3.149234961e-11)
(0 2.278846313e-11 2.448544824e-11)
(0 2.019568993e-11 1.957673626e-11)
(0 1.845064506e-11 1.606538106e-11)
(0 1.725354241e-11 1.345767487e-11)
(0 1.641198154e-11 1.144069819e-11)
(0 1.58036837e-11 9.820853892e-12)
(0 1.535082797e-11 8.477549032e-12)
(0 1.500372269e-11 7.333976554e-12)
(0 1.473052562e-11 6.339645567e-12)
(0 1.451076562e-11 5.460078388e-12)
(0 1.433124519e-11 4.670716318e-12)
(0 1.418343458e-11 3.953274754e-12)
(0 1.406180574e-11 3.293528496e-12)
(0 1.396276466e-11 2.67993917e-12)
(0 1.388396915e-11 2.102783156e-12)
(0 1.382389578e-11 1.553579381e-12)
(0 1.378156742e-11 1.024697651e-12)
(0 1.375638417e-11 5.090756072e-13)
(0 6.874011691e-12 1.445067806e-24)
(0 2.938391518e-11 6.274267016e-13)
(0 4.076483909e-11 4.71434159e-13)
(0 8.975904908e-12 2.373854268e-12)
(0 5.41115653e-12 2.925712668e-12)
(0 7.354745652e-12 2.776196779e-12)
(0 2.713399754e-12 2.455538759e-12)
(0 2.391225074e-12 2.156839061e-12)
(0 4.925047082e-13 1.961118107e-12)
(0 -0.5711779327 1.852055287)
(0 0.2207982682 1.275204619)
(0 -0.05056062696 0.4723408519)
(0 -0.857445502 0.3135265458)
(0 -1.143113333 0.5882226338)
(0 -0.5240953203 1.708654721)
(0 2.641305593 2.261389258)
(0 -0.1549571412 3.098197749)
(0 0.006551822909 3.099181378)
(0 2.232085886e-12 1.122912065e-10)
(0 3.988591445e-11 6.986100113e-11)
(0 2.16613285e-11 4.776656799e-11)
(0 1.745783214e-11 3.470697469e-11)
(0 1.618871023e-11 2.641742835e-11)
(0 1.556181258e-11 2.086533568e-11)
(0 1.511713029e-11 1.696747205e-11)
(0 1.476341456e-11 1.410732224e-11)
(0 1.447693867e-11 1.191996995e-11)
(0 1.42444025e-11 1.018331729e-11)
(0 1.405453399e-11 8.758779123e-12)
(0 1.389783058e-11 7.557603054e-12)
(0 1.376685906e-11 6.521284151e-12)
(0 1.365617003e-11 5.609983596e-12)
(0 1.356196908e-11 4.795579147e-12)
(0 1.348172594e-11 4.05743383e-12)
(0 1.341381726e-11 3.37977978e-12)
(0 1.335723935e-11 2.750072846e-12)
(0 1.331139501e-11 2.157936398e-12)
(0 1.327594445e-11 1.594465469e-12)
(0 1.325070501e-11 1.05175216e-12)
(0 1.323558595e-11 5.225466714e-13)
(0 6.615274665e-12 9.429781931e-25)
(0 2.827656909e-11 5.968185201e-13)
(0 3.914726001e-11 9.295907001e-13)
(0 8.614625405e-12 2.894166551e-12)
(0 5.109162551e-12 3.445861891e-12)
(0 7.05989434e-12 3.274599502e-12)
(0 2.473842244e-12 2.911864757e-12)
(0 2.232212272e-12 2.56012509e-12)
(0 4.363183443e-13 2.320870803e-12)
(0 -0.7856926825 1.596981941)
(0 0.3877636346 1.160213218)
(0 -0.3981405416 1.184172765)
(0 -1.077271839 1.009430468)
(0 -1.945464355 0.6942837482)
(0 -2.132811558 0.8794421809)
(0 -2.202684182 2.090237984)
(0 -2.004792053 5.315605611)
(0 0.003456935071 2.715538426)
(0 -2.806646825e-11 1.206829475e-10)
(0 -2.56456317e-11 6.787080014e-11)
(0 -2.92693408e-12 4.528279066e-11)
(0 5.316150827e-12 3.315160992e-11)
(0 8.946824112e-12 2.56119322e-11)
(0 1.074573363e-11 2.049964715e-11)
(0 1.169263162e-11 1.683179269e-11)
(0 1.220604031e-11 1.408413907e-11)
(0 1.248797659e-11 1.194853457e-11)
(0 1.264249287e-11 1.023367296e-11)
(0 1.272511374e-11 8.816654915e-12)
(0 1.276622772e-11 7.616373716e-12)
(0 1.278290616e-11 6.577898499e-12)
(0 1.278506062e-11 5.662982391e-12)
(0 1.277869542e-11 4.844171054e-12)
(0 1.276763522e-11 4.10108989e-12)
(0 1.275444476e-11 3.418072599e-12)
(0 1.274092128e-11 2.782625133e-12)
(0 1.272836177e-11 2.184414013e-12)
(0 1.271771154e-11 1.61458533e-12)
(0 1.270964863e-11 1.065292546e-12)
(0 1.270463201e-11 5.293554774e-13)
(0 6.35146502e-12 1.927842623e-25)
(0 2.714734463e-11 5.611495019e-13)
(0 3.752452406e-11 1.330893461e-12)
(0 8.239315093e-12 3.348272005e-12)
(0 4.784076633e-12 3.908841002e-12)
(0 6.73064992e-12 3.718162134e-12)
(0 2.193242146e-12 3.298830809e-12)
(0 2.038373676e-12 2.868269085e-12)
(0 3.665309557e-13 2.562846557e-12)
(0 -0.8846348805 0.5753090426)
(0 0.8959768512 0.8663413679)
(0 -0.6199709481 1.968137776)
(0 -0.6796538929 1.746097609)
(0 -1.582321881 1.368489942)
(0 -2.00852727 1.192160041)
(0 -2.042182445 1.817693169)
(0 -1.323262913 3.402866758)
(0 0.0005319418866 1.368159929)
(0 -2.511625157e-11 2.682572824e-11)
(0 -3.505329881e-11 3.613558749e-11)
(0 -1.305786173e-11 3.234222284e-11)
(0 -2.213026325e-12 2.700474323e-11)
(0 3.536747462e-12 2.237899704e-11)
(0 6.781673071e-12 1.868947123e-11)
(0 8.701622212e-12 1.577586904e-11)
(0 9.880156436e-12 1.344888755e-11)
(0 1.062647256e-11 1.155635699e-11)
(0 1.111252285e-11 9.986193265e-12)
(0 1.143723474e-11 8.657798547e-12)
(0 1.165907416e-11 7.513335056e-12)
(0 1.181346774e-11 6.510943647e-12)
(0 1.192244258e-11 5.619863041e-12)
(0 1.200007658e-11 4.817018828e-12)
(0 1.205562748e-11 4.0846686e-12)
(0 1.209535251e-11 3.408782675e-12)
(0 1.212358076e-11 2.777928748e-12)
(0 1.214335521e-11 2.182497919e-12)
(0 1.215682298e-11 1.614159882e-12)
(0 1.216547515e-11 1.065470472e-12)
(0 1.217029341e-11 5.295791207e-13)
(0 6.085919188e-12 -1.068970902e-25)
(0 2.601062588e-11 5.214074861e-13)
(0 3.590354088e-11 1.676448299e-12)
(0 7.847817775e-12 3.74487775e-12)
(0 4.428282467e-12 4.328680127e-12)
(0 6.352943085e-12 4.118713926e-12)
(0 1.854006248e-12 3.616978756e-12)
(0 1.794733278e-12 3.065670756e-12)
(0 2.773170473e-13 2.658510968e-12)
(0 -0.2573449166 -0.2084918488)
(0 0.6726826845 0.8848669114)
(0 -0.6129981479 2.496779231)
(0 -0.308711406 2.142762652)
(0 -0.7350441892 1.852783423)
(0 -0.9605453094 1.526811517)
(0 -0.944690548 1.350520576)
(0 0.2159370789 2.104079784)
(0 0.0002024899795 1.350518459)
(0 -1.185487259e-11 1.55716205e-12)
(0 -1.994151949e-11 1.766801206e-11)
(0 -1.205777834e-11 2.094576104e-11)
(0 -4.647074972e-12 2.014610856e-11)
(0 6.315521078e-13 1.820979129e-11)
(0 4.142605637e-12 1.610332999e-11)
(0 6.452047946e-12 1.413330035e-11)
(0 7.986528255e-12 1.237918041e-11)
(0 9.025282311e-12 1.08418192e-11)
(0 9.74393443e-12 9.496951095e-12)
(0 1.025225553e-11 8.315010163e-12)
(0 1.061937282e-11 7.268215225e-12)
(0 1.088943414e-11 6.332663602e-12)
(0 1.10911358e-11 5.488491202e-12)
(0 1.124350098e-11 4.719356941e-12)
(0 1.135939906e-11 4.011768256e-12)
(0 1.144770491e-11 3.354446749e-12)
(0 1.151463652e-11 2.737796029e-12)
(0 1.15645929e-11 2.153477107e-12)
(0 1.160068409e-11 1.594076035e-12)
(0 1.162506787e-11 1.052843471e-12)
(0 1.163916153e-11 5.234870127e-13)
(0 5.821885899e-12 -2.112535786e-25)
(0 2.487988991e-11 4.787612988e-13)
(0 3.431219978e-11 1.971691918e-12)
(0 7.439714751e-12 4.100005628e-12)
(0 4.028469362e-12 4.727940835e-12)
(0 5.903474965e-12 4.494294081e-12)
(0 1.428515589e-12 3.86709202e-12)
(0 1.478600665e-12 3.129518574e-12)
(0 1.600087621e-13 2.56667111e-12)
(0 0.04075922217 0.228527353)
(0 -0.486754242 1.220473912)
(0 -0.260366259 2.389786181)
(0 -0.1657375139 2.217631348)
(0 -0.1274514938 1.890688764)
(0 -0.1035535456 1.616982937)
(0 -0.1531138341 0.9038049638)
(0 0.3772812253 1.890732015)
(0 0.000117149694 1.658750013)
(0 -8.722725881e-12 1.55865336e-11)
(0 -1.547785779e-11 1.219423827e-11)
(0 -1.057976522e-11 1.362668291e-11)
(0 -4.948996078e-12 1.442410268e-11)
(0 -5.060311155e-13 1.421069443e-11)
(0 2.705182136e-12 1.338073745e-11)
(0 4.977472637e-12 1.227481669e-11)
(0 6.588675288e-12 1.10927203e-11)
(0 7.744243243e-12 9.934796368e-12)
(0 8.585713805e-12 8.844783675e-12)
(0 9.208498874e-12 7.837068565e-12)
(0 9.676727599e-12 6.911837652e-12)
(0 1.003374371e-11 6.062986593e-12)
(0 1.030913592e-11 5.282063332e-12)
(0 1.052335364e-11 4.560132794e-12)
(0 1.069071729e-11 3.88858526e-12)
(0 1.082138028e-11 3.259425447e-12)
(0 1.092261112e-11 2.665317882e-12)
(0 1.099963522e-11 2.099526374e-12)
(0 1.105618934e-11 1.555813976e-12)
(0 1.109488613e-11 1.028333683e-12)
(0 1.111744994e-11 5.115221482e-13)
(0 5.562432175e-12 -6.420767898e-25)
(0 2.377017925e-11 4.328680343e-13)
(0 3.275921046e-11 2.229372525e-12)
(0 7.004643264e-12 4.441364134e-12)
(0 3.559530545e-12 5.141619472e-12)
(0 5.344959004e-12 4.870982456e-12)
(0 8.756332272e-13 4.048881312e-12)
(0 1.057597908e-12 3.025281538e-12)
(0 2.496963932e-15 2.227249783e-12)
(0 0.1351877663 0.3262585423)
(0 -0.3571862509 1.305531148)
(0 -0.1774196921 2.171494749)
(0 -0.1476186411 2.19250613)
(0 0.183158663 1.842858064)
(0 0.2601058024 1.773998239)
(0 0.5149087764 1.183927692)
(0 -0.2177007673 1.804509483)
(0 -0.0001420763079 1.789652761)
(0 -1.491550884e-11 -1.867873279e-12)
(0 -2.167033396e-11 2.134001143e-12)
(0 -9.827913933e-12 6.942610941e-12)
(0 -4.063063456e-12 9.71290156e-12)
(0 -4.118131236e-13 1.082812778e-11)
(0 2.206727899e-12 1.09341025e-11)
(0 4.164030795e-12 1.049251488e-11)
(0 5.646507935e-12 9.782098222e-12)
(0 6.777345686e-12 8.959867921e-12)
(0 7.646206628e-12 8.110314731e-12)
(0 8.319309503e-12 7.276629957e-12)
(0 8.845290847e-12 6.47906223e-12)
(0 9.259659822e-12 5.725362414e-12)
(0 9.588282e-12 5.016624293e-12)
(0 9.850022909e-12 4.350508739e-12)
(0 1.005869172e-11 3.722998889e-12)
(0 1.022443753e-11 3.129337193e-12)
(0 1.035473745e-11 2.564510127e-12)
(0 1.0455089e-11 2.023484766e-12)
(0 1.05294914e-11 1.501310562e-12)
(0 1.058077604e-11 9.931489162e-13)
(0 1.061082785e-11 4.942649226e-13)
(0 5.310363751e-12 -1.169226904e-24)
(0 2.269163662e-11 3.853949633e-13)
(0 3.125746649e-11 2.472478683e-12)
(0 6.524999631e-12 4.812948946e-12)
(0 2.982934338e-12 5.620563296e-12)
(0 4.625173105e-12 5.283502368e-12)
(0 1.414424359e-13 4.158218763e-12)
(0 4.912386803e-13 2.70106045e-12)
(0 -2.100019426e-13 1.554567923e-12)
(0 0.02323812639 0.6507824269)
(0 -0.5405762097 1.544758413)
(0 -0.3222138543 2.02605233)
(0 -0.04695339704 1.830917448)
(0 0.7738985017 1.19607025)
(0 0.8540250616 1.143704953)
(0 1.445614516 1.325685724)
(0 -0.8320121222 2.665624358)
(0 0.001363893031 1.502767635)
(0 -6.790412512e-12 -3.878897664e-11)
(0 -6.429404638e-12 -8.480287919e-12)
(0 -3.000864804e-12 2.296849206e-12)
(0 -1.063479239e-12 6.656751001e-12)
(0 7.15169826e-13 8.454811031e-12)
(0 2.369569231e-12 9.035027979e-12)
(0 3.825468357e-12 8.979046861e-12)
(0 5.056028334e-12 8.583295705e-12)
(0 6.072459752e-12 8.012261213e-12)
(0 6.902475841e-12 7.359966961e-12)
(0 7.577246374e-12 6.680057353e-12)
(0 8.125460055e-12 6.002399295e-12)
(0 8.571305775e-12 5.34275712e-12)
(0 8.934282247e-12 4.708544663e-12)
(0 9.229728234e-12 4.102262412e-12)
(0 9.469545748e-12 3.523548914e-12)
(0 9.662891519e-12 2.970399878e-12)
(0 9.816758695e-12 2.439887606e-12)
(0 9.936435651e-12 1.928580943e-12)
(0 1.002585349e-11 1.432786123e-12)
(0 1.008784049e-11 9.486809546e-13)
(0 1.012430102e-11 4.723860841e-13)
(0 5.068167252e-12 -1.556683421e-24)
(0 2.16553846e-11 3.363150759e-13)
(0 2.982306575e-11 2.741233007e-12)
(0 5.97503255e-12 5.281780899e-12)
(0 2.247779142e-12 6.234389783e-12)
(0 3.681700403e-12 5.773781805e-12)
(0 -8.33087407e-13 4.183033209e-12)
(0 -2.618040069e-13 2.082864563e-12)
(0 -4.920410669e-13 4.335465243e-13)
(0 -0.3325887378 1.023738443)
(0 -0.8339453177 1.68327791)
(0 -0.5346284768 1.681661054)
(0 -0.3241155445 1.335187161)
(0 -0.4290298001 0.9579913031)
(0 -1.44015923 1.421036833)
(0 -1.42091843 2.509507252)
(0 -1.154749551 2.657708642)
(0 -0.006223022696 1.059949709)
(0 2.988415241e-11 -3.943788913e-12)
(0 1.966300603e-11 6.85332712e-13)
(0 5.309124987e-12 4.06828648e-12)
(0 2.094898368e-12 6.162429958e-12)
(0 1.966463854e-12 7.29934018e-12)
(0 2.730963729e-12 7.772152449e-12)
(0 3.712298521e-12 7.80534951e-12)
(0 4.679722286e-12 7.559774214e-12)
(0 5.554016942e-12 7.145904944e-12)
(0 6.314002768e-12 6.637218741e-12)
(0 6.961741837e-12 6.081214167e-12)
(0 7.507990614e-12 5.507701076e-12)
(0 7.965805191e-12 4.934703728e-12)
(0 8.347787292e-12 4.372517749e-12)
(0 8.665027159e-12 3.826431354e-12)
(0 8.926829182e-12 3.298519463e-12)
(0 9.140776222e-12 2.788811938e-12)
(0 9.312918513e-12 2.296047255e-12)
(0 9.447987514e-12 1.818155257e-12)
(0 9.549591415e-12 1.352564612e-12)
(0 9.620375999e-12 8.963979991e-13)
(0 9.662146896e-12 4.465964123e-13)
(0 4.837977667e-12 -1.911124397e-24)
(0 2.067081358e-11 2.87744642e-13)
(0 2.845240146e-11 3.096767494e-12)
(0 5.318412678e-12 5.940796135e-12)
(0 1.296815057e-12 7.069287139e-12)
(0 2.453947488e-12 6.384921541e-12)
(0 -2.096933845e-12 4.097979329e-12)
(0 -1.230824188e-12 1.073664516e-12)
(0 -8.530158414e-13 -1.276844232e-12)
(0 -0.5709911543 1.252372224)
(0 -0.8647981626 1.64011146)
(0 -0.4786762786 1.398163932)
(0 -0.4410216328 1.624529748)
(0 -0.8958794251 1.906311883)
(0 -1.771907448 1.884313902)
(0 -1.950150435 2.000405827)
(0 -1.068829528 1.597106854)
(0 -4.810667899e-06 0.000112437755)
(0 -1.111853051e-13 3.170511773e-11)
(0 1.843733113e-12 1.135368558e-11)
(0 2.476232441e-12 7.128550573e-12)
(0 2.167574461e-12 6.625357599e-12)
(0 2.324892317e-12 6.807970313e-12)
(0 2.875578562e-12 6.94889242e-12)
(0 3.613090123e-12 6.910423045e-12)
(0 4.396583767e-12 6.70453952e-12)
(0 5.149904279e-12 6.374351669e-12)
(0 5.837785064e-12 5.961771031e-12)
(0 6.447728709e-12 5.499860911e-12)
(0 6.978949617e-12 5.01246933e-12)
(0 7.436122448e-12 4.515822165e-12)
(0 7.826009873e-12 4.020375208e-12)
(0 8.155729947e-12 3.532410438e-12)
(0 8.431926332e-12 3.055271225e-12)
(0 8.660419311e-12 2.59026814e-12)
(0 8.846102014e-12 2.137323155e-12)
(0 8.992953008e-12 1.695419516e-12)
(0 9.104096236e-12 1.26291289e-12)
(0 9.181872294e-12 8.377462748e-13)
(0 9.22790302e-12 4.176000437e-13)
(0 4.62157084e-12 -2.269976029e-24)
(0 1.974536883e-11 2.421303902e-13)
(0 2.716542315e-11 3.62446641e-12)
(0 4.524044186e-12 6.908421e-12)
(0 8.072560387e-14 8.220965777e-12)
(0 9.005441016e-13 7.151362846e-12)
(0 -3.670617853e-12 3.859618463e-12)
(0 -2.418640999e-12 -4.409947898e-13)
(0 -1.291787456e-12 -3.729769243e-12)
(0 -0.5194028286 1.323740846)
(0 -0.6384438605 1.553281674)
(0 -0.4268496624 1.248857933)
(0 -0.5138246493 1.904475307)
(0 -0.7485602908 2.44058519)
(0 -0.4976396313 2.126141016)
(0 -1.198338328 1.735531426)
(0 -0.007341593983 0.7368150165)
(0 2.309637211e-11 -1.568242412e-11)
(0 -3.089814963e-11 -5.140269185e-13)
(0 -4.913443933e-12 5.892521439e-12)
(0 5.80797004e-13 6.466910339e-12)
(0 1.774318107e-12 6.40250032e-12)
(0 2.289998675e-12 6.358292889e-12)
(0 2.833416462e-12 6.305020384e-12)
(0 3.46794562e-12 6.182904947e-12)
(0 4.14365091e-12 5.97359786e-12)
(0 4.811248454e-12 5.685175151e-12)
(0 5.439512009e-12 5.3356354e-12)
(0 6.012440135e-12 4.943972475e-12)
(0 6.523951868e-12 4.526477449e-12)
(0 6.973711069e-12 4.095725035e-12)
(0 7.364375565e-12 3.66073525e-12)
(0 7.699923176e-12 3.227549194e-12)
(0 7.984686884e-12 2.799873193e-12)
(0 8.222828152e-12 2.379654354e-12)
(0 8.418069889e-12 1.967548081e-12)
(0 8.573577248e-12 1.56327959e-12)
(0 8.691918174e-12 1.16591634e-12)
(0 8.775063153e-12 7.740714194e-13)
(0 8.824400621e-12 3.860564825e-13)
(0 4.420377623e-12 -2.441635313e-24)
(0 1.8885364e-11 2.00144665e-13)
(0 2.596089096e-11 4.432964304e-12)
(0 3.561077311e-12 8.3225203e-12)
(0 -1.435615746e-12 9.783184412e-12)
(0 -9.917797678e-13 8.087439606e-12)
(0 -5.5373813e-12 3.403943887e-12)
(0 -3.79478589e-12 -2.58062031e-12)
(0 -1.794104687e-12 -7.06764764e-12)
(0 -0.3813195622 1.354132571)
(0 -0.3541656285 1.611685378)
(0 -0.4383125754 1.361628336)
(0 -0.7024786324 2.002981831)
(0 -0.7111268601 2.283389572)
(0 -0.7023467462 2.087342718)
(0 -0.6837673175 1.618797438)
(0 -0.0006161355351 0.3998600852)
(0 2.703952194e-11 -2.426053479e-11)
(0 3.857854131e-11 2.88206807e-12)
(0 8.824670334e-12 6.259757705e-12)
(0 2.986211321e-12 6.444068618e-12)
(0 2.05895701e-12 6.159440346e-12)
(0 2.227412382e-12 5.917674505e-12)
(0 2.700190621e-12 5.729985544e-12)
(0 3.281667599e-12 5.542570473e-12)
(0 3.898853971e-12 5.32175887e-12)
(0 4.511941818e-12 5.057099969e-12)
(0 5.096582388e-12 4.751607511e-12)
(0 5.638570758e-12 4.413901793e-12)
(0 6.130702177e-12 4.053728906e-12)
(0 6.570380249e-12 3.67985081e-12)
(0 6.957834032e-12 3.299276836e-12)
(0 7.29486789e-12 2.917163719e-12)
(0 7.584031492e-12 2.537005323e-12)
(0 7.828094199e-12 2.160917529e-12)
(0 8.029727251e-12 1.789927264e-12)
(0 8.191321267e-12 1.424228901e-12)
(0 8.314888065e-12 1.063398032e-12)
(0 8.402012436e-12 7.065648005e-13)
(0 8.4538316e-12 3.52553935e-13)
(0 4.235514358e-12 -2.624990383e-24)
(0 1.809601e-11 1.638681123e-13)
(0 2.484578494e-11 5.649993337e-12)
(0 2.400490982e-12 1.033232992e-11)
(0 -3.281752867e-12 1.183706789e-11)
(0 -3.222643565e-12 9.178423823e-12)
(0 -7.658988869e-12 2.646160669e-12)
(0 -5.307022033e-12 -5.456002352e-12)
(0 -2.336542197e-12 -1.139843976e-11)
(0 -0.1730000883 1.320090427)
(0 -0.01052964084 1.645649475)
(0 -0.2424009577 1.563251302)
(0 -0.7687106366 2.240465853)
(0 -0.5087850723 2.190911126)
(0 -0.6048284983 2.09902921)
(0 -0.3939329678 1.251265954)
(0 -3.171629022e-11 1.357155311e-11)
(0 -3.819050768e-11 5.952417093e-11)
(0 -1.025963589e-11 2.016911825e-11)
(0 -1.351443366e-12 9.820473478e-12)
(0 4.804796453e-13 6.890184077e-12)
(0 1.247923995e-12 5.873515498e-12)
(0 1.860543873e-12 5.422974185e-12)
(0 2.45831243e-12 5.154672561e-12)
(0 3.059718947e-12 4.935624533e-12)
(0 3.658180406e-12 4.713754707e-12)
(0 4.241097094e-12 4.469844497e-12)
(0 4.796313833e-12 4.199779801e-12)
(0 5.314561531e-12 3.906285698e-12)
(0 5.789900884e-12 3.594672375e-12)
(0 6.219258999e-12 3.270658312e-12)
(0 6.601688474e-12 2.939343182e-12)
(0 6.937651663e-12 2.604810116e-12)
(0 7.228440694e-12 2.270055472e-12)
(0 7.475750092e-12 1.937074386e-12)
(0 7.681381261e-12 1.607008385e-12)
(0 7.847048016e-12 1.28030685e-12)
(0 7.974254073e-12 9.568799671e-13)
(0 8.064219056e-12 6.362349013e-13)
(0 8.11783582e-12 3.175943177e-13)
(0 4.067823688e-12 -2.927351423e-24)
(0 1.737979739e-11 1.347575802e-13)
(0 2.382204399e-11 7.426093095e-12)
(0 9.934506458e-13 1.31002744e-11)
(0 -5.51679968e-12 1.444856932e-11)
(0 -5.821014158e-12 1.037382335e-11)
(0 -1.001730608e-11 1.47414995e-12)
(0 -6.910670127e-12 -9.169450239e-12)
(0 -2.896572834e-12 -1.6787327e-11)
(0 0.4534806525 1.234107065)
(0 0.2972834331 1.560495631)
(0 -0.04742872179 2.133913285)
(0 -1.054314545 2.617512754)
(0 -0.4152417857 1.147099849)
(0 -0.5789054668 2.018336397)
(0 -0.001758848587 0.9312076864)
(0 -1.277829329e-11 7.219601727e-12)
(0 -3.45154289e-11 2.543527519e-11)
(0 -1.374162069e-11 5.834432525e-12)
(0 -4.454263742e-12 5.962865076e-12)
(0 -9.607466589e-13 5.422677287e-12)
(0 5.917471186e-13 5.02145481e-12)
(0 1.508569445e-12 4.746031083e-12)
(0 2.212840968e-12 4.530103212e-12)
(0 2.840749745e-12 4.331492763e-12)
(0 3.433073934e-12 4.127779607e-12)
(0 3.997966913e-12 3.908731637e-12)
(0 4.533023589e-12 3.671370096e-12)
(0 5.033463332e-12 3.416776979e-12)
(0 5.495074791e-12 3.148003441e-12)
(0 5.915051056e-12 2.868752735e-12)
(0 6.291985836e-12 2.582613546e-12)
(0 6.62558018e-12 2.292665786e-12)
(0 6.916295761e-12 2.001322292e-12)
(0 7.165047112e-12 1.710309214e-12)
(0 7.372959715e-12 1.420720676e-12)
(0 7.541192849e-12 1.133107798e-12)
(0 7.670816116e-12 8.475790914e-13)
(0 7.762726787e-12 5.639002984e-13)
(0 7.817596699e-12 2.81588577e-13)
(0 3.91792004e-12 -2.956412493e-24)
(0 1.674060376e-11 1.151802237e-13)
(0 2.288844868e-11 9.950406297e-12)
(0 -7.360935019e-13 1.681738461e-11)
(0 -8.238089651e-12 1.767094245e-11)
(0 -8.849508867e-12 1.15737221e-11)
(0 -1.261570668e-11 -2.76961761e-13)
(0 -8.568730457e-12 -1.384337866e-11)
(0 -3.452201114e-12 -2.327450912e-11)
(0 1.288544892 1.356682549)
(0 0.3804461336 2.215895437)
(0 0.1825402142 2.272733056)
(0 1.164932862 3.007505383)
(0 -0.2946207399 2.253611153)
(0 -0.3207107271 1.871243709)
(0 0.01492437378 0.7519296488)
(0 -1.739929373e-11 -5.030404208e-12)
(0 -6.361656103e-12 7.25675472e-12)
(0 -2.31300437e-12 -8.134625409e-13)
(0 -1.763198545e-12 2.773872029e-12)
(0 -4.609306209e-13 3.816196574e-12)
(0 5.712777908e-13 4.043591659e-12)
(0 1.369192275e-12 4.009593096e-12)
(0 2.04377411e-12 3.888214324e-12)
(0 2.657395342e-12 3.732456084e-12)
(0 3.23541928e-12 3.55712898e-12)
(0 3.784687583e-12 3.365921747e-12)
(0 4.304359175e-12 3.160181147e-12)
(0 4.791194876e-12 2.941436645e-12)
(0 5.241876641e-12 2.71179817e-12)
(0 5.653869104e-12 2.473721602e-12)
(0 6.025601525e-12 2.229679415e-12)
(0 6.356360409e-12 1.981906378e-12)
(0 6.646084122e-12 1.732250767e-12)
(0 6.895148476e-12 1.482114412e-12)
(0 7.104179845e-12 1.23245456e-12)
(0 7.273906432e-12 9.838234677e-13)
(0 7.405046574e-12 7.364281471e-13)
(0 7.498228542e-12 4.901988696e-13)
(0 7.553935522e-12 2.448599852e-13)
(0 3.786235111e-12 -2.979641329e-24)
(0 1.617973656e-11 1.079265217e-13)
(0 2.204718647e-11 1.346727489e-11)
(0 -2.788892671e-12 2.171055192e-11)
(0 -1.139234369e-11 2.153679327e-11)
(0 -1.216983722e-11 1.261355658e-11)
(0 -1.525953472e-11 -2.839069169e-12)
(0 -1.010174026e-11 -1.96314748e-11)
(0 -3.929932984e-12 -3.086973413e-11)
(0 0.9845688626 2.256306202)
(0 -0.1234155328 2.971161998)
(0 -0.5486282578 2.133820591)
(0 0.02636670463 2.670160518)
(0 -0.3167391542 2.33247511)
(0 0.04664621637 1.698946406)
(0 0.3556490001 0.9252149438)
(0 -1.22495368e-11 1.069398955e-11)
(0 1.556800268e-12 2.673964318e-12)
(0 1.073408987e-12 1.792939325e-13)
(0 1.753953521e-13 2.129872512e-12)
(0 3.089729703e-13 3.0246399e-12)
(0 7.851436409e-13 3.327126009e-12)
(0 1.353192111e-12 3.360538626e-12)
(0 1.935703957e-12 3.280701902e-12)
(0 2.5096644e-12 3.152980169e-12)
(0 3.066539597e-12 3.002348625e-12)
(0 3.60101908e-12 2.837635017e-12)
(0 4.108538487e-12 2.661984998e-12)
(0 4.585080355e-12 2.476977656e-12)
(0 5.027359748e-12 2.284017277e-12)
(0 5.432932302e-12 2.084642646e-12)
(0 5.800170612e-12 1.880464441e-12)
(0 6.128151531e-12 1.673020556e-12)
(0 6.416503795e-12 1.463653946e-12)
(0 6.665250905e-12 1.25343968e-12)
(0 6.874668771e-12 1.043158204e-12)
(0 7.045166436e-12 8.333031109e-13)
(0 7.177191518e-12 6.241114909e-13)
(0 7.271158625e-12 4.156075026e-13)
(0 7.327397829e-12 2.07652802e-13)
(0 3.673060055e-12 -2.668551089e-24)
(0 1.569817825e-11 1.212236418e-13)
(0 2.128871412e-11 1.818848179e-11)
(0 -4.734765175e-12 2.791180265e-11)
(0 -1.415232802e-11 2.596352726e-11)
(0 -1.472253235e-11 1.326318192e-11)
(0 -1.69187593e-11 -6.409027068e-12)
(0 -1.077209556e-11 -2.654914051e-11)
(0 -4.065685659e-12 -3.935401511e-11)
(0 -0.9353322914 2.887496539)
(0 -0.6477900228 2.56978158)
(0 -0.8770736157 2.261112813)
(0 -0.520547442 2.511744043)
(0 -0.3641978129 2.077269193)
(0 0.1054423268 1.064830233)
(0 0.4057318338 2.721371406)
(0 -7.752289786e-14 1.34143101e-11)
(0 1.666372809e-12 9.977072388e-13)
(0 2.200888727e-12 1.786405455e-12)
(0 1.082147426e-12 2.541673625e-12)
(0 7.363228755e-13 2.825365578e-12)
(0 9.071765168e-13 2.879739755e-12)
(0 1.322768168e-12 2.824734627e-12)
(0 1.836215654e-12 2.721069099e-12)
(0 2.379042065e-12 2.596405223e-12)
(0 2.920074128e-12 2.461640584e-12)
(0 3.444323956e-12 2.320274334e-12)
(0 3.943701814e-12 2.173134535e-12)
(0 4.413227155e-12 2.020458756e-12)
(0 4.849541631e-12 1.862637368e-12)
(0 5.250316268e-12 1.700355121e-12)
(0 5.613979435e-12 1.534505308e-12)
(0 5.939549913e-12 1.366050444e-12)
(0 6.226503245e-12 1.195900465e-12)
(0 6.474652735e-12 1.024830005e-12)
(0 6.684043276e-12 8.53434785e-13)
(0 6.854859718e-12 6.821194173e-13)
(0 6.987350966e-12 5.11107644e-13)
(0 7.081769853e-12 3.404672544e-13)
(0 7.138328019e-12 1.701439142e-13)
(0 3.578582309e-12 -2.044396996e-24)
(0 1.529446491e-11 1.647842262e-13)
(0 2.066123391e-11 2.386578451e-11)
(0 -5.12656181e-12 3.490897542e-11)
(0 -1.398013252e-11 3.039338432e-11)
(0 -1.352396675e-11 1.320746707e-11)
(0 -1.490031034e-11 -1.083654679e-11)
(0 -8.781422093e-12 -3.394370966e-11)
(0 -3.245660778e-12 -4.769919233e-11)
(0 -1.706475452 2.769983462)
(0 -0.9968374142 2.491312443)
(0 -1.17742252 2.166563836)
(0 -0.6190073805 2.379833947)
(0 0.7117857246 2.582659588)
(0 -3.70569782 -0.1920934492)
(0 1.245830213e-11 -3.320106689e-13)
(0 2.307637183e-11 4.046176504e-12)
(0 1.337602481e-11 7.249861554e-12)
(0 3.797212641e-12 4.606498778e-12)
(0 1.214355546e-12 3.425053261e-12)
(0 6.470391006e-13 2.855416739e-12)
(0 7.8451269e-13 2.541737271e-12)
(0 1.194521454e-12 2.337588594e-12)
(0 1.707374553e-12 2.182427387e-12)
(0 2.250235885e-12 2.049922069e-12)
(0 2.790408708e-12 1.927524648e-12)
(0 3.312513031e-12 1.808676778e-12)
(0 3.808722909e-12 1.689808353e-12)
(0 4.274583188e-12 1.569073046e-12)
(0 4.707256112e-12 1.445706407e-12)
(0 5.104800242e-12 1.319624999e-12)
(0 5.465865936e-12 1.191143533e-12)
(0 5.789546688e-12 1.060770313e-12)
(0 6.075283356e-12 9.290645053e-13)
(0 6.322785225e-12 7.965437103e-13)
(0 6.531958183e-12 6.636311056e-13)
(0 6.702839295e-12 5.306321981e-13)
(0 6.835539355e-12 3.977326133e-13)
(0 6.930194895e-12 2.650100849e-13)
(0 6.986930575e-12 1.324555741e-13)
(0 3.502916141e-12 -2.027949462e-24)
(0 1.496709524e-11 2.315249555e-13)
(0 2.026539367e-11 2.893461126e-11)
(0 -1.435532077e-12 4.052243454e-11)
(0 -6.632331027e-12 3.317547637e-11)
(0 -3.822044668e-12 1.20253412e-11)
(0 -5.098454417e-12 -1.513234246e-11)
(0 -1.504277392e-12 -3.96914061e-11)
(0 -6.020565012e-13 -5.324595657e-11)
(0 -2.626498268 2.37748097)
(0 -0.8801525831 2.345044966)
(0 -1.391894739 1.925179941)
(0 -1.560338233 0.835959971)
(0 -0.340212612 4.469539603)
(0 0.03942491895 0.43194756)
(0 -2.34312261e-12 -1.017914405e-12)
(0 -7.205959134e-12 8.704547192e-12)
(0 -6.021665936e-12 1.10954951e-11)
(0 -1.623919534e-12 5.963007926e-12)
(0 -6.689345495e-13 3.69663116e-12)
(0 -1.469931148e-13 2.629516918e-12)
(0 3.893483713e-13 2.094203834e-12)
(0 9.634582847e-13 1.801449664e-12)
(0 1.548549129e-12 1.621122134e-12)
(0 2.124139326e-12 1.49332286e-12)
(0 2.678828836e-12 1.389850437e-12)
(0 3.20660766e-12 1.297089963e-12)
(0 3.704098082e-12 1.208338288e-12)
(0 4.169125209e-12 1.120307876e-12)
(0 4.600093583e-12 1.031480549e-12)
(0 4.995753394e-12 9.412872156e-13)
(0 5.35512475e-12 8.496679917e-13)
(0 5.677470885e-12 7.56819207e-13)
(0 5.962276642e-12 6.6304144e-13)
(0 6.209219335e-12 5.686480823e-13)
(0 6.418131764e-12 4.739131081e-13)
(0 6.588961226e-12 3.790452655e-13)
(0 6.721728852e-12 2.841802009e-13)
(0 6.816492814e-12 1.893845711e-13)
(0 6.873317934e-12 9.466797358e-14)
(0 3.446126735e-12 -1.78642476e-24)
(0 1.471522088e-11 2.743520984e-13)
(0 2.023397468e-11 3.002958601e-11)
(0 8.195284699e-12 4.0442618e-11)
(0 1.078347794e-11 3.145820602e-11)
(0 1.73180779e-11 9.394293449e-12)
(0 1.479613648e-11 -1.713632229e-11)
(0 1.238932821e-11 -3.989087523e-11)
(0 4.266616841e-12 -5.15696124e-11)
(0 -3.74274743 1.101891941)
(0 -2.732244521 1.869916895)
(0 -2.934517921 1.899374171)
(0 -2.201737697 1.201798147)
(0 -0.4285366261 2.26479337)
(0 0.03256665271 -0.03346654991)
(0 -0.001432119845 0.04166496735)
(0 -2.282513257e-12 3.803177622e-12)
(0 -4.543632835e-12 7.264898719e-12)
(0 -3.601651343e-12 4.453400304e-12)
(0 -2.119135515e-12 2.768951027e-12)
(0 -9.553882252e-13 1.871816484e-12)
(0 -4.355456336e-14 1.404107414e-12)
(0 7.214397548e-13 1.152877905e-12)
(0 1.399247749e-12 1.007282204e-12)
(0 2.018964187e-12 9.123902912e-13)
(0 2.594175811e-12 8.414570176e-13)
(0 3.131000882e-12 7.814860882e-13)
(0 3.631940822e-12 7.261382506e-13)
(0 4.097725449e-12 6.723314387e-13)
(0 4.528235452e-12 6.186138719e-13)
(0 4.922987684e-12 5.643701873e-13)
(0 5.281397927e-12 5.094184298e-13)
(0 5.602920136e-12 4.537946529e-13)
(0 5.887112231e-12 3.976322408e-13)
(0 6.133656893e-12 3.410927069e-13)
(0 6.342355366e-12 2.843267738e-13)
(0 6.513106388e-12 2.274544315e-13)
(0 6.645878661e-12 1.705573181e-13)
(0 6.740682668e-12 1.136791313e-13)
(0 6.797546004e-12 5.683107842e-14)
(0 3.408248167e-12 -7.130356336e-25)
(0 1.453939263e-11 2.965586914e-13)
(0 2.023656641e-11 2.347361454e-11)
(0 2.141285128e-11 3.030075689e-11)
(0 3.400303877e-11 2.274836094e-11)
(0 4.451471347e-11 5.53517064e-12)
(0 3.970220812e-11 -1.428402954e-11)
(0 2.935640636e-11 -3.058973691e-11)
(0 1.010834805e-11 -3.862270678e-11)
(0 -6.136401421 0.5836620887)
(0 -3.981370264 0.9109277466)
(0 -2.964663501 0.7537024872)
(0 -2.043043811 0.3859794703)
(0 -0.2206828059 0.4944899483)
(0 0.02509950051 -0.0313366836)
(0 -5.773888752e-12 -2.943850496e-14)
(0 -1.326532449e-11 -1.815764126e-12)
(0 -1.150941264e-11 3.572149181e-12)
(0 -6.12056696e-12 1.816036902e-12)
(0 -3.250518414e-12 1.053933257e-12)
(0 -1.511836727e-12 6.846539982e-13)
(0 -3.295902072e-13 4.974847547e-13)
(0 5.666330747e-13 3.986183544e-13)
(0 1.308061515e-12 3.426780746e-13)
(0 1.95831414e-12 3.074321204e-13)
(0 2.547924633e-12 2.820280267e-13)
(0 3.091288893e-12 2.611809428e-13)
(0 3.594943433e-12 2.423160381e-13)
(0 4.061600831e-12 2.241835534e-13)
(0 4.492132332e-12 2.061914193e-13)
(0 4.886557952e-12 1.88080433e-13)
(0 5.244549216e-12 1.697616873e-13)
(0 5.565684696e-12 1.512317218e-13)
(0 5.849574696e-12 1.325262472e-13)
(0 6.095913868e-12 1.136941866e-13)
(0 6.304493488e-12 9.478322208e-14)
(0 6.47519177e-12 7.583230928e-14)
(0 6.607953552e-12 5.686860421e-14)
(0 6.702766574e-12 3.790720083e-14)
(0 6.759638803e-12 1.895251028e-14)
(0 3.389295657e-12 -4.31177119e-26)
(0 1.444854755e-11 1.556124366e-13)
(0 2.065291327e-11 8.809596152e-12)
(0 3.084201031e-11 1.099603948e-11)
(0 4.978730144e-11 8.133073278e-12)
(0 6.214745577e-11 1.710769064e-12)
(0 5.559422742e-11 -5.54803905e-12)
(0 4.00230427e-11 -1.139084518e-11)
(0 1.370390954e-11 -1.425718381e-11)
)
;

boundaryField
{
    lowerWall
    {
        type            slip;
    }
    atmosphere
    {
        type            pressureInletOutletVelocity;
        tangentialVelocity uniform (0 0 0);
        value           nonuniform List<vector> 
80
(
(0 1.06226586 0)
(0 1.298776032 0)
(0 1.581422349 0)
(0 1.66001189 0)
(0 1.687545336 0)
(0 -0.2839323693 -0.7331055067)
(0 -4.978233075 -1.439332043)
(0 -6.918863817 -1.051024023)
(0 -2.097334298 -0.9099709665)
(0 0.5644852863 0)
(0 0.6952756522 0)
(0 0.4478632495 0)
(0 0.2866642323 0)
(0 0.7488736454 0)
(0 0.602778352 0)
(0 -0.3759711374 1.222464961)
(0 -1.553768353 1.196232069)
(0 -1.490576984 1.23884778)
(0 -0.6589343121 1.096269486)
(0 0.1064759104 0)
(0 0.5507192952 0)
(0 0.7052614687 0)
(0 0.6907792861 0)
(0 0.6148311234 0)
(0 0.4143050347 0)
(0 -0.3580287773 0.6561576166)
(0 -1.239456076 1.18176405)
(0 -1.426567167 1.481153855)
(0 -0.7808247294 1.5184582)
(0 0.05125160618 0)
(0 0.6476468171 0)
(0 1.167304748 0)
(0 1.459929523 0)
(0 1.527217987 0)
(0 1.401912202 0)
(0 1.100739455 0)
(0 0.7284512372 0)
(0 0.50971882 0)
(0 0.4965171587 0)
(0 0.5804636468 0)
(0 0.7006395851 0)
(0 0.8310897711 0)
(0 0.9561627851 0)
(0 1.068219326 0)
(0 1.164173725 0)
(0 1.220319749 0)
(0 1.249162019 0)
(0 1.180065443 0)
(0 1.070489552 0)
(0 0.9483795001 0)
(0 0.7438404908 0)
(0 0.526655272 0)
(0 0.38080255 0)
(0 0.4835862276 0)
(0 0.7482786476 0)
(0 0.8449333069 0)
(0 0.7171474262 0)
(0 0.4372913335 0)
(0 0.05085067021 0)
(0 -0.319902459 2.078034674)
(0 -0.5711779327 1.852055287)
(0 -0.7856926825 1.596981941)
(0 -0.8846348805 0.5753090426)
(0 -0.2573449166 -0.2084918488)
(0 0.04075922217 0)
(0 0.1351877663 0)
(0 0.02323812639 0)
(0 -0.3325887378 1.023738443)
(0 -0.5709911543 1.252372224)
(0 -0.5194028286 1.323740846)
(0 -0.3813195622 1.354132571)
(0 -0.1730000883 1.320090427)
(0 0.4534806525 0)
(0 1.288544892 0)
(0 0.9845688626 0)
(0 -0.9353322914 2.887496539)
(0 -1.706475452 2.769983462)
(0 -2.626498268 2.37748097)
(0 -3.74274743 1.101891941)
(0 -6.136401421 0.5836620887)
)
;
    }
    rightWall
    {
        type            empty;
    }
    leftWall
    {
        type            empty;
    }
    frontAndBack
    {
        type            slip;
    }
}


// ************************************************************************* //
