/*--------------------------------*- C++ -*----------------------------------*\
| =========                 |                                                 |
| \\      /  F ield         | OpenFOAM: The Open Source CFD Toolbox           |
|  \\    /   O peration     | Version:  2506                                  |
|   \\  /    A nd           | Website:  www.openfoam.com                      |
|    \\/     M anipulation  |                                                 |
\*---------------------------------------------------------------------------*/
FoamFile
{
    version     2.0;
    format      ascii;
    arch        "LSB;label=32;scalar=64";
    class       surfaceScalarField;
    location    "0.003";
    object      phi;
}
// * * * * * * * * * * * * * * * * * * * * * * * * * * * * * * * * * * * * * //

dimensions      [0 3 -1 0 0 0 0];

oriented        oriented;

internalField   nonuniform List<scalar> 
6280
(
-5.270906299e-08
6.475130767e-10
-4.849186443e-08
-4.217193091e-09
-4.319271361e-08
-5.299143355e-09
-1.134294655e-08
-3.184980602e-08
-1.073855914e-08
-6.043919844e-10
-7.648546975e-09
-3.090013943e-09
-3.603950118e-09
-4.044596834e-09
3.067624903e-18
-3.603950123e-09
5.809078484e-19
8.506048634e-19
2.689894529e-19
3.119183955e-19
1.46141958e-19
1.228483603e-19
9.510145013e-20
5.104154671e-20
7.326768423e-20
2.183466008e-20
6.393390294e-20
9.335050764e-21
6.012120513e-20
3.814568097e-21
5.877848137e-20
1.344887368e-21
5.853507804e-20
2.457561869e-22
5.876825654e-20
-2.306412852e-22
5.919533093e-20
-4.244261131e-22
5.968906043e-20
-4.91013505e-22
6.019251156e-20
-5.006600259e-22
6.067972675e-20
-4.843593657e-22
6.113788488e-20
-4.552954512e-22
6.155951441e-20
-4.188467814e-22
6.193930368e-20
-3.771719788e-22
6.227292748e-20
-3.312378222e-22
6.255669615e-20
-2.816588794e-22
6.278749854e-20
-2.290020348e-22
6.296282616e-20
-1.738651652e-22
6.308080554e-20
-1.168764449e-22
6.314022603e-20
-5.868623615e-23
6.313042435e-20
-2.380106521e-32
8.366389439e-20
-2.052438726e-20
1.261986685e-18
-1.184263396e-18
2.069778021e-18
-8.134785836e-19
2.679239419e-18
-6.147991823e-19
2.919894697e-18
-2.459431595e-19
2.416590378e-18
4.980219723e-19
1.571669714e-18
8.396412878e-19
1.566392847e-18
-4.472296956e-09
2.780714701e-09
-8.617317255e-09
-7.195475051e-11
-8.096419006e-09
-5.820056432e-09
-1.999226549e-08
-1.995393564e-08
-1.635531112e-08
-4.241317485e-09
-1.300740706e-08
-6.437898114e-09
-7.482163001e-09
-9.569851478e-09
1.783372906e-19
-1.10861131e-08
4.128501931e-20
5.650732374e-19
7.991838813e-20
2.7328639e-19
7.433514436e-20
1.284331672e-19
6.58945635e-20
5.948382317e-20
6.076807492e-20
2.696357944e-20
5.841342027e-20
1.169294303e-20
5.76515244e-20
4.580377959e-21
5.767935019e-20
1.321307568e-21
5.805868057e-20
-1.291272645e-22
5.857447171e-20
-7.4181097e-22
5.912874354e-20
-9.738932883e-22
5.967941391e-20
-1.036697875e-21
6.020881222e-20
-1.024961915e-21
6.070879066e-20
-9.792678066e-22
6.117433355e-20
-9.159483521e-22
6.160118922e-20
-8.411241177e-22
6.198523783e-20
-7.570544182e-22
6.232250643e-20
-6.648303506e-22
6.260935299e-20
-5.653837113e-22
6.28426354e-20
-4.597682898e-22
6.301981488e-20
-3.491673269e-22
6.313899575e-20
-2.348313375e-22
6.319891226e-20
-1.180254363e-22
6.320652497e-20
-3.43425539e-32
5.500777367e-20
-1.826865926e-20
1.847758421e-19
-1.324479129e-18
7.180871341e-19
-1.35657564e-18
7.625195003e-19
-6.687249265e-19
8.984638872e-19
-3.913445073e-19
8.755809868e-19
5.114510223e-19
4.766480509e-19
1.229123007e-18
2.038869448e-18
7.878633904e-09
1.928297846e-09
6.277430168e-09
1.52945377e-09
2.560919808e-09
-2.103592603e-09
-8.078649149e-09
-9.314348922e-09
-6.932918515e-09
-5.387011827e-09
-5.51632246e-09
-7.854494843e-09
-3.917021521e-09
-1.116917443e-08
-4.921958633e-18
-1.500315654e-08
-2.52889014e-19
4.414484676e-20
-6.493372117e-20
8.533185265e-20
5.385800335e-21
5.811454888e-20
3.337431977e-20
3.14967427e-20
4.54974385e-20
1.484271906e-20
5.13008552e-20
5.892433501e-21
5.439245401e-20
1.492058509e-21
5.622891536e-20
-5.117322955e-22
5.744599687e-20
-1.342541547e-21
5.834238939e-20
-1.634200112e-21
5.906593895e-20
-1.693151534e-21
5.969114987e-20
-1.657439438e-21
6.025450632e-20
-1.583797063e-21
6.077211012e-20
-1.492418229e-21
6.124915779e-20
-1.388714705e-21
6.168525891e-20
-1.273208567e-21
6.20774619e-20
-1.145592346e-21
6.242195307e-20
-1.006086267e-21
6.271496841e-20
-8.556539055e-22
6.295323637e-20
-6.958186082e-22
6.313415087e-20
-5.284091339e-22
6.325580165e-20
-3.553602887e-22
6.33169377e-20
-1.785987966e-22
6.331571281e-20
-4.707444241e-32
4.909706635e-20
-8.801639936e-21
-3.983135464e-19
-8.861098927e-19
-5.841870013e-19
-1.179207185e-18
-6.491852102e-19
-6.119901096e-19
-6.10350191e-19
-4.384200053e-19
-5.07679596e-19
4.005402281e-19
-2.894224715e-19
1.00262917e-18
1.745384698e-18
1.05384779e-08
4.044694443e-10
1.171709524e-08
3.509358765e-10
1.082456916e-08
-1.211067703e-09
5.695939294e-09
-4.185715619e-09
3.997478113e-09
-3.688551372e-09
2.752406181e-09
-6.609452392e-09
2.405274732e-09
-1.082206795e-08
-2.487865685e-18
-1.259790561e-08
-2.143577987e-19
-1.143805197e-19
-9.215101341e-20
-3.687448698e-20
-2.123200584e-20
-1.280356012e-20
1.672029612e-20
-6.453922323e-21
3.654715295e-20
-4.981939964e-21
4.690048021e-20
-4.458215875e-21
5.23886632e-20
-3.993101537e-21
5.539810611e-20
-3.51780103e-21
5.71543383e-20
-3.095048118e-21
5.828343797e-20
-2.7592609e-21
5.910165105e-20
-2.507095708e-21
5.976479225e-20
-2.316178916e-21
6.034588516e-20
-2.160453701e-21
6.087581364e-20
-2.017971689e-21
6.136466393e-20
-1.873348512e-21
6.181287514e-20
-1.717460735e-21
6.221696798e-20
-1.546077811e-21
6.257238543e-20
-1.358326473e-21
6.287480371e-20
-1.155378609e-21
6.312064584e-20
-9.394798725e-22
6.330719971e-20
-7.133085509e-22
6.343256314e-20
-4.796055614e-22
6.34955365e-20
-2.410052749e-22
6.349438382e-20
-5.988106512e-32
5.267706718e-20
-2.581324877e-21
-4.508150748e-19
-3.91490963e-19
-8.243378344e-19
-8.140570551e-19
-9.653871274e-19
-4.790829996e-19
-9.901093218e-19
-4.218188509e-19
-8.669406667e-19
2.692507665e-19
-5.233950776e-19
6.509663373e-19
1.217937739e-18
8.108865922e-09
-2.347298921e-10
8.933849885e-09
-4.740775385e-10
8.758639263e-09
-1.035835238e-09
6.62377289e-09
-2.050825908e-09
6.205876854e-09
-3.270663153e-09
4.834258379e-09
-5.237891058e-09
3.012588694e-09
-9.000469721e-09
-3.354665095e-19
-9.585349225e-09
-1.390155603e-19
-1.607684841e-19
-6.808007849e-20
-1.07809566e-19
-1.488236804e-20
-6.600029974e-20
1.819227848e-20
-3.952684557e-20
3.707087704e-20
-2.385836374e-20
4.736559455e-20
-1.475022199e-20
5.286396371e-20
-9.488466193e-21
5.582085902e-20
-6.47130132e-21
5.749012552e-20
-4.76055935e-21
5.853560316e-20
-3.800717274e-21
5.929256784e-20
-3.259845595e-21
5.992051746e-20
-2.939786254e-21
6.048836717e-20
-2.723913324e-21
6.102043682e-20
-2.545695496e-21
6.15205517e-20
-2.369265488e-21
6.198425806e-20
-2.177223262e-21
6.240471932e-20
-1.962945733e-21
6.277533329e-20
-1.725773248e-21
6.309070245e-20
-1.468055881e-21
6.334681716e-20
-1.193405065e-21
6.35409027e-20
-9.057232436e-22
6.367116343e-20
-6.087307479e-22
6.373654177e-20
-3.058040113e-22
6.373592056e-20
-6.963453817e-32
5.76191621e-20
-1.036022557e-21
-2.812162854e-19
-6.150963003e-20
-5.919721223e-19
-5.116604381e-19
-7.486207342e-19
-3.305649175e-19
-8.250162866e-19
-3.535329269e-19
-7.304030907e-19
1.665282059e-19
-4.581482173e-19
3.706056391e-19
7.557386945e-19
7.297003014e-09
-5.332249676e-10
7.122233615e-09
-2.993145166e-10
6.137490214e-09
-5.104358163e-11
4.353157561e-09
-2.664727496e-10
4.656922719e-09
-3.57444452e-09
3.556971701e-09
-4.138008177e-09
1.678285324e-09
-7.121868507e-09
3.101147679e-18
-7.90709905e-09
-8.776546372e-20
-2.628241408e-19
-2.62707015e-20
-1.693038538e-19
1.159108612e-20
-1.03861001e-19
3.386076031e-20
-6.179478452e-20
4.617901878e-20
-3.617453602e-20
5.262735035e-20
-2.119604825e-20
5.588112858e-20
-1.27393065e-20
5.753160099e-20
-8.118400023e-21
5.84499676e-20
-5.675201248e-21
5.907647484e-20
-4.423247461e-21
5.961262718e-20
-3.791832074e-21
6.013639039e-20
-3.459254052e-21
6.0666585e-20
-3.249759277e-21
6.119686682e-20
-3.071667543e-21
6.171259393e-20
-2.880826844e-21
6.219853559e-20
-2.65924715e-21
6.26418918e-20
-2.402723338e-21
6.303305066e-20
-2.113764115e-21
6.336535326e-20
-1.797650022e-21
6.363449899e-20
-1.46033313e-21
6.38378952e-20
-1.107416622e-21
6.397409016e-20
-7.437629231e-22
6.404234578e-20
-3.734620262e-22
6.404032302e-20
-7.716143928e-32
6.01041773e-20
-1.670009044e-21
-1.063734324e-19
9.611598868e-20
-3.153330489e-19
-3.110586743e-19
-4.541803379e-19
-1.99846924e-19
-5.535638427e-19
-2.622578106e-19
-4.971203292e-19
1.019765365e-19
-3.22801731e-19
1.881823874e-19
4.28886265e-19
2.651220951e-09
-5.222367555e-10
2.160520758e-09
1.914108405e-10
1.531038112e-09
5.784682927e-10
1.69929294e-09
-4.347291808e-10
1.890078782e-09
-3.765264726e-09
1.488445693e-09
-3.736451004e-09
1.461813288e-09
-7.09530522e-09
-6.19827066e-18
-6.445310413e-09
4.313504923e-21
-3.733701703e-19
3.917164499e-20
-2.041615072e-19
5.365730256e-20
-1.183456255e-19
5.948100881e-20
-6.761716439e-20
6.115750655e-20
-3.784901955e-20
6.10840921e-20
-2.112031191e-20
6.050203506e-20
-1.215441883e-20
5.997479976e-20
-7.587896944e-21
5.970192138e-20
-5.398717338e-21
5.970789023e-20
-4.425339323e-21
5.99452052e-20
-4.02505455e-21
6.034588517e-20
-3.855700642e-21
6.084467673e-20
-3.74426418e-21
6.138770752e-20
-3.610451597e-21
6.193417362e-20
-3.423186207e-21
6.24550594e-20
-3.176260854e-21
6.293085102e-20
-2.874960339e-21
6.334916475e-20
-2.528909472e-21
6.370267016e-20
-2.148426232e-21
6.398741549e-20
-1.742828349e-21
6.420154889e-20
-1.319813233e-21
6.434439106e-20
-8.854154967e-22
6.441580781e-20
-4.442655708e-22
6.441420866e-20
-7.885232234e-32
6.080082127e-20
-2.625671914e-21
6.320563808e-21
1.417445705e-19
-1.258625068e-19
-1.872331887e-19
-2.326198368e-19
-1.012186542e-19
-3.291609238e-19
-1.738248737e-19
-3.033716499e-19
6.807929558e-20
-2.062610835e-19
8.296732449e-20
2.185744922e-19
-1.376332775e-09
-2.8892655e-10
-1.523413908e-09
3.385216674e-10
-2.048220235e-09
1.103291031e-09
-3.412525334e-09
9.295653918e-10
-5.568938454e-09
-1.608893222e-09
-3.077811318e-09
-6.227638473e-09
1.08552376e-09
-1.125869417e-08
-1.301393494e-09
-4.058399316e-09
1.754131499e-19
-1.30139349e-09
1.249880917e-19
-1.537361147e-19
1.043857636e-19
-9.774250951e-20
8.924915365e-20
-5.247928127e-20
7.788621419e-20
-2.648427211e-20
7.004998518e-20
-1.328202436e-20
6.506855694e-20
-7.170344722e-21
6.216397937e-20
-4.680178813e-21
6.06752994e-20
-3.906537516e-21
6.0108175e-20
-3.854426931e-21
6.011455911e-20
-4.027424079e-21
6.045732163e-20
-4.194307694e-21
6.097848932e-20
-4.261228345e-21
6.157497291e-20
-4.202773577e-21
6.218109898e-20
-4.02528358e-21
6.275635992e-20
-3.747709689e-21
6.327690189e-20
-3.39198236e-21
6.372964799e-20
-2.978496544e-21
6.410826804e-20
-2.524307449e-21
6.441043061e-20
-2.042721756e-21
6.463594663e-20
-1.543573452e-21
6.478554099e-20
-1.033807774e-21
6.486007338e-20
-5.181822939e-22
6.486088619e-20
-7.621913565e-32
6.102154069e-20
-3.354593228e-21
6.214975554e-20
1.317648667e-19
-2.022063909e-20
-1.132201969e-19
-9.439833405e-20
-3.516987165e-20
-1.756284342e-19
-1.007028156e-19
-1.682444589e-19
5.258742939e-20
-1.221701516e-19
2.878857973e-20
9.235365801e-20
-2.095014499e-09
5.238370743e-10
-3.156569622e-09
1.400098589e-09
-4.461674709e-09
2.408416097e-09
-6.572417825e-09
3.04031133e-09
-8.518203177e-09
3.368682046e-10
-7.052258651e-09
-7.693619147e-09
-4.646358142e-09
-1.366460412e-08
-2.255054514e-09
-6.449711455e-09
-1.449703558e-18
-3.556447972e-09
1.807058438e-19
-2.162677933e-19
1.496482056e-19
-6.668429292e-20
1.152441628e-19
-1.807419903e-20
9.108846194e-20
-2.32695336e-21
7.616166482e-20
1.646924511e-21
6.755872285e-20
1.435237278e-21
6.293762066e-20
-5.600783444e-23
6.072740998e-20
-1.692909219e-21
5.993517785e-20
-3.058485809e-21
5.994767549e-20
-4.03598601e-21
6.039040098e-20
-4.632961335e-21
6.103694408e-20
-4.903654955e-21
6.175246291e-20
-4.914216754e-21
6.245867287e-20
-4.727541551e-21
6.311208725e-20
-4.397371491e-21
6.369038771e-20
-3.966802302e-21
6.418383709e-20
-3.46880911e-21
6.458985373e-20
-2.927596758e-21
6.490957891e-20
-2.360185848e-21
6.514571231e-20
-1.777961288e-21
6.530116647e-20
-1.188074321e-21
6.537825567e-20
-5.946751742e-22
6.538366434e-20
-7.568272675e-32
6.120398029e-20
-3.748945213e-21
8.380266246e-20
1.003148981e-19
3.216187938e-20
-6.993665647e-20
-1.62610738e-20
5.124334737e-21
-7.926814105e-20
-4.580369544e-20
-8.112394867e-20
4.633541048e-20
-6.545220376e-20
5.012448622e-21
2.285079506e-20
3.735177128e-09
5.089035868e-10
3.850948521e-09
1.28434051e-09
4.749913529e-09
1.50946288e-09
6.914469692e-09
8.757659632e-10
7.937344821e-09
-6.860154475e-10
6.036330683e-09
-5.792637638e-09
9.423314336e-10
-8.570611659e-09
-1.136366989e-09
-4.371034988e-09
-2.833772238e-10
-4.409446678e-09
3.256565838e-19
-2.833771842e-10
1.982590764e-19
6.071368041e-20
1.309914085e-19
4.919459996e-20
9.506233981e-20
3.360349501e-20
7.594997759e-20
2.076128465e-20
6.606747774e-20
1.132025887e-20
6.130071928e-20
4.713708535e-21
5.936183339e-20
2.493012493e-22
5.895767765e-20
-2.65070658e-21
5.935070017e-20
-4.425154961e-21
6.011970736e-20
-5.397978574e-21
6.102638228e-20
-5.806290785e-21
6.193913811e-20
-5.82296682e-21
6.278884293e-20
-5.573351859e-21
6.354265643e-20
-5.147475297e-21
6.41883809e-20
-4.609078268e-21
6.472504944e-20
-4.002368974e-21
6.515726464e-20
-3.357115337e-21
6.549180347e-20
-2.692500776e-21
6.573559928e-20
-2.020055358e-21
6.589456561e-20
-1.345899331e-21
6.597293085e-20
-6.724863643e-22
6.59825431e-20
-6.887928928e-32
6.147348035e-20
-3.815097064e-21
8.716378852e-20
6.577352535e-20
5.307671162e-20
-4.420667128e-20
2.278982646e-20
2.728259796e-20
-2.310368822e-20
-8.018031754e-21
-2.867391292e-20
4.37979036e-20
-2.946146979e-20
-2.304298607e-21
-1.066128245e-20
4.898449759e-09
2.464347505e-10
5.618782943e-09
5.640199026e-10
6.676974245e-09
4.512675386e-10
8.343526815e-09
-7.907960831e-10
1.038692432e-08
-2.729426951e-09
1.091763407e-08
-6.323391608e-09
1.290835259e-08
-1.056134774e-08
1.351619978e-08
-4.978904014e-09
6.514515313e-09
2.592222108e-09
-6.220371116e-18
6.231148591e-09
1.864775074e-19
2.281991739e-19
1.154005429e-19
1.202722552e-19
8.222012945e-20
6.678522507e-20
6.65089518e-20
3.647437325e-20
5.946092741e-20
1.837070466e-20
5.683631199e-20
7.341188568e-21
5.646182556e-20
6.270277404e-22
5.718322927e-20
-3.36857253e-21
5.837787655e-20
-5.616029643e-21
5.971139515e-20
-6.727583143e-21
6.100970625e-20
-7.100629088e-21
6.218875307e-20
-6.998062104e-21
6.321471949e-20
-6.595461816e-21
6.408105346e-20
-6.010122567e-21
6.479509019e-20
-5.319683949e-21
6.537030308e-20
-4.574497091e-21
6.58218792e-20
-3.806033592e-21
6.616424889e-20
-3.032702542e-21
6.64097553e-20
-2.263929066e-21
6.656797858e-20
-1.503052607e-21
6.664541721e-20
-7.494275941e-22
6.664097887e-20
-6.06783447e-32
6.186415583e-20
-3.599047634e-21
8.131891293e-20
3.746788127e-20
5.623835579e-20
-2.748300353e-20
3.798645781e-20
3.740604712e-20
6.545494862e-21
1.531522178e-20
3.342849645e-22
4.190152237e-20
-8.250399306e-21
-1.82379393e-21
-2.29622078e-20
5.365821909e-09
3.510090596e-11
5.919176187e-09
1.066632689e-11
6.705036271e-09
-3.346096435e-10
7.280949918e-09
-1.366751252e-09
7.616307058e-09
-3.064824421e-09
7.166349864e-09
-5.873493913e-09
6.771913898e-09
-1.016695551e-08
5.270334125e-09
-3.477334811e-09
-2.032765074e-10
8.065836797e-09
-8.187902094e-19
6.027886432e-09
7.975433268e-20
2.2872793e-19
6.191331194e-20
1.381139021e-19
5.190927763e-20
7.679054803e-20
4.840528321e-20
3.99802201e-20
4.843141131e-20
1.834692055e-20
5.012215117e-20
5.653242438e-21
5.246622529e-20
-1.713875644e-21
5.493577216e-20
-5.834658656e-21
5.726632305e-20
-7.942885506e-21
5.93383492e-20
-8.795769316e-21
6.111227323e-20
-8.870646518e-21
6.259135336e-20
-8.473245104e-21
6.380005874e-20
-7.800347528e-21
6.477149208e-20
-6.977888602e-21
6.554027705e-20
-6.085049954e-21
6.613876657e-20
-5.169920808e-21
6.659521025e-20
-4.259856433e-21
6.693302237e-20
-3.368406078e-21
6.717063176e-20
-2.499982521e-21
6.732160359e-20
-1.653033597e-21
6.73948448e-20
-8.222265374e-22
6.738875014e-20
-5.239177273e-32
6.237364449e-20
-3.149994848e-21
7.22340741e-20
1.875671324e-20
5.12942941e-20
-1.489997527e-20
4.048290659e-20
4.008913096e-20
2.01163085e-20
2.757427418e-20
1.458070256e-20
3.93297125e-20
3.128316803e-21
1.524577117e-21
-2.388431083e-20
4.938759747e-09
-6.387280737e-12
5.035263207e-09
-8.586634123e-11
5.116292332e-09
-4.156885537e-10
4.809840213e-09
-1.060357896e-09
4.072818272e-09
-2.32786527e-09
1.872248963e-09
-3.672981666e-09
-2.841346711e-09
-5.45339076e-09
-8.086248407e-09
1.767566086e-09
-5.845779704e-09
5.825378273e-09
-1.476013537e-18
1.82107744e-10
-9.534974799e-21
2.759634865e-19
5.899105152e-22
1.279895956e-19
1.50989497e-20
6.228280331e-20
2.677198366e-20
2.830900855e-20
3.57377332e-20
9.383468715e-21
4.275503308e-20
-1.361320088e-21
4.834544228e-20
-7.301180417e-21
5.282754531e-20
-1.031336934e-20
5.641343924e-20
-1.152515275e-20
5.9263472e-20
-1.164203047e-20
6.150967465e-20
-1.11130138e-20
6.326425094e-20
-1.022399181e-20
6.462251766e-20
-9.154848893e-21
6.566433073e-20
-8.016072413e-21
6.64554062e-20
-6.872733451e-21
6.704883095e-20
-5.760305573e-21
6.748666061e-20
-4.695100468e-21
6.780144592e-20
-3.681134366e-21
6.801758069e-20
-2.714627335e-21
6.815241065e-20
-1.786938434e-21
6.821707134e-20
-8.864814062e-22
6.821262203e-20
-3.965623747e-32
6.299044958e-20
-2.493931232e-21
6.386229814e-20
9.034220409e-21
4.488873744e-20
-4.283022868e-21
3.807688613e-20
3.87728371e-20
2.521604589e-20
3.232775924e-20
2.042602558e-20
3.601251378e-20
8.503986848e-21
5.34279198e-21
-1.943062852e-20
4.946102278e-09
6.472333848e-12
4.856328042e-09
3.867540046e-12
4.610215822e-09
-1.696406906e-10
3.943094095e-09
-3.933067599e-10
2.698802734e-09
-1.083631827e-09
2.179732583e-10
-1.192198402e-09
-3.130875612e-09
-2.104554591e-09
-3.067100852e-09
1.703802181e-09
-1.821419983e-10
2.940420335e-09
-3.853906386e-19
6.230172193e-22
-1.577198915e-19
4.829273887e-20
-6.511687291e-20
3.538736257e-20
-1.887484506e-20
1.604212878e-20
7.846443821e-21
1.589550381e-21
2.49929444e-20
-7.760760597e-21
3.681517276e-20
-1.31808529e-20
4.533325336e-20
-1.581621975e-20
5.16157619e-20
-1.65925504e-20
5.629656153e-20
-1.620238364e-20
5.979248868e-20
-1.513423329e-20
6.239869664e-20
-1.3715442e-20
6.433339385e-20
-1.215492697e-20
6.576129414e-20
-1.057905574e-20
6.680766969e-20
-9.05888855e-21
6.756783407e-20
-7.629568874e-21
6.811403605e-20
-6.303521091e-21
6.850062671e-20
-5.079151803e-21
6.876795296e-20
-3.946448511e-21
6.894526959e-20
-2.890499673e-21
6.905286768e-20
-1.893648392e-21
6.910355275e-20
-9.367679787e-22
6.909935965e-20
-3.009893731e-32
6.376796417e-20
-1.73548515e-21
5.830389479e-20
5.647718958e-21
4.076940525e-20
4.894968823e-21
3.545171052e-20
3.596251882e-20
2.680612141e-20
3.286618056e-20
2.214217692e-20
3.256945339e-20
1.056367818e-20
8.817691528e-21
-1.291712331e-20
4.803368678e-09
7.215847065e-11
4.604013931e-09
2.031741363e-10
4.201966184e-09
2.323433817e-10
3.537754333e-09
2.708408109e-10
2.390951696e-09
6.313383449e-11
7.272203283e-10
4.715112275e-10
-1.692840096e-09
3.155083278e-10
-1.726883128e-09
1.737866109e-09
2.643660794e-15
1.213581157e-09
-3.085193788e-19
-7.953144671e-22
-1.70633322e-19
-8.959295949e-20
-8.44621067e-20
-5.078299763e-20
-3.332742345e-20
-3.509117551e-20
-1.503867157e-21
-3.023216703e-20
1.95728521e-20
-2.883524253e-20
3.41798059e-20
-2.778514302e-20
4.455692271e-20
-2.619034181e-20
5.200592866e-20
-2.40382773e-20
5.736471187e-20
-2.15576469e-20
6.121127997e-20
-1.897711168e-20
6.395921167e-20
-1.645962693e-20
6.590926509e-20
-1.410126587e-20
6.728146133e-20
-1.19476305e-20
6.823698937e-20
-1.001095424e-20
6.889388186e-20
-8.283241608e-21
6.933840534e-20
-6.745158948e-21
6.963333e-20
-5.371614959e-21
6.982390179e-20
-4.135060321e-21
6.994212087e-20
-3.00730411e-21
7.000974809e-20
-1.960394037e-21
7.004032073e-20
-9.669222223e-22
7.004234555e-20
-2.309553185e-32
6.461016026e-20
-8.791412157e-22
5.589879174e-20
5.508568538e-21
4.000555252e-20
1.243183021e-20
3.455581839e-20
3.328441166e-20
2.753954334e-20
3.177548338e-20
2.223616396e-20
2.976603293e-20
1.100995466e-20
1.19405269e-20
-5.957212409e-21
4.940617674e-09
1.546474423e-10
4.685603517e-09
4.581515683e-10
4.209320147e-09
7.085911308e-10
3.498418481e-09
9.81714188e-10
2.324805882e-09
1.236723146e-09
1.144549675e-09
1.651761231e-09
-6.877882076e-10
2.147876191e-09
-1.108497008e-09
2.158650036e-09
2.015310095e-14
1.051379684e-10
-2.367542904e-19
-6.111726055e-21
-1.318233542e-19
-1.945234697e-19
-6.877028458e-20
-1.138352452e-19
-2.846841497e-20
-7.539169304e-20
-1.069426512e-22
-5.859180473e-20
2.062295161e-20
-4.956295817e-20
3.577460711e-20
-4.293419925e-20
4.670898722e-20
-3.712178865e-20
5.448655906e-20
-3.181261228e-20
5.994524709e-20
-2.701284323e-20
6.372876472e-20
-2.275695816e-20
6.631757273e-20
-1.904469209e-20
6.806290046e-20
-1.584288088e-20
6.921813759e-20
-1.309927811e-20
6.9964702e-20
-1.075414248e-20
7.043196452e-20
-8.747416704e-21
7.071194933e-20
-7.022402135e-21
7.086988464e-20
-5.527208085e-21
7.0951658e-20
-4.214948445e-21
7.098903094e-20
-3.043290122e-21
7.100321991e-20
-1.973689328e-21
7.100724295e-20
-9.704931296e-22
7.101180123e-20
-1.191825338e-32
6.555061016e-20
9.178870344e-24
5.591815899e-20
6.290584872e-21
4.181817398e-20
1.817550867e-20
3.54010386e-20
3.157380442e-20
2.836472189e-20
3.070498769e-20
2.190346235e-20
2.812068878e-20
1.078837351e-20
1.495247001e-20
7.812383742e-22
5.234571022e-09
2.458363387e-10
4.946990453e-09
7.457128238e-10
4.447418199e-09
1.208154283e-09
3.76193923e-09
1.667204329e-09
2.774690664e-09
2.223973151e-09
1.778893956e-09
2.647560205e-09
2.87678448e-10
3.63915729e-09
-2.395634919e-09
4.842070903e-09
-2.345458435e-09
5.503818093e-11
-1.722844951e-19
-2.345483199e-09
-5.099967517e-20
-3.15807855e-19
-3.032673237e-20
-1.345075464e-19
-1.166852666e-20
-9.404865501e-20
8.921903906e-21
-7.918049695e-20
2.725171053e-20
-6.78905793e-20
4.158701771e-20
-5.726690685e-20
5.201816359e-20
-4.755001943e-20
5.928632811e-20
-3.907755915e-20
6.420113216e-20
-3.192415777e-20
6.744103078e-20
-2.599317994e-20
6.951938394e-20
-2.111926961e-20
7.080650322e-20
-1.712622618e-20
7.156327322e-20
-1.385241382e-20
7.197142778e-20
-1.115894516e-20
7.215697909e-20
-8.929986528e-21
7.220714338e-20
-7.069978283e-21
7.218214428e-20
-5.500014978e-21
7.212331633e-20
-4.154337248e-21
7.205863174e-20
-2.977258976e-21
7.200641611e-20
-1.920568371e-21
7.197773608e-20
-9.413319903e-22
7.197794818e-20
1.084275654e-34
6.65164296e-20
9.044545064e-22
5.716335746e-20
6.793292141e-21
4.47025949e-20
2.228009023e-20
3.711310094e-20
3.103569295e-20
2.929820271e-20
3.041322797e-20
2.154213937e-20
2.77703343e-20
1.034348994e-20
1.804819482e-20
7.074912589e-21
5.74993906e-09
3.28208001e-10
5.452300279e-09
1.043356175e-09
4.924761453e-09
1.73571433e-09
4.144042002e-09
2.447972176e-09
2.949324883e-09
3.418732329e-09
1.42370705e-09
4.173219824e-09
-2.720942054e-10
5.335101844e-09
-2.602774132e-09
7.172926301e-09
-3.784357487e-09
1.236715144e-09
4.973280744e-19
-6.129868072e-09
1.300193707e-19
2.424634679e-19
1.013215361e-20
-1.461966607e-20
3.199631397e-21
-8.71148236e-20
2.021182156e-20
-9.619100883e-20
3.787538297e-20
-8.555204811e-20
5.130390513e-20
-7.06928931e-20
6.049062387e-20
-5.673386224e-20
6.643972949e-20
-4.502346299e-20
7.013210999e-20
-3.561306167e-20
7.231494111e-20
-2.817234737e-20
7.351242737e-20
-2.231294932e-20
7.408031558e-20
-1.769024046e-20
7.425674188e-20
-1.402508004e-20
7.420038641e-20
-1.109916276e-20
7.401698733e-20
-8.743627653e-21
7.377710669e-20
-6.827615206e-21
7.352782201e-20
-5.248673308e-21
7.33003946e-20
-3.925238964e-21
7.311532234e-20
-2.790896372e-21
7.298565249e-20
-1.789997371e-21
7.291906807e-20
-8.74257237e-22
7.290769919e-20
5.823660449e-33
6.742054664e-20
1.833156113e-21
5.866469336e-20
6.698867954e-21
4.743903466e-20
2.514962944e-20
3.883122266e-20
3.151599748e-20
3.009271273e-20
3.104520788e-20
2.120027188e-20
2.855651829e-20
9.851803273e-21
2.129392854e-20
1.28769765e-20
6.507740805e-09
3.809387328e-10
6.218099922e-09
1.333021558e-09
5.723746471e-09
2.230109333e-09
5.026667762e-09
3.145131694e-09
4.093496297e-09
4.351970285e-09
3.288944996e-09
4.977827191e-09
3.02584579e-09
5.598363756e-09
3.396042789e-09
6.802919668e-09
8.885485694e-10
3.744305348e-09
9.576403773e-16
-5.241403068e-09
-1.283416938e-19
2.570991863e-19
-6.236310171e-20
-8.059772384e-20
-5.876553833e-21
-1.436002866e-19
3.085078228e-20
-1.329166991e-19
5.273453798e-20
-1.074338091e-19
6.526293599e-20
-8.321885187e-20
7.220102313e-20
-6.36691398e-20
7.585013081e-20
-4.866940048e-20
7.757282429e-20
-3.733233193e-20
7.817433915e-20
-2.877027911e-20
7.813513623e-20
-2.226998357e-20
7.774547599e-20
-1.72966527e-20
7.718265917e-20
-1.345836433e-20
7.655592152e-20
-1.046885009e-20
7.593299978e-20
-8.11766529e-21
7.535604858e-20
-6.248194108e-21
7.485125635e-20
-4.741901119e-21
7.443473719e-20
-3.50713706e-21
7.411622134e-20
-2.47114808e-21
7.390139262e-20
-1.57428907e-21
7.379332531e-20
-7.657132526e-22
7.379112808e-20
1.341377498e-32
6.833086869e-20
2.727641993e-21
5.997733863e-20
6.202195997e-21
4.946446131e-20
2.730646018e-20
4.009283533e-20
3.276018194e-20
3.057899541e-20
3.245261784e-20
2.083959204e-20
3.018982392e-20
9.372652979e-21
2.465831885e-20
1.819996583e-20
7.522889628e-09
3.784393218e-10
7.256589278e-09
1.599360909e-09
6.732257525e-09
2.754480317e-09
5.899367833e-09
3.97811325e-09
4.663000512e-09
5.588377732e-09
3.718263326e-09
5.9225642e-09
5.442670011e-09
3.87401629e-09
1.295834221e-09
1.094990138e-08
-6.719438508e-09
1.175967983e-08
5.803205405e-14
-1.196100577e-08
-4.659665635e-19
-6.748487646e-19
-1.253732824e-19
-4.211904667e-19
4.807033719e-21
-2.737795838e-19
5.633367231e-20
-1.844417377e-19
7.694949517e-20
-1.280477044e-19
8.481264806e-20
-9.107972757e-20
8.720076245e-20
-6.605458463e-20
8.718719936e-20
-4.865279172e-20
8.613487711e-20
-3.627675746e-20
8.467463469e-20
-2.730667962e-20
8.310846711e-20
-2.070027327e-20
8.158376437e-20
-1.576814792e-20
8.01721734e-20
-1.204286418e-20
7.890710632e-20
-9.200101776e-21
7.780247096e-20
-7.009870763e-21
7.686234157e-20
-5.305528842e-21
7.608602041e-20
-3.963599566e-21
7.547072617e-20
-2.890296799e-21
7.501308035e-20
-2.012308247e-21
7.470996844e-20
-1.270324586e-21
7.455903856e-20
-6.143327431e-22
7.456206042e-20
2.079056957e-32
6.910325426e-20
3.619574037e-21
6.086921126e-20
5.586086034e-21
5.066027617e-20
2.915943922e-20
4.077716085e-20
3.451598849e-20
3.07231875e-20
3.440027561e-20
2.043318927e-20
3.23738553e-20
8.922766928e-21
2.806633829e-20
2.307313585e-20
8.964240149e-09
2.779806649e-10
8.700666243e-09
1.86296761e-09
7.958261768e-09
3.496876809e-09
6.749917952e-09
5.186519427e-09
5.341173942e-09
6.997074689e-09
6.33078034e-09
4.932876667e-09
1.230333064e-08
-2.098590889e-09
1.082592786e-08
1.2427369e-08
3.156895571e-09
1.942873278e-08
6.433792276e-17
-8.804113845e-09
-2.148842524e-19
-1.434609284e-18
2.204562189e-20
-6.58119823e-19
9.414487991e-20
-3.458778451e-19
1.127277055e-19
-2.030230988e-19
1.13917472e-19
-1.292356596e-19
1.09837791e-19
-8.699792435e-20
1.046025554e-19
-6.081681323e-20
9.956323362e-20
-4.361054739e-20
9.510495496e-20
-3.181539266e-20
9.128104104e-20
-2.347966335e-20
8.804059246e-20
-1.745661071e-20
8.53090481e-20
-1.303311372e-20
8.301493581e-20
-9.745038994e-21
8.109733733e-20
-7.278872488e-21
7.950681288e-20
-5.41614034e-21
7.820427085e-20
-4.000382213e-21
7.715932318e-20
-2.916629652e-21
7.634871472e-20
-2.078134602e-21
7.575506401e-20
-1.417475286e-21
7.536596028e-20
-8.803885121e-22
7.51733713e-20
-4.213163698e-22
7.517086535e-20
2.940764284e-32
6.974682219e-20
4.474625134e-21
6.136752145e-20
5.115312405e-21
5.117682146e-20
3.099419756e-20
4.09665417e-20
3.659897999e-20
3.058368191e-20
3.667689618e-20
1.998317775e-20
3.486849813e-20
8.507295869e-21
3.143993391e-20
2.753088958e-20
1.027531079e-08
2.672831596e-10
1.083891261e-08
1.299367251e-09
1.08633505e-08
3.472360088e-09
8.71240697e-09
7.337520756e-09
4.274018343e-09
1.143536568e-08
2.058170854e-09
7.14865207e-09
6.376787079e-10
-6.780673983e-10
6.04756728e-09
7.017535274e-09
1.58318142e-08
9.644333879e-09
-1.168679316e-17
7.027826295e-09
5.603145254e-19
-8.013261563e-19
3.342887207e-19
-4.320935203e-19
2.369996263e-19
-2.48587716e-19
1.865151447e-19
-1.525371154e-19
1.561552073e-19
-9.887385586e-20
1.360189021e-19
-6.685938828e-20
1.218088212e-19
-4.660412936e-20
1.113583884e-19
-3.315713741e-20
1.034406843e-19
-2.389455173e-20
9.730409367e-20
-1.734001081e-20
9.246408945e-20
-1.261359148e-20
8.859712283e-20
-9.162967863e-21
8.548110232e-20
-6.625605004e-21
8.296006948e-20
-4.754400901e-21
8.092257101e-20
-3.375506116e-21
7.928802341e-20
-2.363224396e-21
7.799781823e-20
-1.624375222e-21
7.700937404e-20
-1.088118912e-21
7.629215079e-20
-6.99068604e-22
7.582503242e-20
-4.124504852e-22
7.559468767e-20
-1.905575594e-22
7.55910731e-20
3.566766156e-32
7.018995162e-20
5.313417798e-21
6.152068442e-20
4.934536657e-21
5.120784467e-20
3.295120268e-20
4.080029804e-20
3.887931429e-20
3.024815823e-20
3.912288212e-20
1.950842358e-20
3.750246295e-20
8.128901625e-21
3.471727044e-20
3.161029617e-20
1.264551281e-08
-2.670267038e-11
1.308084227e-08
8.640097661e-10
1.208170674e-08
4.471393661e-09
7.230525773e-09
1.218882797e-08
-2.206114593e-09
2.087198194e-08
-9.819886026e-09
1.47623473e-08
-1.745206795e-08
6.954139412e-09
-1.609675091e-08
5.662263723e-09
-7.027826302e-09
5.753631329e-10
-2.37424139e-19
3.091634159e-17
9.311202345e-19
2.366209858e-19
5.177924877e-19
-1.876537313e-20
3.330502269e-19
-6.384409805e-20
2.401784042e-19
-5.966366752e-20
1.881696748e-19
-4.686309937e-20
1.56274161e-19
-3.496142451e-20
1.352558131e-19
-2.558303391e-20
1.20620974e-19
-1.851915402e-20
1.099952252e-19
-1.326539394e-20
1.02030513e-19
-9.371974965e-21
9.591471307e-20
-6.494676989e-21
9.113448569e-20
-4.379653876e-21
8.735230642e-20
-2.840207948e-21
8.433896427e-20
-1.737805271e-21
8.193485273e-20
-9.683721922e-22
8.002687259e-20
-4.526766954e-22
7.853407454e-20
-1.295315033e-22
7.739842435e-20
4.910860198e-23
7.65787689e-20
1.217694564e-22
7.604692535e-20
1.202024459e-22
7.578524523e-20
7.153047935e-23
7.577967028e-20
3.970274892e-32
7.045711137e-20
6.071209574e-21
6.143240397e-20
5.109232619e-21
5.093878502e-20
3.508899991e-20
4.041528735e-20
4.12756445e-20
2.980048513e-20
4.163159289e-20
1.903283379e-20
4.016439738e-20
7.789682773e-21
3.785829708e-20
3.535050095e-20
1.228259162e-08
1.308033016e-09
1.290031709e-08
2.462274388e-10
1.141682635e-08
5.954837962e-09
5.715668001e-09
1.789005347e-08
7.263341729e-11
2.651491751e-08
-4.596293191e-10
1.529442846e-08
-3.456422543e-09
9.950909468e-09
-5.75362991e-10
2.781204178e-09
-1.484256897e-18
-7.280823984e-19
8.734429755e-19
8.928411477e-19
6.75743983e-19
4.343199782e-19
4.727143787e-19
1.842649741e-19
3.372306575e-19
7.164091547e-20
2.529789724e-19
2.458959902e-20
2.000713497e-19
6.046684352e-21
1.656525516e-19
-5.400753472e-22
1.42319693e-19
-2.247460443e-21
1.258747341e-19
-2.071059857e-21
1.138886442e-19
-1.275719966e-21
1.04907811e-19
-3.875338156e-22
9.802973619e-20
3.867365615e-22
9.267393161e-20
9.793143172e-22
8.84547091e-20
1.382188023e-21
8.510839735e-20
1.611670278e-21
8.245054822e-20
1.692425001e-21
8.035001778e-20
1.650383051e-21
7.871271464e-20
1.50980654e-21
7.74710852e-20
1.292314848e-21
7.657720189e-20
1.016832275e-21
7.599825338e-20
6.999521486e-22
7.571371475e-20
3.564742358e-22
7.571349583e-20
4.406378864e-32
7.045992404e-20
6.759889987e-21
6.111020479e-20
5.608952253e-21
5.047400703e-20
3.736937849e-20
3.990500439e-20
4.371747242e-20
2.930106677e-20
4.412946084e-20
1.857559873e-20
4.278418534e-20
7.490196666e-21
4.084162132e-20
3.879122124e-20
1.62148836e-08
4.040858689e-09
1.34521253e-08
3.008827508e-09
8.280718312e-09
1.112628062e-08
2.161745521e-09
2.400906971e-08
-1.635509664e-09
3.031219596e-08
1.098730604e-09
1.256021843e-08
9.694413304e-10
1.008019854e-08
1.102444974e-16
3.750645779e-09
1.58540932e-19
6.863539171e-19
4.148997856e-19
6.36482294e-19
4.256863331e-19
4.23534169e-19
3.600903201e-19
2.498621783e-19
2.90179341e-19
1.41553147e-19
2.344360577e-19
8.033441273e-20
1.9348459e-19
4.700029021e-20
1.639451665e-19
2.900166699e-20
1.424960936e-19
1.920393906e-20
1.26670074e-19
1.375771179e-20
1.147768303e-19
1.062087957e-20
1.056820814e-19
8.710751246e-21
9.862231394e-20
7.4498305e-21
9.307680532e-20
6.527954206e-21
8.868419135e-20
5.777905378e-21
8.518915207e-20
5.109789827e-21
8.240850627e-20
4.475951179e-21
8.020944127e-20
3.851938366e-21
7.849522295e-20
3.226044899e-21
7.719560263e-20
2.593508661e-21
7.626032177e-20
1.9532901e-21
7.565477547e-20
1.306295553e-21
7.535724052e-20
6.544139246e-22
7.535946253e-20
4.74630424e-32
7.019163185e-20
7.360534197e-21
6.05915224e-20
6.359042229e-21
4.98899634e-20
3.971514323e-20
3.933339214e-20
4.614691135e-20
2.878882245e-20
4.656797381e-20
1.814831412e-20
4.531903906e-20
7.228657738e-21
4.365923786e-20
4.19704138e-20
1.856152994e-08
1.292765054e-08
6.86188503e-09
1.470849577e-08
2.042567882e-09
1.594574962e-08
9.628166545e-10
2.508863754e-08
8.917072179e-09
2.235763731e-08
2.050799588e-08
9.693308616e-10
3.760727586e-09
2.682747324e-08
-2.247094002e-17
7.511373322e-09
1.095270377e-19
8.371589508e-19
2.019516496e-19
5.440579039e-19
2.520143424e-19
3.734722076e-19
2.517812888e-19
2.50096175e-19
2.289606068e-19
1.643749335e-19
2.011019352e-19
1.081944837e-19
1.754859668e-19
7.261834968e-20
1.541474386e-19
5.034219941e-20
1.370498663e-19
3.630343635e-20
1.235332418e-19
2.727675163e-20
1.12866702e-19
2.129049549e-20
1.044211606e-19
1.715959241e-20
9.770043765e-20
1.417368457e-20
9.232675649e-20
1.190460041e-20
8.80160758e-20
1.009154131e-20
8.455531342e-20
8.573504315e-21
8.178449346e-20
7.249553595e-21
7.95835478e-20
6.055312663e-21
7.786268671e-20
4.948896059e-21
7.655538407e-20
3.902374378e-21
7.561332722e-20
2.896521087e-21
7.500289384e-20
1.917525918e-21
7.470282659e-20
9.548880166e-22
7.470102676e-20
4.988249733e-32
6.961099921e-20
7.886700317e-21
5.987757447e-20
7.242443261e-21
4.921849985e-20
4.201837551e-20
3.873037297e-20
4.850790796e-20
2.827989738e-20
4.891238286e-20
1.775207524e-20
4.774119714e-20
6.999568066e-21
4.630970483e-20
4.492051786e-20
2.010671576e-09
2.203599695e-08
-9.598130845e-09
2.631738243e-08
-6.272696019e-09
1.262046131e-08
9.554533891e-10
1.786073769e-08
1.635862194e-10
2.314934015e-08
-2.83116636e-09
3.964025058e-09
4.117621292e-09
1.987861411e-08
2.446170354e-18
1.162908468e-08
-1.819687305e-19
3.286105504e-19
3.136576635e-20
3.3072378e-19
1.286383098e-19
2.762002408e-19
1.660600472e-19
2.126752859e-19
1.72780157e-19
1.576560048e-19
1.655258012e-19
1.154502775e-19
1.532098165e-19
8.493682265e-20
1.401086755e-19
6.344559606e-20
1.280231816e-19
4.839099204e-20
1.175469857e-19
3.775560348e-20
1.087357989e-19
3.010500579e-20
1.014352528e-19
2.446357184e-20
9.543135349e-20
2.018073391e-20
9.051369739e-20
1.682516917e-20
8.649803881e-20
1.411006259e-20
8.32313627e-20
1.184302316e-20
8.059025253e-20
9.893344326e-21
7.847713119e-20
8.170787455e-21
7.681616503e-20
6.611809685e-21
7.554953078e-20
5.170554638e-21
7.463433205e-20
3.812890844e-21
7.404025594e-20
2.512402009e-21
7.374793857e-20
1.247616577e-21
7.375142342e-20
5.137159892e-32
6.879046735e-20
8.281267736e-21
5.90188984e-20
8.163980814e-21
4.848310243e-20
4.419829781e-20
3.810441403e-20
5.075939867e-20
2.777226848e-20
5.11384235e-20
1.737770718e-20
5.003007381e-20
6.793409989e-21
4.879195011e-20
4.766445343e-20
-9.456868687e-09
1.345978744e-08
3.681994303e-09
1.317860248e-08
3.317521488e-09
1.298467112e-08
5.27504816e-09
1.590320693e-08
1.057332836e-08
1.785109133e-08
4.592328521e-09
9.945054308e-09
4.424434025e-09
2.004652404e-08
-2.055502722e-18
1.605355261e-08
-1.775286644e-19
6.017668001e-20
-2.31579277e-20
1.763533365e-19
6.511335484e-20
1.879296116e-19
1.110407662e-19
1.667491764e-19
1.305744297e-19
1.381241124e-19
1.350123463e-19
1.110142093e-19
1.317185899e-19
8.823352253e-20
1.250540715e-19
7.011287379e-20
1.173877931e-19
5.605959846e-20
1.09896388e-19
4.524977222e-20
1.03094365e-19
3.69103887e-20
9.715241483e-20
3.040894747e-20
9.207578874e-20
2.526048188e-20
8.779859081e-20
2.110523906e-20
8.423099938e-20
1.768045366e-20
8.128168387e-20
1.479509393e-20
7.886769566e-20
1.230991872e-20
7.691815342e-20
1.012260586e-20
7.537490999e-20
8.156953667e-21
7.419186699e-20
6.355124872e-21
7.333384322e-20
4.672084372e-21
7.277547051e-20
3.071580819e-21
7.2500322e-20
1.523182512e-21
7.249741761e-20
5.012023326e-32
6.764382509e-20
8.571417049e-21
5.795199929e-20
9.005719202e-21
4.764235216e-20
4.615205557e-20
3.742705634e-20
5.284747088e-20
2.724329032e-20
5.321605204e-20
1.70053586e-20
5.216228129e-20
6.596656435e-21
5.109856261e-20
5.021159898e-20
-1.29520348e-08
-3.666902539e-09
3.650780325e-09
-3.424205191e-09
6.246854538e-09
1.038852099e-08
1.235000516e-08
9.800019925e-09
2.190648749e-08
8.294552272e-09
1.125256145e-08
2.059915395e-08
4.641229219e-09
2.665777006e-08
-3.062501646e-18
2.069470634e-08
-5.827473371e-20
1.297332789e-19
-1.158170466e-20
1.296606489e-19
4.393291969e-20
1.324158249e-19
8.241570216e-20
1.282681561e-19
1.034645266e-19
1.17077101e-19
1.122316596e-19
1.022492183e-19
1.135979412e-19
8.686925094e-20
1.110007962e-19
7.271175679e-20
1.065779668e-19
6.048427883e-20
1.015570044e-19
5.027332559e-20
9.659292374e-20
4.187768776e-20
9.200394923e-20
3.500119161e-20
8.792054593e-20
2.934688269e-20
8.437380542e-20
2.465476762e-20
8.134563965e-20
2.071134469e-20
7.879650865e-20
1.734689289e-20
7.668038279e-20
1.442853779e-20
7.495250123e-20
1.185268695e-20
7.357308119e-20
9.538228532e-21
7.250882649e-20
7.42089081e-21
7.173333966e-20
5.448743668e-21
7.12270722e-20
3.578663922e-21
7.097713949e-20
1.773540418e-21
7.0978714e-20
4.734600168e-32
6.623289703e-20
8.743016501e-21
5.668914421e-20
9.699317688e-21
4.667169629e-20
4.781349003e-20
3.666676025e-20
5.472507286e-20
2.666430107e-20
5.511229842e-20
1.661100041e-20
5.410980751e-20
6.394245243e-21
5.321318261e-20
5.255629106e-20
-1.24995325e-08
-5.687184544e-09
-6.471589476e-09
-9.452149039e-09
3.804848352e-09
1.120404075e-10
1.442781655e-08
-8.2289518e-10
1.827964307e-08
4.442726962e-09
9.371487123e-09
2.950743041e-08
3.30290711e-09
3.272657397e-08
-3.727948752e-18
2.399760059e-08
-5.445494248e-20
2.514723728e-19
-8.826531094e-21
8.403282004e-20
3.978525092e-20
8.380480351e-20
7.122464698e-20
9.683025872e-20
8.863664394e-20
9.966481291e-20
9.68516922e-20
9.403655417e-20
9.944044704e-20
8.428341791e-20
9.877331824e-20
7.338109346e-20
9.636701358e-20
6.289275219e-20
9.31613666e-20
5.348176982e-20
8.97164276e-20
4.532586035e-20
8.634964031e-20
3.837114145e-20
8.322843087e-20
3.247097415e-20
8.043038249e-20
2.745551893e-20
7.798118785e-20
2.316318764e-20
7.587815355e-20
1.945250624e-20
7.410453196e-20
1.620456014e-20
7.263804282e-20
1.3321302e-20
7.145574347e-20
1.072234178e-20
7.053667934e-20
8.341455606e-21
6.986325992e-20
6.123343061e-21
6.94219487e-20
4.020803311e-21
6.920359907e-20
1.992323924e-21
6.919862132e-20
4.619864476e-32
6.456973436e-20
8.809207302e-21
5.521674646e-20
1.020203235e-20
4.553726404e-20
4.913688866e-20
3.578832369e-20
5.634663316e-20
2.600537937e-20
5.678896009e-20
1.617050712e-20
5.583884814e-20
6.171681869e-21
5.510982062e-20
5.467839386e-20
-6.183182876e-09
-1.479363383e-09
-1.147940846e-08
-4.156042202e-09
-7.620277139e-09
-3.747143098e-09
-1.715443012e-09
-6.727669756e-09
2.956343461e-09
-2.291719984e-10
5.548496451e-09
2.691505905e-08
2.746703648e-09
3.552853666e-08
-1.413727954e-17
2.67444042e-08
-2.175076455e-19
-4.740784205e-19
-9.054538521e-21
-1.244198898e-19
5.281070613e-20
2.193930484e-20
7.405920117e-20
7.558375919e-20
8.300838519e-20
9.071719881e-20
8.709855595e-20
8.994893213e-20
8.853812259e-20
8.284644007e-20
8.828497697e-20
7.363629708e-20
8.695603121e-20
6.422397674e-20
8.500545713e-20
5.543525727e-20
8.27617087e-20
4.75728131e-20
8.044947301e-20
4.068642278e-20
7.821297565e-20
3.471024552e-20
7.61380512e-20
2.953306924e-20
7.427050645e-20
2.503330705e-20
7.263020744e-20
2.109529697e-20
7.122127382e-20
1.761580572e-20
7.00390826e-20
1.450555187e-20
6.907485729e-20
1.168834739e-20
6.83185668e-20
9.099242349e-21
6.776072017e-20
6.682380935e-21
6.739346931e-20
4.38889618e-21
6.721127514e-20
2.174960266e-21
6.721007913e-20
4.186195658e-32
6.267490672e-20
8.773921531e-21
5.353452487e-20
1.049204101e-20
4.421750231e-20
5.009769764e-20
3.476568441e-20
5.767098673e-20
2.524320457e-20
5.820507655e-20
1.566449005e-20
5.731164855e-20
5.917320645e-21
5.675472339e-20
5.654610663e-20
-8.849418805e-09
-5.027683188e-10
-1.121477589e-08
-1.790662209e-09
-1.189025507e-08
-3.07175183e-09
-1.06966e-08
-7.921279519e-09
-6.6423114e-09
-4.283425554e-09
2.065850622e-09
1.820683046e-08
-1.145154501e-09
3.873941745e-08
-2.687480034e-17
2.559929431e-08
1.374526434e-19
-8.886503679e-19
1.373048725e-19
-1.242723378e-19
1.064551605e-19
5.279066522e-20
8.919264079e-20
9.284564215e-20
8.224011852e-20
9.76709856e-20
7.999606389e-20
9.219545161e-20
7.93279796e-20
8.351672177e-20
7.887265663e-20
7.4093542e-20
7.816731174e-20
6.493169153e-20
7.714301296e-20
5.646250296e-20
7.587531839e-20
4.88436044e-20
7.447329575e-20
4.209133795e-20
7.303579936e-20
3.61504009e-20
7.163828901e-20
3.093312855e-20
7.033249638e-20
2.634160022e-20
6.915071619e-20
2.22794829e-20
6.811101997e-20
1.865773067e-20
6.722187813e-20
1.539669342e-20
6.648575225e-20
1.242622762e-20
6.590170538e-20
9.684785493e-21
6.546723541e-20
7.118054191e-21
6.51795334e-20
4.677452276e-21
6.503631488e-20
2.318626724e-21
6.50395572e-20
3.313414977e-32
6.062099256e-20
8.619957589e-21
5.167535427e-20
1.058719984e-20
4.271398888e-20
5.070275286e-20
3.358877108e-20
5.86686117e-20
2.436572992e-20
5.932166202e-20
1.508142585e-20
5.848995607e-20
5.623882748e-21
5.810992338e-20
5.812034717e-20
-9.78940609e-09
5.443961922e-10
-1.193963017e-08
3.596319152e-10
-1.519711667e-08
1.857150826e-10
-2.055209083e-08
-2.566303569e-09
-2.228135243e-08
-2.554004954e-09
-1.57718775e-08
1.169754799e-08
-7.780720996e-09
3.074842192e-08
2.110831233e-16
1.781857347e-08
9.081964585e-19
1.46135624e-18
3.143667532e-19
4.695587057e-19
1.465101374e-19
2.206470379e-19
9.401798424e-20
1.453380374e-19
7.676458453e-20
1.149265031e-19
7.131733404e-20
9.764520031e-20
6.990479984e-20
8.493124278e-20
6.971080616e-20
7.428952036e-20
6.969812317e-20
6.494690202e-20
6.952411439e-20
5.663945961e-20
6.912305194e-20
4.924761595e-20
6.85323587e-20
4.268475754e-20
6.781852701e-20
3.686677719e-20
6.704676068e-20
3.170736618e-20
6.627037906e-20
2.712040558e-20
6.552896396e-20
2.302321866e-20
6.484998272e-20
1.93388636e-20
6.425141233e-20
1.599721267e-20
6.374431012e-20
1.293506359e-20
6.333497408e-20
1.009561816e-20
6.30266335e-20
7.427605982e-21
6.282070784e-20
4.884237993e-21
6.271768815e-20
2.422094783e-21
6.272014277e-20
3.250760535e-32
5.836544801e-20
8.398997631e-21
4.961345673e-20
1.048857039e-20
4.101886813e-20
5.09409464e-20
3.225439044e-20
5.930541779e-20
2.337039354e-20
6.009912611e-20
1.441775986e-20
5.933650603e-20
5.288702982e-21
5.913655236e-20
5.935935422e-20
-9.442934901e-09
9.976901722e-10
-1.06346098e-08
1.551324717e-09
-1.262270206e-08
2.173788016e-09
-1.827967789e-08
3.09068035e-09
-2.531345494e-08
4.479806072e-09
-2.424827475e-08
1.063231173e-08
-1.411504677e-08
2.061521381e-08
-3.937324476e-18
3.703533865e-09
-7.925429916e-20
4.313227198e-19
6.545499709e-20
3.248495453e-19
7.120113697e-20
2.149003572e-19
6.36064499e-20
1.529336101e-19
5.948328177e-20
1.190519261e-19
5.860337651e-20
9.852719665e-20
5.926307741e-20
8.427332294e-20
6.036818782e-20
7.318651204e-20
6.139068076e-20
6.392705014e-20
6.213227074e-20
5.590074743e-20
6.256019353e-20
4.882246283e-20
6.271437835e-20
4.253313606e-20
6.265911599e-20
3.692447857e-20
6.245980008e-20
3.190907677e-20
6.217319214e-20
2.740935823e-20
6.184460889e-20
2.335403916e-20
6.15083318e-20
1.967722157e-20
6.118926324e-20
1.631818527e-20
6.090486469e-20
1.322117628e-20
6.066696191e-20
1.033501234e-20
6.048326551e-20
7.612511394e-21
6.035856463e-20
5.009793972e-21
6.029559337e-20
2.485506633e-21
6.029484921e-20
2.718604623e-32
5.602719196e-20
8.097285713e-21
4.743062743e-20
1.023437223e-20
3.917731239e-20
5.083769654e-20
3.078680031e-20
5.956811698e-20
2.227022782e-20
6.050906104e-20
1.367966087e-20
5.982091189e-20
4.914063956e-21
5.979965078e-20
6.022367333e-20
-8.295177131e-09
1.201626472e-09
-9.007787936e-09
2.264009275e-09
-9.717842831e-09
2.883932549e-09
-1.064801304e-08
4.020873328e-09
-1.293720595e-08
6.769047776e-09
-1.331774885e-08
1.101297501e-08
-3.703526965e-09
1.100102481e-08
-4.703778926e-19
3.853672762e-21
-1.852014123e-19
1.461462306e-19
-4.449322459e-20
1.841407731e-19
9.234389852e-21
1.611729249e-19
2.972476588e-20
1.32444879e-19
3.895855234e-20
1.098201527e-19
4.434950279e-20
9.313792685e-20
4.817626651e-20
8.044829906e-20
5.110872592e-20
7.025629504e-20
5.336437805e-20
6.167405809e-20
5.505398615e-20
5.421386648e-20
5.627086676e-20
4.760815302e-20
5.710572086e-20
4.170069546e-20
5.764371419e-20
3.63888302e-20
5.796008154e-20
3.159502876e-20
5.811787307e-20
2.725383122e-20
5.81677913e-20
2.330627777e-20
5.81492955e-20
1.969773326e-20
5.809225425e-20
1.637708861e-20
5.801870074e-20
1.329641986e-20
5.794446096e-20
1.041072638e-20
5.788054809e-20
7.677615124e-21
5.783427729e-20
5.056899632e-21
5.781008674e-20
2.510119667e-21
5.781330737e-20
2.375199721e-32
5.360596141e-20
7.734038098e-21
4.515003207e-20
9.83936148e-21
3.722130894e-20
5.040975852e-20
2.9213364e-20
5.944819983e-20
2.108472879e-20
6.053098252e-20
1.287911779e-20
5.992029672e-20
4.505621099e-21
6.007058708e-20
6.067952417e-20
-6.590186604e-09
1.13793912e-09
-6.822721678e-09
2.496570399e-09
-7.133338117e-09
3.194592757e-09
-6.894648758e-09
3.782095696e-09
-5.7926177e-09
5.667020635e-09
-4.688775852e-09
9.909129351e-09
-2.4273944e-14
6.312272923e-09
-2.425806995e-19
-3.429311625e-21
-1.473728181e-19
5.093820337e-20
-6.746107279e-20
1.042288271e-19
-1.949365608e-20
1.132066212e-19
7.100039561e-21
1.058529305e-19
2.22763265e-20
9.464543576e-20
3.165987501e-20
8.375586101e-20
3.798426249e-20
7.412576512e-20
4.252648897e-20
6.571641105e-20
4.590418644e-20
5.829893474e-20
4.844827268e-20
5.167230294e-20
5.036340919e-20
4.569539343e-20
5.179385561e-20
4.027253449e-20
5.284991275e-20
3.533503521e-20
5.3618884e-20
3.082830233e-20
5.417031962e-20
2.670458043e-20
5.455924679e-20
2.291943166e-20
5.482865085e-20
1.943028516e-20
5.501158551e-20
1.619597334e-20
5.513300726e-20
1.317665439e-20
5.521134971e-20
1.033382381e-20
5.52598326e-20
7.630284734e-21
5.528749733e-20
5.030031709e-21
5.529996707e-20
2.498043448e-21
5.529867831e-20
1.995278677e-32
5.117683681e-20
7.284254815e-21
4.283117961e-20
9.333945296e-21
3.519847531e-20
4.968565744e-20
2.75695931e-20
5.894913205e-20
1.98388654e-20
6.015492326e-20
1.203220387e-20
5.962066747e-20
4.071290582e-21
5.99288776e-20
6.070103386e-20
-5.030732473e-09
9.225351514e-10
-4.857560512e-09
2.323369183e-09
-4.779358594e-09
3.116429548e-09
-4.540110088e-09
3.542861158e-09
-3.362869741e-09
4.489860755e-09
-2.365616107e-09
8.911851547e-09
-2.457935161e-14
3.946687466e-09
-1.060431146e-19
6.713959842e-22
-9.408170026e-20
3.897666318e-20
-5.848327871e-20
6.863096659e-20
-2.684734676e-20
8.157202095e-20
-4.107455173e-21
8.311439424e-20
1.138675174e-20
7.915247894e-20
2.202977912e-20
7.311434469e-20
2.957490842e-20
6.658262653e-20
3.510901266e-20
6.018463928e-20
3.927755464e-20
5.413279142e-20
4.247136318e-20
4.848079822e-20
4.494055026e-20
4.322841675e-20
4.685635632e-20
3.835891121e-20
4.834317988e-20
3.385039998e-20
4.949516209e-20
2.967849129e-20
5.038517085e-20
2.581667973e-20
5.107010029e-20
2.223651382e-20
5.159433902e-20
1.890794651e-20
5.199226656e-20
1.579981853e-20
5.229017668e-20
1.288035321e-20
5.250781064e-20
1.011757517e-20
5.265957957e-20
7.479608436e-21
5.275550907e-20
4.934843471e-21
5.280192362e-20
2.451984278e-21
5.280721031e-20
1.367398778e-32
4.870483603e-20
6.817680501e-21
4.046775732e-20
8.719817505e-21
3.313267388e-20
4.866386248e-20
2.588471231e-20
5.806906302e-20
1.85570478e-20
5.937574971e-20
1.115594752e-20
5.891542188e-20
3.619801511e-21
5.936234473e-20
6.027104092e-20
-3.833801047e-09
7.27957575e-10
-3.520360992e-09
2.009896963e-09
-3.201207199e-09
2.797286485e-09
-2.819717851e-09
3.161380926e-09
-2.045287981e-09
3.715505622e-09
-1.385174307e-09
8.251823593e-09
6.097977421e-15
2.561571677e-09
-7.283085325e-20
7.662983648e-22
-6.442719428e-20
3.057327761e-20
-4.554222435e-20
4.974682559e-20
-2.530497346e-20
6.133580445e-20
-8.06937047e-21
6.587980456e-20
5.348617486e-21
6.573570059e-20
1.549806097e-20
6.296654332e-20
2.317692117e-20
5.890580052e-20
2.90571648e-20
5.430659647e-20
3.362556144e-20
4.9566573e-20
3.72189817e-20
4.488948539e-20
4.007104472e-20
4.037843558e-20
4.234784509e-20
3.608421261e-20
4.417127119e-20
3.202909369e-20
4.563335053e-20
2.821851118e-20
4.680500494e-20
2.464706231e-20
4.774153298e-20
2.130193535e-20
4.848621103e-20
1.816511537e-20
4.907280124e-20
1.521494784e-20
4.952739864e-20
1.242730204e-20
4.98698439e-20
9.776440672e-21
5.011481461e-20
7.23565126e-21
5.027264987e-20
4.777680034e-21
5.034993935e-20
2.375006676e-21
5.03455208e-20
1.566289773e-32
4.629353117e-20
6.302458024e-21
3.814612542e-20
8.015881227e-21
3.10827362e-20
4.73702908e-20
2.419953207e-20
5.68241579e-20
1.726727246e-20
5.820113078e-20
1.026865229e-20
5.780765691e-20
3.160332908e-21
5.836794862e-20
5.938156309e-20
-2.808952208e-09
6.150344514e-10
-2.551989277e-09
1.752901275e-09
-2.257339498e-09
2.502641014e-09
-1.830940232e-09
2.735033515e-09
-1.285711954e-09
3.170369838e-09
-8.314722347e-10
7.797635626e-09
1.959487113e-14
1.730067551e-09
-5.146981058e-20
8.026897271e-22
-4.525355901e-20
2.435743824e-20
-3.395324548e-20
3.844716508e-20
-2.076097335e-20
4.814427726e-20
-8.213474446e-21
5.333325216e-20
2.579460217e-21
5.494409169e-20
1.143731817e-20
5.411040035e-20
1.857771712e-20
5.176734536e-20
2.431714133e-20
4.856916707e-20
2.894847383e-20
4.493720681e-20
3.27079319e-20
4.113198279e-20
3.577682175e-20
3.731153388e-20
3.829272617e-20
3.35703419e-20
4.036068868e-20
2.996318431e-20
4.206190166e-20
2.651932871e-20
4.345987798e-20
2.325105951e-20
4.460471301e-20
2.015899497e-20
4.55360435e-20
1.723557898e-20
4.628515545e-20
1.446749359e-20
4.687653727e-20
1.18373885e-20
4.732905449e-20
9.325142691e-21
4.765684338e-20
6.908782932e-21
4.786997652e-20
4.565141718e-21
4.797493267e-20
2.270318587e-21
4.797978425e-20
9.142208017e-33
4.395205259e-20
5.754035019e-21
3.588684344e-20
7.229599623e-21
2.907802388e-20
4.582205178e-20
2.254213981e-20
5.523188374e-20
1.59920836e-20
5.664427468e-20
9.386225949e-21
5.630710252e-20
2.701201949e-21
5.695023884e-20
5.803294664e-20
-1.804927645e-09
5.559674274e-10
-1.614173665e-09
1.562201364e-09
-1.382840377e-09
2.271368825e-09
-1.03416431e-09
2.386408437e-09
-8.142183868e-10
2.950448628e-09
-5.755276963e-10
7.558923227e-09
1.572864377e-14
1.154475767e-09
-3.514523303e-20
3.80205901e-22
-3.116378883e-20
2.037630749e-20
-2.425613331e-20
3.153997863e-20
-1.557199844e-20
3.946083477e-20
-6.602634918e-21
4.436492923e-20
1.745768874e-21
4.659709095e-20
9.094263172e-21
4.676355924e-20
1.537953883e-20
4.548382924e-20
2.068518107e-20
4.326530689e-20
2.514324981e-20
4.048093719e-20
2.888748299e-20
3.73895982e-20
3.203562977e-20
3.416530352e-20
3.468556857e-20
3.092237271e-20
3.691683307e-20
2.773390675e-20
3.879363247e-20
2.464449618e-20
4.036781343e-20
2.167879652e-20
4.168129702e-20
1.884735565e-20
4.276795811e-20
1.615065609e-20
4.365505036e-20
1.358198681e-20
4.436429145e-20
1.112952401e-20
4.491269473e-20
8.777855138e-21
4.531320217e-20
6.50909644e-21
4.557515339e-20
4.303708129e-21
4.570461408e-20
2.141086726e-21
4.571000065e-20
3.996343826e-33
4.169745496e-20
5.191278046e-21
3.37101491e-20
6.365287648e-21
2.714163135e-20
4.403341423e-20
2.093473298e-20
5.331058874e-20
1.475017078e-20
5.472189307e-20
8.52251995e-21
5.442832141e-20
2.249891543e-21
5.512012659e-20
5.623302737e-20
-8.63937932e-10
5.533683309e-10
-7.242525519e-10
1.422553624e-09
-5.34165087e-10
2.081314276e-09
-2.874617192e-10
2.139717762e-09
-5.018172482e-10
3.164786173e-09
-4.83699009e-10
7.540763096e-09
1.066779916e-14
6.707279915e-10
-1.607025011e-20
3.048429164e-21
-2.000009037e-20
2.430636561e-20
-1.633527717e-20
2.787561331e-20
-1.066790398e-20
3.37942314e-20
-4.370473191e-21
3.806860049e-20
1.912237155e-21
4.031573151e-20
7.814533174e-21
4.086275248e-20
1.316101649e-20
4.01389024e-20
1.790081136e-20
3.852712266e-20
2.205191082e-20
3.633152073e-20
2.566318832e-20
3.378009193e-20
2.879269895e-20
3.103764444e-20
3.149710261e-20
2.821987298e-20
3.382742251e-20
2.540550909e-20
3.582793281e-20
2.26458954e-20
3.753637256e-20
1.997222508e-20
3.898459746e-20
1.74009247e-20
4.019928884e-20
1.493763977e-20
4.120258756e-20
1.258018966e-20
4.201262258e-20
1.032076282e-20
4.264393603e-20
8.147547705e-21
4.310781385e-20
6.045940633e-21
4.341253198e-20
3.999436825e-21
4.356352736e-20
1.99028862e-21
4.35659485e-20
9.387716535e-33
3.959526854e-20
4.593900608e-21
3.165998123e-20
5.448870068e-21
2.530121695e-20
4.203497028e-20
1.939824755e-20
5.108534375e-20
1.355835172e-20
5.245482469e-20
7.690259075e-21
5.218996615e-20
1.813523771e-21
5.289411634e-20
5.399675209e-20
1.44505738e-10
5.607204589e-10
2.838986312e-10
1.283173898e-09
8.122287703e-10
1.552997635e-09
1.053561215e-09
1.898384445e-09
3.715217605e-10
3.846804634e-09
-2.803678857e-10
8.192619134e-09
1.012242232e-14
3.903233842e-10
-3.841137504e-20
-4.109642341e-21
-1.643083311e-20
2.326034904e-21
-1.041665908e-20
2.186194013e-20
-6.393534895e-21
2.977191548e-20
-2.123342164e-21
3.379945575e-20
2.459258118e-21
3.573433398e-20
7.090683101e-21
3.623263026e-20
1.154923674e-20
3.568173971e-20
1.570520943e-20
3.437264127e-20
1.950048202e-20
3.253784882e-20
2.292074083e-20
3.036153633e-20
2.597492749e-20
2.798524147e-20
2.868273873e-20
2.551389805e-20
3.106780882e-20
2.302230039e-20
3.315426249e-20
2.056129977e-20
3.496507217e-20
1.81632359e-20
3.652131253e-20
1.584642273e-20
3.784183872e-20
1.36187148e-20
3.894316072e-20
1.148027387e-20
3.983940747e-20
9.42567985e-21
4.054232896e-20
7.445522419e-21
4.106131005e-20
5.5275896e-21
4.140338378e-20
3.657749833e-21
4.157323874e-20
1.820607577e-21
4.158071503e-20
6.02819067e-33
3.75905496e-20
4.00243443e-21
2.970974256e-20
4.477932086e-21
2.355699084e-20
3.983048467e-20
1.79436682e-20
4.857041683e-20
1.243003719e-20
4.98614745e-20
6.90108676e-21
4.961246312e-20
1.399122364e-21
5.029334096e-20
5.134608579e-20
1.18402708e-09
5.589625856e-10
1.472842876e-09
9.943727734e-10
2.54166507e-09
4.841888531e-10
3.062943318e-09
1.377102295e-09
1.952516885e-09
4.957210487e-09
2.095045012e-10
9.935600486e-09
8.854177587e-15
5.99792505e-10
3.463495163e-20
8.030788901e-21
3.105062451e-21
3.385616311e-20
-2.50668372e-21
2.747420159e-20
-2.365994626e-21
2.963197853e-20
-1.884639355e-22
3.162284185e-20
2.957554401e-21
3.258935439e-20
6.539792551e-21
3.265154441e-20
1.02401383e-20
3.198267057e-20
1.387041699e-20
3.074376935e-20
1.732416953e-20
2.908562529e-20
2.054444598e-20
2.714289156e-20
2.350358407e-20
2.502781504e-20
2.619114107e-20
2.282811152e-20
2.86068082e-20
2.060843945e-20
3.075619862e-20
1.841371941e-20
3.2648259e-20
1.627294508e-20
3.429360461e-20
1.420275035e-20
3.570339779e-20
1.221043719e-20
3.68885667e-20
1.029640713e-20
3.785925004e-20
8.456048518e-21
3.862439614e-20
6.681168843e-21
3.919147028e-20
4.96106536e-21
3.956624152e-20
3.28331779e-21
3.975263116e-20
1.634375275e-21
3.976091768e-20
2.840477128e-33
3.578901995e-20
3.398146385e-21
2.793057943e-20
3.48460414e-21
2.194754329e-20
3.745627934e-20
1.659562725e-20
4.579407821e-20
1.138347732e-20
4.69666423e-20
6.168693859e-21
4.672079322e-20
1.01459681e-21
4.734470427e-20
4.831089196e-20
2.410067858e-09
4.93595518e-10
2.966864706e-09
4.375928368e-10
4.429356398e-09
-9.782982076e-10
5.277889856e-09
5.285522374e-10
3.842847722e-09
6.392223755e-09
8.636197123e-10
1.291479508e-08
4.252768377e-15
1.463383594e-09
-3.710032824e-20
-5.648068054e-21
-3.276942496e-21
3.301960675e-23
-3.489067844e-22
2.454663341e-20
-3.751313019e-22
2.965884765e-20
7.780486021e-22
3.047044382e-20
3.019744425e-21
3.034857022e-20
5.870918707e-21
2.980142041e-20
9.001237082e-21
2.885354782e-20
1.221227292e-20
2.753406671e-20
1.53814358e-20
2.591791604e-20
1.842936946e-20
2.409651253e-20
2.130388055e-20
2.215494367e-20
2.397146899e-20
2.016223256e-20
2.641208817e-20
1.816957534e-20
2.861542428e-20
1.621214367e-20
3.057806427e-20
1.431201511e-20
3.230129145e-20
1.248111918e-20
3.378936773e-20
1.072378077e-20
3.504820808e-20
9.038761635e-21
3.608437036e-20
7.420831816e-21
3.690429266e-20
5.861947859e-21
3.751372271e-20
4.352120426e-21
3.791729901e-20
2.880045718e-21
3.811825588e-20
1.433563957e-21
3.811979135e-20
6.815844485e-33
3.416421296e-20
2.779127938e-21
2.631835581e-20
2.47869596e-21
2.048452643e-20
3.4932847e-20
1.537072825e-20
4.277960257e-20
1.043499451e-20
4.379539036e-20
5.506656629e-21
4.354269424e-20
6.680886483e-22
4.408056007e-20
4.492919387e-20
3.821283183e-09
3.241670014e-10
4.534309289e-09
-2.754284013e-10
5.954792469e-09
-2.398796252e-09
6.796655473e-09
-3.133410447e-10
5.012847087e-09
8.176000196e-09
1.106877963e-09
1.6820738e-08
-1.670612108e-15
2.570252081e-09
6.0239806e-20
1.002281643e-21
2.123658735e-20
3.903645257e-20
4.763307461e-21
4.102030831e-20
4.364648645e-22
3.398623497e-20
6.561750034e-22
3.025141689e-20
2.472594618e-21
2.853297758e-20
4.923046111e-21
2.735194576e-20
7.681755974e-21
2.60959609e-20
1.059612225e-20
2.462095617e-20
1.356003228e-20
2.29553786e-20
1.64878006e-20
2.117022113e-20
1.931116945e-20
1.933314669e-20
2.197881177e-20
1.749624236e-20
2.44546565e-20
1.569543261e-20
2.671529572e-20
1.395320601e-20
2.874716834e-20
1.228177943e-20
3.054395304e-20
1.068584064e-20
3.210434859e-20
9.164703332e-21
3.343027826e-20
7.713923145e-21
3.45254864e-20
6.326475628e-21
3.539446523e-20
4.993597279e-21
3.6041648e-20
3.705375768e-21
3.647081725e-20
2.45115756e-21
3.668469193e-20
1.219826707e-21
3.668711453e-20
4.85614727e-33
3.273154227e-20
2.162551709e-21
2.488723713e-20
1.471248301e-21
1.918613269e-20
3.227672349e-20
1.42878107e-20
3.954970058e-20
9.601616672e-21
4.037462193e-20
4.928823449e-21
4.010908048e-20
3.677655599e-22
4.053893752e-20
4.124719586e-20
5.156294573e-09
2.740275058e-11
6.104632352e-09
-1.223778021e-09
7.388521281e-09
-3.682712624e-09
7.676591678e-09
-6.014413527e-10
5.364662166e-09
1.048790886e-08
1.715489044e-09
2.046990171e-08
-4.451373522e-15
4.285749079e-09
1.837842873e-19
6.999181789e-20
2.322054316e-20
1.996003742e-19
-2.270765883e-21
6.65119506e-20
-3.298353216e-21
3.501429918e-20
-1.062264298e-21
2.801594628e-20
1.291562792e-21
2.617991477e-20
3.667061248e-21
2.497735708e-20
6.206751248e-21
2.355731789e-20
8.930544681e-21
2.189833771e-20
1.177487482e-20
2.011234165e-20
1.465072616e-20
1.829577451e-20
1.747426512e-20
1.651111592e-20
2.017800201e-20
1.479409757e-20
2.27124299e-20
1.316264245e-20
2.504386915e-20
1.162339241e-20
2.715122955e-20
1.017596544e-20
2.902281573e-20
8.815659239e-21
3.06535684e-20
7.535165723e-21
3.204283075e-20
6.32565838e-21
3.319260806e-20
5.177475406e-21
3.410624371e-20
4.080538754e-21
3.478742979e-20
3.024599598e-21
3.523948639e-20
1.999369885e-21
3.546486522e-20
9.94580902e-22
3.546619594e-20
1.138023368e-33
3.151644903e-20
1.542346008e-21
2.366490332e-20
4.711069089e-22
1.807791996e-20
2.950650628e-20
1.336913046e-20
3.61303038e-20
8.901216823e-21
3.673560809e-20
4.448670987e-21
3.645525321e-20
1.21139806e-22
3.676382135e-20
3.731860399e-20
5.969676188e-09
-4.881805418e-10
7.586604042e-09
-2.840724614e-09
8.746052261e-09
-4.84218412e-09
7.925933787e-09
2.186610952e-10
4.613204509e-09
1.380063438e-08
1.549957644e-09
2.353315359e-08
-1.997516927e-15
5.835718644e-09
-3.520408922e-19
-6.422785447e-23
-1.098678919e-19
-4.257247675e-20
-3.37684173e-20
-9.587232913e-21
-1.029670612e-20
1.154301758e-20
-2.898295814e-21
2.061810289e-20
8.900510225e-23
2.319331881e-20
2.247022059e-21
2.282018045e-20
4.547771071e-21
2.125753954e-20
7.144548621e-21
1.930265883e-20
9.958307669e-21
1.729980422e-20
1.286606757e-20
1.538935327e-20
1.575724677e-20
1.362137984e-20
1.854654689e-20
1.200631787e-20
2.117317986e-20
1.053756299e-20
2.359644218e-20
9.201657201e-21
2.579092334e-20
7.982921553e-21
2.774232221e-20
6.865554611e-21
2.944406106e-20
5.834541909e-21
3.089464777e-20
4.875990002e-21
3.20956714e-20
3.977175662e-21
3.305030456e-20
3.126454496e-21
3.376220008e-20
2.31310384e-21
3.423469741e-20
1.527139448e-21
3.447028432e-20
7.591270575e-22
3.447357921e-20
4.717804372e-33
3.052645835e-20
9.168356084e-22
2.267187888e-20
-5.259118293e-22
1.718569825e-20
2.663557489e-20
1.263761129e-20
3.255025135e-20
8.350716684e-21
3.291563133e-20
4.077632494e-21
3.262201322e-20
-6.611937403e-23
3.280497002e-20
3.320278219e-20
5.333754011e-09
-1.326265271e-09
7.421309589e-09
-4.928293913e-09
8.06296339e-09
-5.483848197e-09
5.346151157e-09
2.935471188e-09
1.183811294e-09
1.796297898e-08
-3.563807808e-10
2.50733529e-08
1.27584104e-15
5.479344001e-09
-3.702582872e-19
-3.102568498e-19
-7.688271419e-20
-3.359479174e-19
-1.263816681e-20
-7.383151712e-20
-1.221620807e-21
1.268626053e-22
-3.230798934e-22
1.972007702e-20
-2.841332545e-22
2.315501761e-20
6.843811528e-22
2.18524411e-20
2.59289036e-21
1.934993541e-20
5.141694006e-21
1.675489143e-20
8.047856724e-21
1.439480289e-20
1.109809414e-20
1.234039196e-20
1.41421848e-20
1.057865979e-20
1.707779201e-20
9.072141649e-21
1.983727408e-20
7.779527011e-21
2.237770653e-20
6.662631061e-21
2.46735564e-20
5.68838432e-21
2.671130951e-20
4.828980188e-21
2.848550915e-20
4.0613636e-21
2.999583343e-20
3.366520524e-21
3.124495024e-20
2.728750351e-21
3.22369539e-20
2.134991952e-21
3.297623569e-20
1.574227129e-21
3.346668502e-20
1.036964019e-21
3.371115726e-20
5.147928978e-22
3.371257305e-20
7.740509131e-33
2.976965856e-20
2.806501705e-22
2.192827458e-20
-1.536026319e-21
1.653614677e-20
2.367068647e-20
1.211506647e-20
2.884325682e-20
7.963795193e-21
2.896010304e-20
3.8228629e-21
2.865669553e-20
-1.915719961e-22
2.871687482e-20
2.896154536e-20
2.102363314e-09
-1.927310619e-09
2.861494471e-09
-5.687429524e-09
1.403821521e-09
-4.026176486e-09
-1.946822492e-09
6.286115838e-09
-4.162166139e-09
2.017832229e-08
-1.468874389e-09
2.238005583e-08
4.289658283e-15
4.010453399e-09
5.724186845e-19
3.386654133e-19
1.852330737e-19
5.123781142e-20
6.132021291e-20
5.008157546e-20
1.83715936e-20
4.307583458e-20
3.111860703e-21
3.498028023e-20
-1.586709767e-21
2.78541854e-20
-1.818124536e-21
2.208458151e-20
-2.153624847e-24
1.753482157e-20
2.781605468e-21
1.397212146e-20
5.993445802e-21
1.118407222e-20
9.336361961e-21
8.998688156e-21
1.263566666e-20
7.280642464e-21
1.578517737e-20
5.923955346e-21
1.872037813e-20
4.845646474e-21
2.140345979e-20
3.980820135e-21
2.381415227e-20
3.278872115e-21
2.594369292e-20
2.700503339e-21
2.779066608e-20
2.215326496e-21
2.935806326e-20
1.799928518e-21
3.065119184e-20
1.436296962e-21
3.167618908e-20
1.110542724e-21
3.243897258e-20
8.118647892e-22
3.29445139e-20
5.317105968e-22
3.319636436e-20
2.630899869e-22
3.319972107e-20
4.321873598e-33
2.92537775e-20
-3.493774401e-22
2.145150363e-20
-2.585148393e-21
1.614905956e-20
2.061620678e-20
1.181550019e-20
2.504885106e-20
7.746208575e-21
2.492269033e-20
3.684166233e-21
2.461257655e-20
-2.575452831e-22
2.455614129e-20
2.465438011e-20
-2.972379444e-09
-1.320443628e-09
-4.716281982e-09
-3.943526861e-09
-7.410639083e-09
-1.331821605e-09
-9.466768216e-09
8.342238339e-09
-8.027536211e-09
1.873907837e-08
-3.228667139e-09
1.758116944e-08
3.811586608e-19
7.817776806e-10
5.680836207e-19
1.517404368e-19
1.84077506e-19
4.3524402e-19
5.431447203e-20
1.798448069e-19
1.027603925e-20
8.711457781e-20
-4.014234124e-21
4.927098372e-20
-7.356313656e-21
3.119682622e-20
-6.367884484e-21
2.109684459e-20
-3.564853735e-21
1.473261407e-20
-6.443771775e-24
1.041466219e-20
3.808061741e-21
7.370626095e-21
7.618316269e-21
5.189576785e-21
1.127897954e-20
3.621173474e-21
1.47068685e-20
2.497273998e-21
1.785555179e-20
1.698150509e-21
2.070151177e-20
1.135993463e-21
2.32357835e-20
7.456518506e-22
2.545851608e-20
4.787273621e-22
2.73752681e-20
2.994350713e-22
2.89944317e-20
1.815304261e-22
3.03254376e-20
1.059584636e-22
3.137751115e-20
5.903023646e-23
3.215881838e-20
3.099875794e-23
3.267589329e-20
1.494073e-23
3.293327438e-20
5.868098971e-24
3.293171455e-20
3.60468448e-33
2.902197255e-20
-1.008470877e-21
2.126787313e-20
-3.682308674e-21
1.603542467e-20
1.749182814e-20
1.174014529e-20
2.121625756e-20
7.692360741e-21
2.086387165e-20
3.652243065e-21
2.054665508e-20
-2.71780054e-22
2.037784399e-20
2.03330595e-20
-5.990355235e-09
-9.172999627e-11
-8.822574792e-09
-1.111310022e-09
-1.140871512e-08
1.254307475e-09
-1.157804902e-08
8.511553289e-09
-6.936251411e-09
1.409725272e-08
2.526083151e-09
8.118803736e-09
5.309475744e-09
-2.001636536e-09
-1.792400976e-19
5.309459597e-09
-7.156980683e-20
3.27573803e-19
-3.841575704e-20
1.466908969e-19
-2.756755484e-20
7.626664855e-20
-2.208839163e-20
4.379222371e-20
-1.745629528e-20
2.656526946e-20
-1.273211501e-20
1.637333374e-20
-7.88280562e-21
9.88409908e-21
-3.050479864e-21
5.583247191e-21
1.627012431e-21
2.694136852e-21
6.049912957e-21
7.677429092e-22
1.015508006e-20
-4.828980839e-22
1.390774501e-20
-1.254299944e-21
1.729339474e-20
-1.686437282e-21
2.031117016e-20
-1.88077247e-21
2.296885901e-20
-1.911097471e-21
2.527922379e-20
-1.830771451e-21
2.725736345e-20
-1.677906605e-21
2.891885974e-20
-1.479232814e-21
3.027850937e-20
-1.253029994e-21
3.134947967e-20
-1.011368285e-21
3.214276036e-20
-7.618241087e-22
3.266682066e-20
-5.087995255e-22
3.292740628e-20
-2.545483637e-22
3.292840582e-20
4.394693665e-33
2.899327201e-20
-1.646368351e-21
2.132175497e-20
-4.861904731e-21
1.616213472e-20
1.429480272e-20
1.186605835e-20
1.738465129e-20
7.782712307e-21
1.684077175e-20
3.709140115e-21
1.651432896e-20
-2.463307785e-22
1.623113386e-20
1.603728612e-20
-6.681918248e-09
7.902650872e-10
-8.944578105e-09
1.151341746e-09
-1.082136348e-08
3.131072929e-09
-9.594414253e-09
7.284576024e-09
-5.48254512e-09
9.985349036e-09
-2.385778974e-09
5.02199357e-09
-2.389991906e-09
-1.997464025e-09
1.636617162e-14
2.919424915e-09
-2.517026754e-19
-1.561736765e-19
-1.088408355e-19
3.829194947e-21
-6.004197967e-20
2.746804275e-20
-3.931534589e-20
2.306597559e-20
-2.764823099e-20
1.489867887e-20
-1.922134967e-20
7.947099156e-21
-1.218365751e-20
2.847167376e-21
-5.939590203e-21
-6.599591281e-22
-2.993815115e-22
-2.945135892e-21
4.799271964e-21
-4.329926322e-21
9.383678205e-21
-5.066306999e-21
1.347560768e-20
-5.345245165e-21
1.709905956e-20
-5.308933114e-21
2.028084515e-20
-5.061646204e-21
2.304918503e-20
-4.678581304e-21
2.543208864e-20
-4.212874144e-21
2.745603725e-20
-3.701101643e-21
2.914506256e-20
-3.167549207e-21
3.052017108e-20
-2.627484496e-21
3.159902384e-20
-2.089645474e-21
3.239578494e-20
-1.558119143e-21
3.292107182e-20
-1.033757989e-21
3.318195464e-20
-5.152574321e-22
3.318317745e-20
2.154837985e-33
2.925596259e-20
-2.29315796e-21
2.164903456e-20
-6.105880244e-21
1.652229999e-20
1.106503304e-20
1.217355798e-20
1.36058331e-20
7.996050153e-21
1.291199774e-20
3.835756382e-21
1.25688918e-20
-1.93274133e-22
1.215815264e-20
1.179467454e-20
-6.140838982e-09
1.12244159e-09
-7.016840226e-09
2.027330544e-09
-7.421121275e-09
3.535329638e-09
-5.789087597e-09
5.652507864e-09
-2.423804909e-09
6.620026893e-09
-1.869197277e-09
4.467337791e-09
-2.635554655e-09
-1.231159607e-09
1.602447403e-14
2.838114035e-10
-9.086575676e-20
-1.426519808e-20
-8.520191184e-20
-1.83453272e-21
-6.444404683e-20
6.710415385e-21
-4.748264261e-20
6.10494334e-21
-3.459981071e-20
2.016354029e-21
-2.432128145e-20
-2.330813202e-21
-1.569078401e-20
-5.782613089e-21
-8.224766967e-21
-8.125176084e-21
-1.684171942e-21
-9.484872373e-21
4.062891287e-21
-1.007609067e-20
9.104740039e-21
-1.010725126e-20
1.351191973e-20
-9.751533735e-21
1.734634647e-20
-9.142488645e-21
2.066391005e-20
-8.37836914e-21
2.351489219e-20
-7.528762458e-21
2.594386114e-20
-6.641081191e-21
2.798958968e-20
-5.746101921e-21
2.968512727e-20
-4.862392764e-21
3.10580101e-20
-3.999721063e-21
3.213055017e-20
-3.161613532e-21
3.292014609e-20
-2.347250344e-21
3.343957238e-20
-1.552856046e-21
3.369721207e-20
-7.727255634e-22
3.369933816e-20
3.371397817e-33
2.97663723e-20
-2.9300079e-21
2.221373257e-20
-7.403950938e-21
1.708108822e-20
7.841416824e-21
1.263419381e-20
9.925374484e-21
8.311340551e-21
9.128779351e-21
4.017522886e-21
8.757186466e-21
-1.201085715e-22
8.193983813e-21
7.625345057e-21
-5.380243735e-09
1.100140265e-09
-5.310635348e-09
1.95770683e-09
-4.718426707e-09
2.94309463e-09
-3.085931884e-09
4.019977652e-09
-8.093125871e-10
4.343364729e-09
-1.007243911e-11
3.668046108e-09
-3.757443152e-10
-8.655445969e-10
1.352393781e-14
-9.199092457e-11
-7.864141932e-20
-3.844681735e-23
-7.665622444e-20
-3.819617469e-21
-6.504951887e-20
-4.896058897e-21
-5.157123192e-20
-7.372985928e-21
-3.894697794e-20
-1.06074173e-20
-2.777308134e-20
-1.350413157e-20
-1.803334701e-20
-1.552168219e-20
-9.584463256e-21
-1.657332672e-20
-2.275390238e-21
-1.679316839e-20
4.031730693e-21
-1.638239948e-20
9.460457568e-21
-1.553516184e-20
1.412096482e-20
-1.441123365e-20
1.811046597e-20
-1.313119203e-20
2.151351674e-20
-1.178063794e-20
2.440257345e-20
-1.041706e-20
2.683884041e-20
-9.076612728e-21
2.887329884e-20
-7.779848217e-21
3.054779897e-20
-6.536210283e-21
3.189611764e-20
-5.347404036e-21
3.294491336e-20
-4.209848204e-21
3.371454039e-20
-3.116422997e-21
3.421970286e-20
-2.057698768e-21
3.446993764e-20
-1.022796684e-21
3.446696176e-20
2.392054901e-33
3.055743492e-20
-3.587469973e-21
2.301442891e-20
-8.711434132e-21
1.781494309e-20
4.6848395e-21
1.322601188e-20
6.38718216e-21
8.716023322e-21
5.532928453e-21
4.251372676e-21
5.116548546e-21
-2.52770265e-23
4.369072779e-21
3.55097421e-21
-4.765975802e-09
9.35697372e-10
-4.411301299e-09
1.603017692e-09
-3.660045258e-09
2.191812814e-09
-2.353497749e-09
2.713394468e-09
-7.098023141e-10
2.699623803e-09
3.43156006e-10
2.615034457e-09
-4.571573592e-11
-4.767289802e-10
8.514373548e-15
-1.377546068e-10
-8.24440074e-20
-6.441841973e-23
-7.773272662e-20
-8.530792394e-21
-6.752644591e-20
-1.510211399e-20
-5.480566329e-20
-2.009342848e-20
-4.184369221e-20
-2.356893982e-20
-2.979063195e-20
-2.555665869e-20
-1.908499154e-20
-2.622671337e-20
-9.804304928e-21
-2.585334892e-20
-1.864621334e-21
-2.473215044e-20
4.878968336e-21
-2.31252575e-20
1.058438576e-20
-2.123984298e-20
1.540100644e-20
-1.922712089e-20
1.946102006e-20
-1.719047303e-20
2.287709468e-20
-1.519598449e-20
2.574302072e-20
-1.328226711e-20
2.813560492e-20
-1.146848902e-20
3.011693677e-20
-9.760487414e-21
3.173660522e-20
-8.155213282e-21
3.303367347e-20
-6.643855059e-21
3.403833857e-20
-5.21397221e-21
3.477326462e-20
-3.850913748e-21
3.525460494e-20
-2.538735198e-21
3.549273432e-20
-1.260774065e-21
3.549266572e-20
-2.71054621e-33
3.154637293e-20
-4.212983554e-21
2.398639044e-20
-1.000169341e-20
1.868172121e-20
1.633680267e-21
1.392785627e-20
3.014172936e-21
9.206094687e-21
2.149103131e-21
4.546623555e-21
1.67099424e-21
1.021495592e-22
7.122512537e-22
-3.958283159e-22
-4.296149779e-09
7.414515452e-10
-3.928462516e-09
1.235315914e-09
-3.316721497e-09
1.580046397e-09
-2.383578928e-09
1.780216651e-09
-1.288428481e-09
1.604429701e-09
-1.920505023e-10
1.518609256e-09
-3.857751232e-11
-6.302463937e-10
5.885651062e-15
-1.763638634e-10
-9.093234943e-20
-9.069050871e-23
-8.430397599e-20
-1.515906305e-20
-7.251776039e-20
-2.68881164e-20
-5.828117463e-20
-3.432969449e-20
-4.383141108e-20
-3.801829358e-20
-3.046068663e-20
-3.892689436e-20
-1.871162709e-20
-3.797521277e-20
-8.683106449e-21
-3.588126655e-20
-2.577283855e-22
-3.315688414e-20
6.764382853e-21
-3.01466904e-20
1.259710785e-20
-2.707188184e-20
1.74376543e-20
-2.406698119e-20
2.145550859e-20
-2.120764065e-20
2.479081207e-20
-1.853060315e-20
2.755679882e-20
-1.604757249e-20
2.984360652e-20
-1.375462012e-20
3.172221091e-20
-1.163842695e-20
3.324796344e-20
-9.680328314e-21
3.446355632e-20
-7.858860492e-21
3.540139703e-20
-6.15130222e-21
3.608544317e-20
-4.534552394e-21
3.653256608e-20
-2.985576558e-21
3.675350839e-20
-1.481578494e-21
3.675990642e-20
-5.051150922e-33
3.27907763e-20
-4.820333243e-21
2.517049763e-20
-1.123137704e-20
1.969171272e-20
-1.243071109e-21
1.474394487e-20
-1.646435181e-22
9.789469435e-21
-1.001724856e-21
4.919511936e-21
-1.563778864e-21
2.761506462e-22
-2.745387194e-21
-4.168464215e-21
-3.938521255e-09
5.695608468e-10
-3.635372422e-09
9.321536078e-10
-3.17775862e-09
1.122409549e-09
-2.511863121e-09
1.11428999e-09
-1.718297688e-09
8.108290847e-10
-6.34202262e-10
4.344812436e-10
-1.478405647e-10
-1.116633449e-09
1.058151634e-14
-3.242307192e-10
-1.06020348e-19
-1.572463045e-22
-9.603303706e-20
-2.514627667e-20
-7.995933848e-20
-4.296162136e-20
-6.196977372e-20
-5.231895793e-20
-4.474001186e-20
-5.524767588e-20
-2.950900504e-20
-5.415744417e-20
-1.661768087e-20
-5.086600135e-20
-5.958724035e-21
-4.653964744e-20
2.752465347e-21
-4.18674568e-20
9.839191413e-21
-3.723276415e-20
1.56020085e-20
-3.28340353e-20
2.029699484e-20
-2.876130354e-20
2.413254609e-20
-2.504253147e-20
2.727384273e-20
-2.167124507e-20
2.984975119e-20
-1.86228309e-20
3.195979968e-20
-1.586402377e-20
3.368030955e-20
-1.335830565e-20
3.506943127e-20
-1.106884954e-20
3.617111459e-20
-8.959996091e-21
3.701814686e-20
-6.997863251e-21
3.763441901e-20
-5.150452243e-21
3.803656414e-20
-3.387467602e-21
3.823508688e-20
-1.6799793e-21
3.822567047e-20
-6.10031148e-33
3.427038581e-20
-5.426898417e-21
2.656776538e-20
-1.237840553e-20
2.085009694e-20
-3.880631563e-21
1.567801297e-20
-3.118827252e-21
1.046481587e-20
-3.893517012e-21
5.370393688e-21
-4.57378099e-21
4.964535732e-22
-5.972143209e-21
-7.720629302e-21
-3.668502162e-09
4.466567901e-10
-3.473328024e-09
7.369678332e-10
-3.196618473e-09
8.456816733e-10
-2.796343999e-09
7.139934478e-10
-2.232041936e-09
2.46506115e-10
-1.236232118e-09
-5.613452915e-10
-4.428170335e-10
-1.91006377e-09
1.267585927e-14
-7.670810553e-10
-1.31042578e-19
-2.898774807e-22
-1.138484817e-19
-4.234028454e-20
-8.931667505e-20
-6.749324933e-20
-6.489849167e-20
-7.673686023e-20
-4.364978015e-20
-7.649602726e-20
-2.621756222e-20
-7.158921779e-20
-1.229132696e-20
-6.479171883e-20
-1.286533399e-21
-5.7543886e-20
7.387157996e-21
-5.054054906e-20
1.423792027e-20
-4.408288715e-20
1.967474026e-20
-3.827020149e-20
2.401576692e-20
-3.310167846e-20
2.750383249e-20
-2.852995556e-20
3.032225689e-20
-2.44890395e-20
3.260855832e-20
-2.090851042e-20
3.44655178e-20
-1.772036981e-20
3.596976566e-20
-1.486195849e-20
3.717828472e-20
-1.227680948e-20
3.813324743e-20
-9.914455776e-21
3.886555787e-20
-7.729746587e-21
3.939740365e-20
-5.681964795e-21
3.974405244e-20
-3.733892238e-21
3.991506618e-20
-1.850887854e-21
3.990981019e-20
-9.207617853e-33
3.589735509e-20
-5.98037468e-21
2.815046002e-20
-1.348081951e-20
2.215700423e-20
-6.242090314e-21
1.672255165e-20
-5.810352912e-21
1.119955248e-20
-6.475185897e-21
5.854906302e-21
-7.333238533e-21
7.261221874e-22
-8.943739388e-21
-1.104296742e-20
-3.442997455e-09
3.848698801e-10
-3.388748314e-09
6.827102266e-10
-3.342642623e-09
7.995650008e-10
-3.25395082e-09
6.252920754e-10
-2.985377506e-09
-2.207342955e-11
-2.251831492e-09
-1.294901838e-09
-1.420870275e-09
-2.741043733e-09
4.550334648e-15
-2.187973784e-09
-1.731764145e-19
1.171965643e-20
-1.390019994e-19
-7.651461622e-20
-9.856028595e-20
-1.079347886e-19
-6.46576587e-20
-1.106392207e-19
-3.874297068e-20
-1.02410383e-19
-1.942006326e-20
-9.091171106e-20
-5.043494137e-21
-7.916779047e-20
5.716803545e-21
-6.83036599e-20
1.38448199e-20
-5.866799657e-20
2.005060593e-20
-5.028805505e-20
2.484326329e-20
-4.306222001e-20
2.858748982e-20
-3.684527132e-20
3.154474855e-20
-3.148659805e-20
3.390278598e-20
-2.684647727e-20
3.579669892e-20
-2.280183435e-20
3.732392912e-20
-1.924702222e-20
3.855491467e-20
-1.609238878e-20
3.954063842e-20
-1.326201812e-20
4.031795662e-20
-1.069131716e-20
4.091333966e-20
-8.324747306e-21
4.13454762e-20
-6.11380732e-21
4.162705683e-20
-4.015278195e-21
4.176595403e-20
-1.98969581e-21
4.176931221e-20
-1.447036884e-32
3.771206357e-20
-6.494846645e-21
2.998749494e-20
-1.460523291e-20
2.364703532e-20
-8.256188798e-21
1.786119753e-20
-8.150157169e-21
1.191457562e-20
-8.632892622e-21
6.262224958e-21
-9.784648685e-21
8.74975662e-22
-1.165653175e-20
-1.421628771e-20
-3.198772184e-09
3.874746599e-10
-3.311131755e-09
7.950656229e-10
-3.556879468e-09
1.045309705e-09
-3.895469579e-09
9.638834019e-10
-4.257467192e-09
3.399275239e-10
-4.876217711e-09
-6.761579978e-10
-4.811082209e-09
-2.806199469e-09
-7.545138649e-15
-6.999054496e-09
-2.615941197e-19
2.723577766e-20
-1.704245372e-19
-1.67684122e-19
-1.01264718e-19
-1.770944461e-19
-5.642882104e-20
-1.55474875e-19
-2.724429873e-20
-1.315945799e-19
-7.676142668e-21
-1.104794726e-19
5.82063643e-21
-9.266409709e-20
1.535246687e-20
-7.783500241e-20
2.222476143e-20
-6.553975774e-20
2.727644096e-20
-5.53391458e-20
3.106021199e-20
-4.684537629e-20
3.394616308e-20
-3.973061655e-20
3.618486933e-20
-3.372472326e-20
3.79474289e-20
-2.860847701e-20
3.935151105e-20
-2.42053691e-20
4.047856255e-20
-2.037353904e-20
4.138528534e-20
-1.699860157e-20
4.211133938e-20
-1.398760393e-20
4.268452647e-20
-1.126409399e-20
4.312427964e-20
-8.764161522e-21
4.344400533e-20
-6.433276006e-21
4.365263921e-20
-4.223744524e-21
4.375564984e-20
-2.09263102e-21
4.376116313e-20
-1.94229453e-32
3.965480522e-20
-6.965259975e-21
3.208774953e-20
-1.588681823e-20
2.531473276e-20
-9.837402253e-21
1.903605067e-20
-9.996759136e-21
1.247109569e-20
-1.017192053e-20
6.413653352e-21
-1.183061474e-20
8.013758721e-22
-1.414394292e-20
-1.746302404e-20
-2.846154296e-09
4.457753319e-10
-3.126562252e-09
1.075473712e-09
-3.708266832e-09
1.627018057e-09
-4.730350803e-09
1.985974276e-09
-6.938315602e-09
2.547900303e-09
-1.138833335e-08
3.773868197e-09
-1.095742915e-08
-3.237094935e-09
-3.124760827e-15
-1.795646492e-08
-4.568086579e-19
-9.704503179e-19
-1.798395026e-19
-4.446532114e-19
-7.964514693e-20
-2.772886701e-19
-3.254852594e-20
-2.025712874e-19
-6.129191475e-21
-1.580136121e-19
1.01392329e-20
-1.267474923e-19
2.064973111e-20
-1.031741383e-19
2.764771155e-20
-8.483252334e-20
3.242537336e-20
-7.031691212e-20
3.577021047e-20
-5.868342047e-20
3.817497173e-20
-4.924954779e-20
3.995205637e-20
-4.150712154e-20
4.130111558e-20
-3.507323215e-20
4.235053681e-20
-2.965737357e-20
4.318334111e-20
-2.503766475e-20
4.385350002e-20
-2.104320538e-20
4.439628297e-20
-1.754091927e-20
4.483484932e-20
-1.442574767e-20
4.518445894e-20
-1.161333734e-20
4.545516516e-20
-9.034568648e-21
4.565353681e-20
-6.631423838e-21
4.578375272e-20
-4.353816492e-21
4.584828086e-20
-2.15709497e-21
4.584234955e-20
-2.376591304e-32
4.1685988e-20
-7.37204297e-21
3.446862536e-20
-1.751773188e-20
2.713049631e-20
-1.085315455e-20
2.015622913e-20
-1.114741085e-20
1.268671733e-20
-1.08060368e-20
6.092905662e-21
-1.333986371e-20
3.374195902e-22
-1.648779966e-20
-2.117353239e-20
-2.275312382e-09
5.270227726e-10
-2.644118215e-09
1.444282787e-09
-3.413252265e-09
2.396161498e-09
-5.174423167e-09
3.747155511e-09
-9.001436606e-09
6.374927724e-09
-1.387741238e-08
8.649872131e-09
-8.420443444e-09
-8.694026876e-09
-1.897421093e-17
-2.637689023e-08
6.638819852e-20
-4.084142803e-19
-1.246717808e-20
-3.657977953e-19
-4.927764203e-21
-2.84827976e-19
1.200914941e-20
-2.195079873e-19
2.513692831e-20
-1.711410983e-19
3.371258685e-20
-1.353227242e-19
3.899134609e-20
-1.084524366e-19
4.216332277e-20
-8.800404271e-20
4.405886502e-20
-7.22119556e-20
4.520408315e-20
-5.982809656e-20
4.591739798e-20
-4.996230043e-20
4.638594576e-20
-4.197511806e-20
4.671697417e-20
-3.540373797e-20
4.697024563e-20
-2.991014907e-20
4.717780048e-20
-2.524474267e-20
4.735578613e-20
-2.122073416e-20
4.751145458e-20
-1.769616132e-20
4.764725965e-20
-1.456116992e-20
4.776322763e-20
-1.172897723e-20
4.785830997e-20
-9.129386139e-21
4.793114416e-20
-6.704062318e-21
4.798047424e-20
-4.403022172e-21
4.800537583e-20
-2.181941112e-21
4.800294531e-20
-2.754233172e-32
4.380409252e-20
-7.737340615e-21
3.717156383e-20
-1.973309116e-20
2.904696306e-20
-1.108206309e-20
2.110640649e-20
-1.133144166e-20
1.235093771e-20
-1.015384434e-20
5.077793785e-21
-1.416942619e-20
-6.859216671e-22
-1.882307574e-20
-2.590720591e-20
-1.412509851e-09
5.702191016e-10
-1.699399832e-09
1.731177519e-09
-2.143531304e-09
2.840303278e-09
-3.435823609e-09
5.039469826e-09
-5.050927845e-09
7.990061597e-09
-4.515915091e-09
8.114889385e-09
1.154601198e-09
-1.436453258e-08
-1.404079119e-19
-2.522229171e-08
1.045603043e-19
-3.394519919e-19
6.85026869e-20
-3.297401341e-19
6.03922245e-20
-2.767174023e-19
6.037603846e-20
-2.194915618e-19
6.095530237e-20
-1.717200338e-19
6.058287443e-20
-1.349498722e-19
5.943974001e-20
-1.073088793e-19
5.795540988e-20
-8.651927355e-20
5.644272406e-20
-7.06987972e-20
5.506987927e-20
-5.845475187e-20
5.390458035e-20
-4.879649007e-20
5.295732585e-20
-4.102736012e-20
5.221056307e-20
-3.465649185e-20
5.163565203e-20
-2.933477435e-20
5.120180898e-20
-2.48104524e-20
5.088035898e-20
-2.08988576e-20
5.064644597e-20
-1.746185347e-20
5.047945234e-20
-1.439382522e-20
5.036281872e-20
-1.161204587e-20
5.028363379e-20
-9.049963669e-21
5.02321843e-20
-6.652439514e-21
5.02015553e-20
-4.372284098e-21
5.018731694e-20
-2.167653959e-21
5.018670212e-20
-3.034490331e-32
4.588796462e-20
-8.008476287e-21
4.019202572e-20
-2.288467019e-20
3.097878495e-20
-1.022194222e-20
2.173205735e-20
-1.02089422e-20
1.11978926e-20
-7.722596586e-21
3.112431922e-21
-1.418630617e-20
-2.46210001e-21
-2.134716925e-20
-3.241688033e-20
-3.11834136e-10
5.286498582e-10
-3.620211608e-10
1.781370515e-09
-3.179519137e-10
2.796247445e-09
-2.239907133e-10
4.945540824e-09
-8.197668942e-10
8.585876085e-09
1.202527302e-09
6.092614956e-09
3.676116599e-09
-1.683813707e-08
1.317109763e-18
-2.154618271e-08
1.102919352e-19
-3.804428378e-19
1.215253472e-19
-3.409734998e-19
1.17618065e-19
-2.728099755e-19
1.081475664e-19
-2.100208811e-19
9.7725464e-20
-1.612976563e-19
8.822386733e-20
-1.254478962e-19
8.022934572e-20
-9.931396857e-20
7.377588624e-20
-8.006537952e-20
6.86867694e-20
-6.560922699e-20
6.472814107e-20
-5.449565932e-20
6.16737103e-20
-4.574158902e-20
5.932819412e-20
-3.86813788e-20
5.753228057e-20
-3.286012682e-20
5.615997398e-20
-2.796203039e-20
5.511340378e-20
-2.376345853e-20
5.431736311e-20
-2.010241318e-20
5.371447422e-20
-1.685859246e-20
5.326123169e-20
-1.3940254e-20
5.292490092e-20
-1.12754389e-20
5.268115795e-20
-8.80600294e-21
5.251233972e-20
-6.483464461e-21
5.240618544e-20
-4.266032029e-21
5.23549709e-20
-2.116395502e-21
5.235391533e-20
-3.539740182e-32
4.798916619e-20
-8.212089128e-21
4.366173213e-20
-2.740438927e-20
3.285548255e-20
-7.768476623e-21
2.180039469e-20
-7.27772473e-21
8.790271209e-21
-2.815037131e-21
-2.460020249e-22
-1.325201556e-20
-5.33017157e-21
-2.436126371e-20
-4.179445111e-20
7.966493026e-10
4.600622293e-10
1.080378172e-09
1.497648745e-09
1.471679508e-09
2.404961382e-09
2.444694773e-09
3.972552824e-09
3.599904875e-09
7.430684697e-09
5.45210009e-09
4.240418984e-09
4.764333394e-09
-1.615039873e-08
-4.624757292e-18
-1.678184943e-08
1.461662793e-19
-5.167447035e-19
1.896887637e-19
-3.844959778e-19
1.804071594e-19
-2.635282656e-19
1.568707912e-19
-1.864843559e-19
1.335752241e-19
-1.380017802e-19
1.14357795e-19
-1.062301187e-19
9.947793477e-20
-8.443372568e-20
8.823203877e-20
-6.881902727e-20
7.980033706e-20
-5.717706387e-20
7.348221138e-20
-4.817708381e-20
6.873392052e-20
-4.099285172e-20
6.51494461e-20
-3.50964617e-20
6.2430377e-20
-3.014062431e-20
6.035854584e-20
-2.588977681e-20
5.877444913e-20
-2.217895181e-20
5.756118383e-20
-1.888875737e-20
5.663281268e-20
-1.592986216e-20
5.592604679e-20
-1.323317227e-20
5.539433688e-20
-1.074346571e-20
5.500369642e-20
-8.415157326e-21
5.472977215e-20
-6.209394313e-21
5.455582197e-20
-4.091991645e-21
5.447136641e-20
-2.031899252e-21
5.446818898e-20
-4.123377289e-32
5.002892796e-20
-8.336276996e-21
4.76347927e-20
-3.385704828e-20
3.446670515e-20
-2.952837396e-21
2.08380517e-20
-1.772604783e-21
4.308070951e-21
5.612720755e-21
-5.869484033e-21
-1.117610119e-20
-9.955741913e-21
-2.83729294e-20
-5.579743375e-20
1.790529835e-09
3.512707338e-10
2.225405864e-09
1.062781202e-09
2.881892251e-09
1.748494406e-09
4.405578434e-09
2.448885761e-09
6.796269485e-09
5.039983049e-09
8.834925162e-09
2.201752488e-09
5.605975981e-09
-1.292145553e-08
-6.725730882e-11
-1.110861039e-08
2.760857671e-19
-6.725730019e-11
3.106562272e-19
-4.190663322e-19
2.574510691e-19
-2.103230181e-19
2.053533669e-19
-1.343864972e-19
1.653468856e-19
-9.799501675e-20
1.36154188e-19
-7.703712107e-20
1.150926332e-19
-6.33717966e-20
9.987400217e-20
-5.359996749e-20
8.880031712e-20
-4.610295151e-20
8.066644346e-20
-4.004279158e-20
7.463031054e-20
-3.495629658e-20
7.010528348e-20
-3.057100697e-20
6.66812245e-20
-2.671613953e-20
6.406937083e-20
-2.32775046e-20
6.206464357e-20
-2.017381747e-20
6.052007905e-20
-1.734380539e-20
5.932950257e-20
-1.473893005e-20
5.841575335e-20
-1.231911167e-20
5.772264527e-20
-1.00501001e-20
5.720945944e-20
-7.901773034e-21
5.684717482e-20
-5.846970202e-21
5.661591436e-20
-3.86064552e-21
5.650326566e-20
-1.919211605e-21
5.650305328e-20
-4.275566032e-32
5.198475239e-20
-8.383604393e-21
5.206487073e-20
-4.278361226e-20
3.530018089e-20
5.459751209e-21
1.795333755e-20
7.451022401e-21
-3.618924012e-21
1.908308664e-20
-1.521613362e-20
-7.680200626e-21
-1.743454867e-20
-3.425211259e-20
-7.727907661e-20
2.472849612e-09
2.266453989e-10
2.956517708e-09
5.791174531e-10
3.732019132e-09
9.730107127e-10
5.242829458e-09
9.380918811e-10
8.29511093e-09
1.98768504e-09
1.027141872e-08
2.25441283e-10
6.480178613e-09
-9.130194846e-09
7.213020637e-11
-4.700565663e-09
-3.209236526e-18
4.872914073e-12
5.193909667e-19
1.295425465e-19
3.333876985e-19
-2.43196989e-20
2.417448473e-19
-4.274353495e-20
1.863047813e-19
-4.255470796e-20
1.498195124e-19
-4.055163321e-20
1.248644623e-19
-3.841640367e-20
1.073710181e-19
-3.610613049e-20
9.486047705e-20
-3.359201991e-20
8.575293847e-20
-3.093486288e-20
7.901560015e-20
-2.821855354e-20
7.396015092e-20
-2.551513646e-20
7.011985943e-20
-2.28754198e-20
6.717305797e-20
-2.033027728e-20
6.489465565e-20
-1.789499941e-20
6.312495439e-20
-1.557370895e-20
6.174932095e-20
-1.33629354e-20
6.068476492e-20
-1.125424149e-20
5.987097233e-20
-9.236050133e-21
5.926426227e-20
-7.294866808e-21
5.88334995e-20
-5.416070902e-21
5.855734827e-20
-3.584410808e-21
5.842247726e-20
-1.784302159e-21
5.841549486e-20
-4.498637328e-32
5.387221633e-20
-8.402333746e-21
5.656020118e-20
-5.431771529e-20
3.422907247e-20
1.943910833e-20
1.167548441e-20
2.188171669e-20
-1.685554839e-20
3.951253925e-20
-3.01205681e-20
-2.516178864e-21
-2.909176015e-20
-4.337821243e-20
-1.104177848e-19
2.875922342e-09
1.116085808e-10
3.24252265e-09
2.125189741e-10
3.802131616e-09
4.134128842e-10
4.564314636e-09
1.759213826e-10
6.256682748e-09
2.953162646e-10
6.350815411e-09
1.312997779e-10
2.403606494e-09
-5.182967891e-09
-9.649801157e-10
-1.331998299e-09
4.989412561e-18
-9.601071858e-10
3.655141827e-19
-1.768454798e-19
3.149635997e-19
2.623097484e-20
2.419336743e-19
3.028650049e-20
1.883078561e-19
1.107134611e-20
1.51954742e-19
-4.19824809e-21
1.271747355e-19
-1.363605043e-20
1.098851287e-19
-1.881615851e-20
9.751763408e-20
-2.122416305e-20
8.846924781e-20
-2.188610612e-20
8.171901723e-20
-2.146792755e-20
7.659986758e-20
-2.039556455e-20
7.266500195e-20
-1.894011553e-20
6.960833584e-20
-1.727316836e-20
6.72159461e-20
-1.550217466e-20
6.533572794e-20
-1.36930778e-20
6.385801485e-20
-1.188484721e-20
6.270295628e-20
-1.009885989e-20
6.181215566e-20
-8.344987889e-21
6.114305817e-20
-6.625572136e-21
6.06651596e-20
-4.938036118e-21
6.035745692e-20
-3.276624914e-21
6.020677942e-20
-1.633585723e-21
6.021213115e-20
-4.698172214e-32
5.559247894e-20
-8.359941245e-21
5.999596348e-20
-6.756700105e-20
2.916691034e-20
4.191667831e-20
-8.900803347e-23
4.301505111e-20
-3.739546304e-20
6.871771601e-20
-5.215982885e-20
4.147441645e-21
-4.593178538e-20
-5.77033132e-20
-1.603964072e-19
2.984974003e-09
7.273597207e-12
3.273871975e-09
-7.637677888e-11
3.762618602e-09
-7.532838364e-11
4.342936311e-09
-4.043970589e-10
4.965369854e-09
-3.271195798e-10
5.249686457e-09
-1.530595144e-10
4.829795732e-09
-4.76308522e-09
1.70162058e-09
1.796167668e-09
3.647477749e-18
7.415133826e-10
5.68405138e-19
7.145407908e-19
3.190193667e-19
2.756168068e-19
2.227185199e-19
1.265874784e-19
1.730382619e-19
6.075177282e-20
1.425169396e-19
2.632334257e-20
1.219946274e-19
6.88658488e-21
1.074771242e-19
-4.298320605e-21
9.685569101e-20
-1.060238795e-20
8.888742638e-20
-1.391748272e-20
8.279138022e-20
-1.537149016e-20
7.80553166e-20
-1.565907451e-20
7.433194913e-20
-1.521629593e-20
7.137932954e-20
-1.432008463e-20
6.902504296e-20
-1.314742814e-20
6.714395853e-20
-1.181155676e-20
6.564400217e-20
-1.038449703e-20
6.445682828e-20
-8.911350395e-21
6.353157141e-20
-7.419462344e-21
6.283059419e-20
-5.924394289e-21
6.23265708e-20
-4.433874673e-21
6.200049611e-20
-2.950465523e-21
6.184036514e-20
-1.473414365e-21
6.184664004e-20
-4.804691949e-32
5.72091375e-20
-8.291310246e-21
6.051921994e-20
-7.972257099e-20
1.712653955e-20
7.695814233e-20
-1.987364667e-20
7.189286662e-20
-6.688836005e-20
1.076314046e-19
-8.193278559e-20
1.10913486e-20
-6.799189162e-20
-7.974106303e-20
-2.324350284e-19
2.929866789e-09
-7.274329337e-11
3.125177129e-09
-2.716891365e-10
3.429013151e-09
-3.791612268e-10
3.722962929e-09
-6.98359526e-10
3.935422815e-09
-5.39604001e-10
4.167848223e-09
-3.855665487e-10
3.803977617e-09
-4.399261317e-09
2.888614255e-09
2.711518918e-09
-6.186862986e-18
3.630136774e-09
1.295005691e-19
3.540322881e-19
1.699901607e-19
2.351272594e-19
1.568828143e-19
1.396949425e-19
1.386098316e-19
7.902493083e-20
1.23080182e-19
4.185325144e-20
1.108097219e-19
1.915733965e-20
1.011730568e-19
5.338657925e-21
9.354059624e-20
-2.969593393e-21
8.743341893e-20
-7.809948628e-21
8.250379588e-20
-1.04414749e-20
7.849809518e-20
-1.165294138e-20
7.522816043e-20
-1.194589508e-20
7.255198603e-20
-1.164342444e-20
7.036091434e-20
-1.095587115e-20
6.857101826e-20
-1.002120009e-20
6.711714881e-20
-8.930214726e-21
6.594871633e-20
-7.742569375e-21
6.502663947e-20
-6.497108902e-21
6.432111381e-20
-5.218663115e-21
6.380997995e-20
-3.92259912e-21
6.347754727e-20
-2.617944985e-21
6.331377951e-20
-1.309603781e-21
6.331240408e-20
-4.601287294e-32
5.862392423e-20
-8.166704239e-21
5.572172706e-20
-8.566559837e-20
-4.91336018e-21
1.29242329e-19
-4.992771759e-20
1.08785153e-19
-1.060958655e-19
1.55698786e-19
-1.185577716e-19
1.545296026e-20
-9.388669114e-20
-1.125087957e-19
-3.303682803e-19
2.738970196e-09
-1.52471139e-10
2.961242024e-09
-4.939732765e-10
3.327983464e-09
-7.459069964e-10
3.814622714e-09
-1.185019757e-09
4.419263952e-09
-1.144269074e-09
4.809053011e-09
-7.754044088e-10
3.900262407e-09
-3.490524176e-09
2.295855596e-09
4.315900887e-09
-3.179662371e-18
5.925990871e-09
1.137374224e-20
2.068194778e-19
7.455773644e-20
1.719433083e-19
9.621280264e-20
1.180399918e-19
1.014381523e-19
7.379976819e-20
1.003842702e-19
4.290737556e-20
9.699104018e-20
2.25508412e-20
9.286480553e-20
9.46519952e-21
8.870024101e-20
1.195310351e-21
8.480189266e-20
-3.911232841e-21
8.12923294e-20
-6.931507968e-21
7.820514147e-20
-8.565307901e-21
7.553063107e-20
-9.270900834e-21
7.323953932e-20
-9.351824431e-21
7.12955854e-20
-9.011408043e-21
6.966200362e-20
-8.387136528e-21
6.830479416e-20
-7.572576333e-21
6.71941768e-20
-6.631592588e-21
6.630508525e-20
-5.607733495e-21
6.56171778e-20
-4.530544522e-21
6.511463408e-20
-3.419908531e-21
6.478588848e-20
-2.289106781e-21
6.462338329e-20
-1.147052394e-21
6.462927562e-20
-4.618985268e-32
5.978959659e-20
-7.898965813e-21
4.374693013e-20
-7.846786316e-20
-3.820111387e-20
2.028396867e-19
-9.092840885e-20
1.533906542e-19
-1.54096065e-19
2.107659201e-19
-1.59441935e-19
1.269874028e-20
-1.207118749e-19
-1.593353126e-19
-4.551265117e-19
2.458307543e-09
-2.407114495e-10
2.692134088e-09
-7.278105032e-10
3.048551322e-09
-1.102329371e-09
3.575792413e-09
-1.712293658e-09
3.986224914e-09
-1.554732231e-09
4.846115253e-09
-1.635308475e-09
4.031042757e-09
-2.675465483e-09
1.966859e-09
6.380107885e-09
-1.117443511e-18
7.892843353e-09
-2.240917211e-20
1.723793479e-19
2.065437652e-20
1.288798049e-19
5.197257907e-20
8.672190757e-20
7.054575962e-20
5.52267712e-20
8.00277358e-20
3.342562054e-20
8.39053985e-20
1.867342827e-20
8.459491636e-20
8.775991093e-21
8.359369782e-20
2.196884096e-21
8.178161754e-20
-2.098764229e-21
7.965852946e-20
-4.807996202e-21
7.749954854e-20
-6.405862435e-21
7.544970747e-20
-7.220555742e-21
7.357995571e-20
-7.481543103e-21
7.191985692e-20
-7.350780224e-21
7.047656382e-20
-6.94334584e-21
6.92457779e-20
-6.341350425e-21
6.82180359e-20
-5.603483643e-21
6.738227423e-20
-4.771681981e-21
6.67278138e-20
-3.875866858e-21
6.624543583e-20
-2.937377121e-21
6.592794286e-20
-1.971515034e-21
6.577043568e-20
-9.894948109e-22
6.577078487e-20
-4.366851136e-32
6.0635522e-20
-7.330341404e-21
2.471057761e-20
-5.138753546e-20
-8.012614736e-20
2.993259711e-19
-1.405962375e-19
2.057391475e-19
-2.075295173e-19
2.695988939e-19
-2.004581925e-19
-2.472473265e-21
-1.446854071e-19
-2.232043683e-19
-6.038581679e-19
1.946458221e-09
-3.239263143e-10
2.205229435e-09
-9.865821661e-10
2.596299905e-09
-1.493392973e-09
3.21766201e-09
-2.333681957e-09
3.679070484e-09
-2.01618234e-09
4.691138776e-09
-2.647391903e-09
3.69986386e-09
-1.684215553e-09
2.048428827e-09
8.031542345e-09
-5.816741305e-19
9.941266112e-09
-6.4494288e-20
2.002244525e-19
-2.150354921e-20
8.588911601e-20
2.04774427e-20
4.474103553e-20
4.874460897e-20
2.695978511e-20
6.527554353e-20
1.689490025e-20
7.400796132e-20
9.941243285e-21
7.801580936e-20
4.768443652e-21
7.929804949e-20
9.150047748e-22
7.907238556e-20
-1.872695967e-21
7.806066323e-20
-3.795830974e-21
7.668485523e-20
-5.029570658e-21
7.518872011e-20
-5.723897909e-21
7.371071859e-20
-6.002995209e-21
7.23272913e-20
-5.96681091e-21
7.107855923e-20
-5.694107764e-21
6.998364468e-20
-5.245990939e-21
6.904983756e-20
-4.669305848e-21
6.827808935e-20
-3.999639267e-21
6.766630353e-20
-3.263857252e-21
6.721129792e-20
-2.482210191e-21
6.690996309e-20
-1.670074029e-21
6.675993049e-20
-8.394070359e-22
6.675678416e-20
-3.899308002e-32
6.12485679e-20
-6.385795804e-21
1.002888565e-21
1.381023982e-23
-1.247307355e-19
4.167094139e-19
-1.943556763e-19
2.672426027e-19
-2.622839589e-19
3.294270313e-19
-2.383936421e-19
-3.44624446e-20
-1.636660039e-19
-3.060281074e-19
-7.71570543e-19
1.321003623e-09
-4.205391415e-10
1.648209138e-09
-1.313782645e-09
2.244629547e-09
-2.089800106e-09
2.911860661e-09
-3.000917785e-09
3.652296679e-09
-2.756640322e-09
4.097440057e-09
-3.092553675e-09
1.558736855e-09
8.544621197e-10
5.830091237e-10
9.007246718e-09
-8.567424967e-19
1.052426514e-08
-1.770596802e-19
3.771825037e-20
-6.265166078e-20
-2.851885335e-20
2.696192285e-21
-2.060670806e-20
3.867972411e-20
-9.023570844e-21
5.832188657e-20
-2.747058776e-21
6.883516169e-20
-5.718013738e-22
7.416237048e-20
-5.58465748e-22
7.651034875e-20
-1.432606516e-21
7.714925056e-20
-2.511179798e-21
7.682692355e-20
-3.473044183e-21
7.599052798e-20
-4.192674393e-21
7.490962281e-20
-4.642455417e-21
7.374690289e-20
-4.839718771e-21
7.259999445e-20
-4.81935571e-21
7.152667606e-20
-4.620282885e-21
7.056032977e-20
-4.27920073e-21
6.971950414e-20
-3.828109102e-21
6.901387136e-20
-3.293708253e-21
6.844795059e-20
-2.697705578e-21
6.802343408e-20
-2.057523442e-21
6.774063008e-20
-1.387155652e-21
6.759933753e-20
-6.980543049e-22
6.759719966e-20
-3.629040846e-32
6.205758457e-20
-5.415840735e-21
-2.842216396e-20
8.164943693e-20
-1.741025638e-19
5.540398034e-19
-2.553331141e-19
3.403516327e-19
-3.186081627e-19
3.846019822e-19
-2.741866433e-19
-8.698326683e-20
-1.793888461e-19
-4.089218339e-19
-9.55006062e-19
4.673544257e-10
-5.285104391e-10
7.38745655e-10
-1.585172287e-09
1.377627408e-09
-2.728680077e-09
1.738841313e-09
-3.36215303e-09
1.597993386e-09
-2.615810846e-09
-1.042311957e-09
-4.522604808e-10
-4.31479525e-09
4.126938622e-09
-3.7724618e-09
8.464930798e-09
-1.539946378e-18
6.751807137e-09
-2.414062068e-19
-5.725967742e-19
-5.473941208e-20
-2.151855919e-19
1.42793295e-20
-8.962534529e-20
4.495623617e-20
-3.970026517e-20
6.049714397e-20
-1.828774969e-20
6.884849732e-20
-8.922901342e-21
7.328822971e-20
-4.997877763e-21
7.543177547e-20
-3.575767662e-21
7.618738617e-20
-3.266356821e-21
7.610729334e-20
-3.392477003e-21
7.554074696e-20
-3.625614602e-21
7.471235945e-20
-3.81352201e-21
7.376726595e-20
-3.894066297e-21
7.279906727e-20
-3.850613642e-21
7.186775822e-20
-3.688473715e-21
7.10114214e-20
-3.422425538e-21
7.025390499e-20
-3.070223223e-21
6.960987404e-20
-2.649375624e-21
6.908813273e-20
-2.175725707e-21
6.869380187e-20
-1.663012849e-21
6.842973143e-20
-1.122962444e-21
6.829739183e-20
-5.656497738e-22
6.830195754e-20
-2.958470918e-32
6.309796379e-20
-4.782135272e-21
-8.122953015e-20
2.171329283e-19
-2.621233045e-19
7.265837908e-19
-3.5834822e-19
4.284548493e-19
-3.954846517e-19
4.136381551e-19
-3.144773169e-19
-1.76089286e-19
-1.933955877e-19
-5.380990908e-19
-1.152448402e-18
-6.857826308e-10
-5.413917372e-10
-6.343314803e-10
-1.636634578e-09
-4.963759297e-10
-2.86664924e-09
-1.02318571e-09
-2.83537392e-09
-3.552037582e-09
-8.697957454e-11
-7.551756335e-09
3.547455852e-09
-7.400007863e-09
3.975186955e-09
-3.653562541e-09
4.718499586e-09
-1.126156127e-19
3.0982447e-09
1.173487049e-19
-3.421697923e-19
7.082088616e-20
-1.68657701e-19
6.420440962e-20
-8.300875526e-20
6.636875166e-20
-4.186436516e-20
6.986199231e-20
-2.17807635e-20
7.27735209e-20
-1.183415834e-20
7.471033982e-20
-6.93435163e-21
7.574118631e-20
-4.606206815e-21
7.606126599e-20
-3.585985194e-21
7.587415574e-20
-3.204879179e-21
7.535283955e-20
-3.103776268e-21
7.463181517e-20
-3.091949211e-21
7.381071861e-20
-3.072415347e-21
7.29612072e-20
-3.000568645e-21
7.213380639e-20
-2.860583756e-21
7.136362372e-20
-2.651812397e-21
7.067475259e-20
-2.38098489e-21
7.008352396e-20
-2.057841619e-21
6.960084559e-20
-1.69280083e-21
6.923385228e-20
-1.295830457e-21
6.89870441e-20
-8.760237275e-22
6.886304161e-20
-4.415783497e-22
6.885451419e-20
-2.411480906e-32
6.313323234e-20
-3.617354609e-21
-1.900083882e-19
4.614304982e-19
-4.3356653e-19
9.617927505e-19
-5.407861082e-19
5.275528868e-19
-5.206540372e-19
3.854054187e-19
-3.747994134e-19
-3.300421404e-19
-2.05662174e-19
-7.153313664e-19
-1.362157014e-18
-1.767997105e-09
-3.640439988e-10
-2.025274265e-09
-1.379370794e-09
-2.089172169e-09
-2.802771671e-09
-1.855838324e-09
-3.068729251e-09
-2.024857775e-09
8.204233785e-11
-3.150972633e-09
4.673607289e-09
-3.60628197e-09
4.430529749e-09
-2.137540453e-09
3.249770396e-09
7.156258347e-18
9.607042405e-10
2.915471932e-19
7.820394711e-21
1.564696201e-19
-3.357999287e-20
1.053487997e-19
-3.188782371e-20
8.645235331e-20
-2.296771521e-20
7.980859748e-20
-1.513678543e-20
7.76733276e-20
-9.69860378e-21
7.703848463e-20
-6.299146254e-21
7.676140793e-20
-4.328707906e-21
7.644237201e-20
-3.266486617e-21
7.597525865e-20
-2.73727006e-21
7.536466661e-20
-2.492658481e-21
7.465134903e-20
-2.378086344e-21
7.388256531e-20
-2.303087089e-21
7.310119209e-20
-2.218675395e-21
7.234257775e-20
-2.101492981e-21
7.163445122e-20
-1.943263431e-21
7.099789586e-20
-1.744063966e-21
7.044856475e-20
-1.508201018e-21
6.999781596e-20
-1.241797926e-21
6.965365901e-20
-9.514761997e-22
6.942148948e-20
-6.437173904e-22
6.930461996e-20
-3.246371728e-22
6.930119172e-20
-2.087962186e-32
5.967422086e-20
1.438679274e-21
-3.467653338e-19
8.590257156e-19
-6.358945151e-19
1.242573441e-18
-7.209105712e-19
6.044479892e-19
-6.228148885e-19
2.792087865e-19
-4.18141074e-19
-5.428148811e-19
-2.021292447e-19
-9.394389326e-19
-1.568332931e-18
-2.489699624e-09
-5.973064899e-11
-3.28100142e-09
-5.880890136e-10
-4.220451824e-09
-1.863343064e-09
-4.323664703e-09
-2.965520404e-09
-2.83487416e-09
-1.406730389e-09
-9.425065221e-10
2.781277674e-09
-3.796879373e-10
3.867734164e-09
-9.114373424e-10
3.78152825e-09
1.493623536e-17
4.926691449e-11
2.503545579e-19
1.760717413e-19
1.581619021e-19
5.861284929e-20
1.142689082e-19
1.200537694e-20
9.428328309e-20
-2.981890322e-21
8.524677913e-20
-6.100047851e-21
8.107278513e-20
-5.524303465e-21
7.900892298e-20
-4.234905292e-21
7.782362922e-20
-3.142983133e-21
7.697158856e-20
-2.413978345e-21
7.621987023e-20
-1.985053197e-21
7.547923875e-20
-1.751502531e-21
7.472634829e-20
-1.624657911e-21
7.3966977e-20
-1.543183844e-21
7.32183745e-20
-1.469567148e-21
7.25008073e-20
-1.383461094e-21
7.183365069e-20
-1.275690751e-21
7.123375881e-20
-1.143806937e-21
7.071496784e-20
-9.890963989e-22
7.028813769e-20
-8.147073368e-22
6.996141782e-20
-6.245530163e-22
6.974056969e-20
-4.227285551e-22
6.962925713e-20
-2.132519089e-22
6.962875524e-20
-1.056825946e-32
5.383401087e-20
1.266910201e-20
-3.757269033e-19
1.279741561e-18
-5.255920937e-19
1.384089992e-18
-5.171200292e-19
5.878547412e-19
-3.379339161e-19
9.19230258e-20
-1.592839232e-19
-7.295626241e-19
-4.473466874e-20
-1.062083647e-18
-1.61711428e-18
-2.011275265e-09
9.053033143e-11
-2.759078522e-09
1.596977647e-10
-4.433124617e-09
-1.893089329e-10
-6.692794736e-09
-7.058370248e-10
-7.393612123e-09
-7.058857917e-10
-4.878942021e-09
2.666314832e-10
-3.157649833e-09
2.146417865e-09
-4.926690544e-11
6.731413275e-10
1.938430401e-19
6.920216998e-19
1.329142967e-19
2.370004847e-19
1.115543744e-19
7.997300876e-20
9.928164096e-20
2.427833931e-20
9.116512556e-20
5.13483864e-21
8.582252351e-20
-7.571868981e-22
8.23621833e-20
-2.06363432e-21
8.010084514e-20
-1.973177312e-21
7.855263401e-20
-1.594338398e-21
7.740051371e-20
-1.261390553e-21
7.645342089e-20
-1.037463297e-21
7.560608337e-20
-9.036452948e-22
7.480782235e-20
-8.258683432e-22
7.40405937e-20
-7.754358346e-22
7.330448055e-20
-7.329606282e-22
7.260857764e-20
-6.871023755e-22
7.19655345e-20
-6.322354264e-22
7.138846935e-20
-5.663760158e-22
7.08893569e-20
-4.896669873e-22
7.047829201e-20
-4.033781196e-22
7.016324228e-20
-3.092971848e-22
6.995004634e-20
-2.093910049e-22
6.984250904e-20
-1.056427679e-22
6.98438222e-20
-5.156606402e-34
5.758333268e-20
2.035783902e-20
1.187505714e-19
1.209730624e-18
6.251584486e-19
8.693357796e-19
7.030721109e-19
5.0182159e-19
8.53784399e-19
-6.688715221e-20
8.163022392e-19
-7.001761071e-19
4.361838259e-19
-6.900585712e-19
-1.184974887e-18
-1.644865343e-09
-1.485176426e-09
-1.674482455e-09
-2.380302842e-09
-3.08618552e-09
-2.819539573e-09
-6.731407634e-10
-9.531356741e-19
-2.611139741e-19
-2.411340487e-20
5.585970499e-20
8.01381403e-20
8.527310002e-20
8.451607609e-20
8.245264031e-20
8.047968405e-20
7.888558185e-20
7.762444097e-20
7.658723889e-20
7.568386032e-20
7.485825486e-20
7.40830689e-20
7.335033881e-20
7.266344459e-20
7.203139391e-20
7.146517838e-20
7.097564577e-20
7.057237294e-20
7.026314846e-20
7.005379458e-20
6.994815181e-20
6.99463926e-20
8.573870518e-20
1.291193887e-18
2.156461618e-18
2.654234663e-18
2.583300708e-18
1.879077904e-18
1.184974887e-18
)
;

boundaryField
{
    lowerWall
    {
        type            calculated;
        value           uniform 0;
    }
    atmosphere
    {
        type            calculated;
        value           nonuniform List<scalar> 
80
(
5.206154297e-08
2.338864547e-09
-7.026180304e-09
-9.014601605e-09
-7.469624375e-09
-6.998518393e-09
-2.662188157e-09
1.143045904e-09
1.28226126e-09
-3.72023503e-09
-4.635969112e-09
-5.154488181e-09
-4.89728773e-09
-4.95897764e-09
-4.869074086e-09
-5.023135354e-09
-5.325784581e-09
-5.832317303e-09
-6.560460333e-09
-7.520366866e-09
-8.863755614e-09
-1.02645957e-08
-1.235152238e-08
-1.361732106e-08
-1.894769989e-08
-2.744837492e-08
-1.111904567e-08
1.803316422e-08
3.007872781e-08
1.451982063e-08
1.975462358e-09
7.872795102e-09
8.742112086e-09
8.989541787e-09
8.091251153e-09
6.653884666e-09
5.246099016e-09
4.028368475e-09
2.921892249e-09
1.864010191e-09
8.665134289e-10
-1.518951621e-10
-1.182287629e-09
-2.344697911e-09
-3.651846365e-09
-4.859529137e-09
-5.454099425e-09
-4.49567721e-09
-1.50132211e-09
2.365512378e-09
4.76164265e-09
5.799922621e-09
5.808659177e-09
5.402539734e-09
4.930413694e-09
4.490390457e-09
4.110406163e-09
3.791400771e-09
3.504780354e-09
3.196165259e-09
2.78785323e-09
2.194065687e-09
1.369314681e-09
3.534051401e-10
-7.280588022e-10
-1.681735253e-09
-2.348221849e-09
-2.760881986e-09
-2.880639101e-09
-2.849862197e-09
-2.659263068e-09
-2.370082978e-09
-1.86325069e-09
-1.22439283e-09
-3.593829732e-10
6.986611636e-10
1.590643676e-09
2.185369458e-09
1.860996827e-09
1.735384746e-09
)
;
    }
    rightWall
    {
        type            empty;
    }
    leftWall
    {
        type            empty;
    }
    frontAndBack
    {
        type            calculated;
        value           nonuniform List<scalar> 
80
(
0
0
0
0
0
0
0
-4.930380658e-32
0
0
0
0
0
0
0
0
0
0
0
0
0
0
0
0
0
0
0
0
0
0
0
0
0
0
-3.851859889e-34
0
0
0
0
0
6.018531076e-36
0
0
4.814824861e-35
0
0
0
0
0
0
0
0
0
0
0
0
0
0
0
0
0
0
0
0
0
0
0
0
0
0
0
0
0
-3.851859889e-34
3.851859889e-34
0
0
0
0
0
)
;
    }
}


// ************************************************************************* //
