/*--------------------------------*- C++ -*----------------------------------*\
| =========                 |                                                 |
| \\      /  F ield         | OpenFOAM: The Open Source CFD Toolbox           |
|  \\    /   O peration     | Version:  2506                                  |
|   \\  /    A nd           | Website:  www.openfoam.com                      |
|    \\/     M anipulation  |                                                 |
\*---------------------------------------------------------------------------*/
FoamFile
{
    version     2.0;
    format      ascii;
    arch        "LSB;label=32;scalar=64";
    class       volVectorField;
    location    "0.003";
    object      U;
}
// * * * * * * * * * * * * * * * * * * * * * * * * * * * * * * * * * * * * * //

dimensions      [0 1 -1 0 0 0 0];

internalField   nonuniform List<vector> 
3200
(
(0 -4.133169845 -0.3721068873)
(0 -5.076904025 -0.6711544068)
(0 -4.152066693 -0.8082813562)
(0 -0.9871492077 -1.102138543)
(0 -0.9603494733 -0.8260625079)
(0 -0.7547682938 -0.4100209897)
(0 -0.5279089009 -0.09600147401)
(0 -0.0005167870776 0.07996995884)
(0 2.301140823e-11 3.408255969e-11)
(0 3.399282033e-11 1.247673582e-11)
(0 1.660526001e-11 4.913934413e-12)
(0 9.649736324e-12 2.041661868e-12)
(0 6.734765375e-12 8.733864031e-13)
(0 5.488063487e-12 3.734020306e-13)
(0 4.962204323e-12 1.525827239e-13)
(0 4.75598746e-12 5.379549472e-14)
(0 4.692542377e-12 9.830247478e-15)
(0 4.692133383e-12 -9.225651408e-15)
(0 4.718543499e-12 -1.697704452e-14)
(0 4.755375655e-12 -1.96405402e-14)
(0 4.79526288e-12 -2.002640104e-14)
(0 4.834889532e-12 -1.937437463e-14)
(0 4.872704465e-12 -1.821181805e-14)
(0 4.907895972e-12 -1.675387126e-14)
(0 4.939952724e-12 -1.508687915e-14)
(0 4.968489246e-12 -1.324951289e-14)
(0 4.993184945e-12 -1.126635518e-14)
(0 5.013767787e-12 -9.16008139e-15)
(0 5.030012988e-12 -6.954606607e-15)
(0 5.041745268e-12 -4.675057798e-15)
(0 5.048841263e-12 -2.347449446e-15)
(0 2.525609041e-12 -9.844184842e-25)
(0 9.388044555e-12 -8.694494107e-13)
(0 1.658608264e-11 -5.197170873e-11)
(0 4.229779766e-10 -4.472321126e-11)
(0 -3.203289058e-10 -2.93574216e-11)
(0 8.952262137e-10 -1.263837026e-11)
(0 -3.85208174e-10 2.020523946e-11)
(0 6.291121381e-10 4.035448909e-11)
(0 -2.502500317e-10 7.353216344e-11)
(0 -0.1968849062 0.4160488538)
(0 -0.6357792856 -0.0201104038)
(0 -0.44171601 -0.2990576201)
(0 -1.175019377 -2.793279781)
(0 -1.628529247 0.5340007577)
(0 -1.197163703 -0.1819236121)
(0 -0.9878329146 -0.665531424)
(0 -0.008232971934 -0.7177263301)
(0 8.952461653e-12 5.658898753e-11)
(0 4.844678038e-12 2.340819142e-11)
(0 6.170186058e-12 1.00512611e-11)
(0 5.609188315e-12 4.421014795e-12)
(0 5.066505537e-12 1.951929581e-12)
(0 4.767259808e-12 8.411197517e-13)
(0 4.642597787e-12 3.357978422e-13)
(0 4.613234983e-12 1.066477974e-13)
(0 4.62952123e-12 4.665156897e-15)
(0 4.665326091e-12 -3.889809021e-14)
(0 4.70812861e-12 -5.593277606e-14)
(0 4.752326298e-12 -6.110845521e-14)
(0 4.795529045e-12 -6.102487763e-14)
(0 4.836704115e-12 -5.854508689e-14)
(0 4.875324969e-12 -5.484975213e-14)
(0 4.911020911e-12 -5.039883596e-14)
(0 4.943457082e-12 -4.536905588e-14)
(0 4.97230977e-12 -3.984272691e-14)
(0 4.997274377e-12 -3.388170363e-14)
(0 5.018079536e-12 -2.755081298e-14)
(0 5.034498011e-12 -2.092129969e-14)
(0 5.046352425e-12 -1.40683113e-14)
(0 5.05351632e-12 -7.0684669e-15)
(0 2.527956491e-12 -2.369929062e-24)
(0 9.528616354e-12 -1.637829151e-12)
(0 1.09804079e-11 -1.130346591e-10)
(0 3.061776861e-10 -1.028083354e-10)
(0 -4.549040679e-10 -5.903947672e-11)
(0 7.541862728e-10 -3.271856875e-11)
(0 -5.421669997e-10 4.06670242e-11)
(0 5.099114374e-10 9.182205703e-11)
(0 -2.814865668e-10 1.651033461e-10)
(0 0.5677615396 0.1519486756)
(0 0.5838431727 0.03798591152)
(0 0.5104127583 -0.3860574681)
(0 -0.1956595966 -1.304583888)
(0 -0.8392546179 -0.8445130584)
(0 -0.5067330732 -0.7280489579)
(0 -0.4826704701 -0.7944991685)
(0 -4.185473922e-05 -1.164814712)
(0 -1.009539763e-11 2.435284107e-11)
(0 -1.27164291e-11 1.43447297e-11)
(0 -2.381916614e-12 7.461908643e-12)
(0 1.550404804e-12 3.639222635e-12)
(0 3.154870331e-12 1.67225194e-12)
(0 3.871931748e-12 7.034150612e-13)
(0 4.227732368e-12 2.428974587e-13)
(0 4.424854774e-12 3.23830109e-14)
(0 4.546996489e-12 -5.886675247e-14)
(0 4.63153545e-12 -9.504044328e-14)
(0 4.696333134e-12 -1.066817929e-13)
(0 4.750283553e-12 -1.077654925e-13)
(0 4.797826248e-12 -1.043503591e-13)
(0 4.841064658e-12 -9.886744143e-14)
(0 4.880850716e-12 -9.218652227e-14)
(0 4.917376668e-12 -8.457330739e-14)
(0 4.950508833e-12 -7.610587055e-14)
(0 4.979976599e-12 -6.683666472e-14)
(0 5.005476859e-12 -5.684150467e-14)
(0 5.026728191e-12 -4.622347592e-14)
(0 5.043495489e-12 -3.510305843e-14)
(0 5.055598101e-12 -2.360766505e-14)
(0 5.062909574e-12 -1.186496932e-14)
(0 2.532677508e-12 -3.261906439e-24)
(0 9.68696268e-12 -1.114747408e-12)
(0 8.479647664e-12 -9.840599042e-11)
(0 2.170484908e-10 -1.052806228e-10)
(0 -5.683484133e-10 -5.353981801e-11)
(0 6.365418509e-10 -3.615383751e-11)
(0 -6.635655771e-10 4.178018721e-11)
(0 4.132026259e-10 9.589804459e-11)
(0 -3.105598511e-10 1.636378879e-10)
(0 0.7218770373 0.08745058728)
(0 0.8978626148 0.1214128503)
(0 0.9536845071 -0.01202781379)
(0 0.7278023695 -0.3570431974)
(0 0.2825549464 -0.1710144369)
(0 0.277279271 -0.5082022363)
(0 0.2823724124 -0.9394260116)
(0 4.466983832e-05 -1.113440725)
(0 -8.605004804e-12 -2.812163078e-12)
(0 -1.225726067e-11 1.938294627e-12)
(0 -4.535321011e-12 1.81243955e-12)
(0 -1.80468389e-13 1.001712815e-12)
(0 2.130697963e-12 3.944311637e-13)
(0 3.337905326e-12 5.736870505e-14)
(0 3.971565737e-12 -1.000417211e-13)
(0 4.311470772e-12 -1.61181333e-13)
(0 4.502097776e-12 -1.775035866e-13)
(0 4.617511051e-12 -1.757384405e-13)
(0 4.695403561e-12 -1.680098897e-13)
(0 4.754657732e-12 -1.589447342e-13)
(0 4.804427096e-12 -1.497700306e-13)
(0 4.848867952e-12 -1.404155967e-13)
(0 4.889619103e-12 -1.304825287e-13)
(0 4.927101562e-12 -1.196267721e-13)
(0 4.961193725e-12 -1.076668063e-13)
(0 4.991574136e-12 -9.457650962e-14)
(0 5.017887566e-12 -8.044130059e-14)
(0 5.039817982e-12 -6.541193923e-14)
(0 5.057113822e-12 -4.966870739e-14)
(0 5.069590514e-12 -3.3398634e-14)
(0 5.077123985e-12 -1.678416286e-14)
(0 2.53982146e-12 -4.265979401e-24)
(0 9.722722375e-12 -4.50199568e-13)
(0 9.032863515e-12 -5.551581286e-11)
(0 2.055213444e-10 -8.298099682e-11)
(0 -5.930467146e-10 -4.514211822e-11)
(0 6.080237835e-10 -3.515513393e-11)
(0 -6.922548824e-10 3.042781638e-11)
(0 3.837572115e-10 6.923339663e-11)
(0 -3.18166493e-10 1.200131107e-10)
(0 0.59705022 -0.003277734137)
(0 0.684555091 -0.03826092941)
(0 0.7244116568 -0.1425863759)
(0 0.6720220401 -0.2947059439)
(0 0.4326022902 -0.3454172897)
(0 0.5757419779 -0.5120785323)
(0 0.354157781 -0.788463547)
(0 0.0001056535531 -0.8862487149)
(0 -5.645823972e-12 -1.100399324e-11)
(0 -8.279124004e-12 -5.787362119e-12)
(0 -3.318498425e-12 -3.152154394e-12)
(0 1.323964174e-13 -1.839230716e-12)
(0 2.210526221e-12 -1.153612148e-12)
(0 3.377458864e-12 -7.683375147e-13)
(0 4.00918233e-12 -5.392627092e-13)
(0 4.347392909e-12 -3.99564094e-13)
(0 4.532439381e-12 -3.142242987e-13)
(0 4.641029147e-12 -2.62399127e-13)
(0 4.71312684e-12 -2.306776521e-13)
(0 4.768523412e-12 -2.102386068e-13)
(0 4.816355385e-12 -1.95374681e-13)
(0 4.860352159e-12 -1.825466874e-13)
(0 4.901639541e-12 -1.6970456e-13)
(0 4.94019239e-12 -1.557873598e-13)
(0 4.975559095e-12 -1.403609418e-13)
(0 5.007202104e-12 -1.233639889e-13)
(0 5.03464143e-12 -1.049373796e-13)
(0 5.057500784e-12 -8.531539751e-14)
(0 5.075508795e-12 -6.476127178e-14)
(0 5.088482645e-12 -4.353345237e-14)
(0 5.096308208e-12 -2.187237145e-14)
(0 2.549461671e-12 -5.170333086e-24)
(0 9.713465315e-12 -1.236609514e-13)
(0 1.043858226e-11 -1.68947553e-11)
(0 2.269855128e-10 -5.309032502e-11)
(0 -5.753477146e-10 -3.229452313e-11)
(0 6.224856359e-10 -3.075954225e-11)
(0 -6.769425825e-10 1.770288588e-11)
(0 3.894878599e-10 4.001584637e-11)
(0 -3.131978187e-10 7.606271579e-11)
(0 0.5600796441 -0.04232690309)
(0 0.5839526979 -0.05789932392)
(0 0.5372775555 -0.05424936401)
(0 0.4623432142 -0.07206131205)
(0 0.2619522282 -0.2027074701)
(0 0.4942636082 -0.338922438)
(0 0.1859952034 -0.6064946501)
(0 0.0009474684061 -0.6835849379)
(0 -4.565082511e-12 -1.693966263e-11)
(0 -4.557873477e-12 -1.108453679e-11)
(0 -5.871896082e-13 -6.794452028e-12)
(0 1.818073857e-12 -4.052865204e-12)
(0 3.201591164e-12 -2.40131599e-12)
(0 3.952254765e-12 -1.43785081e-12)
(0 4.340339157e-12 -8.891109078e-13)
(0 4.536509183e-12 -5.835880537e-13)
(0 4.639262743e-12 -4.174304239e-13)
(0 4.701057697e-12 -3.289585894e-13)
(0 4.747564081e-12 -2.820671068e-13)
(0 4.789960703e-12 -2.559616122e-13)
(0 4.832119016e-12 -2.38946904e-13)
(0 4.874538073e-12 -2.246945215e-13)
(0 4.91637843e-12 -2.100036933e-13)
(0 4.956445181e-12 -1.934588165e-13)
(0 4.993617096e-12 -1.746267628e-13)
(0 5.026997698e-12 -1.535814945e-13)
(0 5.055936157e-12 -1.306282361e-13)
(0 5.07999409e-12 -1.061495278e-13)
(0 5.098895767e-12 -8.052559464e-14)
(0 5.112479414e-12 -5.409974684e-14)
(0 5.120657438e-12 -2.71706415e-14)
(0 2.561693831e-12 -5.868416012e-24)
(0 9.711691555e-12 -9.428876174e-14)
(0 1.147313412e-11 3.216395512e-12)
(0 2.498497132e-10 -3.120451287e-11)
(0 -5.520585204e-10 -2.005853088e-11)
(0 6.443983542e-10 -2.392170184e-11)
(0 -6.535335428e-10 1.039602647e-11)
(0 4.031406931e-10 2.079363159e-11)
(0 -3.053081101e-10 4.463531492e-11)
(0 0.2123650404 -0.03159045284)
(0 0.214503216 0.01973318733)
(0 0.1247840169 0.05026252795)
(0 0.1378600935 0.03800700325)
(0 0.1433413228 -0.3501093823)
(0 0.1417147697 -0.3020503621)
(0 0.1693088304 -0.5075113905)
(0 -0.002907319461 -0.5366186849)
(0 4.646060473e-12 -2.550646881e-11)
(0 1.740539421e-12 -1.493864589e-11)
(0 3.713173163e-12 -8.888265057e-12)
(0 4.525532455e-12 -5.176477956e-12)
(0 4.825540615e-12 -2.960942223e-12)
(0 4.889663946e-12 -1.692654406e-12)
(0 4.863445086e-12 -9.957490131e-13)
(0 4.819073393e-12 -6.282518787e-13)
(0 4.787068846e-12 -4.429567434e-13)
(0 4.776392464e-12 -3.539434714e-13)
(0 4.786123817e-12 -3.126754649e-13)
(0 4.811643615e-12 -2.925981877e-13)
(0 4.847622476e-12 -2.797609383e-13)
(0 4.88929537e-12 -2.672847656e-13)
(0 4.932875246e-12 -2.52160522e-13)
(0 4.975569321e-12 -2.334203202e-13)
(0 5.015436417e-12 -2.111073471e-13)
(0 5.051200631e-12 -1.857069435e-13)
(0 5.082073396e-12 -1.578430502e-13)
(0 5.107603426e-12 -1.281264592e-13)
(0 5.127558576e-12 -9.708919421e-14)
(0 5.141837598e-12 -6.516713679e-14)
(0 5.150407955e-12 -3.270910388e-14)
(0 2.576632312e-12 -6.240549938e-24)
(0 9.736270468e-12 -1.644982203e-13)
(0 1.202503216e-11 1.097654418e-11)
(0 2.645244837e-10 -1.789714507e-11)
(0 -5.350486768e-10 -1.062946844e-11)
(0 6.61682412e-10 -1.660891115e-11)
(0 -6.341622077e-10 6.806452635e-12)
(0 4.148158286e-10 9.799551645e-12)
(0 -2.985019455e-10 2.393523083e-11)
(0 -0.09218913322 -0.0631780469)
(0 -0.1199984305 0.001152060324)
(0 -0.1384804987 0.0246556397)
(0 -0.1555655513 -0.1036088914)
(0 -0.3648331918 -0.1986574367)
(0 -0.5494928162 -0.2876659464)
(0 0.2552426532 -0.7151377621)
(0 -0.203982428 -0.5199273407)
(0 3.675456698e-12 -2.272009755e-11)
(0 1.194560639e-11 -1.430356334e-11)
(0 9.174978326e-12 -8.643525399e-12)
(0 7.745396692e-12 -4.803857826e-12)
(0 6.685414714e-12 -2.573331666e-12)
(0 5.917447975e-12 -1.376093451e-12)
(0 5.404741685e-12 -7.729905419e-13)
(0 5.089301452e-12 -4.907230303e-13)
(0 4.913571151e-12 -3.722101941e-13)
(0 4.831338976e-12 -3.311906502e-13)
(0 4.808909364e-12 -3.220991451e-13)
(0 4.82287523e-12 -3.220003334e-13)
(0 4.857432438e-12 -3.20219701e-13)
(0 4.902138489e-12 -3.12529007e-13)
(0 4.950242876e-12 -2.979387915e-13)
(0 4.997498356e-12 -2.769588217e-13)
(0 5.041330472e-12 -2.50677708e-13)
(0 5.080261995e-12 -2.202962406e-13)
(0 5.113516641e-12 -1.869093473e-13)
(0 5.140747946e-12 -1.514220042e-13)
(0 5.16185509e-12 -1.145354674e-13)
(0 5.176859505e-12 -7.676893082e-14)
(0 5.185824575e-12 -3.849791459e-14)
(0 2.594402935e-12 -6.203707803e-24)
(0 9.78743825e-12 -2.356433621e-13)
(0 1.23021377e-11 1.216401282e-11)
(0 2.717663183e-10 -1.03772897e-11)
(0 -5.24659251e-10 -4.259199209e-12)
(0 6.728608394e-10 -1.024930939e-11)
(0 -6.206037451e-10 4.941888053e-12)
(0 4.230377156e-10 3.822737388e-12)
(0 -2.934615113e-10 1.106834749e-11)
(0 -0.1026171108 0.023993916)
(0 -0.223498056 0.06297217751)
(0 -0.2841176374 0.1664333119)
(0 -0.3857028168 0.2273373976)
(0 -0.724282846 -0.1181059467)
(0 -0.7023567909 -0.8081264362)
(0 -0.5467021455 -1.115025026)
(0 -0.2498765116 -0.123846823)
(0 -0.005668652813 -0.2000364302)
(0 1.478741288e-11 -1.479268436e-11)
(0 1.321287868e-11 -6.577062729e-12)
(0 1.059572619e-11 -2.822139212e-12)
(0 8.25330499e-12 -1.152449019e-12)
(0 6.69000507e-12 -4.654039939e-13)
(0 5.748815507e-12 -2.294042978e-13)
(0 5.219853741e-12 -1.894474659e-13)
(0 4.946601226e-12 -2.239778694e-13)
(0 4.826503513e-12 -2.765165096e-13)
(0 4.795314134e-12 -3.225364035e-13)
(0 4.813523059e-12 -3.530907611e-13)
(0 4.857093803e-12 -3.66595332e-13)
(0 4.91157628e-12 -3.646796133e-13)
(0 4.968445431e-12 -3.501130052e-13)
(0 5.022830404e-12 -3.258032472e-13)
(0 5.072098998e-12 -2.943513865e-13)
(0 5.114968992e-12 -2.578922261e-13)
(0 5.150947633e-12 -2.180761683e-13)
(0 5.179977306e-12 -1.761163042e-13)
(0 5.202211649e-12 -1.328613896e-13)
(0 5.217875151e-12 -8.887528379e-14)
(0 5.227176886e-12 -4.451429873e-14)
(0 2.615130227e-12 -6.077036214e-24)
(0 9.859392127e-12 -2.830758362e-13)
(0 1.245473224e-11 1.009541002e-11)
(0 2.745275152e-10 -6.274730608e-12)
(0 -5.187782726e-10 -3.502700174e-13)
(0 6.79352892e-10 -5.302081596e-12)
(0 -6.118244539e-10 4.043095329e-12)
(0 4.284037137e-10 9.36126681e-13)
(0 -2.899623501e-10 3.7030783e-12)
(0 0.2981084775 0.05235697081)
(0 0.2950866097 0.1454885139)
(0 0.3380270526 0.1985147667)
(0 0.4350189361 0.2370983524)
(0 0.6033388539 0.192325932)
(0 0.5777483351 -0.3036540702)
(0 0.4548776354 -0.8056727242)
(0 -0.2350527213 -0.6990450561)
(0 -0.03150023801 -0.4466379921)
(0 1.051598266e-11 -1.634154735e-11)
(0 2.095744854e-11 -2.373584687e-13)
(0 1.31700104e-11 1.244816037e-12)
(0 9.042149932e-12 1.251061666e-12)
(0 6.840492696e-12 8.963283665e-13)
(0 5.680698213e-12 5.102198459e-13)
(0 5.094727881e-12 1.86308028e-13)
(0 4.826502107e-12 -5.774431877e-14)
(0 4.732780442e-12 -2.283676955e-13)
(0 4.732335113e-12 -3.384456388e-13)
(0 4.778816301e-12 -4.012375964e-13)
(0 4.845843586e-12 -4.283978296e-13)
(0 4.918620816e-12 -4.29487343e-13)
(0 4.989119242e-12 -4.120357364e-13)
(0 5.053259974e-12 -3.817938715e-13)
(0 5.109241493e-12 -3.430352228e-13)
(0 5.156537213e-12 -2.988471234e-13)
(0 5.195292563e-12 -2.513884838e-13)
(0 5.225962725e-12 -2.02107465e-13)
(0 5.24909611e-12 -1.519206658e-13)
(0 5.265206596e-12 -1.013589461e-13)
(0 5.274699858e-12 -5.068646154e-14)
(0 2.638917234e-12 -5.783316086e-24)
(0 9.948761441e-12 -3.029044951e-13)
(0 1.256091628e-11 7.013188926e-12)
(0 2.748751024e-10 -4.002139814e-12)
(0 -5.157653046e-10 1.840058685e-12)
(0 6.826965746e-10 -1.767028643e-12)
(0 -6.064925904e-10 3.657664101e-12)
(0 4.31675371e-10 -1.529047957e-13)
(0 -2.876663145e-10 -6.837602531e-14)
(0 0.3711326868 0.02888345368)
(0 0.4093695134 0.06865515179)
(0 0.4915984516 0.06092995662)
(0 0.5823653051 -0.07193152931)
(0 0.7474909597 -0.2796200179)
(0 0.9182817845 -0.6189810366)
(0 0.7345215382 -0.7700176548)
(0 1.576006555 -0.210402116)
(0 0.8007415791 -0.1886210592)
(0 0.00178910329 -0.0327886682)
(0 5.583927174e-12 1.151230835e-11)
(0 1.208414723e-11 6.778674205e-12)
(0 7.904817319e-12 4.015548803e-12)
(0 5.94916325e-12 2.289426316e-12)
(0 5.038795168e-12 1.187638541e-12)
(0 4.651889576e-12 4.821958841e-13)
(0 4.531925502e-12 3.505315959e-14)
(0 4.545802193e-12 -2.407711644e-13)
(0 4.622444233e-12 -4.016473841e-13)
(0 4.723570868e-12 -4.850224687e-13)
(0 4.828844056e-12 -5.162767949e-13)
(0 4.927938373e-12 -5.128411569e-13)
(0 5.016138903e-12 -4.86752547e-13)
(0 5.091830918e-12 -4.463039146e-13)
(0 5.155045746e-12 -3.971504887e-13)
(0 5.206615731e-12 -3.430746426e-13)
(0 5.247687291e-12 -2.865259572e-13)
(0 5.279445124e-12 -2.290081327e-13)
(0 5.302960168e-12 -1.71359377e-13)
(0 5.319109355e-12 -1.139580775e-13)
(0 5.328535832e-12 -5.687655834e-14)
(0 2.665816688e-12 -5.183016919e-24)
(0 1.005006333e-11 -2.975091617e-13)
(0 1.265717302e-11 4.183157211e-12)
(0 2.740166422e-10 -2.638019916e-12)
(0 -5.145122533e-10 2.893338764e-12)
(0 6.840830143e-10 5.272328915e-13)
(0 -6.034900676e-10 3.453806401e-12)
(0 4.335004576e-10 -3.231837454e-13)
(0 -2.862511685e-10 -1.658849984e-12)
(0 0.4125310553 0.008285798051)
(0 0.4446605822 0.0160055696)
(0 0.4992279998 0.003785075808)
(0 0.5759248056 -0.07009560397)
(0 0.5968734495 -0.1920878916)
(0 0.65556714 -0.4385172689)
(0 0.4825728375 -0.8555120906)
(0 0.6877800344 -0.5980033528)
(0 -0.0008819090418 0.5543869475)
(0 0.0002575007263 0.9393804786)
(0 2.931886908e-12 1.835987479e-11)
(0 5.667318236e-12 1.033544629e-11)
(0 4.552902043e-12 5.743030924e-12)
(0 4.012582434e-12 3.058183734e-12)
(0 3.873467781e-12 1.468705008e-12)
(0 3.942142499e-12 5.197772403e-13)
(0 4.103535058e-12 -4.347391615e-14)
(0 4.296079898e-12 -3.681292474e-13)
(0 4.488083809e-12 -5.42356606e-13)
(0 4.66418689e-12 -6.209340983e-13)
(0 4.818024897e-12 -6.388510242e-13)
(0 4.948145064e-12 -6.188522883e-13)
(0 5.055656484e-12 -5.758323737e-13)
(0 5.142862033e-12 -5.195204468e-13)
(0 5.212470765e-12 -4.561893561e-13)
(0 5.267161745e-12 -3.897767159e-13)
(0 5.309359073e-12 -3.22635601e-13)
(0 5.341129305e-12 -2.560443448e-13)
(0 5.364146165e-12 -1.905564635e-13)
(0 5.379689414e-12 -1.262434482e-13)
(0 5.388657936e-12 -6.286616526e-14)
(0 2.695793792e-12 -4.523494737e-24)
(0 1.016564944e-11 -2.710189125e-13)
(0 1.276447444e-11 2.134372022e-12)
(0 2.727464336e-10 -1.663226705e-12)
(0 -5.141976439e-10 3.235574227e-12)
(0 6.843949015e-10 1.829143961e-12)
(0 -6.019558524e-10 3.246134604e-12)
(0 4.343949758e-10 -1.119812957e-13)
(0 -2.854394361e-10 -2.035348712e-12)
(0 0.3917818199 -0.001293372983)
(0 0.4004294603 -0.01337248774)
(0 0.3996554262 -0.05198111602)
(0 0.4222819962 -0.1343302382)
(0 0.3502229019 -0.2737364144)
(0 0.3173139495 -0.4553068329)
(0 0.00145516527 -0.6700111918)
(0 -0.4488615574 0.1356793967)
(0 -0.9242332675 0.8197441131)
(0 -7.098145447e-05 0.02768500843)
(0 -3.082816855e-13 2.014878128e-11)
(0 -3.677536872e-13 1.064413991e-11)
(0 6.275547616e-13 5.562934054e-12)
(0 1.674837334e-12 2.731569146e-12)
(0 2.500388675e-12 1.10921557e-12)
(0 3.139710652e-12 1.71676894e-13)
(0 3.644019015e-12 -3.606022424e-13)
(0 4.046919504e-12 -6.459211198e-13)
(0 4.369639382e-12 -7.787215304e-13)
(0 4.62707645e-12 -8.175119915e-13)
(0 4.830925866e-12 -7.993464126e-13)
(0 4.990957023e-12 -7.478894765e-13)
(0 5.115470744e-12 -6.782078568e-13)
(0 5.211473936e-12 -5.997584406e-13)
(0 5.284789477e-12 -5.183113362e-13)
(0 5.340169486e-12 -4.372090552e-13)
(0 5.381419662e-12 -3.58198276e-13)
(0 5.411524261e-12 -2.819816178e-13)
(0 5.432761064e-12 -2.085843942e-13)
(0 5.446799654e-12 -1.375988812e-13)
(0 5.45477928e-12 -6.834831774e-14)
(0 2.728682854e-12 -3.682414435e-24)
(0 1.029246705e-11 -2.266569974e-13)
(0 1.289482631e-11 9.463969052e-13)
(0 2.715856874e-10 -8.243464427e-13)
(0 -5.142337618e-10 3.180890447e-12)
(0 6.842501962e-10 2.420751947e-12)
(0 -6.012604513e-10 2.982646711e-12)
(0 4.347469974e-10 2.035372285e-13)
(0 -2.850125476e-10 -1.805883664e-12)
(0 0.3967001946 -0.0001256689477)
(0 0.3953521175 -0.002359692911)
(0 0.3774222374 -0.01971101136)
(0 0.3638890142 -0.046077761)
(0 0.264764721 -0.1185172275)
(0 0.1795151691 -0.16151628)
(0 -0.1458082751 -0.2515719295)
(0 -0.3715707349 0.1340355916)
(0 -0.04279792871 0.2090397331)
(0 -1.539834906e-11 2.840100041e-12)
(0 -2.172786535e-11 1.29690648e-11)
(0 -8.913793585e-12 6.535078325e-12)
(0 -3.359668719e-12 3.132997283e-12)
(0 -4.411360494e-13 1.195942357e-12)
(0 1.313575529e-12 6.490832473e-14)
(0 2.472324686e-12 -5.816869196e-13)
(0 3.285937045e-12 -9.246960068e-13)
(0 3.87796061e-12 -1.07623679e-12)
(0 4.316492937e-12 -1.109101456e-12)
(0 4.643562008e-12 -1.071050551e-12)
(0 4.887647412e-12 -9.93138232e-13)
(0 5.06928362e-12 -8.951567511e-13)
(0 5.20378752e-12 -7.893561852e-13)
(0 5.302758553e-12 -6.829984385e-13)
(0 5.375020151e-12 -5.80092093e-13)
(0 5.427274805e-12 -4.825530666e-13)
(0 5.464586511e-12 -3.909700909e-13)
(0 5.490743187e-12 -3.051033151e-13)
(0 5.508528902e-12 -2.242050803e-13)
(0 5.519925491e-12 -1.47223473e-13)
(0 5.526256817e-12 -7.29299754e-14)
(0 2.76414211e-12 -2.790628058e-24)
(0 1.042798651e-11 -1.698200536e-13)
(0 1.306274937e-11 4.430149371e-13)
(0 2.708059686e-10 -5.05166052e-14)
(0 -5.142670278e-10 2.955778415e-12)
(0 6.840273155e-10 2.577031058e-12)
(0 -6.009824073e-10 2.692479056e-12)
(0 4.348224227e-10 5.102245158e-13)
(0 -2.848133515e-10 -1.320698635e-12)
(0 0.3894796072 0.001578263624)
(0 0.3800443145 0.003368120604)
(0 0.3549857946 -0.004928697844)
(0 0.3214019643 -0.01288759819)
(0 0.2454126042 -0.0486179863)
(0 0.1416872423 -0.02775728522)
(0 -0.01234485318 -0.08465390376)
(0 -0.2814710009 0.1135188518)
(0 0.0005746996071 0.1885200689)
(0 -1.234035557e-11 -1.037007417e-15)
(0 -1.916639215e-11 -1.652009444e-12)
(0 -1.020381737e-11 -6.158254025e-13)
(0 -4.711581206e-12 -7.619618694e-13)
(0 -1.393251624e-12 -1.145704666e-12)
(0 7.227593976e-13 -1.463840125e-12)
(0 2.15010632e-12 -1.638639837e-12)
(0 3.149469144e-12 -1.680262463e-12)
(0 3.862514055e-12 -1.625233108e-12)
(0 4.374825621e-12 -1.510401221e-12)
(0 4.743039673e-12 -1.364453799e-12)
(0 5.006819665e-12 -1.207002757e-12)
(0 5.19473907e-12 -1.050247714e-12)
(0 5.327629057e-12 -9.010674496e-13)
(0 5.420738028e-12 -7.627937117e-13)
(0 5.485234849e-12 -6.365124193e-13)
(0 5.529291488e-12 -5.219472016e-13)
(0 5.558869414e-12 -4.180306705e-13)
(0 5.578289272e-12 -3.232603533e-13)
(0 5.590640906e-12 -2.359121513e-13)
(0 5.598074758e-12 -1.541616972e-13)
(0 5.602002753e-12 -7.614760804e-14)
(0 2.801612829e-12 -2.128152015e-24)
(0 1.057129643e-11 -1.050104512e-13)
(0 1.325412179e-11 3.495287893e-13)
(0 2.70452635e-10 6.332749805e-13)
(0 -5.141612963e-10 2.711331513e-12)
(0 6.838988647e-10 2.527895111e-12)
(0 -6.008759804e-10 2.43338902e-12)
(0 4.34783089e-10 7.833936445e-13)
(0 -2.84737879e-10 -7.603249719e-13)
(0 0.4018041634 0.009243663425)
(0 0.3891267529 0.02696100064)
(0 0.3605739515 0.03926362112)
(0 0.3175507256 0.05258330203)
(0 0.2439336098 0.05695072269)
(0 0.1322436006 0.0977050097)
(0 0.06554786561 0.1288529638)
(0 -0.1860131435 0.1570979091)
(0 0.001218945153 -0.01644049624)
(0 -9.469856464e-12 -1.331423748e-13)
(0 -1.474327308e-11 -1.136465679e-11)
(0 -8.023745967e-12 -6.584729715e-12)
(0 -3.889547982e-12 -4.419314742e-12)
(0 -1.143014305e-12 -3.55295887e-12)
(0 8.206403582e-13 -3.135928028e-12)
(0 2.255902349e-12 -2.828773691e-12)
(0 3.299343773e-12 -2.532485218e-12)
(0 4.047821851e-12 -2.234035583e-12)
(0 4.577272246e-12 -1.942819605e-12)
(0 4.946960472e-12 -1.669362793e-12)
(0 5.201853498e-12 -1.420172761e-12)
(0 5.375218927e-12 -1.19776587e-12)
(0 5.491241522e-12 -1.001876345e-12)
(0 5.567313584e-12 -8.306038691e-13)
(0 5.615866661e-12 -6.812263325e-13)
(0 5.645756554e-12 -5.507024433e-13)
(0 5.663273359e-12 -4.359529217e-13)
(0 5.672861706e-12 -3.340003506e-13)
(0 5.677627558e-12 -2.420237693e-13)
(0 5.679690034e-12 -1.573633346e-13)
(0 5.680418514e-12 -7.749661407e-14)
(0 2.840289718e-12 -1.400858976e-24)
(0 1.071788904e-11 -3.511246593e-14)
(0 1.346889803e-11 4.19803789e-13)
(0 2.704211221e-10 1.186550564e-12)
(0 -5.13935722e-10 2.534458074e-12)
(0 6.838903903e-10 2.436759212e-12)
(0 -6.008258196e-10 2.25736148e-12)
(0 4.347117883e-10 1.037493232e-12)
(0 -2.847235199e-10 -2.034664598e-13)
(0 0.4260078766 0.0162370779)
(0 0.4117513474 0.04810296405)
(0 0.3808906093 0.07630027123)
(0 0.3372564308 0.1054407561)
(0 0.2656997529 0.1384909896)
(0 0.1812196389 0.1633634536)
(0 0.1088169235 0.215663885)
(0 -0.07578140768 0.2223536555)
(0 -0.3567366855 0.05129242336)
(0 -6.905853681e-12 -1.241803356e-12)
(0 -8.91987923e-12 -2.039875507e-11)
(0 -3.25847517e-12 -9.933711667e-12)
(0 -1.679810361e-12 -6.777613922e-12)
(0 -1.098649101e-13 -5.510892067e-12)
(0 1.446944577e-12 -4.698141499e-12)
(0 2.753549129e-12 -4.008044244e-12)
(0 3.744207252e-12 -3.386872323e-12)
(0 4.452179668e-12 -2.835606857e-12)
(0 4.939498411e-12 -2.35748004e-12)
(0 5.265686518e-12 -1.950005524e-12)
(0 5.478416589e-12 -1.606558468e-12)
(0 5.613035487e-12 -1.318764282e-12)
(0 5.694791058e-12 -1.078067677e-12)
(0 5.74138804e-12 -8.765235057e-13)
(0 5.765136275e-12 -7.070961293e-13)
(0 5.774564899e-12 -5.636952167e-13)
(0 5.775571507e-12 -4.410889225e-13)
(0 5.772218424e-12 -3.347714277e-13)
(0 5.767277923e-12 -2.408219639e-13)
(0 5.762601914e-12 -1.55770308e-13)
(0 5.759366087e-12 -7.647300479e-14)
(0 2.879109443e-12 -4.727676331e-25)
(0 1.086437483e-11 3.624591641e-14)
(0 1.368982918e-11 5.004877777e-13)
(0 2.705520852e-10 1.597502471e-12)
(0 -5.136756767e-10 2.45609445e-12)
(0 6.839551255e-10 2.391627869e-12)
(0 -6.007945257e-10 2.187623529e-12)
(0 4.346409368e-10 1.291314559e-12)
(0 -2.84736213e-10 3.214181123e-13)
(0 0.4665067269 0.02376342571)
(0 0.452577142 0.07260283528)
(0 0.4199583698 0.1184027088)
(0 0.3765058951 0.163536901)
(0 0.2846196672 0.2230880975)
(0 0.1896541174 0.2719837024)
(0 0.05660984062 0.3835154645)
(0 -0.09436670934 0.5337376773)
(0 -0.4540729383 -0.06066603998)
(0 -3.981348285e-05 -0.3721191721)
(0 5.228195406e-12 -2.940384584e-12)
(0 5.597393045e-12 -5.965088499e-12)
(0 5.332716172e-13 -7.246539144e-12)
(0 9.364581185e-13 -7.014860231e-12)
(0 2.323488181e-12 -6.137705096e-12)
(0 3.567171524e-12 -5.118391998e-12)
(0 4.47178116e-12 -4.171355267e-12)
(0 5.077214135e-12 -3.364040885e-12)
(0 5.462873579e-12 -2.701488777e-12)
(0 5.697882044e-12 -2.166621092e-12)
(0 5.833094739e-12 -1.737288757e-12)
(0 5.903709718e-12 -1.392658665e-12)
(0 5.933482299e-12 -1.115099755e-12)
(0 5.938285132e-12 -8.903243167e-13)
(0 5.92869495e-12 -7.069445673e-13)
(0 5.911763761e-12 -5.559037395e-13)
(0 5.892197148e-12 -4.299475314e-13)
(0 5.873128664e-12 -3.231830485e-13)
(0 5.856628678e-12 -2.307262139e-13)
(0 5.844038993e-12 -1.484226297e-13)
(0 5.836188822e-12 -7.262356909e-14)
(0 2.916762723e-12 2.369345829e-25)
(0 1.100569015e-11 1.091632613e-13)
(0 1.38983339e-11 5.310033454e-13)
(0 2.707195259e-10 1.886345818e-12)
(0 -5.134554101e-10 2.468733749e-12)
(0 6.840376523e-10 2.419724326e-12)
(0 -6.007773246e-10 2.218198662e-12)
(0 4.345783542e-10 1.554264876e-12)
(0 -2.847589563e-10 8.067338031e-13)
(0 0.524688704 0.02959774723)
(0 0.5135128055 0.0961612646)
(0 0.4816124019 0.1609988559)
(0 0.4468919046 0.2287155755)
(0 0.3653493649 0.3123237756)
(0 0.2886829819 0.3660505596)
(0 0.2670321759 0.4265949814)
(0 0.2118942656 0.5265003909)
(0 0.2068277858 0.2944978276)
(0 -0.0008027487177 -0.662964916)
(0 -5.107082116e-12 1.995292401e-11)
(0 -7.622640959e-12 -3.808695596e-12)
(0 -2.729582093e-12 -9.228604409e-12)
(0 9.989691379e-13 -9.164308317e-12)
(0 3.34341281e-12 -7.719434287e-12)
(0 4.719898959e-12 -6.156469799e-12)
(0 5.498558365e-12 -4.816120082e-12)
(0 5.922046158e-12 -3.747714539e-12)
(0 6.136918204e-12 -2.917815744e-12)
(0 6.229886538e-12 -2.277705059e-12)
(0 6.252379016e-12 -1.783317316e-12)
(0 6.235224489e-12 -1.399475726e-12)
(0 6.197125407e-12 -1.099337775e-12)
(0 6.149543228e-12 -8.62720514e-13)
(0 6.099556852e-12 -6.744517177e-13)
(0 6.051561935e-12 -5.230323726e-13)
(0 6.008292198e-12 -3.996229771e-13)
(0 5.971439742e-12 -2.97295041e-13)
(0 5.942038341e-12 -2.104817781e-13)
(0 5.920704558e-12 -1.345714576e-13)
(0 5.907788717e-12 -6.559881959e-14)
(0 2.951733012e-12 7.69137605e-25)
(0 1.113931697e-11 1.82041138e-13)
(0 1.409831246e-11 5.11762729e-13)
(0 2.708623273e-10 2.092157277e-12)
(0 -5.133079743e-10 2.550526382e-12)
(0 6.841037683e-10 2.515099618e-12)
(0 -6.007760551e-10 2.32735712e-12)
(0 4.345233525e-10 1.826694402e-12)
(0 -2.847839012e-10 1.252417973e-12)
(0 0.601265279 0.03367617175)
(0 0.5977562291 0.1248544946)
(0 0.5651299 0.2039160243)
(0 0.5226644013 0.2816388502)
(0 0.4265669433 0.3950068923)
(0 0.3311125118 0.4530951171)
(0 0.2313813699 0.5234031578)
(0 0.774203023 0.7108054975)
(0 -0.6999519316 0.2442356891)
(0 -0.05818139339 -0.0230475994)
(0 -1.855998367e-11 -1.66213743e-11)
(0 -2.367493771e-11 -2.007152762e-11)
(0 -4.822341103e-12 -1.669519482e-11)
(0 2.445628241e-12 -1.269433747e-11)
(0 5.331326699e-12 -9.419260539e-12)
(0 6.470485729e-12 -6.971943178e-12)
(0 6.880536421e-12 -5.188948977e-12)
(0 6.975518472e-12 -3.892887688e-12)
(0 6.932883059e-12 -2.944363576e-12)
(0 6.832380472e-12 -2.243078349e-12)
(0 6.711324072e-12 -1.718810274e-12)
(0 6.587689259e-12 -1.322592025e-12)
(0 6.470237511e-12 -1.02004914e-12)
(0 6.363171189e-12 -7.867580747e-13)
(0 6.268383091e-12 -6.051014421e-13)
(0 6.186592501e-12 -4.62148918e-13)
(0 6.117934479e-12 -3.482200274e-13)
(0 6.062269863e-12 -2.558973544e-13)
(0 6.019352261e-12 -1.793382531e-13)
(0 5.988921952e-12 -1.137845462e-13)
(0 5.97076028e-12 -5.520183983e-14)
(0 2.982361542e-12 1.367828871e-24)
(0 1.125610253e-11 2.534710131e-13)
(0 1.426475948e-11 4.674646262e-13)
(0 2.709606426e-10 2.254543565e-12)
(0 -5.132353025e-10 2.679632316e-12)
(0 6.841411943e-10 2.66000358e-12)
(0 -6.007905159e-10 2.489846827e-12)
(0 4.344738284e-10 2.103802419e-12)
(0 -2.848077646e-10 1.660522238e-12)
(0 0.708443994 0.02779942407)
(0 0.717837681 0.122626831)
(0 0.67973005 0.2228719711)
(0 0.6014222357 0.3511830465)
(0 0.4794588996 0.4823130458)
(0 0.4242958198 0.4531620191)
(0 0.6121152772 0.02639081101)
(0 1.310810156 1.040212206)
(0 0.4401113265 1.955219812)
(0 0.002148202157 -2.096377364)
(0 -8.718521784e-12 -8.454438536e-11)
(0 -7.699171057e-12 -4.317241159e-11)
(0 4.647608058e-12 -2.478629716e-11)
(0 8.274903418e-12 -1.549859346e-11)
(0 9.065807102e-12 -1.029133456e-11)
(0 8.950210521e-12 -7.123106077e-12)
(0 8.577613855e-12 -5.074855914e-12)
(0 8.166631559e-12 -3.690533565e-12)
(0 7.786727543e-12 -2.723686005e-12)
(0 7.45543984e-12 -2.031453719e-12)
(0 7.17286534e-12 -1.526275359e-12)
(0 6.933985622e-12 -1.152050466e-12)
(0 6.732959356e-12 -8.715161271e-13)
(0 6.564490926e-12 -6.591589705e-13)
(0 6.424166009e-12 -4.970404441e-13)
(0 6.308443349e-12 -3.722364422e-13)
(0 6.214543761e-12 -2.752091687e-13)
(0 6.140321516e-12 -1.987372561e-13)
(0 6.084151149e-12 -1.371913413e-13)
(0 6.044840972e-12 -8.602852391e-14)
(0 6.021573263e-12 -4.142596452e-14)
(0 3.006934852e-12 2.007637842e-24)
(0 1.134933235e-11 3.233579678e-13)
(0 1.439500204e-11 4.235166601e-13)
(0 2.710221146e-10 2.40295341e-12)
(0 -5.132224578e-10 2.839068209e-12)
(0 6.841516951e-10 2.836328689e-12)
(0 -6.008175882e-10 2.683893226e-12)
(0 4.344285035e-10 2.379424859e-12)
(0 -2.848293524e-10 2.033674602e-12)
(0 0.8192510491 0.0193203895)
(0 0.8395066572 0.1930229412)
(0 0.8916801292 0.3672848107)
(0 0.8358299149 0.516471093)
(0 0.542698245 0.6909056874)
(0 0.2035184503 0.3610297772)
(0 0.2164176896 -0.3901552068)
(0 -0.1606454991 0.7796910943)
(0 1.665340476 1.194520094)
(0 0.01081740456 0.8930262346)
(0 1.957924402e-11 -8.930765468e-11)
(0 3.581419174e-11 -4.360853373e-11)
(0 2.285147703e-11 -2.377862245e-11)
(0 1.694059084e-11 -1.422240857e-11)
(0 1.370681408e-11 -9.124380618e-12)
(0 1.168696438e-11 -6.154292505e-12)
(0 1.031310893e-11 -4.296837703e-12)
(0 9.326688382e-12 -3.070707392e-12)
(0 8.591962905e-12 -2.228397776e-12)
(0 8.029791118e-12 -1.632786966e-12)
(0 7.590727325e-12 -1.202808088e-12)
(0 7.242448491e-12 -8.878432635e-13)
(0 6.963129006e-12 -6.548257599e-13)
(0 6.737646872e-12 -4.813309356e-13)
(0 6.55530562e-12 -3.516658582e-13)
(0 6.408423777e-12 -2.545442644e-13)
(0 6.291433666e-12 -1.816401949e-13)
(0 6.200287691e-12 -1.266501406e-13)
(0 6.132060993e-12 -8.466175558e-14)
(0 6.084687328e-12 -5.171355989e-14)
(0 6.056788804e-12 -2.447495717e-14)
(0 3.023787507e-12 2.602797455e-24)
(0 1.141423807e-11 3.911565173e-13)
(0 1.447551848e-11 3.97568067e-13)
(0 2.710595994e-10 2.555433648e-12)
(0 -5.132519431e-10 3.017300725e-12)
(0 6.84142307e-10 3.029943192e-12)
(0 -6.008530094e-10 2.893536624e-12)
(0 4.343869798e-10 2.64828176e-12)
(0 -2.848483614e-10 2.374796681e-12)
(0 0.9847509858 0.02574278352)
(0 1.068993387 0.01815672348)
(0 1.027152215 0.194565654)
(0 0.9046782298 0.6918135054)
(0 0.1729440361 1.240372648)
(0 -0.4087763687 0.9278780246)
(0 -1.3564747 0.3255731609)
(0 -1.52788707 0.4573801092)
(0 -1.018754355 0.087040702)
(0 -0.003824705072 0.01448764445)
(0 3.603258135e-11 -2.261787624e-11)
(0 5.795586147e-11 -1.803435574e-11)
(0 3.403373322e-11 -1.249727256e-11)
(0 2.292914525e-11 -8.488031316e-12)
(0 1.713392316e-11 -5.829478209e-12)
(0 1.377775344e-11 -4.072832511e-12)
(0 1.166119897e-11 -2.887486531e-12)
(0 1.023507149e-11 -2.067051657e-12)
(0 9.224647969e-12 -1.486397827e-12)
(0 8.481029528e-12 -1.068479431e-12)
(0 7.917809043e-12 -7.643307389e-13)
(0 7.48196795e-12 -5.417048696e-13)
(0 7.139471684e-12 -3.786325181e-13)
(0 6.867650828e-12 -2.596882469e-13)
(0 6.65095268e-12 -1.737551323e-13)
(0 6.478469013e-12 -1.126360436e-13)
(0 6.342437885e-12 -7.0156269e-14)
(0 6.237299956e-12 -4.156041242e-14)
(0 6.15908773e-12 -2.30919659e-14)
(0 6.10502777e-12 -1.168992157e-14)
(0 6.073286823e-12 -4.761083203e-15)
(0 3.031409809e-12 3.014782542e-24)
(0 1.144436189e-11 4.550947972e-13)
(0 1.45073889e-11 3.9824049e-13)
(0 2.710873545e-10 2.720359908e-12)
(0 -5.133084099e-10 3.206762215e-12)
(0 6.841208434e-10 3.231024763e-12)
(0 -6.008926296e-10 3.108142959e-12)
(0 4.343493544e-10 2.906697295e-12)
(0 -2.848648227e-10 2.687002944e-12)
(0 1.081090241 -0.02706835397)
(0 1.002271821 0.1123370746)
(0 1.008765946 0.4679778969)
(0 0.8859826157 1.151475472)
(0 -0.07860516247 1.929499469)
(0 0.3038195467 1.310594743)
(0 -0.5650494943 0.744221413)
(0 -0.08105708442 0.3481553846)
(0 -5.848981955e-11 -2.501670268e-11)
(0 -2.337834212e-11 1.050893042e-11)
(0 6.196796853e-11 2.683666794e-11)
(0 4.593825327e-11 6.619984037e-12)
(0 3.239780145e-11 3.118726965e-13)
(0 2.360838519e-11 -1.40296274e-12)
(0 1.812201288e-11 -1.632656601e-12)
(0 1.462895605e-11 -1.420059994e-12)
(0 1.231888979e-11 -1.113219774e-12)
(0 1.072777709e-11 -8.236085552e-13)
(0 9.590535131e-12 -5.816445563e-13)
(0 8.751858206e-12 -3.903803512e-13)
(0 8.117501886e-12 -2.443176171e-13)
(0 7.628146712e-12 -1.360135824e-13)
(0 7.245145629e-12 -5.832079698e-14)
(0 6.942524258e-12 -5.045399704e-15)
(0 6.702357823e-12 2.896211236e-14)
(0 6.51202264e-12 4.790825422e-14)
(0 6.362509297e-12 5.521100147e-14)
(0 6.247351994e-12 5.365693799e-14)
(0 6.161931484e-12 4.554406926e-14)
(0 6.103018211e-12 3.280618378e-14)
(0 6.068478725e-12 1.712018861e-14)
(0 3.02854859e-12 3.350692691e-24)
(0 1.143546341e-11 5.130512027e-13)
(0 1.447502909e-11 4.267466064e-13)
(0 2.711123991e-10 2.89862368e-12)
(0 -5.133820261e-10 3.401943837e-12)
(0 6.84093147e-10 3.433010267e-12)
(0 -6.009333448e-10 3.321016407e-12)
(0 4.343157483e-10 3.152558453e-12)
(0 -2.848788971e-10 2.973520904e-12)
(0 1.506056386 0.2404612985)
(0 1.241564594 -0.06751675044)
(0 0.8477340333 0.5167241974)
(0 0.5542851444 1.666356142)
(0 -0.2816868755 2.332128748)
(0 0.1003264428 1.155147661)
(0 0.07173119206 0.8289809712)
(0 0.01830332955 0.1397940076)
(0 -1.92352e-11 -1.486883635e-12)
(0 2.293673242e-11 6.117443158e-11)
(0 3.362334652e-11 3.431419052e-11)
(0 3.143106613e-11 1.736508609e-11)
(0 2.601078644e-11 8.527762497e-12)
(0 2.098461595e-11 4.19696047e-12)
(0 1.711682591e-11 2.121878982e-12)
(0 1.429719026e-11 1.138463666e-12)
(0 1.225765041e-11 6.782591446e-13)
(0 1.07666467e-11 4.674660773e-13)
(0 9.657876173e-12 3.738063843e-13)
(0 8.818356467e-12 3.329286972e-13)
(0 8.172175812e-12 3.134626825e-13)
(0 7.66796477e-12 3.002907409e-13)
(0 7.270439867e-12 2.86403736e-13)
(0 6.954933737e-12 2.688584042e-13)
(0 6.703906334e-12 2.467350472e-13)
(0 6.504717902e-12 2.200928567e-13)
(0 6.348186569e-12 1.894340575e-13)
(0 6.227633023e-12 1.554329403e-13)
(0 6.138236976e-12 1.18804895e-13)
(0 6.076603889e-12 8.024990807e-14)
(0 6.040480639e-12 4.043552642e-14)
(0 3.014289621e-12 3.661196373e-24)
(0 1.138396718e-11 5.647355554e-13)
(0 1.437727802e-11 4.786823276e-13)
(0 2.711403417e-10 3.085428596e-12)
(0 -5.134661092e-10 3.597972335e-12)
(0 6.840631631e-10 3.631461238e-12)
(0 -6.00973168e-10 3.528074189e-12)
(0 4.342860634e-10 3.384986349e-12)
(0 -2.848908215e-10 3.237563429e-12)
(0 2.191208208 0.4521560887)
(0 0.892392721 0.5886822841)
(0 0.1869634642 1.176975781)
(0 0.1910939716 2.182050221)
(0 -0.0614083604 2.193030675)
(0 1.996346885 0.5289846731)
(0 0.5425710159 0.7445801753)
(0 0.002908898286 0.4356542918)
(0 -1.716340235e-12 6.094528571e-11)
(0 1.245990832e-11 4.722152672e-11)
(0 1.815862308e-11 3.188025506e-11)
(0 2.015182525e-11 1.999833413e-11)
(0 1.922967582e-11 1.223712322e-11)
(0 1.720250168e-11 7.541155857e-12)
(0 1.506351608e-11 4.784745595e-12)
(0 1.318533622e-11 3.173754656e-12)
(0 1.16478922e-11 2.220295016e-12)
(0 1.042332433e-11 1.641378537e-12)
(0 9.455997751e-12 1.276455002e-12)
(0 8.691514504e-12 1.034813746e-12)
(0 8.08486393e-12 8.649406028e-13)
(0 7.601087766e-12 7.373021847e-13)
(0 7.213713292e-12 6.347778674e-13)
(0 6.902855569e-12 5.473317657e-13)
(0 6.653592275e-12 4.690201909e-13)
(0 6.45472165e-12 3.962900412e-13)
(0 6.297849381e-12 3.269976383e-13)
(0 6.176722831e-12 2.598353215e-13)
(0 6.086748452e-12 1.939924475e-13)
(0 6.024648842e-12 1.289528588e-13)
(0 5.988228817e-12 6.437207765e-14)
(0 2.988113064e-12 3.894132972e-24)
(0 1.128646539e-11 6.099219918e-13)
(0 1.420689771e-11 5.461700775e-13)
(0 2.71172609e-10 3.273107675e-12)
(0 -5.135572546e-10 3.790431081e-12)
(0 6.840326276e-10 3.823361399e-12)
(0 -6.010113996e-10 3.726827513e-12)
(0 4.34259758e-10 3.603855391e-12)
(0 -2.849009473e-10 3.482070868e-12)
(0 0.8060602718 1.876643856)
(0 -0.3338956098 2.297797531)
(0 -1.051854311 1.086820473)
(0 -0.03860897243 1.607578296)
(0 0.239462536 1.831931089)
(0 -0.375749587 -0.2229373554)
(0 0.2851017412 2.484727996)
(0 0.001736106058 0.772521429)
(0 -1.016399062e-11 4.663195232e-11)
(0 -6.0191711e-12 3.499126736e-11)
(0 6.400153928e-12 2.598689794e-11)
(0 1.178793428e-11 1.851085843e-11)
(0 1.355360817e-11 1.288123753e-11)
(0 1.353223833e-11 8.945790448e-12)
(0 1.274942471e-11 6.302206893e-12)
(0 1.173273968e-11 4.551511819e-12)
(0 1.072527429e-11 3.387777136e-12)
(0 9.822806691e-12 2.601294204e-12)
(0 9.051311383e-12 2.055820051e-12)
(0 8.406842067e-12 1.66492657e-12)
(0 7.87466425e-12 1.374176739e-12)
(0 7.437802035e-12 1.149190783e-12)
(0 7.080469448e-12 9.68064156e-13)
(0 6.78917606e-12 8.16661099e-13)
(0 6.552864609e-12 6.857159168e-13)
(0 6.362695349e-12 5.690440047e-13)
(0 6.211731849e-12 4.624282297e-13)
(0 6.094627832e-12 3.629171606e-13)
(0 6.007354513e-12 2.683764773e-13)
(0 5.94698352e-12 1.771971171e-13)
(0 5.911527781e-12 8.810018376e-14)
(0 2.949917543e-12 4.050569613e-24)
(0 1.114475001e-11 6.468599681e-13)
(0 1.397489924e-11 6.203026841e-13)
(0 2.712107057e-10 3.453996096e-12)
(0 -5.136537727e-10 3.975655253e-12)
(0 6.840015494e-10 4.006626625e-12)
(0 -6.010484867e-10 3.915606697e-12)
(0 4.34235801e-10 3.809265759e-12)
(0 -2.849097656e-10 3.709373107e-12)
(0 -1.414576228 1.306414427)
(0 -0.2679952503 1.281633839)
(0 0.5644316099 1.225845988)
(0 0.2727589602 1.495893904)
(0 0.5731350575 1.845781184)
(0 0.808149235 0.6841472957)
(0 0.3695594044 1.583124012)
(0 0.0005645437527 1.101259451)
(0 -7.808896173e-12 1.554778897e-11)
(0 -8.021064603e-12 2.028308466e-11)
(0 1.678214162e-12 1.85651941e-11)
(0 7.046164841e-12 1.517697849e-11)
(0 9.664607836e-12 1.183120469e-11)
(0 1.062347104e-11 9.058579472e-12)
(0 1.066923745e-11 6.926813807e-12)
(0 1.027090646e-11 5.342338794e-12)
(0 9.697674584e-12 4.17802362e-12)
(0 9.091367241e-12 3.320215028e-12)
(0 8.519630117e-12 2.680615779e-12)
(0 8.009871192e-12 2.194900773e-12)
(0 7.569128143e-12 1.817648632e-12)
(0 7.194975182e-12 1.517216329e-12)
(0 6.881183608e-12 1.27162065e-12)
(0 6.62050733e-12 1.065524684e-12)
(0 6.405975181e-12 8.881305219e-13)
(0 6.231433963e-12 7.317357325e-13)
(0 6.091722536e-12 5.907505341e-13)
(0 5.982671079e-12 4.610271804e-13)
(0 5.901028408e-12 3.393990086e-13)
(0 5.844372549e-12 2.233593131e-13)
(0 5.8110317e-12 1.108319636e-13)
(0 2.90001288e-12 4.060159723e-24)
(0 1.095755761e-11 6.743444868e-13)
(0 1.367067257e-11 6.922461084e-13)
(0 2.712490325e-10 3.620652768e-12)
(0 -5.137576273e-10 4.149980132e-12)
(0 6.839677486e-10 4.179265671e-12)
(0 -6.010860837e-10 4.092826939e-12)
(0 4.342126643e-10 4.001015166e-12)
(0 -2.849179162e-10 3.92084224e-12)
(0 -2.35825626 0.8265189651)
(0 0.07238336502 0.8564072262)
(0 0.4646572043 0.7509370981)
(0 0.5325471313 0.923097147)
(0 1.504222367 0.860127623)
(0 1.774936973 1.072538443)
(0 0.4767684952 1.773042351)
(0 0.0001570283892 1.475388848)
(0 -2.496293616e-12 7.597768923e-12)
(0 -2.787760888e-12 1.224055942e-11)
(0 1.294047758e-12 1.281381746e-11)
(0 5.053944874e-12 1.18006933e-11)
(0 7.43520915e-12 1.020804853e-11)
(0 8.627847446e-12 8.530537104e-12)
(0 9.03318403e-12 7.004110939e-12)
(0 8.983949496e-12 5.712985223e-12)
(0 8.703150521e-12 4.661755092e-12)
(0 8.32539885e-12 3.820923913e-12)
(0 7.925997127e-12 3.151523058e-12)
(0 7.543874919e-12 2.616405563e-12)
(0 7.196979807e-12 2.184294582e-12)
(0 6.891774054e-12 1.830400267e-12)
(0 6.628777803e-12 1.535671934e-12)
(0 6.405685932e-12 1.285679473e-12)
(0 6.219075658e-12 1.06953826e-12)
(0 6.065315361e-12 8.790117123e-13)
(0 5.941023297e-12 7.07807288e-13)
(0 5.843276307e-12 5.510406273e-13)
(0 5.769686646e-12 4.048331216e-13)
(0 5.718416475e-12 2.660097896e-13)
(0 5.688168467e-12 1.318689172e-13)
(0 2.839085579e-12 3.899190753e-24)
(0 1.072962609e-11 6.928904553e-13)
(0 1.330487589e-11 7.545648632e-13)
(0 2.712844554e-10 3.766156115e-12)
(0 -5.138707132e-10 4.309312239e-12)
(0 6.839285279e-10 4.338799814e-12)
(0 -6.011263036e-10 4.256500638e-12)
(0 4.341886402e-10 4.178217775e-12)
(0 -2.849261038e-10 4.116652733e-12)
(0 -1.201205673 -1.102636574)
(0 -0.6283230918 -1.271700066)
(0 -0.168738411 0.5261745634)
(0 0.6321436271 0.5869786456)
(0 1.613963972 0.4797123723)
(0 1.383957694 2.028878273)
(0 0.3582598459 2.409933985)
(0 0.0001390255895 1.808337575)
(0 -2.33017573e-12 1.525723924e-11)
(0 -2.526282332e-12 8.547738756e-12)
(0 1.238348049e-12 8.648825137e-12)
(0 4.440395916e-12 9.003936594e-12)
(0 6.394451637e-12 8.669676555e-12)
(0 7.419533446e-12 7.851430899e-12)
(0 7.85168557e-12 6.846106754e-12)
(0 7.928550611e-12 5.84371401e-12)
(0 7.805613273e-12 4.935081241e-12)
(0 7.581135207e-12 4.150203816e-12)
(0 7.315111768e-12 3.488141924e-12)
(0 7.042642716e-12 2.934893322e-12)
(0 6.783122847e-12 2.472714273e-12)
(0 6.546352534e-12 2.084411462e-12)
(0 6.336462813e-12 1.754981293e-12)
(0 6.154373656e-12 1.471975965e-12)
(0 5.99930742e-12 1.225323917e-12)
(0 5.869702991e-12 1.006959558e-12)
(0 5.763751451e-12 8.104228126e-13)
(0 5.679696912e-12 6.304938566e-13)
(0 5.61599757e-12 4.628834691e-13)
(0 5.571408345e-12 3.039786893e-13)
(0 5.545021911e-12 1.506345737e-13)
(0 2.768143963e-12 3.742369748e-24)
(0 1.046307663e-11 7.024595803e-13)
(0 1.288154118e-11 8.026900649e-13)
(0 2.713124441e-10 3.886060754e-12)
(0 -5.139953045e-10 4.449945755e-12)
(0 6.838810295e-10 4.482393154e-12)
(0 -6.011713361e-10 4.404165218e-12)
(0 4.3416209e-10 4.339184472e-12)
(0 -2.849350129e-10 4.295742999e-12)
(0 -0.16495194 -0.1635313229)
(0 -0.8252779498 -0.4016888576)
(0 -0.7989623392 -0.3921750995)
(0 -0.3337053229 -0.6432738822)
(0 -0.1319201584 0.1805172241)
(0 0.6904673113 2.540515659)
(0 0.3388496431 2.832313306)
(0 0.0001633826405 2.006082935)
(0 -8.874229785e-12 -8.926210367e-12)
(0 -9.058209212e-12 -1.61548279e-12)
(0 1.750245596e-12 4.229764334e-12)
(0 5.074796292e-12 6.896560717e-12)
(0 6.282703455e-12 7.615280469e-12)
(0 6.804277646e-12 7.359419452e-12)
(0 7.025467141e-12 6.685194319e-12)
(0 7.072923983e-12 5.880695622e-12)
(0 7.009640327e-12 5.084669157e-12)
(0 6.878459533e-12 4.356681084e-12)
(0 6.710686633e-12 3.715946938e-12)
(0 6.528447268e-12 3.162302569e-12)
(0 6.346497946e-12 2.687248787e-12)
(0 6.174041074e-12 2.279543527e-12)
(0 6.016342306e-12 1.927859787e-12)
(0 5.876028556e-12 1.621912129e-12)
(0 5.75405925e-12 1.352814634e-12)
(0 5.650414257e-12 1.113074155e-12)
(0 5.564557596e-12 8.964275671e-13)
(0 5.495736964e-12 6.976279182e-13)
(0 5.443171479e-12 5.122289598e-13)
(0 5.406167579e-12 3.363879797e-13)
(0 5.384189778e-12 1.666913676e-13)
(0 2.688451006e-12 3.523062251e-24)
(0 1.016377492e-11 7.037321624e-13)
(0 1.240746643e-11 8.342477565e-13)
(0 2.713295265e-10 3.977568541e-12)
(0 -5.141328813e-10 4.568329793e-12)
(0 6.838230412e-10 4.60680109e-12)
(0 -6.012229499e-10 4.532903606e-12)
(0 4.341317144e-10 4.481475802e-12)
(0 -2.849452113e-10 4.45595896e-12)
(0 -0.6344250807 -0.130727517)
(0 -0.7855898393 -0.3039783992)
(0 -0.8806374347 -0.3619027698)
(0 -0.9748883829 -0.6655930351)
(0 -0.9810074716 -0.2794427789)
(0 0.2050585742 1.690276066)
(0 -0.05068125046 3.185065077)
(0 0.001822983606 2.232946145)
(0 2.238728544e-12 -5.449586526e-11)
(0 1.099086121e-11 -9.947689103e-12)
(0 9.750391555e-12 2.989198802e-12)
(0 7.825912051e-12 6.737176054e-12)
(0 6.857310372e-12 7.535527376e-12)
(0 6.489447296e-12 7.28577535e-12)
(0 6.372961739e-12 6.654526474e-12)
(0 6.328025449e-12 5.909193563e-12)
(0 6.281598735e-12 5.166226731e-12)
(0 6.212412988e-12 4.475910409e-12)
(0 6.120733254e-12 3.8566567e-12)
(0 6.013944566e-12 3.311110429e-12)
(0 5.900363804e-12 2.834425857e-12)
(0 5.786963535e-12 2.418647911e-12)
(0 5.678831415e-12 2.05499629e-12)
(0 5.579328503e-12 1.734991195e-12)
(0 5.490469446e-12 1.450941456e-12)
(0 5.413315924e-12 1.196089812e-12)
(0 5.348305215e-12 9.645830006e-13)
(0 5.295498305e-12 7.513611137e-13)
(0 5.254757632e-12 5.520174051e-13)
(0 5.225870752e-12 3.626539382e-13)
(0 5.208633931e-12 1.797434796e-13)
(0 2.601452595e-12 3.000452868e-24)
(0 9.837242749e-12 6.961802457e-13)
(0 1.189622477e-11 8.490975496e-13)
(0 2.713346065e-10 4.040121668e-12)
(0 -5.142835154e-10 4.661686372e-12)
(0 6.837534573e-10 4.708783729e-12)
(0 -6.01282173e-10 4.639618527e-12)
(0 4.340967297e-10 4.602154369e-12)
(0 -2.849570815e-10 4.594368079e-12)
(0 -0.7016163516 0.04285862231)
(0 -0.8613038604 -0.008582239701)
(0 -0.99561248 -0.0923233541)
(0 -1.343796184 -0.473781655)
(0 -2.059529368 -0.3355277329)
(0 -1.70083536 1.235290543)
(0 -1.010343112 2.621604726)
(0 -0.005030930814 2.079947436)
(0 4.053822489e-11 2.302562009e-11)
(0 4.889888597e-11 1.381145472e-11)
(0 1.843511075e-11 1.093750812e-11)
(0 9.621124866e-12 9.527347183e-12)
(0 6.831302751e-12 8.503899547e-12)
(0 5.923276743e-12 7.593626077e-12)
(0 5.648885355e-12 6.737918582e-12)
(0 5.58462424e-12 5.935322494e-12)
(0 5.576357173e-12 5.195143742e-12)
(0 5.568889503e-12 4.524078503e-12)
(0 5.545886653e-12 3.923648814e-12)
(0 5.506216426e-12 3.39104382e-12)
(0 5.454035428e-12 2.920687124e-12)
(0 5.394611507e-12 2.505619789e-12)
(0 5.33268559e-12 2.138480232e-12)
(0 5.271973721e-12 1.812108063e-12)
(0 5.215157867e-12 1.519863771e-12)
(0 5.164055802e-12 1.255756244e-12)
(0 5.119828898e-12 1.014451648e-12)
(0 5.083171368e-12 7.91216146e-13)
(0 5.054464303e-12 5.818264069e-13)
(0 5.033893654e-12 3.824676108e-13)
(0 5.02153584e-12 1.896288603e-13)
(0 2.508707526e-12 2.626229811e-24)
(0 9.488206591e-12 6.811858972e-13)
(0 1.134547005e-11 8.482332945e-13)
(0 2.713248546e-10 4.073576153e-12)
(0 -5.144470451e-10 4.72739695e-12)
(0 6.83671992e-10 4.785111384e-12)
(0 -6.013493119e-10 4.721212707e-12)
(0 4.340568859e-10 4.6980691e-12)
(0 -2.849708005e-10 4.707635615e-12)
(0 -0.7196615684 0.05746317037)
(0 -0.8070832884 0.08153233072)
(0 -0.914426481 0.1398751407)
(0 -1.091844915 0.1259122686)
(0 -1.774880375 0.0507485237)
(0 -2.575666791 0.8439087265)
(0 -1.771403479 2.375877618)
(0 -0.009262221711 0.5979879497)
(0 1.907244237e-12 7.563379791e-11)
(0 -5.673717757e-13 3.177633004e-11)
(0 5.46628402e-12 1.74218958e-11)
(0 5.392303475e-12 1.19308659e-11)
(0 4.923589267e-12 9.359137167e-12)
(0 4.723466331e-12 7.846895879e-12)
(0 4.714658157e-12 6.768182629e-12)
(0 4.785250609e-12 5.899041296e-12)
(0 4.870354743e-12 5.154958086e-12)
(0 4.94091806e-12 4.501608281e-12)
(0 4.987698571e-12 3.922803151e-12)
(0 5.010982875e-12 3.408715744e-12)
(0 5.014939774e-12 2.951650231e-12)
(0 5.004756643e-12 2.544657718e-12)
(0 4.985319689e-12 2.181190553e-12)
(0 4.960712041e-12 1.855090313e-12)
(0 4.934117627e-12 1.560643406e-12)
(0 4.907903801e-12 1.292615918e-12)
(0 4.883765117e-12 1.046249595e-12)
(0 4.862873064e-12 8.172252198e-13)
(0 4.846009097e-12 6.01604695e-13)
(0 4.833673206e-12 3.957612786e-13)
(0 4.82616632e-12 1.963040566e-13)
(0 2.411823735e-12 2.388287271e-24)
(0 9.123332874e-12 6.602690614e-13)
(0 1.077577488e-11 8.334171101e-13)
(0 2.713033918e-10 4.078531486e-12)
(0 -5.146206243e-10 4.763488347e-12)
(0 6.8357999e-10 4.832989467e-12)
(0 -6.014236981e-10 4.774913732e-12)
(0 4.340125157e-10 4.766200522e-12)
(0 -2.849863278e-10 4.792427527e-12)
(0 -0.6476129073 0.0930432362)
(0 -0.6926449041 0.1571833684)
(0 -0.768024775 0.2030753474)
(0 -0.7852824532 0.3202130059)
(0 -0.8922027424 0.5423226742)
(0 -1.331926495 0.7760282881)
(0 -0.5875006292 0.9783859113)
(0 -1.882304424e-11 1.87483967e-11)
(0 -2.621706095e-11 2.306926489e-11)
(0 -9.194447056e-12 2.035961274e-11)
(0 -1.410353389e-12 1.504293129e-11)
(0 1.558366229e-12 1.141513956e-11)
(0 2.747332729e-12 9.154883151e-12)
(0 3.332322205e-12 7.66660494e-12)
(0 3.701030772e-12 6.58886488e-12)
(0 3.971399697e-12 5.737712283e-12)
(0 4.178924159e-12 5.024044329e-12)
(0 4.336734568e-12 4.404584556e-12)
(0 4.452994116e-12 3.857224634e-12)
(0 4.535063505e-12 3.369353261e-12)
(0 4.589977402e-12 2.932532351e-12)
(0 4.624151829e-12 2.540164222e-12)
(0 4.643118184e-12 2.186527578e-12)
(0 4.651426575e-12 1.866412677e-12)
(0 4.652683472e-12 1.574998193e-12)
(0 4.64966199e-12 1.307810955e-12)
(0 4.6444382e-12 1.060703846e-12)
(0 4.638526468e-12 8.298295486e-13)
(0 4.633000362e-12 6.116050607e-13)
(0 4.628593015e-12 4.026677442e-13)
(0 4.625774561e-12 1.99825052e-13)
(0 2.31240347e-12 2.038063574e-24)
(0 8.749529606e-12 6.336509372e-13)
(0 1.019088331e-11 8.068057745e-13)
(0 2.71271353e-10 4.056807187e-12)
(0 -5.148015012e-10 4.769157711e-12)
(0 6.834793314e-10 4.850468238e-12)
(0 -6.015041328e-10 4.798567721e-12)
(0 4.339643317e-10 4.80396601e-12)
(0 -2.850034628e-10 4.845758253e-12)
(0 -0.5323141226 0.09710698692)
(0 -0.5315735617 0.1980719978)
(0 -0.5693807518 0.2454853656)
(0 -0.5789189601 0.2994364243)
(0 -0.4786061564 0.498223644)
(0 -0.5442603528 0.8474326918)
(0 -0.03504041299 0.6265833348)
(0 -9.688119073e-12 -1.000492825e-13)
(0 -1.559942077e-11 7.883320143e-12)
(0 -8.593321813e-12 1.153478401e-11)
(0 -3.478189155e-12 1.097518184e-11)
(0 -4.957446609e-13 9.53191238e-12)
(0 1.175054642e-12 8.178623538e-12)
(0 2.15744806e-12 7.075751514e-12)
(0 2.7857655e-12 6.182962567e-12)
(0 3.220430058e-12 5.438908244e-12)
(0 3.537227016e-12 4.798919713e-12)
(0 3.774098365e-12 4.235446777e-12)
(0 3.952467275e-12 3.732141858e-12)
(0 4.086290592e-12 3.278929198e-12)
(0 4.185750734e-12 2.868954616e-12)
(0 4.25875187e-12 2.496933244e-12)
(0 4.311568144e-12 2.158336466e-12)
(0 4.349182656e-12 1.849028377e-12)
(0 4.375515906e-12 1.565120737e-12)
(0 4.393609454e-12 1.302922478e-12)
(0 4.405783711e-12 1.05892297e-12)
(0 4.413774279e-12 8.297820074e-13)
(0 4.418847292e-12 6.123159943e-13)
(0 4.421893197e-12 4.034772537e-13)
(0 4.423498576e-12 2.003265246e-13)
(0 2.211998683e-12 1.748653583e-24)
(0 8.370968901e-12 6.01102793e-13)
(0 9.604636373e-12 7.702114936e-13)
(0 2.712320079e-10 4.010318041e-12)
(0 -5.149862498e-10 4.74428834e-12)
(0 6.833724369e-10 4.836360458e-12)
(0 -6.015890192e-10 4.790700078e-12)
(0 4.339132977e-10 4.809384208e-12)
(0 -2.850218928e-10 4.865214348e-12)
(0 -0.4195719831 0.08200137888)
(0 -0.3938249756 0.195224899)
(0 -0.3824385879 0.2578939146)
(0 -0.3927472865 0.2913044181)
(0 -0.2966479902 0.3890619266)
(0 -0.29018552 0.7403443488)
(0 -0.01310773142 0.4031691189)
(0 -4.23532732e-12 -1.119449512e-13)
(0 -8.005912849e-12 3.596594662e-12)
(0 -6.102585261e-12 6.914391747e-12)
(0 -3.413225019e-12 7.791145685e-12)
(0 -1.238192077e-12 7.55869299e-12)
(0 2.911718628e-13 6.951916588e-12)
(0 1.336661234e-12 6.274808228e-12)
(0 2.064187502e-12 5.628335666e-12)
(0 2.587356843e-12 5.036042013e-12)
(0 2.975462692e-12 4.497269046e-12)
(0 3.269956713e-12 4.006124046e-12)
(0 3.496476537e-12 3.556952407e-12)
(0 3.671876263e-12 3.145257828e-12)
(0 3.807981448e-12 2.767417407e-12)
(0 3.913533679e-12 2.420271745e-12)
(0 3.995213318e-12 2.100850407e-12)
(0 4.058210846e-12 1.806237819e-12)
(0 4.106577572e-12 1.533529267e-12)
(0 4.143464223e-12 1.279831675e-12)
(0 4.171297729e-12 1.042280304e-12)
(0 4.191919493e-12 8.180559591e-13)
(0 4.206695608e-12 6.043957268e-13)
(0 4.216603546e-12 3.985950072e-13)
(0 4.222297308e-12 1.98001109e-13)
(0 2.112076945e-12 1.34546928e-24)
(0 7.995203376e-12 5.644172455e-13)
(0 9.014863525e-12 7.249735001e-13)
(0 2.711858004e-10 3.940108296e-12)
(0 -5.151723311e-10 4.688896279e-12)
(0 6.83261583e-10 4.790046473e-12)
(0 -6.016766961e-10 4.750483022e-12)
(0 4.338604521e-10 4.781142991e-12)
(0 -2.850412523e-10 4.849067906e-12)
(0 -0.3221062386 0.06385674129)
(0 -0.2991495511 0.1709907895)
(0 -0.258340092 0.2345384363)
(0 -0.2634232883 0.2685979939)
(0 -0.1630430383 0.3176695987)
(0 -0.1851574339 0.6754529308)
(0 -0.005357795985 0.2551511377)
(0 -2.909778618e-12 5.715535923e-14)
(0 -5.490926601e-12 2.781997632e-12)
(0 -4.398770885e-12 4.735111687e-12)
(0 -2.833887912e-12 5.716313016e-12)
(0 -1.334973757e-12 5.959767952e-12)
(0 -1.088301193e-13 5.795527181e-12)
(0 8.338671381e-13 5.44323552e-12)
(0 1.546999285e-12 5.019537082e-12)
(0 2.089363439e-12 4.57964943e-12)
(0 2.50730905e-12 4.147974577e-12)
(0 2.833781726e-12 3.734811344e-12)
(0 3.091601057e-12 3.344274093e-12)
(0 3.296755592e-12 2.977724953e-12)
(0 3.460764651e-12 2.635179747e-12)
(0 3.592184869e-12 2.315880099e-12)
(0 3.697534219e-12 2.018549682e-12)
(0 3.781861517e-12 1.741537967e-12)
(0 3.849109761e-12 1.482922475e-12)
(0 3.902360491e-12 1.240590655e-12)
(0 3.944007995e-12 1.01230621e-12)
(0 3.975889702e-12 7.957606337e-13)
(0 3.99938634e-12 5.886103878e-13)
(0 4.015498579e-12 3.885009402e-13)
(0 4.024903569e-12 1.930796382e-13)
(0 2.013997574e-12 1.17381615e-24)
(0 7.62470736e-12 5.251112313e-13)
(0 8.438966295e-12 6.719784491e-13)
(0 2.711375343e-10 3.847082337e-12)
(0 -5.1535587e-10 4.603521533e-12)
(0 6.831495092e-10 4.711629606e-12)
(0 -6.017653315e-10 4.677791904e-12)
(0 4.338068792e-10 4.718644041e-12)
(0 -2.850611471e-10 4.796323268e-12)
(0 -0.2335384309 0.0525444069)
(0 -0.2231047573 0.1490587889)
(0 -0.178180924 0.2099148257)
(0 -0.1910913048 0.235635466)
(0 -0.08501396882 0.2746058156)
(0 -0.1287780699 0.6402357361)
(0 -0.001697596597 0.1683860671)
(0 -2.057065258e-12 6.257688417e-14)
(0 -3.869315356e-12 2.197228634e-12)
(0 -3.168270072e-12 3.527759627e-12)
(0 -2.188568753e-12 4.379203268e-12)
(0 -1.158977912e-12 4.768522269e-12)
(0 -2.253605691e-13 4.827191691e-12)
(0 5.606711353e-13 4.683077747e-12)
(0 1.200601411e-12 4.426925835e-12)
(0 1.715794338e-12 4.115030542e-12)
(0 2.130624606e-12 3.780151192e-12)
(0 2.466256229e-12 3.440858727e-12)
(0 2.739390146e-12 3.107598779e-12)
(0 2.962781917e-12 2.786182181e-12)
(0 3.146136594e-12 2.47969112e-12)
(0 3.296903614e-12 2.189513595e-12)
(0 3.420871186e-12 1.915924873e-12)
(0 3.522583639e-12 1.658437213e-12)
(0 3.60563026e-12 1.416027774e-12)
(0 3.672847958e-12 1.187297657e-12)
(0 3.726467709e-12 9.705876219e-13)
(0 3.76822367e-12 7.640633345e-13)
(0 3.799435915e-12 5.657773677e-13)
(0 3.821072796e-12 3.737128701e-13)
(0 3.833796367e-12 1.858130105e-13)
(0 1.918997307e-12 9.925055518e-25)
(0 7.267964647e-12 4.825329036e-13)
(0 7.880679331e-12 6.120747071e-13)
(0 2.710887749e-10 3.733041768e-12)
(0 -5.155343941e-10 4.489649214e-12)
(0 6.830383254e-10 4.602036552e-12)
(0 -6.018533578e-10 4.573194313e-12)
(0 4.337535406e-10 4.621980554e-12)
(0 -2.850812037e-10 4.706697122e-12)
(0 -0.1488351721 0.04616941943)
(0 -0.1474604096 0.1308396527)
(0 -0.1033644483 0.1893774747)
(0 -0.1248852532 0.2002725529)
(0 -0.02958245063 0.2337714747)
(0 -0.100200682 0.6112517473)
(0 -0.0001644744944 0.1161725667)
(0 -1.404844703e-12 4.726460023e-14)
(0 -2.652642569e-12 1.789349829e-12)
(0 -2.216796511e-12 2.799485749e-12)
(0 -1.59312527e-12 3.504204481e-12)
(0 -8.869853344e-13 3.907927256e-12)
(0 -1.942746418e-13 4.061647306e-12)
(0 4.336012818e-13 4.034958383e-12)
(0 9.789520802e-13 3.890046984e-12)
(0 1.442588796e-12 3.673378958e-12)
(0 1.833137235e-12 3.41672576e-12)
(0 2.161229312e-12 3.140863239e-12)
(0 2.436924511e-12 2.859073496e-12)
(0 2.668847934e-12 2.579708584e-12)
(0 2.864096066e-12 2.307883642e-12)
(0 3.028418622e-12 2.046552996e-12)
(0 3.166457836e-12 1.797194241e-12)
(0 3.281964418e-12 1.560254025e-12)
(0 3.377970205e-12 1.335449403e-12)
(0 3.456920339e-12 1.121979216e-12)
(0 3.520773672e-12 9.186765006e-13)
(0 3.571079447e-12 7.241199132e-13)
(0 3.609035876e-12 5.367151749e-13)
(0 3.635534222e-12 3.547539939e-13)
(0 3.651190699e-12 1.764562125e-13)
(0 1.828184563e-12 5.258447784e-25)
(0 6.925843841e-12 4.380523396e-13)
(0 7.344378824e-12 5.458406051e-13)
(0 2.710407715e-10 3.59919239e-12)
(0 -5.15706e-10 4.348698866e-12)
(0 6.829297411e-10 4.462492178e-12)
(0 -6.019394225e-10 4.437688609e-12)
(0 4.337012866e-10 4.491794316e-12)
(0 -2.851010724e-10 4.580531744e-12)
(0 -0.06886803404 0.04492021825)
(0 -0.07589820227 0.119618322)
(0 -0.03444335509 0.1794075655)
(0 -0.0547328054 0.1808064395)
(0 0.01330039015 0.2400619393)
(0 -0.08979571656 0.601248116)
(0 0.0007094694117 0.06851017118)
(0 -6.422400811e-13 1.370929969e-13)
(0 -1.443051962e-12 1.787306924e-12)
(0 -1.453415395e-12 2.376623678e-12)
(0 -1.080127246e-12 2.930202647e-12)
(0 -6.015350868e-13 3.297341189e-12)
(0 -9.832944144e-14 3.476512899e-12)
(0 3.890708132e-13 3.505052469e-12)
(0 8.390219864e-13 3.424909266e-12)
(0 1.242473114e-12 3.271697182e-12)
(0 1.598108887e-12 3.072498317e-12)
(0 1.908603966e-12 2.846787605e-12)
(0 2.178235491e-12 2.608117919e-12)
(0 2.411592063e-12 2.365689827e-12)
(0 2.612981005e-12 2.125576634e-12)
(0 2.786214213e-12 1.891615663e-12)
(0 2.934572215e-12 1.666040864e-12)
(0 3.060838801e-12 1.449931214e-12)
(0 3.167355452e-12 1.243531834e-12)
(0 3.256075056e-12 1.046487059e-12)
(0 3.328608405e-12 8.580114732e-13)
(0 3.386262345e-12 6.770161137e-13)
(0 3.430069995e-12 5.022014829e-13)
(0 3.460813833e-12 3.321257981e-13)
(0 3.479042374e-12 1.652550138e-13)
(0 1.742541094e-12 5.355786675e-25)
(0 6.602953788e-12 3.916162577e-13)
(0 6.840233706e-12 4.743401041e-13)
(0 2.709956799e-10 3.44738304e-12)
(0 -5.158688374e-10 4.182484062e-12)
(0 6.82825292e-10 4.294553529e-12)
(0 -6.0202229e-10 4.272637573e-12)
(0 4.33650912e-10 4.329196145e-12)
(0 -2.851204094e-10 4.418742388e-12)
(0 0.01299723342 0.04465855546)
(0 0.002297992307 0.1116562942)
(0 0.05235730198 0.1577233417)
(0 0.06543709357 0.1708444339)
(0 0.1203341798 0.2781888513)
(0 -0.05606942403 0.6200488107)
(0 0.001093764374 0.04056388177)
(0 -1.536343542e-12 -4.262458012e-14)
(0 -2.19381494e-12 1.065296021e-12)
(0 -1.073900776e-12 1.989502137e-12)
(0 -6.72407759e-13 2.542645875e-12)
(0 -3.406750824e-13 2.87472225e-12)
(0 1.343663819e-14 3.04200262e-12)
(0 3.819976488e-13 3.08381531e-12)
(0 7.455967937e-13 3.032825685e-12)
(0 1.090177847e-12 2.915990557e-12)
(0 1.408227658e-12 2.754774782e-12)
(0 1.696848914e-12 2.56566513e-12)
(0 1.955826733e-12 2.360915437e-12)
(0 2.186306649e-12 2.149350841e-12)
(0 2.390021902e-12 1.937112379e-12)
(0 2.568882852e-12 1.728287807e-12)
(0 2.724773387e-12 1.525418439e-12)
(0 2.859455388e-12 1.329893897e-12)
(0 2.97452605e-12 1.142254183e-12)
(0 3.071399978e-12 9.62418541e-13)
(0 3.151302727e-12 7.898577067e-13)
(0 3.215269457e-12 6.23722805e-13)
(0 3.26414556e-12 4.629412093e-13)
(0 3.298587753e-12 3.062874663e-13)
(0 3.319064901e-12 1.524358479e-13)
(0 1.662929549e-12 6.167908047e-25)
(0 6.30349349e-12 3.440355365e-13)
(0 6.362663766e-12 3.985898687e-13)
(0 2.709523713e-10 3.278937096e-12)
(0 -5.160222048e-10 3.99252363e-12)
(0 6.82726074e-10 4.099762157e-12)
(0 -6.021008701e-10 4.079600248e-12)
(0 4.336031802e-10 4.135684912e-12)
(0 -2.851388636e-10 4.222792465e-12)
(0 0.09501212617 0.04553342867)
(0 0.08168501965 0.09923649077)
(0 0.1659401922 0.09688003394)
(0 0.2291980422 0.1447379099)
(0 0.2858672102 0.3556662822)
(0 0.02510466146 0.7110287036)
(0 0.0005912186135 0.02709789171)
(0 1.384822763e-12 1.564840178e-13)
(0 1.509743177e-12 1.447287921e-12)
(0 2.393443004e-14 1.973445669e-12)
(0 -1.949071339e-13 2.37615576e-12)
(0 -1.021783425e-13 2.616891904e-12)
(0 1.107636186e-13 2.732947535e-12)
(0 3.798938781e-13 2.755366987e-12)
(0 6.711972339e-13 2.706576411e-12)
(0 9.644222113e-13 2.604656425e-12)
(0 1.247783461e-12 2.464938964e-12)
(0 1.51474462e-12 2.300177115e-12)
(0 1.761921202e-12 2.120522261e-12)
(0 1.987789005e-12 1.933680383e-12)
(0 2.191917971e-12 1.745229593e-12)
(0 2.374520273e-12 1.559000767e-12)
(0 2.536178305e-12 1.377447239e-12)
(0 2.677674544e-12 1.201966923e-12)
(0 2.799880096e-12 1.03316608e-12)
(0 2.903678579e-12 8.710672401e-13)
(0 2.989912669e-12 7.152691347e-13)
(0 3.059345847e-12 5.650676505e-13)
(0 3.112634657e-12 4.195461984e-13)
(0 3.150308472e-12 2.776427049e-13)
(0 3.172754907e-12 1.381993141e-13)
(0 1.590105246e-12 3.549239099e-25)
(0 6.029680017e-12 2.961812741e-13)
(0 5.927125912e-12 3.198619048e-13)
(0 2.709144036e-10 3.095437612e-12)
(0 -5.16163823e-10 3.78046751e-12)
(0 6.826337656e-10 3.879810625e-12)
(0 -6.021738366e-10 3.860374203e-12)
(0 4.335589619e-10 3.913167979e-12)
(0 -2.851560442e-10 3.994735093e-12)
(0 0.1877331959 0.04376159634)
(0 0.1859121539 0.06335571672)
(0 0.2989003321 -0.01593884136)
(0 0.4015126086 0.08630278735)
(0 0.4681734425 0.4562187313)
(0 0.1402345259 0.8977361734)
(0 -0.0007786314536 0.07527834816)
(0 -1.485723277e-12 9.468269679e-14)
(0 -1.614461418e-12 1.355567309e-12)
(0 -1.450329783e-13 2.0808334e-12)
(0 -2.896152345e-14 2.371633047e-12)
(0 1.611669201e-14 2.483731427e-12)
(0 1.519117211e-13 2.517516984e-12)
(0 3.556265253e-13 2.498118593e-12)
(0 5.948862315e-13 2.433448736e-12)
(0 8.485404e-13 2.331113443e-12)
(0 1.103748349e-12 2.200141653e-12)
(0 1.35243221e-12 2.049576163e-12)
(0 1.58933e-12 1.887310348e-12)
(0 1.811013981e-12 1.719613764e-12)
(0 2.015342286e-12 1.551120591e-12)
(0 2.201100498e-12 1.385034523e-12)
(0 2.367739542e-12 1.223398408e-12)
(0 2.515174229e-12 1.067354781e-12)
(0 2.643626367e-12 9.173687186e-13)
(0 2.753503032e-12 7.734067507e-13)
(0 2.845303138e-12 6.350752134e-13)
(0 2.919546521e-12 5.017246681e-13)
(0 2.976720615e-12 3.725274314e-13)
(0 3.017240869e-12 2.465345403e-13)
(0 3.041422196e-12 1.227175693e-13)
(0 1.524730235e-12 3.864210024e-25)
(0 5.783100742e-12 2.472299531e-13)
(0 5.531141244e-12 2.397161807e-13)
(0 2.708819993e-10 2.899264897e-12)
(0 -5.162924316e-10 3.548471496e-12)
(0 6.825497606e-10 3.636727439e-12)
(0 -6.022399118e-10 3.617072438e-12)
(0 4.335191452e-10 3.664010323e-12)
(0 -2.851715444e-10 3.737273603e-12)
(0 0.2922472388 0.03321358118)
(0 0.3087453243 0.005957478161)
(0 0.4243992353 -0.1435927193)
(0 0.5151247622 0.001112126582)
(0 0.5914884931 0.5730632374)
(0 0.2021537489 1.174037487)
(0 -0.003187057735 0.1844368332)
(0 2.40800075e-12 -1.855249052e-13)
(0 3.25985254e-12 1.562778887e-12)
(0 1.040000085e-12 2.622677669e-12)
(0 2.07990893e-13 2.545803305e-12)
(0 4.370559471e-14 2.428874428e-12)
(0 1.251507848e-13 2.355261912e-12)
(0 2.958256291e-13 2.286134647e-12)
(0 5.041920834e-13 2.197980349e-12)
(0 7.31115129e-13 2.086200915e-12)
(0 9.662461814e-13 1.954931786e-12)
(0 1.201913315e-12 1.810669346e-12)
(0 1.431958802e-12 1.659523614e-12)
(0 1.651599249e-12 1.506338997e-12)
(0 1.857338731e-12 1.354600318e-12)
(0 2.046798089e-12 1.206613987e-12)
(0 2.218498562e-12 1.063751782e-12)
(0 2.371644855e-12 9.266783929e-13)
(0 2.505932065e-12 7.955393642e-13)
(0 2.621385074e-12 6.701073912e-13)
(0 2.718230587e-12 5.498922978e-13)
(0 2.796798065e-12 4.342218055e-13)
(0 2.857444529e-12 3.222998477e-13)
(0 2.90049861e-12 2.132481311e-13)
(0 2.926220367e-12 1.061356266e-13)
(0 1.467387677e-12 4.669591268e-25)
(0 5.567891941e-12 1.977898341e-13)
(0 5.177977223e-12 1.591444509e-13)
(0 2.708563097e-10 2.691857564e-12)
(0 -5.164065448e-10 3.298320498e-12)
(0 6.824755506e-10 3.372553887e-12)
(0 -6.022977802e-10 3.352017679e-12)
(0 4.334846241e-10 3.391016945e-12)
(0 -2.851849582e-10 3.453774636e-12)
(0 0.3891700202 0.01691457743)
(0 0.4235799173 -0.05502322417)
(0 0.5605485485 -0.2461216007)
(0 0.5951903881 -0.05330854184)
(0 0.6310517108 0.7252149596)
(0 0.2604589592 1.480233534)
(0 -7.645964351e-05 0.1856057452)
(0 7.352190036e-12 2.841631628e-12)
(0 8.27987366e-12 9.545473071e-12)
(0 8.379912807e-13 4.301290356e-12)
(0 -2.22764764e-13 2.760021366e-12)
(0 -1.744247006e-13 2.330694527e-12)
(0 9.171939743e-15 2.188515694e-12)
(0 1.983449616e-13 2.093172113e-12)
(0 3.949524999e-13 1.986131151e-12)
(0 6.054918372e-13 1.860771755e-12)
(0 8.282167798e-13 1.72270881e-12)
(0 1.057024039e-12 1.578639825e-12)
(0 1.284999651e-12 1.433770504e-12)
(0 1.506090685e-12 1.291613597e-12)
(0 1.715617277e-12 1.154323002e-12)
(0 1.910251962e-12 1.023063937e-12)
(0 2.087803948e-12 8.98309795e-13)
(0 2.246961811e-12 7.800599953e-13)
(0 2.387055365e-12 6.679947622e-13)
(0 2.507855966e-12 5.61583261e-13)
(0 2.609417552e-12 4.601580413e-13)
(0 2.691954071e-12 3.629654413e-13)
(0 2.75574694e-12 2.691990146e-13)
(0 2.801076647e-12 1.780210978e-13)
(0 2.828174065e-12 8.857630437e-14)
(0 1.418594609e-12 2.398930051e-25)
(0 5.384846456e-12 1.483048456e-13)
(0 4.871809948e-12 7.897049262e-14)
(0 2.708392518e-10 2.474621321e-12)
(0 -5.165042934e-10 3.031906915e-12)
(0 6.824127772e-10 3.089566154e-12)
(0 -6.023461243e-10 3.067824588e-12)
(0 4.334562304e-10 3.097462156e-12)
(0 -2.85195918e-10 3.148252388e-12)
(0 0.4371323979 -0.01352832321)
(0 0.5158850457 -0.1480443904)
(0 0.6917241975 -0.3444858621)
(0 0.6650830857 -0.03107083286)
(0 0.5667818155 0.932130984)
(0 0.2301886892 1.771681075)
(0 -0.00131649756 0.4832780402)
(0 -1.407958009e-11 2.795856833e-12)
(0 -1.847696392e-11 6.281115898e-12)
(0 -5.745451981e-12 2.276988708e-12)
(0 -1.762604937e-12 1.86229267e-12)
(0 -5.278000772e-13 1.945361967e-12)
(0 -1.123716285e-13 1.974929343e-12)
(0 9.344108645e-14 1.911901501e-12)
(0 2.717917252e-13 1.792594297e-12)
(0 4.676927877e-13 1.648039862e-12)
(0 6.841142516e-13 1.496485835e-12)
(0 9.129750095e-13 1.347405111e-12)
(0 1.144932574e-12 1.20529983e-12)
(0 1.372151747e-12 1.072016618e-12)
(0 1.58878907e-12 9.480082175e-13)
(0 1.790784882e-12 8.330019845e-13)
(0 1.975494621e-12 7.263554798e-13)
(0 2.141329822e-12 6.27248554e-13)
(0 2.287455331e-12 5.347883053e-13)
(0 2.413548353e-12 4.480659353e-13)
(0 2.519612767e-12 3.661860427e-13)
(0 2.605839039e-12 2.8827973e-13)
(0 2.672500186e-12 2.135081375e-13)
(0 2.7198759e-12 1.410603733e-13)
(0 2.748199269e-12 7.014831838e-14)
(0 1.378811373e-12 2.343443814e-25)
(0 5.235759861e-12 9.846445206e-14)
(0 4.615040467e-12 -6.132493594e-16)
(0 2.708326705e-10 2.248848962e-12)
(0 -5.16583721e-10 2.751374627e-12)
(0 6.823630793e-10 2.790451438e-12)
(0 -6.023837703e-10 2.767500512e-12)
(0 4.334346061e-10 2.78710117e-12)
(0 -2.852041545e-10 2.825276943e-12)
(0 0.3615138632 -0.06048857338)
(0 0.503448307 -0.3160681936)
(0 0.6594279312 -0.4659369688)
(0 0.5509414727 0.05578342027)
(0 0.2779764377 1.206855545)
(0 -0.04389540379 1.967276038)
(0 -0.007295970039 0.5362697261)
(0 -1.482274222e-11 -1.242240923e-11)
(0 -1.788082154e-11 -1.514081576e-11)
(0 -3.580833193e-12 -3.336750001e-12)
(0 -5.543915048e-13 4.667952073e-13)
(0 -6.178802802e-14 1.613527196e-12)
(0 -2.428852592e-14 1.853933457e-12)
(0 1.600991593e-14 1.786904862e-12)
(0 1.310908605e-13 1.624298998e-12)
(0 3.093833746e-13 1.44230201e-12)
(0 5.275820292e-13 1.267784284e-12)
(0 7.658380344e-13 1.109189809e-12)
(0 1.009611157e-12 9.680015851e-13)
(0 1.248799072e-12 8.431383806e-13)
(0 1.476602644e-12 7.326835999e-13)
(0 1.688599224e-12 6.345715305e-13)
(0 1.882050517e-12 5.468522349e-13)
(0 2.055394637e-12 4.67781392e-13)
(0 2.207872747e-12 3.958362203e-13)
(0 2.339253703e-12 3.29700421e-13)
(0 2.449631347e-12 2.682370405e-13)
(0 2.539276166e-12 2.104578579e-13)
(0 2.608527584e-12 1.554932388e-13)
(0 2.657716828e-12 1.025641387e-13)
(0 2.687113691e-12 5.095679821e-14)
(0 1.34844629e-12 4.983841854e-25)
(0 5.122724012e-12 4.798553059e-14)
(0 4.410014881e-12 -8.04779398e-14)
(0 2.708385512e-10 2.015327727e-12)
(0 -5.166428666e-10 2.459175472e-12)
(0 6.82327912e-10 2.478482347e-12)
(0 -6.024098838e-10 2.454555899e-12)
(0 4.334200432e-10 2.464133633e-12)
(0 -2.852095687e-10 2.489778603e-12)
(0 0.1232710655 -0.1415228198)
(0 0.2229612013 -0.4786464584)
(0 0.2041878446 -0.4553005409)
(0 -0.02181356262 0.3589553175)
(0 -0.2780582323 1.613675714)
(0 -0.2666178423 2.109428494)
(0 -0.006971919298 0.5401547104)
(0 2.290392956e-11 1.156822999e-12)
(0 3.030572153e-11 -1.138840424e-11)
(0 9.86215346e-12 -9.499976662e-13)
(0 3.18767226e-12 1.728107887e-12)
(0 8.593381722e-13 2.18801429e-12)
(0 6.100603745e-14 2.040368121e-12)
(0 -1.361933721e-13 1.757480905e-12)
(0 -7.281112644e-14 1.475390279e-12)
(0 1.111780737e-13 1.229080515e-12)
(0 3.510020508e-13 1.023155004e-12)
(0 6.131923105e-13 8.535632048e-13)
(0 8.788811448e-13 7.143720901e-13)
(0 1.136833761e-12 5.998438798e-13)
(0 1.38022222e-12 5.050069394e-13)
(0 1.604953517e-12 4.257380478e-13)
(0 1.808704482e-12 3.586902574e-13)
(0 1.990313808e-12 3.011793411e-13)
(0 2.14937436e-12 2.510676038e-13)
(0 2.285949174e-12 2.066579617e-13)
(0 2.400370204e-12 1.666018925e-13)
(0 2.493095237e-12 1.29821387e-13)
(0 2.564606466e-12 9.544367673e-14)
(0 2.615339459e-12 6.274698461e-14)
(0 2.64563513e-12 3.111531539e-14)
(0 1.327854575e-12 4.826143943e-25)
(0 5.046404441e-12 -2.677629112e-15)
(0 4.257513308e-12 -1.623212131e-13)
(0 2.708583617e-10 1.774403914e-12)
(0 -5.166803492e-10 2.158221619e-12)
(0 6.823080883e-10 2.15763943e-12)
(0 -6.024242733e-10 2.133044642e-12)
(0 4.334123052e-10 2.133064627e-12)
(0 -2.852122994e-10 2.146722932e-12)
(0 -0.186052766 -0.1654236608)
(0 -0.2726986478 -0.4132037915)
(0 -0.5396759002 -0.1776449457)
(0 -0.7227464187 0.6996554362)
(0 -0.7752107523 1.672863131)
(0 -0.5068606294 1.504936719)
(0 1.523569222e-11 7.37385806e-14)
(0 3.797766429e-11 1.960389491e-11)
(0 3.008198048e-11 1.945933353e-11)
(0 9.535679122e-12 9.197055294e-12)
(0 2.583620451e-12 5.207616496e-12)
(0 2.504722051e-13 3.370050558e-12)
(0 -4.548219112e-13 2.362040465e-12)
(0 -5.489679256e-13 1.727257044e-12)
(0 -3.973095287e-13 1.290697426e-12)
(0 -1.428519003e-13 9.754713457e-13)
(0 1.520647188e-13 7.421879325e-13)
(0 4.570551204e-13 5.675305976e-13)
(0 7.558918324e-13 4.360726375e-13)
(0 1.039433922e-12 3.368491738e-13)
(0 1.302496812e-12 2.617518793e-13)
(0 1.542282542e-12 2.046725439e-13)
(0 1.757491811e-12 1.609809586e-13)
(0 1.947771983e-12 1.27169228e-13)
(0 2.113351367e-12 1.005904627e-13)
(0 2.254787992e-12 7.925835776e-14)
(0 2.372794772e-12 6.169021701e-14)
(0 2.46811795e-12 4.678291841e-14)
(0 2.541453181e-12 3.371454189e-14)
(0 2.593388467e-12 2.186605307e-14)
(0 2.624366707e-12 1.075832343e-14)
(0 1.317330975e-12 3.171135849e-25)
(0 5.007846057e-12 -5.426072111e-14)
(0 4.165236371e-12 -2.47830077e-13)
(0 2.708931259e-10 1.527029475e-12)
(0 -5.16695816e-10 1.852211338e-12)
(0 6.823034157e-10 1.8326109e-12)
(0 -6.024275891e-10 1.807467142e-12)
(0 4.334105513e-10 1.79844715e-12)
(0 -2.852127418e-10 1.800679054e-12)
(0 -0.3793089256 -0.05159857546)
(0 -0.582256613 -0.19872718)
(0 -0.8681203318 0.002057531366)
(0 -0.9801584348 0.7280784527)
(0 -0.8087431544 1.403842364)
(0 -0.3230973946 1.151680151)
(0 0.8104690985 0.1057418421)
(0 -7.136711544e-12 6.167737284e-12)
(0 -1.00551189e-11 3.04915494e-11)
(0 -4.389559213e-12 1.306142815e-11)
(0 -2.639332475e-12 6.535249055e-12)
(0 -1.986237859e-12 3.722528298e-12)
(0 -1.581787476e-12 2.310483827e-12)
(0 -1.207536411e-12 1.498807133e-12)
(0 -8.245968251e-13 9.846685261e-13)
(0 -4.373314194e-13 6.399163751e-13)
(0 -5.693869731e-14 4.025905179e-13)
(0 3.070770155e-13 2.382927878e-13)
(0 6.481997209e-13 1.255310156e-13)
(0 9.625130031e-13 4.971896217e-14)
(0 1.24804559e-12 4.685290747e-16)
(0 1.504182596e-12 -2.979116026e-14)
(0 1.731201167e-12 -4.661782482e-14)
(0 1.929923312e-12 -5.408176358e-14)
(0 2.10146349e-12 -5.513886134e-14)
(0 2.247048928e-12 -5.19080955e-14)
(0 2.367894765e-12 -4.588286122e-14)
(0 2.465119562e-12 -3.809352194e-14)
(0 2.539689601e-12 -2.923301403e-14)
(0 2.592383241e-12 -1.975435182e-14)
(0 2.623769077e-12 -9.94721059e-15)
(0 1.317096251e-12 3.199555391e-25)
(0 5.00865875e-12 -1.061650823e-13)
(0 4.123051605e-12 -3.387908045e-13)
(0 2.709390804e-10 1.273764932e-12)
(0 -5.166912998e-10 1.544698955e-12)
(0 6.823122781e-10 1.508175949e-12)
(0 -6.024213662e-10 1.482394261e-12)
(0 4.33413441e-10 1.46451124e-12)
(0 -2.852114859e-10 1.455373472e-12)
(0 -0.4636033767 0.03747030889)
(0 -0.6138355961 0.02779464019)
(0 -0.8267177495 0.1992312183)
(0 -0.9035935182 0.6190145572)
(0 -0.6590050575 0.8886483831)
(0 -0.1423081104 0.3165230708)
(0 -0.3143286297 -0.3468191487)
(0 -0.006543957644 0.6580376182)
(0 -1.006903343e-11 6.896944498e-12)
(0 -1.442099168e-11 6.020803674e-12)
(0 -6.755279403e-12 4.149387652e-12)
(0 -3.974293022e-12 2.674327972e-12)
(0 -2.678543075e-12 1.658557933e-12)
(0 -1.874783226e-12 9.728173159e-13)
(0 -1.256200287e-12 5.092506583e-13)
(0 -7.249299085e-13 1.969315225e-13)
(0 -2.495588686e-13 -1.003996161e-14)
(0 1.799956181e-13 -1.424873365e-13)
(0 5.673180068e-13 -2.219682033e-13)
(0 9.143714352e-13 -2.639818043e-13)
(0 1.222986689e-12 -2.798148159e-13)
(0 1.495196188e-12 -2.776967469e-13)
(0 1.733201207e-12 -2.63587151e-13)
(0 1.939250947e-12 -2.417458238e-13)
(0 2.115525035e-12 -2.151603299e-13)
(0 2.264043992e-12 -1.858712808e-13)
(0 2.386609346e-12 -1.552205796e-13)
(0 2.484767797e-12 -1.240405504e-13)
(0 2.559792351e-12 -9.279773007e-14)
(0 2.61267427e-12 -6.17023006e-14)
(0 2.644121058e-12 -3.079223183e-14)
(0 1.327278186e-12 2.619756398e-25)
(0 5.049049596e-12 -1.575850183e-13)
(0 4.143539959e-12 -4.35890704e-13)
(0 2.709961001e-10 1.016022575e-12)
(0 -5.166681896e-10 1.239304334e-12)
(0 6.823329659e-10 1.18899835e-12)
(0 -6.024072996e-10 1.162219095e-12)
(0 4.334196325e-10 1.134913546e-12)
(0 -2.852091188e-10 1.113461318e-12)
(0 -0.4647618016 0.08660140429)
(0 -0.523868587 0.1485057765)
(0 -0.5874977582 0.2816643591)
(0 -0.5775898373 0.5048586932)
(0 -0.3803532276 0.6329912253)
(0 0.01844164513 0.3774071733)
(0 -0.3621460189 -0.03502262367)
(0 -0.005950669868 0.03563547934)
(0 -3.602191196e-12 -6.836277474e-12)
(0 -7.053061004e-12 7.978648908e-14)
(0 -5.985808177e-12 1.367138325e-12)
(0 -4.477067578e-12 1.166836757e-12)
(0 -3.283298133e-12 6.76601316e-13)
(0 -2.356843686e-12 2.246514382e-13)
(0 -1.600482618e-12 -1.174178285e-13)
(0 -9.566220392e-13 -3.514054085e-13)
(0 -3.963575563e-13 -4.972003306e-13)
(0 9.514877383e-14 -5.762406797e-13)
(0 5.267052531e-13 -6.069423305e-13)
(0 9.046663906e-13 -6.03871156e-13)
(0 1.234330648e-12 -5.780568704e-13)
(0 1.520410261e-12 -5.376006138e-13)
(0 1.76715209e-12 -4.882937505e-13)
(0 1.978350133e-12 -4.341582134e-13)
(0 2.157338033e-12 -3.778881426e-13)
(0 2.306988678e-12 -3.211976788e-13)
(0 2.429725495e-12 -2.650882223e-13)
(0 2.527542411e-12 -2.100503602e-13)
(0 2.602027851e-12 -1.562147795e-13)
(0 2.654388739e-12 -1.034645614e-13)
(0 2.685471378e-12 -5.151931982e-14)
(0 1.347888483e-12 2.210150067e-25)
(0 5.128589266e-12 -2.089704645e-13)
(0 4.221414924e-12 -5.380842178e-13)
(0 2.710606235e-10 7.570538608e-13)
(0 -5.166290123e-10 9.400279413e-13)
(0 6.82363534e-10 8.795660349e-13)
(0 -6.023868695e-10 8.510126641e-13)
(0 4.334282858e-10 8.127120268e-13)
(0 -2.852059923e-10 7.766999353e-13)
(0 -0.4322371056 0.09341038477)
(0 -0.4331662957 0.1685821105)
(0 -0.4101695539 0.2651798357)
(0 -0.3233375796 0.3797318871)
(0 -0.1924311623 0.4394140247)
(0 0.05956875126 0.3695428053)
(0 -0.05990169692 -0.1343550728)
(0 -0.0004655513708 0.001227233774)
(0 -3.143472503e-12 -5.72796614e-13)
(0 -6.212618625e-12 -2.261660076e-13)
(0 -5.668229135e-12 7.257425954e-14)
(0 -4.664830032e-12 -5.072170355e-14)
(0 -3.620728394e-12 -3.436425307e-13)
(0 -2.668802371e-12 -6.333977908e-13)
(0 -1.832257134e-12 -8.52171811e-13)
(0 -1.104712411e-12 -9.87940112e-13)
(0 -4.743941398e-13 -1.05112163e-12)
(0 7.025361819e-14 -1.058339606e-12)
(0 5.396875305e-13 -1.025696524e-12)
(0 9.432568953e-13 -9.665106955e-13)
(0 1.289257231e-12 -8.90947227e-13)
(0 1.584959308e-12 -8.063602833e-13)
(0 1.836643608e-12 -7.178328982e-13)
(0 2.049656554e-12 -6.287077567e-13)
(0 2.22848557e-12 -5.410380055e-13)
(0 2.376843913e-12 -4.559441219e-13)
(0 2.497756664e-12 -3.73885004e-13)
(0 2.59364124e-12 -2.948584695e-13)
(0 2.66637815e-12 -2.185469336e-13)
(0 2.71736973e-12 -1.444221926e-13)
(0 2.74758562e-12 -7.182088988e-14)
(0 1.378797505e-12 2.304402277e-25)
(0 5.24637049e-12 -2.607906828e-13)
(0 4.361845889e-12 -6.431213019e-13)
(0 2.711307359e-10 5.009697573e-13)
(0 -5.165758925e-10 6.505828084e-13)
(0 6.824026117e-10 5.837263435e-13)
(0 -6.023607407e-10 5.522337928e-13)
(0 4.334395805e-10 5.00487575e-13)
(0 -2.852020098e-10 4.465302448e-13)
(0 -0.3944269239 0.08247479165)
(0 -0.3720622818 0.14349698)
(0 -0.3304266334 0.2033993627)
(0 -0.2401092654 0.2598195853)
(0 -0.1535043312 0.2665932816)
(0 0.05003590918 0.2484574959)
(0 -0.003778931005 -0.01834338245)
(0 -0.001073127817 -0.011556057)
(0 -3.297196697e-12 -4.561745518e-15)
(0 -6.407209533e-12 -4.940163945e-13)
(0 -5.810363873e-12 -7.999269155e-13)
(0 -4.893284368e-12 -1.098656576e-12)
(0 -3.86597422e-12 -1.367054285e-12)
(0 -2.865372966e-12 -1.56243161e-12)
(0 -1.95502494e-12 -1.669935822e-12)
(0 -1.155571859e-12 -1.697067026e-12)
(0 -4.667570505e-13 -1.661012753e-12)
(0 1.205738801e-13 -1.580306279e-12)
(0 6.185341636e-13 -1.471000193e-12)
(0 1.039415688e-12 -1.345534182e-12)
(0 1.39448106e-12 -1.212866602e-12)
(0 1.69352459e-12 -1.079064897e-12)
(0 1.944804616e-12 -9.479730842e-13)
(0 2.155145026e-12 -8.218040698e-13)
(0 2.330101668e-12 -7.016134252e-13)
(0 2.47414168e-12 -5.876569426e-13)
(0 2.590811147e-12 -4.796503638e-13)
(0 2.682880481e-12 -3.769528166e-13)
(0 2.752464128e-12 -2.786934698e-13)
(0 2.801114783e-12 -1.838573587e-13)
(0 2.829893571e-12 -9.134282993e-14)
(0 1.419709373e-12 -1.293611662e-26)
(0 5.402380979e-12 -3.121616034e-13)
(0 4.552596906e-12 -7.479522336e-13)
(0 2.712020437e-10 2.517607539e-13)
(0 -5.165113738e-10 3.7360134e-13)
(0 6.824493471e-10 3.041230512e-13)
(0 -6.023286993e-10 2.683543414e-13)
(0 4.334547661e-10 2.005534251e-13)
(0 -2.851966234e-10 1.248942968e-13)
(0 -0.3592352275 0.06681963776)
(0 -0.3317192667 0.1124964286)
(0 -0.293858237 0.1476403305)
(0 -0.227376491 0.1728010069)
(0 -0.1665712261 0.1615978001)
(0 -0.02820675213 0.1574252409)
(0 -0.005208820317 -0.05209104736)
(0 -0.0009390180783 -0.01224799746)
(0 -3.637261169e-12 -5.993302316e-15)
(0 -7.009460963e-12 -9.475942178e-13)
(0 -6.272869317e-12 -1.679609216e-12)
(0 -5.231957401e-12 -2.176924919e-12)
(0 -4.084503428e-12 -2.463489336e-12)
(0 -2.971683908e-12 -2.579342122e-12)
(0 -1.966892549e-12 -2.568077045e-12)
(0 -1.095789342e-12 -2.469384619e-12)
(0 -3.576333934e-13 -2.315561383e-12)
(0 2.602661787e-13 -2.130877916e-12)
(0 7.744596281e-13 -1.932468993e-12)
(0 1.201390486e-12 -1.731764083e-12)
(0 1.555726516e-12 -1.535924547e-12)
(0 1.849852826e-12 -1.349063506e-12)
(0 2.093904435e-12 -1.173193584e-12)
(0 2.296016213e-12 -1.008924365e-12)
(0 2.462632697e-12 -8.559565748e-13)
(0 2.598806974e-12 -7.134216639e-13)
(0 2.70846079e-12 -5.80108622e-13)
(0 2.794598134e-12 -4.546109772e-13)
(0 2.859473608e-12 -3.354186457e-13)
(0 2.90472037e-12 -2.209724703e-13)
(0 2.931442978e-12 -1.096941023e-13)
(0 1.470140335e-12 -3.106906875e-25)
(0 5.595151931e-12 -3.615313259e-13)
(0 4.802817228e-12 -8.494114195e-13)
(0 2.712761979e-10 1.371892026e-14)
(0 -5.164354469e-10 1.109666214e-13)
(0 6.825042789e-10 4.239257464e-14)
(0 -6.022898722e-10 8.597797852e-16)
(0 4.334755148e-10 -8.470205789e-14)
(0 -2.851891921e-10 -1.850606597e-13)
(0 -0.3288746543 0.05165711151)
(0 -0.3044861712 0.08521393726)
(0 -0.2749847332 0.1055404551)
(0 -0.2292045523 0.112005594)
(0 -0.1800304635 0.09285042163)
(0 -0.08297634739 0.07805291002)
(0 -0.02229199589 -0.05571822313)
(0 -0.001866951224 -0.01897970867)
(0 -4.240119097e-12 -9.424501519e-15)
(0 -8.082357058e-12 -1.612213589e-12)
(0 -7.039694574e-12 -2.793989511e-12)
(0 -5.677164488e-12 -3.465946097e-12)
(0 -4.268391423e-12 -3.730638778e-12)
(0 -2.969960676e-12 -3.723373541e-12)
(0 -1.845067437e-12 -3.553648565e-12)
(0 -9.030561964e-13 -3.29683656e-12)
(0 -1.282503475e-13 -3.000973637e-12)
(0 5.036662704e-13 -2.695178182e-12)
(0 1.017647997e-12 -2.396236686e-12)
(0 1.435960134e-12 -2.113131389e-12)
(0 1.777181637e-12 -1.850006885e-12)
(0 2.056255553e-12 -1.608073929e-12)
(0 2.284943756e-12 -1.386816135e-12)
(0 2.472382035e-12 -1.184745755e-12)
(0 2.625604369e-12 -9.998693044e-13)
(0 2.749989632e-12 -8.299671143e-13)
(0 2.849621834e-12 -6.727542633e-13)
(0 2.927570458e-12 -5.259666188e-13)
(0 2.986102635e-12 -3.874001855e-13)
(0 3.026839326e-12 -2.549217664e-13)
(0 3.050866041e-12 -1.264623117e-13)
(0 1.529403475e-12 -4.463414379e-25)
(0 5.818804165e-12 -4.101397124e-13)
(0 5.108082234e-12 -9.448963812e-13)
(0 2.713543837e-10 -2.076649672e-13)
(0 -5.163481087e-10 -1.350754644e-13)
(0 6.825677409e-10 -1.99839893e-13)
(0 -6.022445294e-10 -2.492377744e-13)
(0 4.335020314e-10 -3.526029446e-13)
(0 -2.851798654e-10 -4.791573458e-13)
(0 -0.3033998182 0.03969882873)
(0 -0.286687217 0.06493523745)
(0 -0.269014716 0.07598394009)
(0 -0.2420121837 0.06974704111)
(0 -0.2057479359 0.03968057695)
(0 -0.1398812831 -0.006965006386)
(0 -0.06043277702 -0.1189668453)
(0 -0.004879514185 -0.04012477093)
(0 -5.238922208e-12 -1.626897246e-14)
(0 -9.796492527e-12 -2.699462448e-12)
(0 -8.126601825e-12 -4.418194828e-12)
(0 -6.168606669e-12 -5.162232726e-12)
(0 -4.341930873e-12 -5.269748126e-12)
(0 -2.794693695e-12 -5.029866478e-12)
(0 -1.540355567e-12 -4.626308807e-12)
(0 -5.431144145e-13 -4.163341338e-12)
(0 2.440249839e-13 -3.696320234e-12)
(0 8.650031304e-13 -3.252626052e-12)
(0 1.356506421e-12 -2.844169472e-12)
(0 1.747620287e-12 -2.47451928e-12)
(0 2.060783976e-12 -2.142899481e-12)
(0 2.313043575e-12 -1.846411383e-12)
(0 2.517232608e-12 -1.581253653e-12)
(0 2.682963045e-12 -1.343375743e-12)
(0 2.817411338e-12 -1.128810566e-12)
(0 2.925922015e-12 -9.338263609e-13)
(0 3.012461286e-12 -7.549780747e-13)
(0 3.079952212e-12 -5.891043935e-13)
(0 3.130518461e-12 -4.332966815e-13)
(0 3.165658244e-12 -2.848543936e-13)
(0 3.186364745e-12 -1.412346862e-13)
(0 1.596602647e-12 -6.127134828e-25)
(0 6.073889248e-12 -4.565864559e-13)
(0 5.455405468e-12 -1.03479417e-12)
(0 2.714378113e-10 -4.085722438e-13)
(0 -5.162498699e-10 -3.623301801e-13)
(0 6.826385867e-10 -4.200451573e-13)
(0 -6.021962721e-10 -4.80709752e-13)
(0 4.33530607e-10 -6.006539938e-13)
(0 -2.851707218e-10 -7.541995739e-13)
(0 -0.2804959463 0.0322513166)
(0 -0.2739110392 0.05457834746)
(0 -0.2711700091 0.06227934237)
(0 -0.2661926135 0.04873457398)
(0 -0.2523012356 0.003526155653)
(0 -0.2133003078 -0.07812098992)
(0 -0.1708705797 -0.184568555)
(0 -0.01566800882 -0.1072794961)
(0 -6.918009684e-12 4.580967348e-13)
(0 -1.248971584e-11 -4.75419603e-12)
(0 -9.502464852e-12 -7.017121518e-12)
(0 -6.528717786e-12 -7.495043236e-12)
(0 -4.136025175e-12 -7.15625641e-12)
(0 -2.326521357e-12 -6.500037154e-12)
(0 -9.785422958e-13 -5.758380372e-12)
(0 2.693237632e-14 -5.033901836e-12)
(0 7.82464938e-13 -4.368341825e-12)
(0 1.355817033e-12 -3.774837688e-12)
(0 1.795754769e-12 -3.25329686e-12)
(0 2.137230124e-12 -2.797877991e-12)
(0 2.405289535e-12 -2.400662144e-12)
(0 2.617901381e-12 -2.053420671e-12)
(0 2.787979396e-12 -1.748413791e-12)
(0 2.924825122e-12 -1.478695681e-12)
(0 3.035153752e-12 -1.238173891e-12)
(0 3.123822124e-12 -1.021553104e-12)
(0 3.194343801e-12 -8.242309174e-13)
(0 3.249251851e-12 -6.421797557e-13)
(0 3.290352635e-12 -4.718308846e-13)
(0 3.318901321e-12 -3.099668173e-13)
(0 3.335720434e-12 -1.536233466e-13)
(0 1.670638161e-12 -9.475488195e-25)
(0 6.354723696e-12 -4.99338589e-13)
(0 5.849245876e-12 -1.123408851e-12)
(0 2.715331862e-10 -5.851542596e-13)
(0 -5.161407815e-10 -5.66375702e-13)
(0 6.82713535e-10 -6.123064543e-13)
(0 -6.021537078e-10 -6.906393832e-13)
(0 4.335518155e-10 -8.274117625e-13)
(0 -2.85166594e-10 -1.011684143e-12)
(0 -0.255782412 0.0298734788)
(0 -0.2602362227 0.05652387411)
(0 -0.2756498233 0.06916275045)
(0 -0.300448014 0.05570078127)
(0 -0.3218877554 -0.006593360418)
(0 -0.3476741407 -0.1164341507)
(0 -0.5383606426 -0.2472567211)
(0 -0.05490858902 -0.1981091832)
(0 -1.043978231e-11 1.575775883e-12)
(0 -1.728684914e-11 -9.767949528e-12)
(0 -1.086744903e-11 -1.140116939e-11)
(0 -6.307741561e-12 -1.064456383e-11)
(0 -3.346924791e-12 -9.360198516e-12)
(0 -1.396817656e-12 -8.055647348e-12)
(0 -7.422024953e-14 -6.873275502e-12)
(0 8.469241322e-13 -5.845546492e-12)
(0 1.503089132e-12 -4.968310172e-12)
(0 1.980048096e-12 -4.225088034e-12)
(0 2.333466118e-12 -3.596303852e-12)
(0 2.600255003e-12 -3.063035515e-12)
(0 2.805241297e-12 -2.608452852e-12)
(0 2.965291929e-12 -2.218198171e-12)
(0 3.091957598e-12 -1.880288138e-12)
(0 3.193202944e-12 -1.58482245e-12)
(0 3.274553915e-12 -1.323639614e-12)
(0 3.339864989e-12 -1.089984882e-12)
(0 3.391834634e-12 -8.78216446e-13)
(0 3.432352245e-12 -6.835563531e-13)
(0 3.462731399e-12 -5.01883333e-13)
(0 3.483865782e-12 -3.295609088e-13)
(0 3.496331562e-12 -1.632930732e-13)
(0 1.750225994e-12 -1.356212202e-24)
(0 6.655959168e-12 -5.387518229e-13)
(0 6.279635465e-12 -1.219513098e-12)
(0 2.716445669e-10 -7.3183177e-13)
(0 -5.160242384e-10 -7.386085668e-13)
(0 6.827856669e-10 -7.648499257e-13)
(0 -6.021309916e-10 -8.730395418e-13)
(0 4.335507544e-10 -1.033757073e-12)
(0 -2.851749268e-10 -1.262427255e-12)
(0 -0.2230196799 0.03242119788)
(0 -0.2370930944 0.07227580797)
(0 -0.2723680239 0.1020051184)
(0 -0.3358332977 0.1064924059)
(0 -0.4133853789 0.0679210689)
(0 -0.7154133029 0.04779625199)
(0 -1.358648043 -0.1215772598)
(0 -0.0461327938 -0.87160358)
(0 -1.816852222e-11 -3.770566514e-11)
(0 -2.549541893e-11 -2.449349333e-11)
(0 -1.037907915e-11 -1.817532465e-11)
(0 -4.487746915e-12 -1.43218465e-11)
(0 -1.547108696e-12 -1.158432768e-11)
(0 1.604016568e-13 -9.489078597e-12)
(0 1.23155856e-12 -7.833529417e-12)
(0 1.931897706e-12 -6.50670103e-12)
(0 2.402923396e-12 -5.434266794e-12)
(0 2.727823353e-12 -4.560902651e-12)
(0 2.957807288e-12 -3.843796963e-12)
(0 3.125081124e-12 -3.249509524e-12)
(0 3.250126878e-12 -2.751918216e-12)
(0 3.346066096e-12 -2.330634023e-12)
(0 3.421355117e-12 -1.969721354e-12)
(0 3.481473645e-12 -1.656669777e-12)
(0 3.52999132e-12 -1.381580834e-12)
(0 3.569245292e-12 -1.136534064e-12)
(0 3.60077233e-12 -9.150972532e-13)
(0 3.625584964e-12 -7.119492068e-13)
(0 3.644348079e-12 -5.225879938e-13)
(0 3.657491581e-12 -3.431024407e-13)
(0 3.665281343e-12 -1.699890396e-13)
(0 1.833931235e-12 -1.728035656e-24)
(0 6.971378038e-12 -5.738409761e-13)
(0 6.738150711e-12 -1.337031544e-12)
(0 2.717760005e-10 -8.412022634e-13)
(0 -5.159068075e-10 -8.663188647e-13)
(0 6.828454196e-10 -8.59209672e-13)
(0 -6.021459732e-10 -1.019044327e-12)
(0 4.335099503e-10 -1.224577445e-12)
(0 -2.852045162e-10 -1.530591852e-12)
(0 -0.1753273197 0.03837668069)
(0 -0.1928760658 0.09904895554)
(0 -0.2391411816 0.1574623227)
(0 -0.3190722742 0.2173161154)
(0 -0.4521339831 0.3427681239)
(0 -1.090565151 0.5269384451)
(0 -1.238902781 -0.5011544142)
(0 0.001852378433 -2.134129012)
(0 2.533381954e-12 -5.519025595e-11)
(0 2.133157799e-12 -3.241804026e-11)
(0 -6.958021932e-13 -2.248466585e-11)
(0 2.832554083e-13 -1.688317099e-11)
(0 1.485843109e-12 -1.316618841e-11)
(0 2.353980606e-12 -1.048280866e-11)
(0 2.908157318e-12 -8.465062998e-12)
(0 3.246186754e-12 -6.913462642e-12)
(0 3.448887512e-12 -5.701154709e-12)
(0 3.570517927e-12 -4.740460681e-12)
(0 3.644859245e-12 -3.968473929e-12)
(0 3.69213375e-12 -3.339289584e-12)
(0 3.724116797e-12 -2.819078805e-12)
(0 3.747488792e-12 -2.382700906e-12)
(0 3.765921844e-12 -2.011296297e-12)
(0 3.781343464e-12 -1.690557582e-12)
(0 3.794689628e-12 -1.409483223e-12)
(0 3.806348569e-12 -1.159476704e-12)
(0 3.816419491e-12 -9.336925829e-13)
(0 3.824861504e-12 -7.265581915e-13)
(0 3.831578165e-12 -5.334194463e-13)
(0 3.836464736e-12 -3.502735466e-13)
(0 3.839434003e-12 -1.735614433e-13)
(0 1.920215033e-12 -2.052881092e-24)
(0 7.296978796e-12 -6.04703252e-13)
(0 7.221967187e-12 -1.494476379e-12)
(0 2.719326604e-10 -9.011191202e-13)
(0 -5.157982033e-10 -9.32441415e-13)
(0 6.828816747e-10 -8.701891505e-13)
(0 -6.02218399e-10 -1.118442586e-12)
(0 4.33412417e-10 -1.409447113e-12)
(0 -2.852644e-10 -1.854512285e-12)
(0 -0.1091158347 0.04418973929)
(0 -0.1195862123 0.1268619273)
(0 -0.1485634586 0.2109475261)
(0 -0.1966615681 0.3539777026)
(0 -0.2630559073 0.6049629463)
(0 -0.7109778239 0.7076712134)
(0 0.142606894 -0.9272626992)
(0 0.001139719213 -2.107115207)
(0 3.653928622e-12 -2.992570937e-11)
(0 6.925722244e-12 -2.782151717e-11)
(0 5.155790125e-12 -2.246181513e-11)
(0 4.830730518e-12 -1.755998196e-11)
(0 4.853253633e-12 -1.371444528e-11)
(0 4.861527072e-12 -1.081090385e-11)
(0 4.800904577e-12 -8.630452636e-12)
(0 4.695805996e-12 -6.980932651e-12)
(0 4.575925358e-12 -5.716430112e-12)
(0 4.460504133e-12 -4.731313937e-12)
(0 4.358978385e-12 -3.95035162e-12)
(0 4.274476248e-12 -3.320099127e-12)
(0 4.206715557e-12 -2.802409193e-12)
(0 4.153848604e-12 -2.369796937e-12)
(0 4.11349844e-12 -2.002207803e-12)
(0 4.083286718e-12 -1.68478367e-12)
(0 4.061072198e-12 -1.406320591e-12)
(0 4.045035932e-12 -1.158199806e-12)
(0 4.033690843e-12 -9.33640924e-13)
(0 4.025858101e-12 -7.271739923e-13)
(0 4.020632724e-12 -5.342600733e-13)
(0 4.017349584e-12 -3.510122508e-13)
(0 4.01555489e-12 -1.739838028e-13)
(0 2.007492678e-12 -2.316070435e-24)
(0 7.626070984e-12 -6.30114332e-13)
(0 7.711392834e-12 -1.716654314e-12)
(0 2.721189567e-10 -8.939217069e-13)
(0 -5.1571262e-10 -9.162421315e-13)
(0 6.828804929e-10 -7.661662691e-13)
(0 -6.02372517e-10 -1.162516471e-12)
(0 4.332395917e-10 -1.603518209e-12)
(0 -2.853654736e-10 -2.286905342e-12)
(0 -0.0276072301 0.04530830562)
(0 -0.02730378554 0.1429873525)
(0 -0.01651229166 0.2328973705)
(0 -0.05284416112 0.4188022881)
(0 0.05099178843 0.7000886623)
(0 -0.2409737605 0.6196650533)
(0 0.4889932554 -1.359545213)
(0 0.0006159989603 -1.871236827)
(0 3.963977573e-12 -2.88036921e-11)
(0 9.279170047e-12 -2.682854535e-11)
(0 9.565733017e-12 -2.198109511e-11)
(0 9.030625259e-12 -1.718049771e-11)
(0 8.234921217e-12 -1.332070761e-11)
(0 7.437973253e-12 -1.041591074e-11)
(0 6.738128522e-12 -8.264913913e-12)
(0 6.160209278e-12 -6.663386123e-12)
(0 5.698506225e-12 -5.452320968e-12)
(0 5.336596419e-12 -4.518016448e-12)
(0 5.056074055e-12 -3.781523163e-12)
(0 4.840076177e-12 -3.188349557e-12)
(0 4.674418987e-12 -2.700664747e-12)
(0 4.547690182e-12 -2.291872189e-12)
(0 4.45093511e-12 -1.942956437e-12)
(0 4.377230676e-12 -1.640050831e-12)
(0 4.321273493e-12 -1.372817837e-12)
(0 4.279028236e-12 -1.133363169e-12)
(0 4.247445305e-12 -9.154993907e-13)
(0 4.224242355e-12 -7.142386643e-13)
(0 4.207739907e-12 -5.25436159e-13)
(0 4.196741006e-12 -3.455326451e-13)
(0 4.190446254e-12 -1.713619784e-13)
(0 2.094198836e-12 -2.6301716e-24)
(0 7.952070879e-12 -6.490318358e-13)
(0 8.21058053e-12 -2.036293794e-12)
(0 2.723476154e-10 -7.919863242e-13)
(0 -5.15669269e-10 -7.899292619e-13)
(0 6.828192035e-10 -5.057455463e-13)
(0 -6.026490904e-10 -1.145668132e-12)
(0 4.329586485e-10 -1.829524469e-12)
(0 -2.855272697e-10 -2.899273474e-12)
(0 0.05878331721 0.04068461542)
(0 0.06501970129 0.1374567479)
(0 0.1196015538 0.2159853276)
(0 0.1099719131 0.3807960586)
(0 0.3095254723 0.6682901608)
(0 0.3221342893 0.4411978445)
(0 0.6393412936 -1.370959867)
(0 -0.0001910397889 -1.546354523)
(0 6.01489287e-12 -3.59167918e-11)
(0 1.344247308e-11 -2.901877476e-11)
(0 1.480383777e-11 -2.145352964e-11)
(0 1.349111802e-11 -1.586020948e-11)
(0 1.161784061e-11 -1.197197746e-11)
(0 9.917320764e-12 -9.267120596e-12)
(0 8.553429191e-12 -7.34990777e-12)
(0 7.508398942e-12 -5.955376272e-12)
(0 6.721295033e-12 -4.911451634e-12)
(0 6.131301938e-12 -4.106909725e-12)
(0 5.688645276e-12 -3.46937763e-12)
(0 5.355334665e-12 -2.95111362e-12)
(0 5.103192924e-12 -2.520030045e-12)
(0 4.911556913e-12 -2.154072288e-12)
(0 4.765319799e-12 -1.837696414e-12)
(0 4.653425318e-12 -1.559646822e-12)
(0 4.567759861e-12 -1.311538185e-12)
(0 4.502354379e-12 -1.086937051e-12)
(0 4.452815347e-12 -8.807561844e-13)
(0 4.415921332e-12 -6.888464106e-13)
(0 4.389338743e-12 -5.07714351e-13)
(0 4.371423765e-12 -3.34320947e-13)
(0 4.361087535e-12 -1.659317902e-13)
(0 2.178854656e-12 -3.065723824e-24)
(0 8.269662621e-12 -6.620520264e-13)
(0 8.705299147e-12 -2.494620807e-12)
(0 2.726261713e-10 -5.493738866e-13)
(0 -5.157044337e-10 -5.094062088e-13)
(0 6.82652614e-10 -2.721894676e-14)
(0 -6.031249866e-10 -1.062367625e-12)
(0 4.325034095e-10 -2.122910724e-12)
(0 -2.857877933e-10 -3.799249725e-12)
(0 0.1349433954 0.03230488965)
(0 0.1444022746 0.1066863238)
(0 0.2253393109 0.1717530394)
(0 0.2467310946 0.2723805226)
(0 0.4258277752 0.5262501136)
(0 0.788262467 0.2688042008)
(0 0.747255302 -1.165668502)
(0 -0.007973374485 -1.12095738)
(0 9.54598654e-12 -2.541902899e-11)
(0 2.348024024e-11 -3.214207851e-11)
(0 2.27242983e-11 -1.895405135e-11)
(0 1.851217744e-11 -1.283483413e-11)
(0 1.48280101e-11 -9.439871878e-12)
(0 1.206004294e-11 -7.330689589e-12)
(0 1.004987285e-11 -5.912220891e-12)
(0 8.598665414e-12 -4.89675979e-12)
(0 7.546972772e-12 -4.131200615e-12)
(0 6.778670423e-12 -3.528795015e-12)
(0 6.21187016e-12 -3.037965932e-12)
(0 5.789423761e-12 -2.626698747e-12)
(0 5.471460319e-12 -2.274270553e-12)
(0 5.230023813e-12 -1.966691256e-12)
(0 5.045360576e-12 -1.694110771e-12)
(0 4.903388905e-12 -1.449302511e-12)
(0 4.793983265e-12 -1.226751688e-12)
(0 4.709810237e-12 -1.022091358e-12)
(0 4.645535945e-12 -8.317426325e-13)
(0 4.597284188e-12 -6.526772144e-13)
(0 4.56226537e-12 -4.822545806e-13)
(0 4.538523567e-12 -3.181054866e-13)
(0 4.524767201e-12 -1.580444343e-13)
(0 2.260130626e-12 -3.359978307e-24)
(0 8.574925703e-12 -6.688369961e-13)
(0 9.190077468e-12 -3.135165628e-12)
(0 2.729446304e-10 -8.777540293e-14)
(0 -5.158865615e-10 -1.461636354e-15)
(0 6.823001965e-10 7.661021781e-13)
(0 -6.039276476e-10 -9.014493643e-13)
(0 4.317640326e-10 -2.542077545e-12)
(0 -2.862093125e-10 -5.162394452e-12)
(0 0.1881098471 0.02369875287)
(0 0.1999515551 0.06760971234)
(0 0.2822839075 0.1127277355)
(0 0.3365732476 0.1315703998)
(0 0.443880382 0.2872103022)
(0 1.022281014 0.06470688505)
(0 0.8294543174 -0.8917860898)
(0 0.00526095612 -0.6104580961)
(0 0.0008177319521 -0.006698806266)
(0 1.980640379e-11 -1.158186928e-11)
(0 3.411108215e-11 -9.38570868e-12)
(0 2.300529749e-11 -7.085201286e-12)
(0 1.712198515e-11 -5.621988988e-12)
(0 1.344497175e-11 -4.703550171e-12)
(0 1.098735899e-11 -4.071528011e-12)
(0 9.289419218e-12 -3.588243919e-12)
(0 8.089259808e-12 -3.187798857e-12)
(0 7.224536621e-12 -2.839106179e-12)
(0 6.590741545e-12 -2.526994005e-12)
(0 6.119030043e-12 -2.243445737e-12)
(0 5.763200414e-12 -1.983662373e-12)
(0 5.491716696e-12 -1.744311275e-12)
(0 5.282708544e-12 -1.522752675e-12)
(0 5.120784401e-12 -1.316700574e-12)
(0 4.994971013e-12 -1.124074618e-12)
(0 4.897363435e-12 -9.429341268e-13)
(0 4.82222949e-12 -7.714460094e-13)
(0 4.765409384e-12 -6.078655937e-13)
(0 4.723910471e-12 -4.505216442e-13)
(0 4.695633911e-12 -2.978022531e-13)
(0 4.679193021e-12 -1.481405505e-13)
(0 2.33689909e-12 -3.509936752e-24)
(0 8.861721834e-12 -6.714789011e-13)
(0 9.66284385e-12 -3.97654452e-12)
(0 2.732441056e-10 7.337011024e-13)
(0 -5.163375518e-10 8.517371319e-13)
(0 6.816427788e-10 2.018524108e-12)
(0 -6.052249596e-10 -6.42209784e-13)
(0 4.306105885e-10 -3.179629361e-12)
(0 -2.868685803e-10 -7.264598305e-12)
(0 0.2209787534 0.01315913159)
(0 0.2305605774 0.03021618018)
(0 0.2899558848 0.05415541259)
(0 0.3338914845 0.03621827712)
(0 0.338892845 0.06533657427)
(0 0.762206112 -0.009532507436)
(0 0.4035326229 -0.4700682301)
(0 -0.1309884159 -0.1952083047)
(0 -0.001160210102 0.001190838994)
(0 1.603318649e-11 -1.883763259e-12)
(0 2.721925132e-11 7.645103763e-14)
(0 2.227589713e-11 -4.982813783e-13)
(0 1.720966122e-11 -1.259334474e-12)
(0 1.361050392e-11 -1.789995252e-12)
(0 1.11651791e-11 -2.082098164e-12)
(0 9.482394568e-12 -2.19689156e-12)
(0 8.296110512e-12 -2.192647318e-12)
(0 7.439475276e-12 -2.11283876e-12)
(0 6.807530602e-12 -1.987459243e-12)
(0 6.332755392e-12 -1.836428041e-12)
(0 5.970594781e-12 -1.672621413e-12)
(0 5.690933511e-12 -1.504137825e-12)
(0 5.472971277e-12 -1.335886963e-12)
(0 5.302066962e-12 -1.17067147e-12)
(0 5.167749712e-12 -1.009911304e-12)
(0 5.062438845e-12 -8.541240553e-13)
(0 4.980604478e-12 -7.032415209e-13)
(0 4.918208553e-12 -5.568175578e-13)
(0 4.872328711e-12 -4.141642808e-13)
(0 4.840904661e-12 -2.744414289e-13)
(0 4.822569454e-12 -1.367155153e-13)
(0 2.408271177e-12 -3.678920685e-24)
(0 9.129182335e-12 -6.70683679e-13)
(0 1.010330281e-11 -4.961663731e-12)
(0 2.733764889e-10 2.15346393e-12)
(0 -5.172505707e-10 2.218308852e-12)
(0 6.805357488e-10 3.917335326e-12)
(0 -6.071850409e-10 -2.673442625e-13)
(0 4.289548617e-10 -4.176895132e-12)
(0 -2.878301464e-10 -1.049776172e-11)
(0 0.230508812 0.004627764928)
(0 0.2394591784 0.003377600722)
(0 0.2870587356 0.009099068357)
(0 0.3055223484 -0.0159711141)
(0 0.3772275022 -0.0266432118)
(0 0.4185456064 0.01631665062)
(0 0.4900476172 -0.3864860943)
(0 0.2471898835 -0.0133465787)
(0 0.0006580128437 -0.1225557311)
(0 2.134631577e-11 2.148036175e-11)
(0 3.549686881e-11 1.207391126e-11)
(0 2.166951198e-11 6.274959157e-12)
(0 1.583027127e-11 2.872924757e-12)
(0 1.262220806e-11 8.850037793e-13)
(0 1.058046268e-11 -2.699786218e-13)
(0 9.178870063e-12 -9.245791648e-13)
(0 8.173312608e-12 -1.27306204e-12)
(0 7.429724696e-12 -1.432143553e-12)
(0 6.867152264e-12 -1.473576708e-12)
(0 6.433867873e-12 -1.442185563e-12)
(0 6.095490629e-12 -1.366256459e-12)
(0 5.828451146e-12 -1.26373012e-12)
(0 5.6161749e-12 -1.145984112e-12)
(0 5.44676006e-12 -1.020185382e-12)
(0 5.311518428e-12 -8.907737696e-13)
(0 5.204033218e-12 -7.604084113e-13)
(0 5.119535988e-12 -6.305780093e-13)
(0 5.054486624e-12 -5.01998657e-13)
(0 5.0062866e-12 -3.748764316e-13)
(0 4.973082677e-12 -2.490836175e-13)
(0 4.95363445e-12 -1.242800035e-13)
(0 2.473614606e-12 -3.801308874e-24)
(0 9.374196177e-12 -6.665969107e-13)
(0 1.051097519e-11 -5.894889102e-12)
(0 2.731001587e-10 4.528818908e-12)
(0 -5.188790937e-10 4.304481238e-12)
(0 6.788335889e-10 6.669627516e-12)
(0 -6.099316966e-10 2.207165756e-13)
(0 4.268204849e-10 -5.71139719e-12)
(0 -2.891158936e-10 -1.531755487e-11)
(0 0.2280470846 -0.003242883389)
(0 0.2340995036 -0.01561918824)
(0 0.2673421505 -0.02149287566)
(0 0.278293011 -0.04893082109)
(0 0.3037803892 -0.03375875549)
(0 0.3165299633 -0.04769422523)
(0 0.4410226281 -0.4533870679)
(0 0.3106812939 0.2371802451)
(0 0.001577574567 0.21930181)
(0 2.45597536e-12 4.27555211e-11)
(0 1.198279725e-11 2.042976265e-11)
(0 1.307491062e-11 1.065129684e-11)
(0 1.181970584e-11 5.591068146e-12)
(0 1.046760054e-11 2.727063761e-12)
(0 9.355596154e-12 1.041756981e-12)
(0 8.47931115e-12 4.161349279e-14)
(0 7.788546123e-12 -5.428792537e-13)
(0 7.238960607e-12 -8.690972538e-13)
(0 6.797488592e-12 -1.032518602e-12)
(0 6.440075642e-12 -1.092480636e-12)
(0 6.149050224e-12 -1.086487641e-12)
(0 5.911205858e-12 -1.038540363e-12)
(0 5.716516015e-12 -9.641319716e-13)
(0 5.557277304e-12 -8.73310274e-13)
(0 5.427526683e-12 -7.725884701e-13)
(0 5.322634605e-12 -6.661567908e-13)
(0 5.239014232e-12 -5.566628499e-13)
(0 5.173910131e-12 -4.457222962e-13)
(0 5.12524375e-12 -3.342589517e-13)
(0 5.091501089e-12 -2.227364203e-13)
(0 5.071653071e-12 -1.113207258e-13)
(0 2.53255118e-12 -3.762643998e-24)
(0 9.595342362e-12 -6.593862616e-13)
(0 1.085987533e-11 -6.403511547e-12)
(0 2.721363163e-10 8.302689813e-12)
(0 -5.214626369e-10 7.296188223e-12)
(0 6.764366314e-10 1.044232408e-11)
(0 -6.135102633e-10 7.877253572e-13)
(0 4.243883956e-10 -7.950883806e-12)
(0 -2.906862423e-10 -2.21281246e-11)
(0 0.2127866553 -0.008781494638)
(0 0.2208402268 -0.0295859702)
(0 0.2540793178 -0.04207237608)
(0 0.2792917155 -0.06810372793)
(0 0.3234026333 -0.0549867869)
(0 0.3665036213 -0.01072244775)
(0 0.4756849587 -0.2643751393)
(0 0.2622523554 0.2710517962)
(0 0.0007554600228 0.3824208097)
(0 -5.709085023e-13 2.243441783e-11)
(0 3.439922257e-12 1.628282271e-11)
(0 6.830817481e-12 1.030939737e-11)
(0 7.906038196e-12 6.112987961e-12)
(0 8.072896897e-12 3.39042508e-12)
(0 7.895012414e-12 1.668327234e-12)
(0 7.594233828e-12 5.921542978e-13)
(0 7.262601861e-12 -7.097132169e-14)
(0 6.940085347e-12 -4.688472587e-13)
(0 6.643768882e-12 -6.949193146e-13)
(0 6.379898835e-12 -8.087299711e-13)
(0 6.149430902e-12 -8.486718367e-13)
(0 5.950806816e-12 -8.39809955e-13)
(0 5.781404989e-12 -7.986911677e-13)
(0 5.638303561e-12 -7.363334647e-13)
(0 5.518671911e-12 -6.601116423e-13)
(0 5.419958838e-12 -5.749664785e-13)
(0 5.339970482e-12 -4.841936959e-13)
(0 5.276890522e-12 -3.899683055e-13)
(0 5.229272476e-12 -2.93700306e-13)
(0 5.196020902e-12 -1.962820706e-13)
(0 5.176370871e-12 -9.826624699e-14)
(0 2.584935332e-12 -3.688657639e-24)
(0 9.795005681e-12 -6.440996642e-13)
(0 1.112836283e-11 -5.97761985e-12)
(0 2.703209284e-10 1.388230356e-11)
(0 -5.250844603e-10 1.127672906e-11)
(0 6.733739313e-10 1.530111347e-11)
(0 -6.178531069e-10 1.39574613e-12)
(0 4.220028142e-10 -1.093947281e-11)
(0 -2.924415067e-10 -3.109766425e-11)
(0 0.1896563116 -0.01544818791)
(0 0.2000368117 -0.04837545814)
(0 0.2297438529 -0.07421183726)
(0 0.2593410082 -0.1155019862)
(0 0.3052685045 -0.1192968161)
(0 0.3162399082 -0.1025181485)
(0 0.5185195019 -0.2594210029)
(0 0.2300304175 0.4248155178)
(0 0.0004357588192 0.5527437634)
(0 -1.381766074e-12 1.51688774e-11)
(0 -6.697876401e-14 1.203292453e-11)
(0 2.905075875e-12 8.190475973e-12)
(0 4.900733548e-12 5.161061575e-12)
(0 6.022939817e-12 3.053319844e-12)
(0 6.557325372e-12 1.648970779e-12)
(0 6.740012594e-12 7.296476245e-13)
(0 6.727544567e-12 1.356877779e-13)
(0 6.615012614e-12 -2.403998828e-13)
(0 6.45760588e-12 -4.695801668e-13)
(0 6.28632312e-12 -5.988468134e-13)
(0 6.11797024e-12 -6.59658263e-13)
(0 5.961186527e-12 -6.733347014e-13)
(0 5.819992505e-12 -6.544875307e-13)
(0 5.695856829e-12 -6.132192947e-13)
(0 5.588893669e-12 -5.565570703e-13)
(0 5.498552552e-12 -4.894030493e-13)
(0 5.424012405e-12 -4.15176619e-13)
(0 5.364403521e-12 -3.362564552e-13)
(0 5.318929985e-12 -2.542914261e-13)
(0 5.286935148e-12 -1.704248726e-13)
(0 5.267935142e-12 -8.546188818e-14)
(0 2.630817427e-12 -3.595166677e-24)
(0 9.971494827e-12 -6.103489221e-13)
(0 1.12978734e-11 -4.219935264e-12)
(0 2.677837588e-10 2.129596754e-11)
(0 -5.295155915e-10 1.60414091e-11)
(0 6.698877695e-10 2.106826664e-11)
(0 -6.22748831e-10 1.940577582e-12)
(0 4.201182305e-10 -1.454478093e-11)
(0 -2.942623458e-10 -4.19846239e-11)
(0 0.149107775 -0.0226768238)
(0 0.1612410977 -0.06845336362)
(0 0.1873454099 -0.103566281)
(0 0.2348213181 -0.1613781702)
(0 0.2689728523 -0.1360800428)
(0 0.3238116213 -0.1678586152)
(0 0.4575005971 -0.1876960584)
(0 0.2423126143 0.5711747786)
(0 0.0002266685408 0.713554773)
(0 -2.787674365e-12 1.490430739e-11)
(0 -3.43661766e-12 8.590756838e-12)
(0 -4.104547516e-14 5.258517724e-12)
(0 2.768882067e-12 3.287462252e-12)
(0 4.5608061e-12 2.012820832e-12)
(0 5.571340194e-12 1.144586862e-12)
(0 6.080950827e-12 5.417773898e-13)
(0 6.292554354e-12 1.244755548e-13)
(0 6.334817402e-12 -1.588584078e-13)
(0 6.285321952e-12 -3.44153087e-13)
(0 6.189820739e-12 -4.574173237e-13)
(0 6.074943014e-12 -5.17778146e-13)
(0 5.955977548e-12 -5.393815325e-13)
(0 5.841520396e-12 -5.327036454e-13)
(0 5.736234021e-12 -5.054981442e-13)
(0 5.642488157e-12 -4.634936545e-13)
(0 5.56133929e-12 -4.109115797e-13)
(0 5.493117076e-12 -3.508528499e-13)
(0 5.437775715e-12 -2.855889644e-13)
(0 5.395104058e-12 -2.167834925e-13)
(0 5.36485044e-12 -1.456635625e-13)
(0 5.346795743e-12 -7.315607387e-14)
(0 2.67039722e-12 -3.306803368e-24)
(0 1.012668691e-11 -5.490304417e-13)
(0 1.13855819e-11 -1.3644294e-12)
(0 2.649036579e-10 2.954606827e-11)
(0 -5.342606264e-10 2.053251387e-11)
(0 6.663378076e-10 2.652211249e-11)
(0 -6.279800483e-10 1.488961897e-12)
(0 4.190672407e-10 -1.898329473e-11)
(0 -2.961325222e-10 -5.431719309e-11)
(0 0.09801439597 -0.02884774505)
(0 0.1166534474 -0.09045726125)
(0 0.1416426878 -0.1393134279)
(0 0.2254761328 -0.2168938621)
(0 0.2275741749 -0.1885254077)
(0 0.3767806034 -0.2694603)
(0 0.2289662743 -0.09396946439)
(0 0.06909793825 0.7213249874)
(0 -5.889599502e-06 0.8641399964)
(0 -7.076202732e-12 9.526482276e-12)
(0 -9.587998079e-12 2.294810506e-12)
(0 -2.398218711e-12 9.653730986e-13)
(0 1.655036656e-12 7.174485706e-13)
(0 3.880064427e-12 5.659136589e-13)
(0 5.08628193e-12 3.747776764e-13)
(0 5.719901287e-12 1.683991162e-13)
(0 6.026908769e-12 -2.070406966e-14)
(0 6.146383972e-12 -1.753550306e-13)
(0 6.159046964e-12 -2.907550063e-13)
(0 6.112698061e-12 -3.68889802e-13)
(0 6.036006032e-12 -4.14654133e-13)
(0 5.946261028e-12 -4.337085592e-13)
(0 5.853875893e-12 -4.314466648e-13)
(0 5.76506682e-12 -4.12575626e-13)
(0 5.683480233e-12 -3.810076667e-13)
(0 5.611193357e-12 -3.39896598e-13)
(0 5.54933502e-12 -2.917339008e-13)
(0 5.498472878e-12 -2.384625132e-13)
(0 5.458855387e-12 -1.815893453e-13)
(0 5.430562567e-12 -1.222891872e-13)
(0 5.413598704e-12 -6.149845363e-14)
(0 2.703973501e-12 -3.010492909e-24)
(0 1.026155529e-11 -4.73998374e-13)
(0 1.146406541e-11 1.919807854e-12)
(0 2.614209389e-10 3.708588712e-11)
(0 -5.395006992e-10 2.311664886e-11)
(0 6.625376808e-10 2.876378197e-11)
(0 -6.335833824e-10 -2.963238778e-12)
(0 4.188462038e-10 -2.609989725e-11)
(0 -2.982293163e-10 -6.814967179e-11)
(0 0.02884710614 -0.03725523549)
(0 0.04900279687 -0.1180181482)
(0 0.06651804931 -0.1974248377)
(0 0.1620331079 -0.2718608915)
(0 0.09619886489 -0.2813154795)
(0 0.1894275791 -0.2390124711)
(0 -0.4001021215 0.2198061021)
(0 -0.4431394392 0.705523804)
(0 0.0007700798347 0.75877611)
(0 -1.043748489e-11 -2.138682742e-11)
(0 -1.185065015e-11 -9.748177812e-12)
(0 -1.618407411e-12 -4.409282134e-12)
(0 2.369422627e-12 -1.94895344e-12)
(0 4.218135206e-12 -8.413923385e-13)
(0 5.173825651e-12 -3.797881087e-13)
(0 5.685469081e-12 -2.222537404e-13)
(0 5.948800207e-12 -2.003349671e-13)
(0 6.064766466e-12 -2.311014648e-13)
(0 6.09178718e-12 -2.746208474e-13)
(0 6.065921612e-12 -3.127315598e-13)
(0 6.010124257e-12 -3.382390971e-13)
(0 5.939185016e-12 -3.493514027e-13)
(0 5.862653329e-12 -3.467987741e-13)
(0 5.786673019e-12 -3.32350264e-13)
(0 5.715167185e-12 -3.080650507e-13)
(0 5.650613056e-12 -2.75933293e-13)
(0 5.594551161e-12 -2.377233551e-13)
(0 5.547920271e-12 -1.949372514e-13)
(0 5.511277384e-12 -1.488214516e-13)
(0 5.484941332e-12 -1.004047239e-13)
(0 5.46908493e-12 -5.054816315e-14)
(0 2.731895673e-12 -2.635044128e-24)
(0 1.038195065e-11 -4.183484674e-13)
(0 1.150028939e-11 7.044074996e-12)
(0 2.54679157e-10 4.524562126e-11)
(0 -5.481150149e-10 2.547553789e-11)
(0 6.56051861e-10 2.78406891e-11)
(0 -6.405018953e-10 -1.269928546e-11)
(0 4.193611083e-10 -3.767890246e-11)
(0 -3.006218529e-10 -8.374926657e-11)
(0 -0.05578841059 -0.04706550841)
(0 -0.05125213352 -0.1320212359)
(0 -0.05130466061 -0.2287904839)
(0 -0.03548115437 -0.2463604982)
(0 -0.1140728309 -0.09453580872)
(0 -0.4257438609 0.1824641979)
(0 -0.9182033022 0.4556087773)
(0 -0.4310658665 0.6580293537)
(0 0.001154189157 0.3831671355)
(0 1.779209455e-12 -3.658824404e-11)
(0 7.523825821e-12 -1.535373172e-11)
(0 5.40100566e-12 -6.905364022e-12)
(0 5.222926451e-12 -3.262585213e-12)
(0 5.449229759e-12 -1.602740528e-12)
(0 5.705420528e-12 -8.302823871e-13)
(0 5.899354428e-12 -4.772891757e-13)
(0 6.018061045e-12 -3.272789791e-13)
(0 6.072098092e-12 -2.740936806e-13)
(0 6.077416869e-12 -2.638942473e-13)
(0 6.049079812e-12 -2.691756348e-13)
(0 5.999386189e-12 -2.762188489e-13)
(0 5.937701351e-12 -2.786592658e-13)
(0 5.870877032e-12 -2.740472915e-13)
(0 5.803800544e-12 -2.619622988e-13)
(0 5.739897204e-12 -2.429695174e-13)
(0 5.681535052e-12 -2.180483245e-13)
(0 5.630331062e-12 -1.882886897e-13)
(0 5.587374782e-12 -1.547410615e-13)
(0 5.553387915e-12 -1.183537322e-13)
(0 5.528835855e-12 -7.995944687e-14)
(0 5.514003428e-12 -4.028912494e-14)
(0 2.754521664e-12 -2.154723688e-24)
(0 1.049531615e-11 -3.566058586e-13)
(0 1.118100875e-11 2.154635646e-11)
(0 2.404881993e-10 6.198833783e-11)
(0 -5.632007181e-10 3.521781162e-11)
(0 6.440968372e-10 3.051822743e-11)
(0 -6.506233504e-10 -2.196984034e-11)
(0 4.201079361e-10 -5.12197507e-11)
(0 -3.031327108e-10 -1.007530612e-10)
(0 -0.1271930889 -0.03948955695)
(0 -0.1492578446 -0.1284125582)
(0 -0.171880856 -0.2368352363)
(0 -0.1709644083 -0.2260232637)
(0 -0.1216054089 0.07259760614)
(0 -0.2062534334 0.3482835061)
(0 -0.2888220555 0.1851412812)
(0 -0.3174848038 0.09117098759)
(0 -0.0004059867183 0.1266900633)
(0 1.179362134e-11 -1.338040015e-11)
(0 1.792039265e-11 -8.089507755e-12)
(0 1.047273909e-11 -4.595863159e-12)
(0 7.672046121e-12 -2.593283215e-12)
(0 6.650438032e-12 -1.476701957e-12)
(0 6.299277003e-12 -8.613104846e-13)
(0 6.188472489e-12 -5.293399154e-13)
(0 6.151995702e-12 -3.573965889e-13)
(0 6.128151197e-12 -2.740988725e-13)
(0 6.096705226e-12 -2.376859696e-13)
(0 6.05359701e-12 -2.2385739e-13)
(0 6.000640626e-12 -2.188014222e-13)
(0 5.941356574e-12 -2.150200975e-13)
(0 5.879350296e-12 -2.087697616e-13)
(0 5.817750793e-12 -1.984830695e-13)
(0 5.759081159e-12 -1.838030331e-13)
(0 5.705293883e-12 -1.650019543e-13)
(0 5.657858424e-12 -1.426417055e-13)
(0 5.617855228e-12 -1.173839502e-13)
(0 5.586058999e-12 -8.989226627e-14)
(0 5.563005939e-12 -6.078964471e-14)
(0 5.549044377e-12 -3.06486209e-14)
(0 2.772184798e-12 -1.815053156e-24)
(0 1.060497127e-11 -9.769122281e-14)
(0 1.009348312e-11 5.432308033e-11)
(0 2.210731123e-10 9.191913e-11)
(0 -5.785437855e-10 5.06976137e-11)
(0 6.333435459e-10 3.259181789e-11)
(0 -6.594369089e-10 -3.219507844e-11)
(0 4.226269956e-10 -6.593971678e-11)
(0 -3.052560544e-10 -1.183503818e-10)
(0 -0.174806486 -0.02093851335)
(0 -0.2193398873 -0.09923738219)
(0 -0.2983005473 -0.2203559813)
(0 -0.3745636856 -0.2763870484)
(0 -0.3285684395 -0.06147642221)
(0 -0.1560811203 0.3910786741)
(0 0.06193696272 0.5017060314)
(0 -0.1568547517 0.4909198311)
(0 0.0004254502781 0.009432899484)
(0 9.410858257e-12 7.34877389e-12)
(0 1.634079547e-11 1.001314257e-12)
(0 1.08972302e-11 -7.952978707e-13)
(0 8.342087653e-12 -1.037984221e-12)
(0 7.181202489e-12 -8.494733311e-13)
(0 6.65278257e-12 -6.089162898e-13)
(0 6.403268324e-12 -4.213620619e-13)
(0 6.273302088e-12 -2.988676416e-13)
(0 6.191808711e-12 -2.272185985e-13)
(0 6.127658352e-12 -1.888929303e-13)
(0 6.067964359e-12 -1.697664405e-13)
(0 6.008223481e-12 -1.601097702e-13)
(0 5.947733012e-12 -1.538508373e-13)
(0 5.88741406e-12 -1.475297017e-13)
(0 5.828767272e-12 -1.39398163e-13)
(0 5.77337832e-12 -1.287581673e-13)
(0 5.72269638e-12 -1.155148361e-13)
(0 5.677949066e-12 -9.989189667e-14)
(0 5.640124221e-12 -8.226021051e-14)
(0 5.60998222e-12 -6.304116864e-14)
(0 5.5880795e-12 -4.265783782e-14)
(0 5.574793073e-12 -2.151556327e-14)
(0 2.785170285e-12 -1.262100583e-24)
(0 1.06663291e-11 5.921814489e-13)
(0 8.945606708e-12 9.618079594e-11)
(0 2.217735546e-10 1.170554459e-10)
(0 -5.641248782e-10 5.44928027e-11)
(0 6.543334188e-10 1.750470355e-11)
(0 -6.389630176e-10 -5.35382641e-11)
(0 4.442619611e-10 -8.327184299e-11)
(0 -3.01655989e-10 -1.335236312e-10)
(0 -0.1488657013 0.01234848019)
(0 -0.1740974753 0.01026182839)
(0 -0.2654818945 -0.06558077985)
(0 -0.4393078623 -0.1738768042)
(0 -0.6025078029 -0.1382304329)
(0 -0.6792840324 0.05203612541)
(0 -0.3154968855 0.170098152)
(0 -0.007406838515 0.09785359807)
(0 7.043286159e-12 2.637851841e-11)
(0 1.306912801e-11 1.652229207e-11)
(0 9.77873561e-12 5.543434322e-12)
(0 8.433440616e-12 1.45134865e-12)
(0 7.617870661e-12 8.611793272e-14)
(0 7.079505963e-12 -2.7428939e-13)
(0 6.727388272e-12 -3.035175114e-13)
(0 6.498521137e-12 -2.483233041e-13)
(0 6.346139166e-12 -1.894928612e-13)
(0 6.238125909e-12 -1.470147559e-13)
(0 6.154157384e-12 -1.209006598e-13)
(0 6.08238017e-12 -1.06205913e-13)
(0 6.016556229e-12 -9.802105017e-14)
(0 5.953936642e-12 -9.274478714e-14)
(0 5.89380297e-12 -8.810111106e-14)
(0 5.836522328e-12 -8.282253877e-14)
(0 5.782964486e-12 -7.631704709e-14)
(0 5.734160154e-12 -6.840731811e-14)
(0 5.69111305e-12 -5.915053545e-14)
(0 5.654705956e-12 -4.872341826e-14)
(0 5.625661371e-12 -3.735400805e-14)
(0 5.604531545e-12 -2.52847824e-14)
(0 5.591702215e-12 -1.275578707e-14)
(0 2.793700362e-12 -3.966991204e-25)
(0 1.058166998e-11 1.40866625e-12)
(0 1.082962299e-11 1.133984699e-10)
(0 2.988752368e-10 1.076646853e-10)
(0 -4.628945796e-10 4.467916934e-11)
(0 7.533526453e-10 -5.666586288e-12)
(0 -5.500979068e-10 -6.873583098e-11)
(0 5.087473618e-10 -8.269064504e-11)
(0 -2.861856139e-10 -1.269301553e-10)
(0 -0.1387845384 0.001260914456)
(0 -0.1264590882 0.01275338078)
(0 -0.1135686268 0.03163753322)
(0 -0.1563150193 0.05177918336)
(0 -0.2111561539 0.01605224817)
(0 -0.3160515647 0.0009180131975)
(0 -0.1073750902 0.1272141673)
(0 -3.805269804e-11 2.039195512e-11)
(0 -4.859238787e-11 2.767757422e-11)
(0 -1.14104581e-11 9.480017178e-12)
(0 1.269852005e-12 3.19892035e-12)
(0 5.439913811e-12 9.711335723e-13)
(0 6.616449613e-12 2.053935456e-13)
(0 6.791567045e-12 -3.028747592e-14)
(0 6.678748656e-12 -8.254537278e-14)
(0 6.517292974e-12 -7.892709246e-14)
(0 6.374610636e-12 -6.37735359e-14)
(0 6.260400913e-12 -5.045562213e-14)
(0 6.168467195e-12 -4.149853187e-14)
(0 6.090843968e-12 -3.614581179e-14)
(0 6.021684607e-12 -3.303473373e-14)
(0 5.957652951e-12 -3.101743338e-14)
(0 5.897336308e-12 -2.931842513e-14)
(0 5.840551336e-12 -2.748409502e-14)
(0 5.78779354e-12 -2.528941706e-14)
(0 5.739862892e-12 -2.265504063e-14)
(0 5.697632966e-12 -1.958667949e-14)
(0 5.661920748e-12 -1.613512478e-14)
(0 5.633420856e-12 -1.237188739e-14)
(0 5.612677721e-12 -8.375640197e-15)
(0 5.600077855e-12 -4.225710716e-15)
(0 2.797926072e-12 1.998097386e-26)
(0 1.043450353e-11 8.682616328e-13)
(0 1.677258335e-11 5.374878406e-11)
(0 4.2913168e-10 4.44488226e-11)
(0 -3.13733436e-10 1.942099435e-11)
(0 8.849452345e-10 -6.287388102e-12)
(0 -4.298439234e-10 -3.296740626e-11)
(0 5.887349022e-10 -3.525802975e-11)
(0 -2.717142648e-10 -5.555183174e-11)
)
;

boundaryField
{
    lowerWall
    {
        type            slip;
    }
    atmosphere
    {
        type            pressureInletOutletVelocity;
        tangentialVelocity uniform (0 0 0);
        value           nonuniform List<vector> 
80
(
(0 -4.133169845 -0.3721068873)
(0 -0.1968849062 0.4160488538)
(0 0.5677615396 0)
(0 0.7218770373 0)
(0 0.59705022 0)
(0 0.5600796441 0)
(0 0.2123650404 0)
(0 -0.09218913322 -0.0631780469)
(0 -0.1026171108 0.023993916)
(0 0.2981084775 0)
(0 0.3711326868 0)
(0 0.4125310553 0)
(0 0.3917818199 0)
(0 0.3967001946 0)
(0 0.3894796072 0)
(0 0.4018041634 0)
(0 0.4260078766 0)
(0 0.4665067269 0)
(0 0.524688704 0)
(0 0.601265279 0)
(0 0.708443994 0)
(0 0.8192510491 0)
(0 0.9847509858 0)
(0 1.081090241 0)
(0 1.506056386 0)
(0 2.191208208 0)
(0 0.8060602718 0)
(0 -1.414576228 1.306414427)
(0 -2.35825626 0.8265189651)
(0 -1.201205673 -1.102636574)
(0 -0.16495194 -0.1635313229)
(0 -0.6344250807 -0.130727517)
(0 -0.7016163516 0.04285862231)
(0 -0.7196615684 0.05746317037)
(0 -0.6476129073 0.0930432362)
(0 -0.5323141226 0.09710698692)
(0 -0.4195719831 0.08200137888)
(0 -0.3221062386 0.06385674129)
(0 -0.2335384309 0.0525444069)
(0 -0.1488351721 0.04616941943)
(0 -0.06886803404 0.04492021825)
(0 0.01299723342 0)
(0 0.09501212617 0)
(0 0.1877331959 0)
(0 0.2922472388 0)
(0 0.3891700202 0)
(0 0.4371323979 0)
(0 0.3615138632 0)
(0 0.1232710655 0)
(0 -0.186052766 -0.1654236608)
(0 -0.3793089256 -0.05159857546)
(0 -0.4636033767 0.03747030889)
(0 -0.4647618016 0.08660140429)
(0 -0.4322371056 0.09341038477)
(0 -0.3944269239 0.08247479165)
(0 -0.3592352275 0.06681963776)
(0 -0.3288746543 0.05165711151)
(0 -0.3033998182 0.03969882873)
(0 -0.2804959463 0.0322513166)
(0 -0.255782412 0.0298734788)
(0 -0.2230196799 0.03242119788)
(0 -0.1753273197 0.03837668069)
(0 -0.1091158347 0.04418973929)
(0 -0.0276072301 0.04530830562)
(0 0.05878331721 0)
(0 0.1349433954 0)
(0 0.1881098471 0)
(0 0.2209787534 0)
(0 0.230508812 0)
(0 0.2280470846 0)
(0 0.2127866553 0)
(0 0.1896563116 0)
(0 0.149107775 0)
(0 0.09801439597 0)
(0 0.02884710614 0)
(0 -0.05578841059 -0.04706550841)
(0 -0.1271930889 -0.03948955695)
(0 -0.174806486 -0.02093851335)
(0 -0.1488657013 0.01234848019)
(0 -0.1387845384 0.001260914456)
)
;
    }
    rightWall
    {
        type            empty;
    }
    leftWall
    {
        type            empty;
    }
    frontAndBack
    {
        type            slip;
    }
}


// ************************************************************************* //
