/*--------------------------------*- C++ -*----------------------------------*\
| =========                 |                                                 |
| \\      /  F ield         | OpenFOAM: The Open Source CFD Toolbox           |
|  \\    /   O peration     | Version:  2506                                  |
|   \\  /    A nd           | Website:  www.openfoam.com                      |
|    \\/     M anipulation  |                                                 |
\*---------------------------------------------------------------------------*/
FoamFile
{
    version     2.0;
    format      ascii;
    arch        "LSB;label=32;scalar=64";
    class       surfaceScalarField;
    location    "0.007";
    object      phi;
}
// * * * * * * * * * * * * * * * * * * * * * * * * * * * * * * * * * * * * * //

dimensions      [0 3 -1 0 0 0 0];

oriented        oriented;

internalField   nonuniform List<scalar> 
6280
(
9.930469657e-09
-3.273573193e-09
1.122435207e-08
-1.293883977e-09
-2.823497449e-09
1.404784464e-08
-4.422946746e-09
1.599442785e-09
-1.939722916e-09
-2.483246369e-09
1.588635528e-14
-1.939763333e-09
2.02248748e-19
9.068431298e-21
1.636836946e-19
3.856505266e-20
1.155918329e-19
4.809177806e-20
8.150296295e-20
3.408872569e-20
5.965337422e-20
2.184939356e-20
4.588668163e-20
1.376645564e-20
3.729332463e-20
8.593072351e-21
3.211010736e-20
5.182884147e-21
2.925707528e-20
2.852652701e-21
2.80310372e-20
1.225630164e-21
2.794296056e-20
8.766786987e-23
2.86360398e-20
-6.93496419e-22
2.984326012e-20
-1.207648949e-21
3.13632242e-20
-1.520375106e-21
3.304449648e-20
-1.681604601e-21
3.47741466e-20
-1.72990813e-21
3.646884631e-20
-1.695005605e-21
3.806789386e-20
-1.599542741e-21
3.952772054e-20
-1.460544969e-21
4.081753607e-20
-1.29065827e-21
4.191591152e-20
-1.099182033e-21
4.280817257e-20
-8.928963461e-22
4.348448053e-20
-6.767112401e-22
4.393847365e-20
-4.541804963e-22
4.416635721e-20
-2.279233004e-22
4.416813599e-20
-1.393915723e-32
5.004435599e-20
-5.875394123e-21
3.104640488e-19
-2.728216591e-19
6.380472956e-19
-3.382372085e-19
8.929365065e-19
-2.650332769e-19
9.629793755e-19
-8.011191152e-20
8.076107121e-19
1.453107712e-19
4.568723404e-19
3.40682109e-19
4.46818116e-19
1.003744999e-08
-2.987430772e-09
1.126990909e-08
-2.526353196e-09
6.4722781e-09
1.884546112e-08
-8.077010195e-10
8.879383734e-09
-2.057230654e-09
-1.233757982e-09
5.602543767e-15
-3.997034138e-09
1.668338275e-19
-6.28792446e-21
1.732109635e-19
3.218778506e-20
1.015878766e-19
1.197146152e-19
6.926363083e-20
6.641262465e-20
5.15704363e-20
3.954215218e-20
4.071329834e-20
2.462307851e-20
3.388313642e-20
1.542263578e-20
2.977987592e-20
9.285481857e-21
2.763005274e-20
5.001762649e-21
2.689307491e-20
1.96184752e-21
2.716179627e-20
-1.818255151e-22
2.812188727e-20
-1.654343659e-21
2.953053396e-20
-2.617026525e-21
3.12019947e-20
-3.192587179e-21
3.299619295e-20
-3.476614884e-21
3.480904912e-20
-3.543651164e-21
3.656430917e-20
-3.451236473e-21
3.820689163e-20
-3.243168955e-21
3.969760724e-20
-2.952319763e-21
4.100901231e-20
-2.603044064e-21
4.212219721e-20
-2.21317846e-21
4.302435767e-20
-1.795647668e-21
4.370701128e-20
-1.35973851e-21
4.416473085e-20
-9.121134339e-22
4.439428051e-20
-4.576287474e-22
4.439643784e-20
-1.719488838e-32
3.408419104e-20
-7.967320783e-21
1.763771961e-19
-4.356963687e-19
3.8620232e-19
-5.665305339e-19
5.46518594e-19
-4.434038002e-19
6.020537313e-19
-1.536525061e-19
5.160238223e-19
2.133413036e-19
2.887462039e-19
5.499629947e-19
7.276234766e-19
9.316515224e-09
-9.795714974e-10
8.542251426e-09
-1.75210032e-09
1.287409276e-08
1.451360276e-08
9.479004609e-09
1.227445276e-08
2.511469432e-09
5.733757109e-09
-6.342253954e-16
-1.485576305e-09
6.53119641e-20
-3.371887819e-20
6.863290979e-20
2.886673349e-20
4.828622877e-20
1.400610971e-19
4.239315836e-20
7.230540206e-20
3.665136263e-20
4.528356666e-20
3.151285561e-20
2.976112934e-20
2.77459825e-20
1.918896352e-20
2.549615671e-20
1.153468383e-20
2.459013761e-20
5.907085404e-21
2.474940187e-20
1.801815449e-21
2.568927813e-20
-1.122524395e-21
2.71592044e-20
-3.12515933e-21
2.895497331e-20
-4.413762787e-21
3.0917967e-20
-5.156616572e-21
3.292915667e-20
-5.48877545e-21
3.490146381e-20
-5.516693253e-21
3.677237669e-20
-5.322605565e-21
3.849774082e-20
-4.96882029e-21
4.004688294e-20
-4.501737511e-21
4.139887791e-20
-3.955403126e-21
4.2539728e-20
-3.354486984e-21
4.346026683e-20
-2.716676209e-21
4.415463635e-20
-2.054549803e-21
4.461921554e-20
-1.377038009e-21
4.485190925e-20
-6.90571875e-22
4.485138717e-20
-2.987322834e-32
3.566679158e-20
-8.712541488e-21
2.364173673e-20
-4.415556057e-19
3.863220632e-20
-5.975669798e-19
6.553854231e-20
-4.86025373e-19
8.612557062e-20
-1.899217993e-19
8.308133233e-20
2.007067347e-19
5.018902632e-20
5.671784532e-19
7.70078116e-19
9.794926396e-09
3.432008326e-10
8.185052839e-09
-1.422322648e-10
1.392843824e-08
8.770213139e-09
1.54652713e-08
1.073761724e-08
4.922324403e-09
1.627670235e-08
-2.451975888e-15
3.436754703e-09
-2.235403663e-19
-9.833699468e-20
-1.952898613e-19
6.161306373e-22
-1.946930831e-20
-3.575965067e-20
1.537132296e-20
3.746447601e-20
2.112892531e-20
3.952557956e-20
2.09406898e-20
2.994889315e-20
2.009170281e-20
2.003737663e-20
1.986855828e-20
1.175717122e-20
2.048486766e-20
5.290023538e-21
2.182506203e-20
4.607609355e-22
2.36866432e-20
-2.985057352e-21
2.587060094e-20
-5.310121025e-21
2.821211952e-20
-6.756320928e-21
3.058580812e-20
-7.531418754e-21
3.290123887e-20
-7.805289939e-21
3.50955515e-20
-7.711843091e-21
3.712616197e-20
-7.353683339e-21
3.89648236e-20
-6.807644936e-21
4.059321732e-20
-6.130173595e-21
4.199979405e-20
-5.362078222e-21
4.317753878e-20
-4.53247231e-21
4.412239324e-20
-3.661896776e-21
4.483214815e-20
-2.764718844e-21
4.530568167e-20
-1.850952389e-21
4.554248113e-20
-9.276508042e-22
4.553629272e-20
-4.155587319e-32
3.538921904e-20
-8.119980153e-21
-7.287922989e-20
-3.50855867e-19
-1.899913312e-19
-4.962536218e-19
-2.640282063e-19
-4.274739294e-19
-2.751586342e-19
-1.942470345e-19
-2.238755447e-19
1.339708482e-19
-1.233086797e-19
4.511606416e-19
6.390544368e-19
1.047324853e-08
5.305183112e-10
9.627882766e-09
7.031360274e-10
1.258323245e-08
5.814871814e-09
1.629613957e-08
7.0247213e-09
6.713111532e-09
2.585973983e-08
7.162441251e-16
1.014987441e-08
4.041215326e-19
9.148158506e-20
2.536634641e-19
1.510741001e-19
5.375472177e-20
1.641488973e-19
1.743242651e-20
7.378650013e-20
1.15522389e-20
4.540543652e-20
1.102917328e-20
3.047153011e-20
1.18114974e-20
1.925450527e-20
1.34014106e-20
1.016664374e-20
1.565560505e-20
3.035136701e-21
1.837924374e-20
-2.263635178e-21
2.136157952e-20
-5.968232367e-21
2.442440104e-20
-8.373802033e-21
2.743702169e-20
-9.769816306e-21
3.031193693e-20
-1.04073745e-20
3.299468572e-20
-1.048925024e-20
3.545371125e-20
-1.017202773e-20
3.767220037e-20
-9.573028116e-21
3.964229494e-20
-8.778197607e-21
4.13613127e-20
-7.849341287e-21
4.282939996e-20
-6.830192428e-21
4.404811431e-20
-5.751258027e-21
4.501957117e-20
-4.633547486e-21
4.57459146e-20
-3.491361795e-21
4.622898326e-20
-2.334350116e-21
4.647013193e-20
-1.169036816e-21
4.646935245e-20
-4.847097481e-32
3.68451112e-20
-8.004038568e-21
-9.398501786e-20
-2.375575934e-19
-2.511077902e-19
-3.549046741e-19
-3.641101729e-19
-3.299350997e-19
-3.953077402e-19
-1.784837702e-19
-3.32830345e-19
5.606191117e-20
-1.888770362e-19
2.917775996e-19
4.4246418e-19
1.313746225e-08
-6.914120421e-10
1.427849693e-08
-4.378896927e-10
2.215437786e-08
-2.060993176e-09
2.78075563e-08
1.371558623e-09
5.743286043e-08
-3.765556562e-09
7.885627167e-08
-1.127353705e-08
-2.934908073e-20
7.885627158e-08
-1.297640726e-19
2.514890042e-19
-3.660795744e-20
7.099264441e-20
-1.09486371e-20
4.812697331e-20
-3.38166752e-21
3.783822708e-20
-1.87851556e-22
2.727737493e-20
2.723635863e-21
1.634255034e-20
6.269903564e-21
6.619895615e-21
1.035683317e-20
-1.052306259e-21
1.467464655e-20
-6.581936904e-21
1.895600986e-20
-1.025012925e-20
2.302838677e-20
-1.244666199e-20
2.67994635e-20
-1.354130739e-20
3.02300612e-20
-1.383857186e-20
3.331190822e-20
-1.357206984e-20
3.605271087e-20
-1.291406319e-20
3.846703088e-20
-1.198853327e-20
4.057115126e-20
-1.088317965e-20
4.238046156e-20
-9.659097297e-21
4.390833437e-20
-8.358195607e-21
4.516582485e-20
-7.008757706e-21
4.616175686e-20
-5.629532737e-21
4.690292628e-20
-4.232693657e-21
4.739429656e-20
-2.825949036e-21
4.763916875e-20
-1.414061728e-21
4.763898584e-20
-5.376738854e-32
3.867028831e-20
-8.536568366e-21
-6.887966608e-20
-1.47535055e-19
-2.056105067e-19
-2.339451659e-19
-3.128521178e-19
-2.381550147e-19
-3.519693311e-19
-1.547988997e-19
-3.046569435e-19
-6.680061765e-21
-1.775430517e-19
1.492359091e-19
2.572080552e-19
1.167287934e-08
-9.757373364e-10
1.31673749e-08
-1.932373621e-09
1.605122047e-08
-4.944824501e-09
2.324831422e-08
-5.825528712e-09
3.236251779e-08
-1.287976285e-08
1.091656675e-08
1.017240868e-08
-8.239775015e-15
8.977285144e-08
-2.217386148e-19
-2.768393039e-20
-5.947190095e-20
-9.127415466e-20
-2.123738332e-20
9.892355764e-21
-1.394251968e-20
3.054316971e-20
-1.112267614e-20
2.445725963e-20
-6.999018859e-21
1.221851354e-20
-1.402298311e-21
1.022834271e-21
4.827202529e-21
-7.282159215e-21
1.10064542e-20
-1.276145181e-20
1.675947712e-20
-1.600346127e-20
2.193374137e-20
-1.762109199e-20
2.650219902e-20
-1.810966957e-20
3.049656322e-20
-1.783283033e-20
3.396991487e-20
-1.704568397e-20
3.697824079e-20
-1.592315831e-20
3.95723845e-20
-1.45837561e-20
4.179523362e-20
-1.310705317e-20
4.368136325e-20
-1.154591334e-20
4.525777227e-20
-9.934896634e-21
4.654504982e-20
-8.296072981e-21
4.755859594e-20
-6.643060831e-21
4.83096709e-20
-4.983822377e-21
4.880618386e-20
-3.322585324e-21
4.905323048e-20
-1.661175298e-21
4.905511905e-20
-6.071428026e-32
4.042773189e-20
-9.409166715e-21
-3.163185782e-20
-9.300231034e-20
-1.277620331e-19
-1.5358614e-19
-2.107469863e-19
-1.706314328e-19
-2.49129636e-19
-1.318484765e-19
-2.234266204e-19
-4.781253496e-20
-1.346557849e-19
4.503740148e-20
1.148392042e-19
1.086263941e-08
-1.143357932e-09
1.278086154e-08
-3.850586224e-09
1.526914147e-08
-7.433098463e-09
2.474988708e-08
-1.530627631e-08
6.159890232e-09
5.71023008e-09
-3.656396831e-08
5.289627319e-08
-3.025310835e-08
8.346200846e-08
9.095579656e-20
-3.025310449e-08
4.239854288e-20
-4.271692941e-20
-5.865693775e-22
5.287740983e-20
-2.002842975e-20
4.998490767e-20
-2.336142224e-20
2.779004688e-20
-1.819469813e-20
7.051498184e-21
-9.707291797e-21
-7.464885471e-21
-6.520900646e-22
-1.633779037e-20
7.764444742e-21
-2.117830593e-20
1.51418464e-20
-2.33813106e-20
2.144516379e-20
-2.392471629e-20
2.677903826e-20
-2.344340543e-20
3.128370958e-20
-2.233696766e-20
3.509244054e-20
-2.085392703e-20
3.831764299e-20
-1.914835593e-20
4.104908744e-20
-1.731575801e-20
4.335637345e-20
-1.541516907e-20
4.529237995e-20
-1.348263275e-20
4.689659592e-20
-1.153949329e-20
4.819806197e-20
-9.597621785e-21
4.921783439e-20
-7.662790785e-21
4.997090796e-20
-5.736878525e-21
5.046759389e-20
-3.819307726e-21
5.071440578e-20
-1.90799199e-21
5.071113463e-20
-6.745411579e-32
4.224101026e-20
-1.043611501e-20
-4.470566482e-22
-6.784107282e-20
-5.970053412e-20
-1.101038875e-19
-1.170636944e-19
-1.287296499e-19
-1.50177205e-19
-1.141672416e-19
-1.418085201e-19
-7.161071984e-20
-8.953783963e-20
-2.266097738e-20
1.758830066e-20
7.138480537e-09
-9.453780902e-10
6.981529667e-09
-3.693634417e-09
8.037710927e-09
-8.489283982e-09
6.049159644e-10
-7.873482989e-09
-2.742540553e-08
3.374056518e-08
-4.965574921e-08
7.512664267e-08
-1.279627982e-08
4.660256008e-08
-7.414970572e-15
-4.304937067e-08
8.396332696e-20
6.739682559e-20
-3.452840931e-21
1.402934964e-19
-4.222329054e-20
8.875532635e-20
-4.409997093e-20
2.966656855e-20
-3.271108178e-20
-4.337610405e-21
-1.858019669e-20
-2.159602304e-20
-5.49260563e-21
-2.942597522e-20
5.561440074e-21
-3.223289966e-20
1.459844072e-20
-3.241911374e-20
2.192647465e-20
-3.125363033e-20
2.788547603e-20
-2.940288154e-20
3.276675021e-20
-2.721797769e-20
3.679801163e-20
-2.48844595e-20
4.015024091e-20
-2.250001557e-20
4.294967638e-20
-2.01151835e-20
4.528890976e-20
-1.775486789e-20
4.723551941e-20
-1.542981227e-20
4.883846742e-20
-1.314280745e-20
5.013289297e-20
-1.089214336e-20
5.114374665e-20
-8.673588766e-21
5.188847876e-20
-6.481544899e-21
5.237890963e-20
-4.309709195e-21
5.262239777e-20
-2.151446982e-21
5.262026749e-20
-6.954051758e-32
4.408968879e-20
-1.14026375e-20
2.012901636e-20
-6.140726039e-20
-1.35995455e-20
-9.214659502e-20
-5.085781448e-20
-1.069327722e-19
-7.729798991e-20
-1.031593626e-19
-7.951583889e-20
-8.482238135e-20
-5.390925305e-20
-6.369525513e-20
-4.403399106e-20
4.272453457e-09
-1.568732307e-10
2.459739328e-09
-1.880924138e-09
-1.083139794e-09
-4.946405e-09
-1.602530523e-08
7.068694025e-09
-3.268350401e-08
5.03987906e-08
-3.083987199e-08
7.328306253e-08
-8.663868949e-09
2.442658418e-08
-6.32923825e-09
-4.538398689e-08
2.309138273e-20
-6.329222088e-09
-7.623100541e-20
2.39615966e-19
-1.013120483e-19
1.138363709e-19
-7.810414989e-20
6.458475227e-21
-4.996949441e-20
-3.247236872e-20
-2.641014887e-20
-4.51553486e-20
-8.299530074e-21
-4.753691428e-20
5.375225992e-21
-4.59081245e-20
1.576392412e-20
-4.280861945e-20
2.377722344e-20
-3.926827579e-20
3.007037989e-20
-3.569735082e-20
3.51002684e-20
-3.224835809e-20
3.918245556e-20
-2.896624583e-20
4.253507298e-20
-2.585196759e-20
4.530999199e-20
-2.288980065e-20
4.761396538e-20
-2.00590398e-20
4.952252424e-20
-1.733879385e-20
5.108913152e-20
-1.470973631e-20
5.235144756e-20
-1.215455329e-20
5.333579052e-20
-9.657867451e-21
5.406031446e-20
-7.205969389e-21
5.453717184e-20
-4.786489205e-21
5.477384475e-20
-2.388062333e-21
5.477259144e-20
-7.041711092e-32
4.608124017e-20
-1.22091562e-20
3.185183743e-20
-6.47047251e-20
1.298928412e-20
-8.905525425e-20
-1.071988066e-20
-9.868501654e-20
-3.092046204e-20
-9.839109309e-20
-3.828999591e-20
-9.288234053e-20
-2.952665892e-20
-8.788623883e-20
-8.127364072e-20
2.31072291e-09
9.588552974e-10
-3.970707849e-10
8.2686942e-10
-6.002733654e-09
6.592791237e-10
-1.746270815e-08
1.8528711e-08
-2.289876825e-08
5.5834896e-08
-1.194477007e-08
6.232911108e-08
-1.939592838e-09
1.442144209e-08
-1.205697286e-08
-3.526656791e-08
-2.612230746e-14
-1.838614861e-08
-3.716075375e-19
1.401173268e-20
-2.086955645e-19
-4.907558378e-20
-1.170349938e-19
-8.520215581e-20
-6.265247429e-20
-8.685438144e-20
-2.879171456e-20
-7.901582666e-20
-6.67074029e-21
-6.965763006e-20
8.474731038e-21
-6.10536397e-20
1.930426778e-20
-5.363828157e-20
2.734814842e-20
-4.73133203e-20
3.351937261e-20
-4.187035249e-20
3.838238066e-20
-3.711256484e-20
4.22967338e-20
-3.288073012e-20
4.549723992e-20
-2.905202583e-20
4.814075284e-20
-2.553300473e-20
5.033421133e-20
-2.225261678e-20
5.215158177e-20
-1.915653265e-20
5.364431455e-20
-1.620278457e-20
5.48481334e-20
-1.335848442e-20
5.578768858e-20
-1.059736895e-20
5.647979464e-20
-7.897962042e-21
5.693559871e-20
-5.242186871e-21
5.716190708e-20
-2.61429586e-21
5.715818033e-20
-7.280218216e-32
4.830255444e-20
-1.285092801e-20
3.788759758e-20
-7.181664243e-20
2.633768955e-20
-9.327656662e-20
1.080721484e-20
-9.861596831e-20
-4.402401948e-21
-9.86137912e-20
-1.356471823e-20
-9.914947899e-20
-1.436057503e-20
-1.025179574e-19
-1.033471513e-19
3.551879414e-09
2.266860098e-09
9.179966768e-10
3.460761062e-09
-4.906600712e-09
6.483912155e-09
-1.285167441e-08
2.647383177e-08
-1.210967556e-08
5.509294455e-08
3.797244692e-09
4.642223418e-08
1.96688882e-08
-1.450158903e-09
4.199835901e-09
-1.979748536e-08
-4.519012221e-15
-1.418626237e-08
-5.196318115e-19
-4.019442462e-19
-2.448172941e-19
-3.238896926e-19
-1.186872195e-19
-2.113328446e-19
-5.481391951e-20
-1.507271135e-19
-1.943351795e-20
-1.143962917e-19
1.933250062e-21
-9.10239879e-20
1.589008917e-20
-7.501025388e-20
2.562922905e-20
-6.33765754e-20
3.279111623e-20
-5.447538462e-20
3.827716027e-20
-4.735763527e-20
4.261421538e-20
-4.145067857e-20
4.612543809e-20
-3.639210562e-20
4.901626102e-20
-3.194241686e-20
5.142114079e-20
-2.793754468e-20
5.343029546e-20
-2.426184324e-20
5.510532985e-20
-2.083191231e-20
5.64886147e-20
-1.758639899e-20
5.760924887e-20
-1.44792676e-20
5.848709548e-20
-1.147519465e-20
5.913556982e-20
-8.546333662e-21
5.956348972e-20
-5.669993518e-21
5.977620294e-20
-2.82692666e-21
5.977703415e-20
-7.410284121e-32
5.074473386e-20
-1.33193179e-20
4.090630164e-20
-7.95050087e-20
3.213191843e-20
-1.002734016e-19
2.102931039e-20
-1.029747643e-19
9.365540942e-21
-1.02382299e-19
7.18686586e-23
-1.05285194e-19
-5.638935303e-21
-1.122346339e-19
-1.166989654e-19
4.719423618e-09
3.505925732e-09
2.846634317e-09
5.333570601e-09
-3.727806638e-09
1.305839213e-08
-1.213132835e-08
3.487739708e-08
-9.952589382e-09
5.291425599e-08
9.679888796e-09
2.678980258e-08
2.562454196e-08
-1.739474266e-08
1.418627561e-08
-8.359163248e-09
-3.535706536e-19
-2.277160171e-19
-2.575955052e-19
-4.979193919e-19
-1.322596646e-19
-4.492262266e-19
-5.808148843e-20
-2.855121974e-19
-1.848309769e-20
-1.903252052e-19
3.938785866e-21
-1.368178249e-19
1.794698408e-20
-1.050314733e-19
2.752376765e-20
-8.458558817e-20
3.453041983e-20
-7.038092395e-20
3.990886558e-20
-5.985275295e-20
4.418411697e-20
-5.163322704e-20
4.767278834e-20
-4.493983894e-20
5.057512684e-20
-3.929427471e-20
5.30211332e-20
-3.43878183e-20
5.509684223e-20
-3.001281089e-20
5.68602264e-20
-2.602522997e-20
5.835084317e-20
-2.23228379e-20
5.959574608e-20
-1.883163464e-20
6.061332182e-20
-1.549702805e-20
6.141595647e-20
-1.227785428e-20
6.201190996e-20
-9.14221867e-21
6.240655658e-20
-6.064544586e-21
6.26031296e-20
-3.023426975e-21
6.260433748e-20
-7.360792292e-32
5.338287128e-20
-1.359911691e-20
4.275086001e-20
-8.639975314e-20
3.444248844e-20
-1.077362084e-19
2.540922382e-20
-1.094028354e-19
1.595125206e-20
-1.083564872e-19
7.063926067e-21
-1.118271177e-19
-9.571091153e-22
-1.196409375e-19
-1.253688742e-19
1.100057691e-08
5.380645615e-09
4.575939828e-09
1.175823466e-08
-9.339317805e-09
2.697367371e-08
-2.05276032e-08
4.606571047e-08
-1.729336524e-08
4.968006622e-08
-2.115454098e-09
1.161190474e-08
-2.627554896e-09
-1.688264289e-08
1.202372756e-09
-1.218908702e-08
-3.864382001e-19
1.20237278e-09
-7.187143889e-20
-8.124846428e-19
3.145436316e-20
-5.525517114e-19
3.710550373e-20
-2.911629476e-19
3.502428266e-20
-1.882444977e-19
3.572513746e-20
-1.37517062e-19
3.839286919e-20
-1.077001342e-19
4.172843187e-20
-8.792051193e-20
4.505859084e-20
-7.370957295e-20
4.812839149e-20
-6.292216785e-20
5.087750507e-20
-5.438305823e-20
5.331835257e-20
-4.738127435e-20
5.548158325e-20
-4.145732754e-20
5.739614061e-20
-3.630175678e-20
5.908442315e-20
-3.170063718e-20
6.056261847e-20
-2.750339901e-20
6.184204643e-20
-2.360253961e-20
6.293035267e-20
-1.992025848e-20
6.383249559e-20
-1.639937524e-20
6.455159208e-20
-1.299702117e-20
6.508958404e-20
-9.680192519e-21
6.544767419e-20
-6.422580394e-21
6.562655658e-20
-3.202268909e-21
6.562520108e-20
-6.779591593e-32
5.626049738e-20
-1.373455604e-20
4.452050207e-20
-9.218643251e-20
3.578404579e-20
-1.147707558e-19
2.74666643e-20
-1.16546677e-19
1.910564681e-20
-1.154275032e-19
1.053363e-20
-1.186841941e-19
1.443738039e-21
-1.259782211e-19
-1.316378373e-19
3.401916016e-09
1.450485753e-08
-1.225411289e-08
2.741428277e-08
-2.872677597e-08
4.344634031e-08
-3.548626553e-08
5.282521316e-08
-2.632687493e-08
4.052070909e-08
-1.19168304e-08
-2.798134129e-09
-2.701242397e-09
-2.609823669e-08
2.788001552e-09
-1.767833098e-08
1.895470613e-09
2.094903671e-09
7.688944588e-19
1.89547058e-09
2.928456269e-19
-7.650506137e-20
1.400239536e-19
-1.383411329e-19
8.575171834e-20
-1.339738157e-19
6.554206531e-20
-1.173067215e-19
5.817249145e-20
-1.003348297e-19
5.593937085e-20
-8.568847631e-20
5.584599594e-20
-7.361549043e-20
5.66675011e-20
-6.374363007e-20
5.787928894e-20
-5.559557126e-20
5.924229938e-20
-4.874472512e-20
6.063715401e-20
-4.285189062e-20
6.199726021e-20
-3.766122335e-20
6.328166133e-20
-3.29845999e-20
6.446347786e-20
-2.868518243e-20
6.552432756e-20
-2.466362139e-20
6.645123591e-20
-2.08474403e-20
6.723484967e-20
-1.718318033e-20
6.786842073e-20
-1.363068905e-20
6.834719617e-20
-1.015900122e-20
6.866798568e-20
-6.743372165e-21
6.882882548e-20
-3.363119368e-21
6.882639005e-20
-6.716025272e-32
5.928625566e-20
-1.369349327e-20
4.670233597e-20
-9.712911819e-20
3.739255384e-20
-1.212318924e-19
2.909640784e-20
-1.237116088e-19
2.100761759e-20
-1.227706119e-19
1.240625234e-20
-1.255117689e-19
2.69943405e-21
-1.316984121e-19
-1.366510031e-19
-2.16942168e-08
2.824167851e-08
-3.667554065e-08
4.239560738e-08
-4.309654382e-08
4.986735117e-08
-3.365505051e-08
4.338373598e-08
-1.024558369e-08
1.711124382e-08
4.890816585e-09
-1.793451516e-08
-1.358569519e-09
-1.984885347e-08
1.81259231e-09
-2.08494931e-08
2.943883221e-09
9.636128666e-10
6.114714219e-19
4.839353633e-09
2.314742737e-19
7.66276749e-20
1.443907386e-19
-5.125940463e-20
1.024188125e-19
-9.200392586e-20
8.251395713e-20
-9.740122106e-20
7.281884486e-20
-9.063984447e-20
6.801235674e-20
-8.088033302e-20
6.57178563e-20
-7.131941099e-20
6.481555991e-20
-6.284108642e-20
6.473013509e-20
-5.551059859e-20
6.513513389e-20
-4.914982249e-20
6.582782128e-20
-4.354405826e-20
6.667388366e-20
-3.850657642e-20
6.758107879e-20
-3.389136065e-20
6.84850389e-20
-2.958909384e-20
6.934050865e-20
-2.551925892e-20
7.011549588e-20
-2.162261699e-20
7.078734095e-20
-1.785515674e-20
7.134010856e-20
-1.418354119e-20
7.176282522e-20
-1.058178282e-20
7.204823847e-20
-7.028843288e-21
7.219194485e-20
-3.506891829e-21
7.21946695e-20
-7.049199903e-32
6.25094545e-20
-1.350714588e-20
4.940768509e-20
-1.015537667e-19
3.965385796e-20
-1.272488708e-19
3.104835842e-20
-1.305670007e-19
2.268151189e-20
-1.298354675e-19
1.36953739e-20
-1.319543751e-19
3.4526438e-21
-1.368824996e-19
-1.409108564e-19
-4.549072909e-08
3.915538403e-08
-5.109836066e-08
4.80032099e-08
-4.352946031e-08
4.229842484e-08
-2.27142e-08
2.256847804e-08
3.339330462e-09
-8.94228016e-09
7.606078167e-09
-2.220126875e-08
-1.055949649e-09
-1.118682772e-08
-5.083852672e-09
-1.682158938e-08
-1.278356287e-09
-2.841883653e-09
-9.662673086e-17
3.560997424e-09
1.049739968e-19
7.070798716e-20
1.036459983e-19
-4.993358365e-20
9.702151731e-20
-8.537001076e-20
8.927533372e-20
-8.965665267e-20
8.257835632e-20
-8.394424697e-20
7.757327876e-20
-7.587441761e-20
7.419618087e-20
-6.794147002e-20
7.214604774e-20
-6.0791106e-20
7.109091119e-20
-5.44558476e-20
7.074089812e-20
-4.879965593e-20
7.086530311e-20
-4.366777409e-20
7.128909943e-20
-3.892962983e-20
7.18833456e-20
-3.448519214e-20
7.255487383e-20
-3.026055883e-20
7.323715058e-20
-2.620162567e-20
7.388295613e-20
-2.226849694e-20
7.44589565e-20
-1.843118284e-20
7.494186694e-20
-1.466647543e-20
7.531576475e-20
-1.095573946e-20
7.557018993e-20
-7.283360582e-21
7.569883668e-20
-3.635643868e-21
7.569695222e-20
-6.336107008e-32
6.588370436e-20
-1.319184905e-20
5.251356865e-20
-1.057098973e-19
4.245439802e-20
-1.32960246e-19
3.339355317e-20
-1.369668574e-19
2.44378689e-20
-1.363113304e-19
1.482354576e-20
-1.377686381e-19
4.012311416e-21
-1.414979148e-19
-1.446109676e-19
-5.366899175e-08
4.290391875e-08
-4.825173637e-08
4.258595565e-08
-3.162001276e-08
2.566667959e-08
-6.955508334e-09
-2.096054416e-09
1.75976633e-08
-3.349545385e-08
1.306398302e-08
-1.766760863e-08
-7.424915733e-09
9.302014725e-09
-1.159077482e-08
-1.265575412e-08
-3.581053392e-09
-1.085160525e-08
-2.126921156e-19
-2.005576358e-11
-1.478330258e-20
-1.272019816e-19
6.821032245e-20
-1.329260741e-19
9.273487539e-20
-1.098946802e-19
9.498773943e-20
-9.191144679e-20
9.064818568e-20
-7.960460946e-20
8.550622635e-20
-7.073144917e-20
8.134654489e-20
-6.378136491e-20
7.848130614e-20
-5.792622675e-20
7.674710286e-20
-5.272188597e-20
7.587277995e-20
-4.792496367e-20
7.560344738e-20
-4.339766825e-20
7.573353712e-20
-3.905901408e-20
7.610797891e-20
-3.485927981e-20
7.661380699e-20
-3.076633344e-20
7.71702793e-20
-2.675812632e-20
7.772027024e-20
-2.281844928e-20
7.82236639e-20
-1.893447767e-20
7.865260291e-20
-1.509534124e-20
7.898814363e-20
-1.12912919e-20
7.921790665e-20
-7.513214655e-21
7.933448055e-20
-3.752330031e-21
7.933323819e-20
-5.904656082e-32
6.935317288e-20
-1.271184387e-20
5.584603418e-20
-1.097289523e-19
4.552452161e-20
-1.384092101e-19
3.59390947e-20
-1.428419579e-19
2.62591622e-20
-1.420627469e-19
1.590708571e-20
-1.42844971e-19
4.499977375e-21
-1.455172895e-19
-1.478233546e-19
-4.38329235e-08
3.953716765e-08
-3.389749595e-08
3.265054078e-08
-1.659212758e-08
8.361338288e-09
3.292469807e-09
-2.198065655e-08
1.487877728e-08
-4.508177915e-08
1.449956343e-08
-1.72883993e-08
1.029503044e-09
2.277207881e-08
-1.154089305e-08
-8.536254205e-11
-6.127021741e-09
-1.626547684e-08
-6.531328017e-17
-6.147077805e-09
-2.034343212e-20
-6.173508115e-19
9.124164467e-20
-2.445075429e-19
1.107181088e-19
-1.293708399e-19
1.072945768e-19
-8.848840192e-20
9.952134597e-20
-7.183049478e-20
9.245631061e-20
-6.36655039e-20
8.720168305e-20
-5.852661182e-20
8.368564692e-20
-5.441052092e-20
8.154402516e-20
-5.058025823e-20
8.040007537e-20
-4.678046311e-20
7.994210155e-20
-4.293892334e-20
7.993327139e-20
-3.904958758e-20
8.020092528e-20
-3.512668689e-20
8.062201411e-20
-3.118742134e-20
8.110995634e-20
-2.724608657e-20
8.160424185e-20
-2.331263323e-20
8.206280033e-20
-1.939284314e-20
8.245665225e-20
-1.548902518e-20
8.276622087e-20
-1.160080512e-20
8.297879127e-20
-7.725844302e-21
8.308681058e-20
-3.860436804e-21
8.308532945e-20
-5.619731213e-32
7.300791474e-20
-1.213051887e-20
5.929796219e-20
-1.13544876e-19
4.866217275e-20
-1.435436196e-19
3.849580875e-20
-1.481359157e-19
2.805509563e-20
-1.470531248e-19
1.695230248e-20
-1.471703508e-19
4.954815193e-21
-1.489460895e-19
-1.505808207e-19
-2.265727381e-08
3.263849761e-08
-1.471186587e-08
2.470509968e-08
-6.857944667e-09
5.074105092e-10
-1.885228876e-09
-2.69533748e-08
-4.153059867e-09
-4.281397964e-08
1.728737248e-08
-3.872888442e-08
2.866438398e-08
1.139504172e-08
-8.561876213e-09
3.714088887e-08
-4.257069406e-09
-2.057028318e-08
-4.728858138e-17
-1.040414715e-08
3.50793484e-19
-9.514798545e-20
2.0637727e-19
-1.000919711e-19
1.516005468e-19
-7.459471168e-20
1.239524839e-19
-6.084005388e-20
1.076863369e-19
-5.556350195e-20
9.759520269e-20
-5.357392806e-20
9.131777395e-20
-5.224931337e-20
8.751590961e-20
-5.060881081e-20
8.534382028e-20
-4.840787781e-20
8.424161514e-20
-4.567758086e-20
8.383143731e-20
-4.252803494e-20
8.385617207e-20
-3.907385553e-20
8.414019084e-20
-3.541056476e-20
8.456334888e-20
-3.161064404e-20
8.504340969e-20
-2.772620191e-20
8.552403194e-20
-2.379316155e-20
8.596661829e-20
-1.983521041e-20
8.634487231e-20
-1.58670605e-20
8.664118168e-20
-1.189700596e-20
8.684419877e-20
-7.928879505e-21
8.694724738e-20
-3.963534497e-21
8.694660855e-20
-5.55946961e-32
7.673591468e-20
-1.142110373e-20
6.278226477e-20
-1.171169175e-19
5.173784902e-20
-1.482691009e-19
4.095328438e-20
-1.528114622e-19
2.976880419e-20
-1.51299526e-19
1.795247534e-20
-1.507819835e-19
5.391022394e-21
-1.518107387e-19
-1.529019781e-19
-7.156148633e-10
2.476407156e-08
3.820065796e-09
2.016942429e-08
-1.349232991e-09
5.676702062e-09
-1.965445929e-08
-8.648165243e-09
-3.758152612e-08
-2.488691879e-08
-3.888886417e-08
-3.742156027e-08
-1.98935143e-08
-7.600301783e-09
1.693517788e-09
1.555385619e-08
6.072232572e-10
-1.948398531e-08
-2.949688786e-17
-9.796923676e-09
3.431086184e-19
3.371775618e-21
2.31875412e-19
1.114092392e-20
1.653552046e-19
-8.074307922e-21
1.292290358e-19
-2.471322569e-20
1.096759107e-19
-3.600982743e-20
9.891981738e-20
-4.28177287e-20
9.295827651e-20
-4.628792683e-20
8.971684261e-20
-4.736722835e-20
8.807411723e-20
-4.676455532e-20
8.739116107e-20
-4.499384655e-20
8.728561672e-20
-4.242183186e-20
8.751946284e-20
-3.930729676e-20
8.794011156e-20
-3.583108452e-20
8.844779101e-20
-3.211838166e-20
8.897645005e-20
-2.825493129e-20
8.948198307e-20
-2.429863759e-20
8.99347682e-20
-2.028780575e-20
9.031492685e-20
-1.624700278e-20
9.060930814e-20
-1.219125838e-20
9.080954378e-20
-8.12910235e-21
9.091078188e-20
-4.064789962e-21
9.091045804e-20
-4.955363171e-32
8.059033119e-20
-1.05977932e-20
6.628555514e-20
-1.203375694e-19
5.474224512e-20
-1.524955561e-19
4.330615173e-20
-1.568352411e-19
3.140536503e-20
-1.548293989e-19
1.892117194e-20
-1.537255438e-19
5.821626383e-21
-1.541371122e-19
-1.54792429e-19
1.457909812e-08
1.458496314e-08
1.917136983e-08
1.557716971e-08
1.453454296e-08
1.031356262e-08
1.878496253e-09
4.007880531e-09
-1.696257292e-08
-6.045854759e-09
-3.351240335e-08
-2.087173929e-08
-2.020234652e-08
-2.091035635e-08
1.290663498e-09
-5.939156791e-09
3.324762493e-09
-2.151809886e-08
6.961637597e-19
-6.47216118e-09
3.488133352e-19
3.140242867e-19
2.1266038e-19
1.472939634e-19
1.487162868e-19
5.587024592e-20
1.179324341e-19
6.071179947e-21
1.028680095e-19
-2.094519415e-20
9.544961925e-20
-3.539928755e-20
9.1878975e-20
-4.271724094e-20
9.031951563e-20
-4.58073446e-20
8.9844826e-20
-4.628906299e-20
8.996317575e-20
-4.511138914e-20
9.040015182e-20
-4.285820615e-20
9.099567508e-20
-3.990241595e-20
9.165281442e-20
-3.648800823e-20
9.231124138e-20
-3.27767618e-20
9.293274375e-20
-2.887645199e-20
9.349281491e-20
-2.485866463e-20
9.397557117e-20
-2.077041381e-20
9.437067126e-20
-1.664191759e-20
9.467146417e-20
-1.249192747e-20
9.487385617e-20
-8.331464098e-21
9.497557184e-20
-4.166503469e-21
9.497356921e-20
-4.029898875e-32
8.452891566e-20
-9.648904849e-21
6.983336471e-20
-1.231670627e-19
5.771459187e-20
-1.561462736e-19
4.560267249e-20
-1.601829196e-19
3.300788599e-20
-1.576650658e-19
1.988856168e-20
-1.560337977e-19
6.26245358e-21
-1.559367558e-19
-1.5624197e-19
1.789005212e-08
6.309882117e-09
2.58949952e-08
7.572223792e-09
3.1123996e-08
5.084584644e-09
3.495127278e-08
1.806047075e-10
3.588762375e-08
-6.982193523e-09
3.051380565e-08
-1.549790123e-08
2.884272731e-08
-1.923925965e-08
2.183649774e-08
1.067087521e-09
8.663490325e-09
-8.345071889e-09
-6.560120353e-18
2.191312079e-09
1.80544702e-19
4.561899166e-19
1.21236765e-19
2.066020638e-19
9.891722084e-20
7.819007943e-20
9.091605998e-20
1.407258738e-20
8.841391607e-20
-1.844304571e-20
8.813166587e-20
-3.51168648e-20
8.878887133e-20
-4.337412616e-20
8.983779725e-20
-4.685571901e-20
9.102249985e-20
-4.747298559e-20
9.221635875e-20
-4.630458104e-20
9.335594202e-20
-4.399732211e-20
9.441008279e-20
-4.095616713e-20
9.536406085e-20
-3.744166355e-20
9.621155119e-20
-3.362406208e-20
9.695053111e-20
-2.961535592e-20
9.758106573e-20
-2.548913686e-20
9.810406739e-20
-2.129329755e-20
9.852066137e-20
-1.70583621e-20
9.883192754e-20
-1.280308434e-20
9.903881679e-20
-8.538312242e-21
9.914207531e-20
-4.26974511e-21
9.913759641e-20
-3.609455913e-32
8.862483789e-20
-8.631482193e-21
7.347151501e-20
-1.255385957e-19
6.072531203e-20
-1.591693731e-19
4.791381008e-20
-1.628307781e-19
3.46322427e-20
-1.598137145e-19
2.088956568e-20
-1.577184995e-19
6.72951668e-21
-1.572022797e-19
-1.572243724e-19
1.476625037e-08
2.125423481e-09
1.924000311e-08
3.098470407e-09
2.20513451e-08
2.273257879e-09
2.439669297e-08
-2.164742227e-09
2.493548018e-08
-7.520968249e-09
2.315281538e-08
-1.371522493e-08
1.744260287e-08
-1.35290331e-08
1.715362727e-08
1.356077902e-09
6.274247047e-09
2.534366274e-09
-1.260083927e-17
8.465595608e-09
-6.869347081e-20
4.557561775e-19
-7.175224503e-21
1.450839277e-19
3.479972879e-20
3.62152834e-20
5.840042689e-20
-9.528029552e-21
7.174009698e-20
-3.178263764e-20
7.987440451e-20
-4.325084717e-20
8.530727848e-20
-4.880645416e-20
8.922053067e-20
-5.076834693e-20
9.21909044e-20
-5.044267027e-20
9.452361768e-20
-4.863682467e-20
9.6397097e-20
-4.587050069e-20
9.792458637e-20
-4.248330746e-20
9.918166232e-20
-3.869834128e-20
1.002202574e-19
-3.466234961e-20
1.010767502e-19
-3.047168643e-20
1.01776905e-19
-2.618920493e-20
1.023390028e-19
-2.185529998e-20
1.027759391e-19
-1.749518275e-20
1.030966996e-19
-1.312375204e-20
1.033073839e-19
-8.74894716e-21
1.034118204e-19
-4.374149887e-21
1.034124658e-19
-3.046536632e-32
9.282116734e-20
-7.539343793e-21
7.721176426e-20
-1.274537212e-19
6.381220902e-20
-1.61538766e-19
5.029113197e-20
-1.647688578e-19
3.632313234e-20
-1.612757488e-19
2.195229442e-20
-1.587748736e-19
7.235239817e-21
-1.579106433e-19
-1.57700993e-19
9.850694027e-09
3.27134996e-10
1.254317602e-08
4.059829904e-10
1.571584018e-08
-8.994008313e-10
1.820225594e-08
-4.651140847e-09
2.012975792e-08
-9.448439146e-09
2.064139244e-08
-1.422682714e-08
1.087041242e-08
-3.758046436e-09
-2.875854312e-09
1.510229895e-08
-4.511578721e-09
4.17007268e-09
-1.679016212e-17
3.954069876e-09
-3.775096899e-19
-2.36803474e-19
-1.160439168e-19
-1.163818709e-19
-1.094358416e-20
-6.88849532e-20
3.61458188e-20
-5.661734087e-20
6.027188745e-20
-5.590833446e-20
7.431879752e-20
-5.729725264e-20
8.334538571e-20
-5.783246384e-20
8.954620733e-20
-5.696863395e-20
9.399674999e-20
-5.489269282e-20
9.728994166e-20
-5.19297407e-20
9.978429023e-20
-4.836467274e-20
1.017095525e-19
-4.440823345e-20
1.03217654e-19
-4.020597499e-20
1.044109205e-19
-3.585521146e-20
1.053592317e-19
-3.141975804e-20
1.0611081e-19
-2.694066354e-20
1.066991201e-19
-2.244352117e-20
1.071473698e-19
-1.794333801e-20
1.074715045e-19
-1.344780424e-20
1.076821812e-19
-8.959565694e-21
1.077859703e-19
-4.477894527e-21
1.077849425e-19
-2.389222153e-32
9.71367712e-20
-6.390711828e-21
8.106171531e-20
-1.289030099e-19
6.700677565e-20
-1.632526165e-19
5.277176835e-20
-1.659928594e-19
3.811060734e-20
-1.62044489e-19
2.309464525e-20
-1.591860025e-19
7.787018187e-21
-1.580283237e-19
-1.576258065e-19
7.383251518e-09
-2.34095516e-10
8.671284936e-09
-8.820566383e-10
1.02914009e-08
-2.519517134e-09
1.00978674e-08
-4.457599575e-09
8.512274853e-09
-7.862854417e-09
-2.603757463e-09
-3.110776784e-09
-2.07539683e-08
1.439224015e-08
-2.596264324e-08
2.031102286e-08
-1.656901417e-08
-5.223501614e-09
-1.70933612e-17
-1.261492133e-08
-2.560665001e-19
-9.13921763e-19
-6.854692905e-20
-3.039015455e-19
1.324028167e-21
-1.387557332e-19
3.685482522e-20
-9.214781649e-20
5.888296926e-20
-7.793595182e-20
7.378358631e-20
-7.219721472e-20
8.420921561e-20
-6.825748874e-20
9.162214847e-20
-6.438104873e-20
9.695970211e-20
-6.02298415e-20
1.008550096e-19
-5.582490807e-20
1.037407295e-19
-5.125026996e-20
1.05911811e-19
-4.657894249e-20
1.075684175e-19
-4.186203107e-20
1.088463739e-19
-3.713266681e-20
1.098383262e-19
-3.241138074e-20
1.106079524e-19
-2.771010278e-20
1.111993032e-19
-2.303474474e-20
1.116429036e-19
-1.838682466e-20
1.119597431e-19
-1.376454423e-20
1.121638524e-19
-9.1635953e-21
1.122638648e-19
-4.577849969e-21
1.122632984e-19
-1.652516622e-32
1.015495484e-19
-5.172694855e-21
8.503699073e-20
-1.299145113e-19
7.03244721e-20
-1.643087573e-19
5.537309248e-20
-1.665003509e-19
4.000776455e-20
-1.621089239e-19
2.432298912e-20
-1.589282027e-19
8.386653997e-21
-1.575172084e-19
-1.569509703e-19
6.619102532e-09
-4.436767342e-10
6.921242336e-09
-1.18420136e-09
5.235214984e-09
-8.334909744e-10
1.704076844e-09
-9.264588304e-10
-5.984013915e-09
-1.747908871e-10
-2.31100952e-08
1.401525347e-08
-3.599837006e-08
2.728060596e-08
-3.034001635e-08
1.465276584e-08
-1.722597515e-08
-1.833748835e-08
-9.831531265e-18
-2.984091491e-08
3.507394503e-19
1.334223694e-19
9.659883677e-20
-4.976098227e-20
4.793194486e-20
-9.00885731e-20
5.106668988e-20
-9.528209949e-20
6.462170636e-20
-9.149042184e-20
7.77233123e-20
-8.529806806e-20
8.808565561e-20
-7.861926696e-20
9.577335571e-20
-7.206813953e-20
1.013646355e-19
-6.582072125e-20
1.054296477e-19
-5.988986749e-20
1.08412057e-19
-5.423260677e-20
1.106287224e-19
-4.879522657e-20
1.122977818e-19
-4.353050068e-20
1.1356766e-19
-3.840198032e-20
1.145396041e-19
-3.338290384e-20
1.152833104e-19
-2.845351483e-20
1.158472233e-19
-2.359842784e-20
1.16265184e-19
-1.880458521e-20
1.16560692e-19
-1.405988178e-20
1.167495977e-19
-9.352366639e-21
1.168417148e-19
-4.669883444e-21
1.168425702e-19
-4.86704866e-33
1.061292507e-19
-3.958803472e-21
8.915265352e-20
-1.304617963e-19
7.377808888e-20
-1.6470267e-19
5.809896157e-20
-1.662799792e-19
4.201245517e-20
-1.614520795e-19
2.563266402e-20
-1.579753011e-19
9.03051976e-21
-1.563402253e-19
-1.556322576e-19
5.40262827e-09
-4.792882551e-10
3.722179563e-09
4.962410549e-10
-4.007213177e-10
3.289383563e-09
-5.64746851e-09
4.320253371e-09
-1.597553163e-08
1.015329011e-08
-2.677087116e-08
2.481058248e-08
-2.696715514e-08
2.74769801e-08
-1.411390422e-08
1.799583327e-09
-2.164576769e-09
-3.0286711e-08
3.607452111e-18
-3.200542336e-08
1.607628492e-19
5.101290119e-19
5.627127209e-20
5.47307519e-20
4.273841847e-20
-7.655518982e-20
5.485836753e-20
-1.074014999e-19
7.081406015e-20
-1.074457238e-19
8.44021134e-20
-9.888540893e-20
9.463678304e-20
-8.885354089e-20
1.02020774e-19
-7.945148622e-20
1.072954893e-19
-7.109495159e-20
1.110869085e-19
-6.368117294e-20
1.138494372e-19
-5.699501164e-20
1.158934483e-19
-5.083882928e-20
1.174263021e-19
-4.506276748e-20
1.185867365e-19
-3.956184187e-20
1.194689932e-19
-3.426467841e-20
1.201383974e-19
-2.912250609e-20
1.206410659e-19
-2.410071564e-20
1.210098875e-19
-1.917305335e-20
1.212682071e-19
-1.431789612e-20
1.214320809e-19
-9.516004666e-21
1.215115982e-19
-4.749259916e-21
1.21512832e-19
-1.97063103e-33
1.107833174e-19
-2.72702074e-21
9.337382462e-20
-1.305760666e-19
7.733291653e-20
-1.644301413e-19
6.092275091e-20
-1.653284869e-19
4.410377871e-20
-1.60062727e-19
2.700790012e-20
-1.563062797e-19
9.709883626e-21
-1.544673566e-19
-1.536341858e-19
3.048250383e-09
4.877660373e-10
-1.908456181e-09
5.452957613e-09
-8.965320686e-09
1.034624206e-08
-1.563661114e-08
1.099150331e-08
-2.192612799e-08
1.644284086e-08
-2.113179489e-08
2.401630201e-08
-1.246714042e-08
1.881235078e-08
-5.016907664e-10
-1.016578948e-08
2.864570735e-09
-3.365301235e-08
-2.165939489e-17
-2.914080294e-08
-3.012206813e-19
-2.569285691e-19
-7.501468749e-20
-1.71475129e-19
1.189210839e-20
-1.634616065e-19
5.481414362e-20
-1.503230372e-19
7.937437503e-20
-1.320058867e-19
9.443398143e-20
-1.139446413e-19
1.040388377e-19
-9.84579805e-20
1.103773086e-19
-8.578922589e-20
1.147092679e-19
-7.542640153e-20
1.177730698e-19
-6.674484182e-20
1.200056195e-19
-5.922740662e-20
1.216695101e-19
-5.250232241e-20
1.229272278e-19
-4.631996586e-20
1.238839e-19
-4.051800987e-20
1.246111655e-19
-3.499146618e-20
1.251601878e-19
-2.96710314e-20
1.255687282e-19
-2.450872102e-20
1.258650447e-19
-1.946882947e-20
1.260700986e-19
-1.45224633e-20
1.261988256e-19
-9.644353038e-21
1.262608582e-19
-4.811061384e-21
1.262608487e-19
5.491295959e-34
1.155413046e-19
-1.502713839e-21
9.768204082e-20
-1.30240349e-19
8.096553799e-20
-1.634819342e-19
6.381557204e-20
-1.636371272e-19
4.625392552e-20
-1.579307174e-19
2.842719933e-20
-1.539064527e-19
1.041308212e-20
-1.518784384e-19
-1.50932963e-19
9.506772933e-10
2.541715896e-09
-5.649271167e-09
1.205290429e-08
-1.321509137e-08
1.791206573e-08
-1.939118207e-08
1.716758072e-08
-2.032213467e-08
1.737383899e-08
-1.21339583e-08
1.582823998e-08
1.968816795e-10
6.481536967e-09
5.816382066e-09
-1.578508082e-08
2.416833915e-09
-3.025334825e-08
-3.693963907e-18
-2.672395661e-08
-2.21031168e-19
-4.047284671e-19
-6.700115778e-20
-3.255050482e-19
2.503067765e-20
-2.554933103e-19
7.313129411e-20
-1.984231381e-19
9.743562046e-20
-1.563101252e-19
1.099206422e-19
-1.264301616e-19
1.167075923e-19
-1.052450088e-19
1.20740133e-19
-8.982136067e-20
1.233908276e-19
-7.807683242e-20
1.25290505e-19
-6.864451586e-20
1.267307038e-19
-6.066750505e-20
1.278518667e-19
-5.362316908e-20
1.287291837e-19
-4.719690236e-20
1.294104436e-19
-4.11989105e-20
1.299316002e-19
-3.55122291e-20
1.303224982e-19
-3.006141835e-20
1.306086198e-19
-2.479419779e-20
1.308114109e-19
-1.967090598e-20
1.309482088e-19
-1.465858195e-20
1.310321173e-19
-9.727718873e-21
1.310719195e-19
-4.850524133e-21
1.310733855e-19
1.045067877e-32
1.203742636e-19
-3.038602239e-22
1.02053364e-19
-1.294428117e-19
8.464156429e-20
-1.618383705e-19
6.674102939e-20
-1.611951645e-19
4.843029262e-20
-1.55049658e-19
2.986611102e-20
-1.507692576e-19
1.112706356e-20
-1.485646979e-19
-1.475178583e-19
2.884889208e-10
4.840413343e-09
-5.787530153e-09
1.812891956e-08
-1.171349464e-08
2.383805864e-08
-1.423534693e-08
1.968948181e-08
-9.970554622e-09
1.310908872e-08
2.91346501e-10
5.566495859e-09
1.104275351e-08
-4.269834874e-09
1.026813168e-08
-1.501032168e-08
3.524805262e-09
-2.350993596e-08
3.207071414e-18
-2.319913808e-08
-1.468589529e-19
-4.824744913e-19
3.01060059e-21
-4.753745104e-19
8.210084992e-20
-3.345833894e-19
1.15244307e-19
-2.315660339e-19
1.273155841e-19
-1.683814763e-19
1.31105795e-19
-1.302211129e-19
1.321312404e-19
-1.06270531e-19
1.324846612e-19
-9.01745041e-20
1.328231442e-19
-7.841525381e-20
1.332675158e-19
-6.90890317e-20
1.337750397e-19
-6.117502067e-20
1.342781334e-19
-5.412607209e-20
1.347271756e-19
-4.764574824e-20
1.350971251e-19
-4.156870255e-20
1.35382411e-19
-3.579728516e-20
1.355897188e-19
-3.026829699e-20
1.357319116e-19
-2.493572631e-20
1.358237349e-19
-1.9761906e-20
1.358790719e-19
-1.471308256e-20
1.35909312e-19
-9.757264256e-21
1.359224437e-19
-4.863213952e-21
1.359223183e-19
1.811852255e-32
1.252558255e-19
8.644027151e-22
1.064603049e-19
-1.281704583e-19
8.83252775e-20
-1.594714468e-19
6.966213959e-20
-1.579905944e-19
5.060013433e-20
-1.514174011e-19
3.130032185e-20
-1.468965644e-19
1.183892783e-20
-1.445287766e-19
-1.433910277e-19
8.376912378e-10
6.742641139e-09
-3.89591539e-09
2.28625264e-08
-8.042710501e-09
2.79848722e-08
-8.377832457e-09
2.002469664e-08
-2.13320555e-09
6.86448174e-09
7.61965955e-09
-4.186267946e-09
1.401919024e-08
-1.066930618e-08
1.068569803e-08
-1.167680669e-08
3.783609274e-09
-1.660783165e-08
2.161438081e-17
-1.941553126e-08
-1.445984112e-19
-2.046685678e-18
1.43801728e-19
-7.637742351e-19
1.851182054e-19
-3.758993283e-19
1.784288645e-19
-2.248756065e-19
1.654759475e-19
-1.554283127e-19
1.55056377e-19
-1.198017949e-19
1.482272673e-19
-9.944130905e-20
1.442439115e-19
-8.619097983e-20
1.421493663e-19
-7.632080679e-20
1.411815268e-19
-6.812144563e-20
1.408239883e-19
-6.081756364e-20
1.407584572e-19
-5.40604914e-20
1.408042213e-19
-4.769151868e-20
1.408685424e-19
-4.163310799e-20
1.409113992e-19
-3.584016093e-20
1.409222895e-19
-3.027896982e-20
1.409057319e-19
-2.491863337e-20
1.408725583e-19
-1.972793591e-20
1.408348902e-19
-1.46745233e-20
1.408033623e-19
-9.724954475e-21
1.407856576e-19
-4.8450069e-21
1.407844859e-19
1.662129665e-32
1.301931157e-19
1.96046964e-21
1.108719924e-19
-1.263723354e-19
9.198459454e-20
-1.563520632e-19
7.254535383e-20
-1.540099359e-19
5.273359083e-20
-1.470354192e-19
3.270780984e-20
-1.422980054e-19
1.253704183e-20
-1.397836553e-19
-1.385662107e-19
2.423866378e-09
7.710504108e-09
-7.81056575e-10
2.606749609e-08
-4.003883698e-09
3.120767475e-08
-4.746206644e-09
2.076706226e-08
-1.176696423e-09
3.295069714e-09
2.368981399e-09
-7.731886198e-09
2.735477517e-09
-1.103576271e-08
5.706850149e-09
-1.464815042e-08
5.694658984e-09
-1.659562398e-08
6.999532927e-17
-1.372087258e-08
1.134157051e-18
5.148024873e-19
5.316775218e-19
-1.612937471e-19
3.361419272e-19
-1.803617326e-19
2.478761583e-19
-1.366085318e-19
2.011024653e-19
-1.08654765e-19
1.754168628e-19
-9.411624512e-20
1.614775965e-19
-8.550185467e-20
1.541140846e-19
-7.88273974e-20
1.503487275e-19
-7.25556371e-20
1.484854088e-19
-6.625837912e-20
1.475810606e-19
-5.991329728e-20
1.4712743e-19
-5.360687501e-20
1.46862632e-19
-4.742685275e-20
1.466614895e-19
-4.143224732e-20
1.464725903e-19
-3.565156037e-20
1.462826259e-19
-3.008911602e-20
1.460964294e-19
-2.473220656e-20
1.45925971e-19
-1.955690074e-20
1.457844591e-19
-1.453223716e-20
1.456833099e-19
-9.623065719e-21
1.456306645e-19
-4.791885595e-21
1.456317643e-19
2.433945056e-32
1.350791609e-19
3.015545018e-21
1.152339201e-19
-1.24049857e-19
9.557071003e-20
-1.524566426e-19
7.535367432e-20
-1.49251479e-19
5.480305547e-20
-1.419146732e-19
3.406947102e-20
-1.369917907e-19
1.32115163e-20
-1.343515564e-19
-1.330670332e-19
4.897463964e-09
7.606324347e-09
3.644875209e-09
2.73202124e-08
1.161534308e-09
3.369108348e-08
1.326501632e-10
2.179592726e-08
-1.840706108e-09
5.26847603e-09
-8.256187068e-09
-1.316359531e-09
-1.252635927e-08
-6.765585022e-09
-9.192251124e-09
-1.798225696e-08
3.347558656e-09
-2.913545092e-08
7.785294223e-10
-1.115184371e-08
4.417810478e-19
7.785294027e-10
5.126089831e-19
-2.321208175e-19
3.798951279e-19
-4.764725626e-20
2.758299252e-19
-3.254324309e-20
2.156409851e-19
-4.846596537e-20
1.840312533e-19
-6.250641917e-20
1.681520538e-19
-6.96225285e-20
1.603858449e-19
-7.106112216e-20
1.566459855e-19
-6.881591036e-20
1.548304906e-19
-6.444296259e-20
1.538874828e-19
-5.897018715e-20
1.533074522e-19
-5.302670676e-20
1.528572374e-19
-4.69766437e-20
1.524421765e-19
-4.101742739e-20
1.520350346e-19
-3.524484328e-20
1.516395354e-19
-2.969402868e-20
1.512717352e-19
-2.436457488e-20
1.509506345e-19
-1.923561359e-20
1.506936305e-19
-1.427476787e-20
1.5051449e-19
-9.443396936e-21
1.504225501e-19
-4.699616047e-21
1.5042114e-19
3.225281257e-32
1.399498474e-19
3.990558263e-21
1.195280109e-19
-1.211507622e-19
9.906655099e-20
-1.477630221e-19
7.806701876e-20
-1.437105235e-19
5.678977783e-20
-1.360674036e-19
3.537130504e-20
-1.31000857e-19
1.385490526e-20
-1.282612403e-19
-1.269245774e-19
7.778752205e-09
7.16442257e-09
8.085264567e-09
2.701373376e-08
6.817760884e-09
3.495866249e-08
3.557554799e-09
2.505613084e-08
-1.110024936e-09
9.93607719e-09
-6.236126344e-09
3.809780141e-09
-7.257168953e-09
-5.744553626e-09
-1.512436523e-09
-2.372700669e-08
1.001243161e-09
-3.164914552e-08
-1.820874671e-09
-8.329730405e-09
2.838078166e-17
-1.042345318e-09
6.972680864e-19
3.728374505e-19
3.949995892e-19
2.546220249e-19
2.599072029e-19
1.025489716e-19
2.016005313e-19
9.840640943e-21
1.769151439e-19
-3.78209172e-20
1.667134602e-19
-5.94209164e-20
1.626310567e-19
-6.697867491e-20
1.610189332e-19
-6.720379069e-20
1.603032661e-19
-6.37271202e-20
1.598309632e-19
-5.849747852e-20
1.593575153e-19
-5.255275664e-20
1.588164537e-19
-4.64351546e-20
1.582147606e-19
-4.041558363e-20
1.575858492e-19
-3.461616782e-20
1.569689892e-19
-2.907767637e-20
1.564006965e-19
-2.379678724e-20
1.559114803e-19
-1.874666614e-20
1.555250014e-19
-1.388827351e-20
1.552582709e-19
-9.17650475e-21
1.551221662e-19
-4.563443077e-21
1.551228346e-19
3.63985496e-32
1.447312054e-19
4.887383228e-21
1.237211468e-19
-1.176634069e-19
1.024402967e-19
-1.422499941e-19
8.066177225e-20
-1.373905743e-19
5.867667584e-20
-1.295124063e-19
3.660172216e-20
-1.243536504e-19
1.446124329e-20
-1.215470942e-19
-1.2017591e-19
1.068154317e-08
7.509710015e-09
1.131762484e-08
2.637763256e-08
1.224650033e-08
3.402982897e-08
1.245986397e-08
2.484278037e-08
1.259468982e-08
9.801255369e-09
1.533063369e-08
1.073844564e-09
1.468836421e-08
-5.102315286e-09
5.898268726e-09
-1.493691688e-08
-6.60316281e-09
-1.914775739e-08
-6.203132669e-09
-8.729791943e-09
8.777915136e-18
-7.245478138e-09
5.789937886e-19
1.837217313e-18
2.429263609e-19
5.906896394e-19
1.671988722e-19
1.782764084e-19
1.539389732e-19
2.310040266e-20
1.553151447e-19
-3.919720056e-20
1.591557017e-19
-6.326179867e-20
1.624059409e-19
-7.022913023e-20
1.644956037e-19
-6.929348476e-20
1.655329078e-19
-6.476418331e-20
1.657756851e-19
-5.873975862e-20
1.654751173e-19
-5.22514311e-20
1.648360247e-19
-4.579513721e-20
1.640141764e-19
-3.959296702e-20
1.631243407e-19
-3.372606183e-20
1.622498783e-19
-2.820350974e-20
1.614508176e-19
-2.299835595e-20
1.607698729e-19
-1.806636451e-20
1.602367702e-19
-1.335563472e-20
1.598713326e-19
-8.811355487e-21
1.596856093e-19
-4.377976398e-21
1.596805998e-19
3.917601524e-32
1.494129465e-19
5.662768256e-21
1.277674393e-19
-1.135409652e-19
1.05662641e-19
-1.359131767e-19
8.31162654e-20
-1.30302875e-19
6.044811879e-20
-1.222745099e-19
3.775055078e-20
-1.170840499e-19
1.50254612e-20
-1.142485933e-19
-1.12863169e-19
1.025166826e-08
9.363102562e-09
1.062966805e-08
2.599961309e-08
1.367844211e-08
3.098107842e-08
1.597305827e-08
2.254819678e-08
1.640216621e-08
9.372175475e-09
1.706319781e-08
4.128558701e-10
1.475257239e-08
-2.791719645e-09
2.617755431e-09
-2.802097167e-09
-1.323952733e-08
-3.290494557e-09
-1.361744924e-08
-8.351943e-09
2.840662094e-18
-2.08629624e-08
-6.682273736e-19
1.529317972e-19
-1.694868463e-19
9.194902469e-20
1.202286652e-20
-3.233458036e-21
9.164136996e-20
-5.651855792e-20
1.312505466e-19
-7.880703374e-20
1.521883701e-19
-8.420010847e-20
1.633415864e-19
-8.138296811e-20
1.690249052e-19
-7.497722088e-20
1.715573324e-19
-6.729671232e-20
1.722640126e-19
-5.944625802e-20
1.719314112e-19
-5.191818066e-20
1.710381949e-19
-4.490074442e-20
1.698810816e-19
-3.843452472e-20
1.686468928e-19
-3.249095869e-20
1.674550321e-19
-2.701147332e-20
1.66382809e-19
-2.192661543e-20
1.654806027e-19
-1.71649784e-20
1.647810494e-19
-1.265692924e-20
1.643047117e-19
-8.335733001e-21
1.640635857e-19
-4.137412842e-21
1.640630027e-19
4.739466401e-32
1.538632515e-19
6.36682905e-21
1.316007169e-19
-1.088019483e-19
1.086846672e-19
-1.287652977e-19
8.540118195e-20
-1.224782957e-19
6.208681004e-20
-1.143906265e-19
3.88076689e-20
-1.092331494e-19
1.554276326e-20
-1.064105632e-19
-1.050332925e-19
3.290686415e-09
9.622962776e-09
6.446154733e-09
2.28441302e-08
1.305700806e-08
2.43702312e-08
1.864019457e-08
1.696503949e-08
2.092649392e-08
7.085898659e-09
1.940693985e-08
1.932490818e-09
1.508460937e-08
1.530626998e-09
8.020495201e-09
4.262004163e-09
-2.075117054e-09
6.805115865e-09
-6.911809694e-09
-3.515319855e-09
-3.501220283e-17
-2.777480445e-08
-7.320783883e-19
-8.019448151e-19
-2.64669663e-19
-3.754599611e-19
-4.126223337e-20
-2.266413106e-19
6.935289414e-20
-1.671342357e-19
1.258574719e-19
-1.353127494e-19
1.550055105e-19
-1.133491966e-19
1.697473336e-19
-9.612591547e-20
1.767054137e-19
-8.193624736e-20
1.794077867e-19
-6.999984458e-20
1.7979209e-19
-5.983110877e-20
1.789488474e-19
-5.107488046e-20
1.775044146e-19
-4.345537299e-20
1.758246476e-19
-3.675323771e-20
1.741263781e-19
-3.079128182e-20
1.7253989e-19
-2.542427072e-20
1.71144446e-19
-2.053130807e-20
1.699886518e-19
-1.600995733e-20
1.691022457e-19
-1.177157566e-20
1.685030318e-19
-7.737540537e-21
1.682009985e-19
-3.836150179e-21
1.682005601e-19
5.566277083e-32
1.581071947e-19
6.962847736e-21
1.351959497e-19
-1.034149264e-19
1.114881443e-19
-1.208261315e-19
8.74997551e-20
-1.13949192e-19
6.357940062e-20
-1.059010605e-19
3.976426617e-20
-1.008465579e-19
1.600881446e-20
-9.808229769e-20
-9.673754058e-20
-3.546437962e-09
6.196338482e-09
4.603899087e-09
1.469381323e-08
1.35452727e-08
1.542888866e-08
1.961772921e-08
1.089264297e-08
2.163330837e-08
5.070354637e-09
2.051001274e-08
3.055838625e-09
1.769619155e-08
4.34448119e-09
1.431083153e-08
7.647328028e-09
7.949338858e-09
1.316656876e-08
3.608844042e-10
4.073143425e-09
-3.516129427e-16
-2.741394808e-08
-3.097103173e-19
-1.164817248e-18
-1.158508883e-19
-5.693198702e-19
1.824484154e-20
-3.607378391e-19
1.011743804e-19
-2.500648944e-19
1.478210247e-19
-1.819604594e-19
1.722287916e-19
-1.377582643e-19
1.839370017e-19
-1.078356155e-19
1.886418165e-19
-8.664247595e-20
1.895765226e-19
-7.093597724e-20
1.885483183e-19
-5.880428871e-20
1.865683549e-19
-4.909573994e-20
1.842065499e-19
-4.109333225e-20
1.817866035e-19
-3.433208518e-20
1.794933892e-19
-2.849654472e-20
1.774328526e-19
-2.336264221e-20
1.756657968e-19
-1.876400525e-20
1.742270335e-19
-1.45717652e-20
1.731362808e-19
-1.068189275e-20
1.724044222e-19
-7.006839312e-21
1.720371487e-19
-3.469718248e-21
1.720353694e-19
5.307839611e-32
1.620502815e-19
7.453266437e-21
1.384990574e-19
-9.738865436e-20
1.140326172e-19
-1.121288605e-19
8.938533521e-20
-1.047616816e-19
6.490886852e-20
-9.685578253e-20
4.061013709e-20
-9.197673333e-20
1.641882266e-20
-8.931852156e-20
-8.803196517e-20
-1.426012669e-09
2.669623058e-09
6.60694978e-09
6.660888445e-09
1.404654872e-08
7.989326064e-09
1.772026712e-08
7.218959073e-09
2.008324331e-08
2.707432802e-09
1.948769217e-08
3.651435158e-09
1.912686589e-08
4.705337521e-09
1.906305906e-08
7.711131197e-09
1.467787918e-08
1.755168514e-08
5.773271385e-09
1.297777854e-08
-8.428369018e-11
-2.155641785e-08
2.831179802e-19
-8.428400039e-11
9.27312909e-20
-3.789333868e-19
1.289177863e-19
-3.969245106e-19
1.692788153e-19
-2.904267576e-19
1.920232199e-19
-2.047055583e-19
2.021514404e-19
-1.478874768e-19
2.051301413e-19
-1.108156635e-19
2.043483152e-19
-8.586219173e-20
2.017082111e-19
-6.829766568e-20
1.98256867e-19
-5.535492231e-20
1.945707626e-19
-4.541128951e-20
1.909677969e-19
-3.749104652e-20
1.87622144e-19
-3.098593763e-20
1.846272917e-19
-2.55004744e-20
1.820314896e-19
-2.076567093e-20
1.798580368e-19
-1.659004308e-20
1.781169059e-19
-1.283096787e-20
1.768113342e-19
-9.377279248e-21
1.759415433e-19
-6.138185459e-21
1.755068669e-19
-3.035831567e-21
1.755045649e-19
5.734877506e-32
1.656169377e-19
7.845760167e-21
1.414512651e-19
-9.074887082e-20
1.16275778e-19
-1.027232811e-19
9.102913293e-20
-9.497539599e-20
6.605647858e-20
-8.731482838e-20
4.133413812e-20
-8.268375231e-20
1.676765019e-20
-8.017998539e-20
-7.897777123e-20
3.656875736e-09
7.0347724e-10
8.979195241e-09
1.338576641e-09
1.408754747e-08
2.880987924e-09
1.641513869e-08
4.89134902e-09
2.164817793e-08
-2.52560881e-09
2.300544085e-08
2.294180671e-09
2.450248314e-08
3.208307717e-09
2.659575454e-08
5.617918166e-09
2.488216349e-08
1.926522831e-08
1.473973815e-08
2.312011665e-08
-1.89791634e-09
-4.918844673e-09
-4.624774196e-18
-1.982200378e-09
7.471210881e-20
-1.265349127e-18
2.354153786e-19
-5.576282486e-19
2.550000146e-19
-3.100118458e-19
2.488413014e-19
-1.985468505e-19
2.392232536e-19
-1.382695729e-19
2.30083613e-19
-1.016767138e-19
2.219128413e-19
-7.769263226e-20
2.146509545e-19
-6.103746177e-20
2.082004998e-19
-4.890658205e-20
2.024910056e-19
-3.970395259e-20
1.974729058e-19
-3.247443577e-20
1.931076072e-19
-2.662097653e-20
1.893620952e-19
-2.175430891e-20
1.862071174e-19
-1.760971773e-20
1.83617112e-19
-1.399944694e-20
1.815705946e-19
-1.078460017e-20
1.80050428e-19
-7.857907118e-21
1.790438972e-19
-5.132669044e-21
1.785426985e-19
-2.535299635e-21
1.785436265e-19
6.799540002e-32
1.687763117e-19
8.114136833e-21
1.440012379e-19
-8.350060882e-20
1.181815949e-19
-9.267437324e-20
9.240441662e-20
-8.465923984e-20
6.700384411e-20
-7.734654619e-20
4.192522875e-20
-7.303502336e-20
1.705024926e-20
-7.073342972e-20
-6.964122211e-20
4.673029565e-09
-1.241464398e-09
9.447742924e-09
-3.436177485e-09
1.188755753e-08
4.411339541e-10
8.955436455e-09
7.82342865e-09
1.090865117e-08
-4.478848721e-09
5.247693983e-09
7.95510482e-09
-1.110159315e-09
9.566168502e-09
-4.007527557e-09
8.51534527e-09
5.519932608e-09
9.737703029e-09
1.15229315e-08
1.711715012e-08
2.172344314e-10
6.386881184e-09
7.131410614e-18
-1.764965931e-09
7.819498079e-19
-2.629236389e-19
4.830317431e-19
-2.587099888e-19
3.664650099e-19
-1.93445118e-19
3.09118579e-19
-1.411995836e-19
2.758161128e-19
-1.049660457e-19
2.540676945e-19
-7.992790807e-20
2.385680117e-19
-6.219330766e-20
2.267818342e-19
-4.925229539e-20
2.174031293e-19
-3.95296032e-20
2.097205224e-19
-3.202355445e-20
2.03326365e-19
-2.608224369e-20
1.979742748e-19
-2.126989133e-20
1.935066864e-19
-1.728663478e-20
1.898173882e-19
-1.391974371e-20
1.868319588e-19
-1.101346228e-20
1.844972876e-19
-8.449955877e-21
1.827756661e-19
-6.136904688e-21
1.816412666e-19
-3.999109436e-21
1.810779981e-19
-1.972554491e-21
1.810747992e-19
6.66279849e-32
1.713884355e-19
8.304390807e-21
1.460786382e-19
-7.571860704e-20
1.196987287e-19
-8.206603121e-20
9.347935566e-20
-7.390163617e-20
6.773211014e-20
-6.703227663e-20
4.237291359e-20
-6.310632927e-20
1.726200405e-20
-6.105148663e-20
-6.009320609e-20
2.341921529e-09
-2.687235132e-09
4.888963086e-09
-5.983285867e-09
5.373551463e-09
-4.350740784e-11
-1.484071064e-08
2.803765794e-08
-2.124168302e-08
1.922108686e-09
-2.533197339e-08
1.204538336e-08
-2.725639311e-08
1.149061895e-08
-2.627274313e-08
7.531670205e-09
-1.823277076e-08
1.697666291e-09
-3.472131673e-09
2.356471913e-09
1.764965918e-09
1.14978368e-09
1.182861133e-18
5.4041757e-19
7.857096492e-19
1.342279361e-19
5.482968129e-19
-2.129775601e-20
4.187105444e-19
-6.385902763e-20
3.453521169e-19
-6.784000836e-20
3.008542505e-19
-6.046624323e-20
2.718022949e-19
-5.087437848e-20
2.51509024e-19
-4.18991383e-20
2.365045264e-19
-3.424770578e-20
2.24909178e-19
-2.793525543e-20
2.156618332e-19
-2.277819883e-20
2.081387174e-19
-1.856132932e-20
2.019575314e-19
-1.509019325e-20
1.968735775e-19
-1.220307328e-20
1.927236697e-19
-9.769461527e-21
1.893954652e-19
-7.684784058e-21
1.868103388e-19
-5.864769206e-21
1.849134613e-19
-4.240471168e-21
1.836678215e-19
-2.754115314e-21
1.830505526e-19
-1.355671306e-21
1.830501065e-19
6.369892749e-32
1.734698615e-19
8.384068978e-21
1.476589844e-19
-6.743657747e-20
1.208101268e-19
-7.098967249e-20
9.423829882e-20
-6.279241954e-20
6.822937534e-20
-5.645707015e-20
4.267000281e-20
-5.297812787e-20
1.739970171e-20
-5.121075062e-20
-5.040781456e-20
7.143307639e-10
-3.603505446e-09
3.241800761e-09
-8.510796595e-09
3.724952891e-09
-5.266989398e-10
-1.279901355e-08
4.45616084e-08
-2.352697858e-08
1.265008462e-08
-2.017346937e-08
8.691902872e-09
-1.178502303e-08
3.102173581e-09
-5.85673946e-09
1.603386339e-09
-3.506255567e-09
-6.528178206e-10
-1.149783684e-09
-1.778715849e-17
7.598505469e-19
9.349875997e-19
7.567265758e-19
5.43541687e-19
6.30184545e-19
2.6076886e-19
5.057355412e-19
1.031495406e-19
4.147295636e-19
2.714609415e-20
3.52725882e-19
-5.836155423e-21
3.104461152e-19
-1.818511148e-20
2.807775351e-19
-2.120389462e-20
2.591604565e-19
-2.028026537e-20
2.428169767e-19
-1.790317959e-20
2.300662346e-19
-1.518487925e-20
2.198787027e-19
-1.25924904e-20
2.116098535e-19
-1.029492324e-20
2.048446513e-19
-8.326942251e-21
1.993071892e-19
-6.666478625e-21
1.948083471e-19
-5.270579672e-21
1.912154801e-19
-4.091578374e-21
1.884346368e-19
-3.08382335e-21
1.863998172e-19
-2.205941133e-21
1.850662655e-19
-1.421023686e-21
1.844062239e-19
-6.958947595e-22
1.844066827e-19
6.889568563e-32
1.749290915e-19
8.362522497e-21
1.486956678e-19
-5.873300912e-20
1.214833053e-19
-5.955071197e-20
9.466193365e-20
-5.143457127e-20
6.84849541e-20
-4.571462443e-20
4.281110159e-20
-4.273618147e-20
1.746117802e-20
-4.129105656e-20
-4.066130085e-20
-1.82635712e-08
2.814049953e-09
-3.362528566e-08
6.850913174e-09
-4.833036909e-08
1.417833655e-08
-1.732990723e-08
1.356114507e-08
-1.469607618e-08
1.00162535e-08
-6.177849292e-09
1.736759555e-10
-3.410690161e-10
-2.73460692e-09
6.528178071e-10
6.094992839e-10
-2.285294103e-19
1.018180273e-18
3.020300632e-20
7.226193236e-19
3.57544634e-19
6.076460285e-19
4.739532823e-19
4.271317258e-19
4.725652255e-19
2.621550434e-19
4.297320948e-19
1.459796645e-19
3.817473141e-19
7.512813438e-20
3.403769259e-19
3.553178046e-20
3.074273321e-19
1.476362125e-20
2.817011643e-19
4.523506811e-21
2.615375423e-19
-1.142959284e-22
2.455352771e-19
-1.898891982e-21
2.326586235e-19
-2.30778665e-21
2.221762699e-19
-2.111584737e-21
2.135778345e-19
-1.698981796e-21
2.06505115e-19
-1.25650406e-21
2.007030882e-19
-8.657386869e-22
1.959873484e-19
-5.551483061e-22
1.922232351e-19
-3.273136736e-22
1.893125191e-19
-1.73019138e-22
1.871847346e-19
-7.833562716e-23
1.857913945e-19
-2.799140648e-23
1.851021187e-19
-6.788621145e-24
1.850982057e-19
6.603525631e-32
1.757091616e-19
8.255186103e-21
1.491485487e-19
-4.970336967e-20
1.216950248e-19
-4.787162416e-20
9.473770807e-20
-3.994175373e-20
6.849272588e-20
-3.490505188e-20
4.279366582e-20
-3.246982081e-20
1.744561481e-20
-3.137396698e-20
-3.093074365e-20
-4.204632516e-09
4.636678366e-09
-1.074460108e-08
1.339091747e-08
-1.877060616e-08
2.220432192e-08
-1.734526185e-08
1.213580075e-08
-7.548252588e-09
2.192625679e-10
-8.828599805e-11
-7.286264462e-09
-1.89348621e-11
-2.803959757e-09
1.952252185e-17
5.905641967e-10
-5.27247387e-19
-8.233247248e-20
-8.447610676e-20
2.798480433e-19
1.770304112e-19
3.461388053e-19
3.089765999e-19
2.951840585e-19
3.563898467e-19
2.147396925e-19
3.588805647e-19
1.434860227e-19
3.421509602e-19
9.185398742e-20
3.196087667e-19
5.807007193e-20
2.971872176e-19
3.718260084e-20
2.770633616e-19
2.464765582e-20
2.597529463e-19
1.719859687e-20
2.451263824e-19
1.273045974e-20
2.328548254e-19
9.96507599e-21
2.225888728e-19
8.153552396e-21
2.140203122e-19
6.867363002e-21
2.068958803e-19
5.865606075e-21
2.010136786e-19
5.014945107e-21
1.962151831e-19
4.242770773e-21
1.923775296e-19
3.510306212e-21
1.894072026e-19
2.79734588e-21
1.872350789e-19
2.093674021e-21
1.858125972e-19
1.394290609e-21
1.851089073e-19
6.967971797e-22
1.851114406e-19
5.955377541e-32
1.758030317e-19
8.061960247e-21
1.490079239e-19
-4.04403336e-20
1.214414424e-19
-3.608062646e-20
9.446437528e-20
-2.84301845e-20
6.825293613e-20
-2.412996524e-20
4.261851983e-20
-2.226897871e-20
1.735360264e-20
-2.154082488e-20
-2.129264046e-20
7.898648338e-09
4.321900996e-09
9.432182546e-09
1.185743476e-08
1.303932306e-08
1.859730444e-08
7.402301159e-09
1.777282603e-08
4.021192997e-09
3.600419939e-09
4.624840439e-09
-7.89001343e-09
7.872026837e-10
1.033606492e-09
8.026436629e-18
1.377766857e-09
-1.648867973e-19
-1.013858576e-19
-1.818533868e-20
1.331464228e-19
1.260756644e-19
2.018778113e-19
2.285322339e-19
1.927296183e-19
2.851361769e-19
1.581352513e-19
3.072485294e-19
1.213720038e-19
3.083670447e-19
9.073125903e-20
2.987212956e-19
6.77108848e-20
2.846522726e-19
5.124766199e-20
2.696143027e-19
3.968430371e-20
2.552848091e-19
3.152943154e-20
2.423609986e-19
2.565664713e-20
2.310433018e-19
2.128418476e-20
2.213026834e-19
1.789366404e-20
2.130185553e-19
1.51495388e-20
2.060452194e-19
1.283671111e-20
2.002415042e-19
1.081705929e-20
1.954827185e-19
9.000809863e-21
1.916645693e-19
7.328271342e-21
1.887035307e-19
5.758359291e-21
1.865356955e-19
4.261422386e-21
1.851151038e-19
2.814748043e-21
1.844121101e-19
1.399722694e-21
1.844099914e-19
5.665507785e-32
1.751797008e-19
7.791859776e-21
1.482667691e-19
-3.106068162e-20
1.207219477e-19
-2.431243813e-20
9.384509847e-20
-1.701984962e-20
6.776946355e-20
-1.349159796e-20
4.228857523e-20
-1.222253397e-20
1.718656694e-20
-1.187143214e-20
-1.182202257e-20
1.777199107e-08
3.237035603e-09
2.059041057e-08
9.038972582e-09
2.665972503e-08
1.252800054e-08
2.826880073e-08
1.616372026e-08
1.804838809e-08
1.382070062e-08
8.193750442e-09
1.964450389e-09
2.373663664e-09
6.853703099e-09
-5.181341197e-18
3.751430667e-09
6.999668442e-20
-8.070149708e-21
5.05461795e-20
1.525978028e-19
1.169274714e-19
1.354996373e-19
1.939378668e-19
1.157229196e-19
2.483729293e-19
1.037010062e-19
2.766077847e-19
9.313597049e-20
2.853466704e-19
8.198888089e-20
2.822580728e-19
7.079497399e-20
2.730889143e-19
6.04134489e-20
2.614594305e-19
5.131231534e-20
2.494120247e-19
4.35774467e-20
2.379885363e-19
3.708178851e-20
2.276527811e-19
3.162094396e-20
2.185585582e-19
2.698728708e-20
2.107057276e-19
2.300048358e-20
2.040255675e-19
1.951469975e-20
1.984252548e-19
1.641573832e-20
1.9381018e-19
1.361502773e-20
1.900946572e-19
1.104349076e-20
1.872065938e-19
8.646329282e-21
1.850890211e-19
6.3789039e-21
1.837000785e-19
4.203582801e-21
1.830123874e-19
2.087354922e-21
1.830137105e-19
4.745064014e-32
1.73846929e-19
7.453206636e-21
1.469303124e-19
-2.167849427e-20
1.195463917e-19
-1.270612507e-20
9.288909627e-20
-5.83008253e-21
6.704908498e-20
-3.089799162e-21
4.180782038e-20
-2.416596692e-21
1.694617933e-20
-2.443266511e-21
-2.592223611e-21
2.15167851e-08
3.630709778e-09
2.237124348e-08
8.184531574e-09
2.444130541e-08
1.045784215e-08
2.400060254e-08
1.660434893e-08
1.71345589e-08
2.068672385e-08
9.389316076e-09
9.709666933e-09
4.011222952e-09
1.223175067e-08
2.077343591e-10
7.554921295e-09
2.323975686e-19
2.077341721e-10
3.34487491e-20
3.515492922e-19
9.715075373e-20
7.180517096e-20
1.819159534e-19
3.096398117e-20
2.378078936e-19
4.78125363e-20
2.654606951e-19
6.548275596e-20
2.741527635e-19
7.329439885e-20
2.718765477e-19
7.306719622e-20
2.639877808e-19
6.829954254e-20
2.537245618e-19
6.157471786e-20
2.429163665e-19
5.43864907e-20
2.325276917e-19
4.747200578e-20
2.230191242e-19
4.11303252e-20
2.145717547e-19
3.543397412e-20
2.072199437e-19
3.035044751e-20
2.009266061e-19
2.580593435e-20
1.956245442e-19
2.17161806e-20
1.91238643e-19
1.800001672e-20
1.876974958e-19
1.458425075e-20
1.849391684e-19
1.140449853e-20
1.829137e-19
8.404253953e-21
1.815838506e-19
5.533318297e-21
1.809250325e-19
2.746101951e-21
1.809242523e-19
4.093577774e-32
1.7180659e-19
7.067008388e-21
1.450199152e-19
-1.242752854e-20
1.17930351e-19
-1.395267018e-21
9.160821779e-20
5.023492631e-21
6.609937752e-20
6.979821545e-21
4.118001321e-20
7.066502436e-21
1.663375061e-20
6.668624519e-21
6.324715778e-21
1.863308558e-08
6.970823649e-09
1.709895327e-08
9.718672419e-09
1.613534739e-08
1.142134666e-08
1.455295334e-08
1.81867415e-08
6.410979055e-09
2.882882064e-08
1.135155323e-09
1.498566397e-08
1.714724803e-09
1.165206826e-08
8.84943824e-10
8.384599507e-09
9.394934741e-17
1.092677933e-09
-2.462411955e-19
-3.768531496e-20
5.630876752e-20
-2.307404568e-19
1.987645085e-19
-1.114860447e-19
2.554781133e-19
-8.898458649e-21
2.73272338e-19
4.768685023e-20
2.739255609e-19
7.263792311e-20
2.671088941e-19
7.988012194e-20
2.572629561e-19
7.814282771e-20
2.465363347e-19
7.230046596e-20
2.360018816e-19
6.49217422e-20
2.261860111e-19
5.728928201e-20
2.173227731e-19
4.99941984e-20
2.094882281e-19
4.326773797e-20
2.026754306e-19
3.716141848e-20
1.968368524e-19
3.164248732e-20
1.919083803e-19
2.664308649e-20
1.87822877e-19
2.208460248e-20
1.845177435e-19
1.788894999e-20
1.819389239e-19
1.398310626e-20
1.800427644e-19
1.030025449e-20
1.787966342e-19
6.77930519e-21
1.781789306e-19
3.363707873e-21
1.781763583e-19
3.734861357e-32
1.691300926e-19
6.612960579e-21
1.425655406e-19
-3.399856802e-21
1.15898581e-19
9.491828421e-21
9.001710351e-20
1.543539825e-20
6.492759139e-20
1.662909869e-20
4.04079333e-20
1.614892507e-20
1.62499544e-20
1.539131011e-20
1.485740698e-20
1.695250348e-08
2.118612557e-08
4.095108899e-09
2.257605887e-08
4.423025369e-09
1.109346349e-08
7.449337627e-09
1.516057071e-08
4.91122288e-09
3.136702951e-08
2.194412535e-09
1.770258011e-08
2.755692601e-09
1.109101154e-08
2.919861792e-09
8.220575621e-09
2.372458158e-16
4.01253981e-09
-4.39083565e-19
-2.70169876e-18
1.755632448e-19
-8.453823604e-19
3.013520946e-19
-2.372666894e-19
3.120634221e-19
-1.960454265e-20
2.982234109e-19
6.152689246e-20
2.811677597e-19
8.968922747e-20
2.653715998e-19
9.567226573e-20
2.514205944e-19
9.209105813e-20
2.391576109e-19
8.456232223e-20
2.283694214e-19
7.57104016e-20
2.188909275e-19
6.676878403e-20
2.105963127e-19
5.828906281e-20
2.033819086e-19
5.048111083e-20
1.971564994e-19
4.338492551e-20
1.918374515e-19
3.695954468e-20
1.873498963e-19
3.112912808e-20
1.836272245e-19
2.580637206e-20
1.806118998e-19
2.090381375e-20
1.782560721e-19
1.633867376e-20
1.765218151e-19
1.203430164e-20
1.753810369e-19
7.919894558e-21
1.748152227e-19
3.92938987e-21
1.748146963e-19
2.654752331e-32
1.657736804e-19
6.14788986e-21
1.395801646e-19
5.255547899e-21
1.134581626e-19
1.983286154e-20
8.812261921e-20
2.530035722e-20
6.353821772e-20
2.577227581e-20
3.949326961e-20
2.475567241e-20
1.579508571e-20
2.365327589e-20
2.293476182e-20
8.073673318e-09
3.493927597e-08
-3.260666079e-09
3.391036907e-08
-7.756715936e-09
1.55895924e-08
-4.018886579e-09
1.142288894e-08
1.060426342e-08
1.674393934e-08
1.59881619e-08
1.231854094e-08
1.575385612e-08
1.132523533e-08
9.386805498e-09
1.458762647e-08
4.042051544e-16
1.339934429e-08
1.418417067e-18
-9.181827633e-19
7.836808552e-19
-2.106436667e-19
5.190142413e-19
2.740766905e-20
3.931948572e-19
1.062204731e-19
3.263857459e-19
1.283373027e-19
2.87150798e-19
1.289210199e-19
2.617903922e-19
1.210293557e-19
2.438918585e-19
1.099872852e-19
2.303056903e-19
9.814766734e-20
2.194278038e-19
8.6588785e-20
2.104112063e-19
7.578612595e-20
2.027883607e-19
6.591178047e-20
1.962857232e-19
5.698242966e-20
1.907311186e-19
4.893750931e-20
1.860070349e-19
4.168164023e-20
1.820271403e-19
3.510754459e-20
1.787246662e-19
2.910795325e-20
1.760467598e-19
2.35812283e-20
1.739517e-19
1.843341556e-20
1.72407408e-19
1.357831762e-20
1.713905322e-19
8.936521562e-21
1.708858328e-19
4.433917759e-21
1.708855884e-19
1.669472674e-32
1.618771213e-19
5.650307947e-21
1.36127711e-19
1.346555858e-20
1.106536627e-19
2.952489963e-20
8.594803885e-20
3.453436597e-20
6.194205424e-20
3.433607771e-20
3.844064885e-20
3.281794499e-20
1.527078649e-20
3.138600946e-20
3.048735559e-20
-4.054808104e-08
-4.707421753e-09
2.063300383e-09
-8.70098867e-09
7.424801009e-09
1.022818151e-08
7.163401196e-09
1.16843291e-08
1.457369183e-08
9.33367398e-09
1.823268911e-08
8.659548845e-09
2.053043929e-08
9.027510545e-09
1.191644606e-08
2.320161988e-08
3.279078001e-17
2.531579047e-08
2.129350898e-18
2.303331465e-18
1.02173278e-18
8.969775705e-19
5.978270454e-19
4.51320594e-19
4.153116868e-19
2.887398285e-19
3.269694631e-19
2.166779039e-19
2.792591338e-19
1.766278856e-19
2.507483217e-19
1.49537182e-19
2.320522406e-19
1.286814839e-19
2.187468079e-19
1.114526464e-19
2.086251448e-19
9.671101713e-20
2.005368609e-19
8.387490429e-20
1.938590099e-19
7.25891437e-20
1.882408029e-19
6.259906059e-20
1.834752495e-19
5.370095035e-20
1.794329393e-19
4.572197725e-20
1.760275489e-19
3.851148937e-20
1.731979413e-19
3.193666365e-20
1.708989471e-19
2.587967946e-20
1.69096602e-19
2.023536123e-20
1.677656119e-19
1.490894307e-20
1.668879284e-19
9.813880432e-21
1.664519151e-19
4.869714633e-21
1.664502459e-19
1.341244211e-32
1.574565473e-19
5.139319558e-21
1.322595237e-19
2.112195989e-20
1.075144461e-19
3.848697171e-20
8.351280353e-20
4.30633667e-20
6.015177368e-20
4.225395574e-20
3.725765753e-20
4.027199446e-20
1.468062824e-20
3.852499284e-20
3.744933239e-20
-3.395870589e-09
-1.141456679e-08
7.277872852e-09
-1.937473529e-08
1.103571269e-08
6.470303473e-09
1.255682843e-08
1.016319582e-08
1.39037594e-08
7.986718102e-09
1.664796409e-08
5.915342945e-09
1.992072231e-08
5.75476741e-09
9.072425866e-09
3.404992324e-08
8.833812344e-18
3.438821693e-08
7.293246166e-19
2.121484564e-18
5.760740825e-19
1.050232895e-18
4.352462799e-19
5.921530709e-19
3.432497622e-19
3.807386256e-19
2.869194448e-19
2.730059846e-19
2.521684302e-19
2.113757072e-19
2.298926237e-19
1.71810316e-19
2.14823403e-19
1.437492014e-19
2.040051787e-19
1.222706965e-19
1.95789032e-19
1.04927668e-19
1.892511003e-19
9.041297986e-20
1.838689268e-19
7.79704555e-20
1.793426927e-19
6.712351362e-20
1.754962764e-19
5.754523258e-20
1.722224514e-19
4.899389483e-20
1.694527232e-19
4.127982441e-20
1.671409571e-19
3.424752163e-20
1.652546289e-19
2.776539126e-20
1.637701839e-19
2.171929783e-20
1.626705493e-19
1.60080997e-20
1.619437626e-19
1.054025062e-20
1.615822004e-19
5.231008492e-21
1.615814609e-19
7.904863959e-33
1.526255079e-19
4.591329238e-21
1.280284226e-19
2.817725219e-20
1.04082728e-19
4.664858768e-20
8.084493818e-20
5.082752639e-20
5.818612703e-20
4.946867244e-20
3.595658592e-20
4.706054322e-20
1.403078101e-20
4.50118309e-20
4.376100026e-20
5.619091726e-09
-3.812778617e-09
-5.886871922e-09
-7.868726394e-09
-9.77734591e-10
1.561179412e-09
5.138961235e-09
4.046550074e-09
1.102817328e-08
2.097554359e-09
1.523410383e-08
1.709445951e-09
8.005533746e-09
1.298332409e-08
9.009609207e-10
4.115449236e-08
2.692698497e-17
3.528917855e-08
-3.332727389e-19
4.791101193e-19
1.179935574e-19
5.989725534e-19
2.238318346e-19
4.863199095e-19
2.355171212e-19
3.690540666e-19
2.252891673e-19
2.832316108e-19
2.126030391e-19
2.240593427e-19
2.01831509e-19
1.825799656e-19
1.933448981e-19
1.522349768e-19
1.866621502e-19
1.289535502e-19
1.812743438e-19
1.103157701e-19
1.768085759e-19
9.487842237e-20
1.730219849e-19
8.175578386e-20
1.697644116e-19
7.037914326e-20
1.669449387e-19
6.036261298e-20
1.64508381e-19
5.142865901e-20
1.624204204e-19
4.33664646e-20
1.606588267e-19
3.600819197e-20
1.592085354e-19
2.921497334e-20
1.580589857e-19
2.28682063e-20
1.572027002e-19
1.686377386e-20
1.566345205e-19
1.110790991e-20
1.563511919e-19
5.514011671e-21
1.563503707e-19
-8.001597823e-34
1.473822947e-19
4.056474432e-21
1.234765932e-19
3.454008889e-20
1.003894854e-19
5.395063113e-20
7.797181618e-20
5.777064331e-20
5.606737982e-20
5.592811286e-20
3.455292472e-20
5.313309825e-20
1.332897289e-20
5.079590045e-20
4.937039767e-20
4.693295325e-09
-2.948291788e-09
3.321331552e-10
-3.507579416e-09
3.209757774e-10
1.572341582e-09
6.786460589e-10
3.688903766e-09
2.605848696e-09
1.703794976e-10
-2.909761835e-09
7.224994157e-09
-9.205337548e-09
1.927896577e-08
-6.247200478e-09
3.819637294e-08
2.157274427e-16
2.904197804e-08
-2.042651394e-19
1.478749488e-19
5.340725885e-21
3.89371022e-19
1.065659917e-19
3.850948228e-19
1.496946654e-19
3.259237453e-19
1.661168993e-19
2.66806979e-19
1.711236619e-19
2.190505089e-19
1.714865202e-19
1.822158617e-19
1.700634716e-19
1.536577029e-19
1.680243701e-19
1.309928039e-19
1.65836996e-19
1.125030182e-19
1.636859374e-19
9.702857622e-20
1.616453443e-19
8.379469618e-20
1.597478813e-19
7.227452448e-20
1.580109847e-19
6.209748329e-20
1.564461866e-19
5.299178576e-20
1.550621478e-19
4.474924715e-20
1.538656081e-19
3.720377391e-20
1.528617684e-19
3.021798876e-20
1.520545533e-19
2.367462791e-20
1.514468363e-19
1.747073323e-20
1.510406223e-19
1.15134939e-20
1.508371803e-19
5.717070404e-21
1.508396934e-19
-8.151410424e-33
1.418768099e-19
3.509602663e-21
1.186940778e-19
4.017887092e-20
9.650252119e-20
6.035620407e-20
7.49383571e-20
6.38593814e-20
5.382367412e-20
6.159693243e-20
3.306268276e-20
5.845130287e-20
1.258191157e-20
5.583588656e-20
5.423228076e-20
5.433853246e-09
-7.41389098e-10
1.857779161e-09
6.852753786e-11
1.495250859e-09
1.934879487e-09
4.058437178e-10
4.778288227e-09
-5.548155548e-10
1.131039341e-09
-1.135777428e-08
1.802797731e-08
-1.801420916e-08
2.593538724e-08
-8.773111314e-09
2.89552884e-08
4.367704729e-17
2.026886231e-08
4.467387294e-20
7.138917707e-19
1.06481664e-21
4.329828276e-19
4.739491416e-20
3.387645103e-19
9.057789905e-20
2.827387941e-19
1.183604292e-19
2.390225075e-19
1.342890147e-19
2.031204463e-19
1.429283614e-19
1.735758517e-19
1.473985726e-19
1.491874791e-19
1.495345844e-19
1.288567717e-19
1.503625541e-19
1.116743976e-19
1.504520574e-19
9.693761701e-20
1.501251726e-19
8.411956757e-20
1.495708402e-19
7.28267054e-20
1.489052872e-19
6.276109827e-20
1.48203648e-19
5.369185986e-20
1.475166746e-19
4.54349952e-20
1.468798229e-19
3.783959949e-20
1.463184075e-19
3.077843928e-20
1.458506586e-19
2.414141657e-20
1.454895969e-19
1.783088623e-20
1.452441988e-19
1.175815408e-20
1.451201099e-19
5.840722368e-21
1.451189123e-19
-9.788703903e-33
1.361870351e-19
2.936293502e-21
1.13749293e-19
4.507169868e-20
9.247504571e-20
6.584363332e-20
7.178088811e-20
6.907728283e-20
5.147425148e-20
6.645686447e-20
3.149199157e-20
6.29899133e-20
1.178940905e-20
6.009679882e-20
5.83012239e-20
5.186476677e-09
-3.386217156e-10
4.531351736e-09
7.236769052e-10
3.860497239e-09
2.605770915e-09
3.593573178e-09
5.045279174e-09
2.514638531e-09
2.209980506e-09
-2.599946669e-09
2.314259264e-08
-1.084408461e-08
3.417957961e-08
-4.139553153e-09
2.225074946e-08
-1.289866786e-17
1.612930549e-08
-2.31170185e-19
3.778772186e-19
-9.315296495e-20
2.949656528e-19
-8.630802077e-21
2.542413396e-19
4.686161246e-20
2.272448783e-19
8.245836803e-20
2.034244849e-19
1.047444202e-19
1.808336177e-19
1.185399888e-19
1.597800501e-19
1.270678652e-19
1.406596412e-19
1.323522102e-19
1.235720873e-19
1.356257735e-19
1.083997041e-19
1.376340079e-19
9.492754616e-20
1.388323104e-19
8.291910055e-20
1.39505233e-19
7.215167788e-20
1.398360488e-19
6.242847002e-20
1.399467833e-19
5.357964963e-20
1.399212789e-19
4.545926787e-20
1.398186627e-19
3.794108747e-20
1.396813848e-19
3.091459185e-20
1.395401283e-19
2.4281541e-20
1.394168648e-19
1.795309543e-20
1.39326767e-19
1.184741541e-20
1.392793875e-19
5.887620051e-21
1.392806715e-19
-1.181746462e-32
1.303281079e-19
2.380095485e-21
1.086876553e-19
4.916637701e-20
8.834331964e-20
7.040037757e-20
6.852035279e-20
7.342320222e-20
4.901980904e-20
7.050986329e-20
2.982761871e-20
6.673759194e-20
1.093851229e-20
6.354335589e-20
6.151883756e-20
6.769062025e-09
1.199419989e-11
5.934446692e-09
1.558247153e-09
5.385372728e-09
3.154810707e-09
6.052380863e-09
4.378290982e-09
4.748606006e-09
3.513735359e-09
6.364134004e-09
2.152707331e-08
2.083815316e-09
3.845994507e-08
1.007627913e-09
2.332699803e-08
-2.116666913e-17
1.713693863e-08
-3.102451766e-19
5.063476127e-20
-1.338772818e-19
1.185970442e-19
-3.562726341e-20
1.559903192e-19
2.304121911e-20
1.685754894e-19
5.986750075e-20
1.665974841e-19
8.369085262e-20
1.570099631e-19
9.941957991e-20
1.440511756e-19
1.099803112e-19
1.300985854e-19
1.171798271e-19
1.163716538e-19
1.221536155e-19
1.034242829e-19
1.256255623e-19
9.145350112e-20
1.280648878e-19
8.047759164e-20
1.297820252e-19
7.043255556e-20
1.309872284e-19
6.122158716e-20
1.318264015e-19
5.27390587e-20
1.324030985e-19
4.488129359e-20
1.327921671e-19
3.755076161e-20
1.33048334e-19
3.065713111e-20
1.332116827e-19
2.411689621e-20
1.333111848e-19
1.785241011e-20
1.333669717e-19
1.179071114e-20
1.333917674e-19
5.862309904e-21
1.333894912e-19
-1.693780403e-32
1.24444187e-19
1.817795596e-21
1.035916955e-19
5.247230198e-20
8.416251257e-20
7.404119416e-20
6.517207141e-20
7.69358407e-20
4.643974838e-20
7.379383248e-20
2.80312591e-20
6.970072557e-20
9.999538206e-21
6.613166504e-20
6.379704946e-20
7.620414935e-09
-1.897165316e-10
7.113157075e-09
2.065470296e-09
5.991480325e-09
4.27648427e-09
5.442428076e-09
4.927376757e-09
3.093609149e-09
5.862571114e-09
5.556773851e-10
2.406503455e-08
-2.177163753e-09
4.11927766e-08
-1.915940637e-09
2.306578729e-08
-1.073800014e-17
1.522100368e-08
-2.384269025e-19
-2.840164901e-19
-9.648401188e-20
-2.334639594e-20
-2.304209322e-20
8.254769389e-20
2.106321383e-20
1.24469699e-19
5.027997971e-20
1.373802161e-19
7.073206519e-20
1.365574232e-19
8.546698966e-20
1.293158133e-19
9.625337967e-20
1.19311362e-19
1.042324562e-19
1.083910807e-19
1.101828337e-19
9.747186256e-20
1.146496528e-19
8.698443634e-20
1.180198517e-19
7.710526216e-20
1.205710568e-19
6.787949326e-20
1.225046999e-19
5.928635845e-20
1.239686364e-19
5.12737089e-20
1.250725665e-19
4.377599852e-20
1.258985366e-19
3.672338671e-20
1.265080991e-19
3.004611104e-20
1.269471966e-19
2.367635946e-20
1.272494858e-19
1.754883548e-20
1.274385704e-19
1.160065211e-20
1.275294575e-19
5.770890727e-21
1.275280894e-19
-1.80911466e-32
1.185797057e-19
1.256098317e-21
9.851772014e-20
5.498701468e-20
7.995882816e-20
7.681103361e-20
6.172209549e-20
7.969405446e-20
4.368116079e-20
7.638566106e-20
2.603382831e-20
7.190191087e-20
8.923338988e-21
6.77979223e-20
6.499865881e-20
9.450735452e-09
-9.529517465e-10
8.835428224e-09
2.680757954e-09
6.924633301e-09
6.187298959e-09
5.155235278e-09
6.696821684e-09
-6.70681983e-10
1.168848984e-08
-1.025009496e-08
3.364444833e-08
-9.732193353e-09
4.067489077e-08
-5.364811312e-09
1.86984071e-08
-4.204872039e-18
9.856192023e-09
2.596523058e-20
-1.3277906e-19
9.4098497e-21
-6.791261473e-21
1.887991191e-20
7.307706391e-20
3.397373091e-20
1.093756152e-19
4.945718679e-20
1.218964684e-19
6.349045529e-20
1.225233809e-19
7.546253835e-20
1.173427652e-19
8.533309846e-20
1.094394393e-19
9.331323806e-20
1.004090427e-19
9.969540748e-20
9.108746368e-20
1.047704786e-19
8.19071317e-20
1.087940828e-19
7.307964098e-20
1.119779219e-19
6.469390572e-20
1.144920504e-19
5.677068121e-20
1.164709261e-19
4.929336686e-20
1.180199547e-19
4.22254822e-20
1.19221261e-19
3.552052213e-20
1.201383475e-19
2.912742125e-20
1.208196726e-19
2.299348362e-20
1.213013024e-19
1.706585221e-20
1.216088091e-19
1.129214178e-20
1.217585668e-19
5.620598779e-21
1.217560231e-19
-2.109712942e-32
1.127982609e-19
7.069581522e-22
9.351358825e-20
5.672374147e-20
7.574266384e-20
7.879231123e-20
5.81290501e-20
8.182846895e-20
4.06560265e-20
7.84088478e-20
2.373255933e-20
7.337847195e-20
7.639423962e-21
6.844604476e-20
6.491598248e-20
1.170862726e-08
-2.788076353e-09
1.085867054e-08
3.530709466e-09
7.720307291e-09
9.325672533e-09
3.858336067e-09
1.05588122e-08
-3.591432991e-09
1.913827683e-08
-9.022945875e-09
3.907595483e-08
-4.331428651e-09
3.598341478e-08
-4.287331492e-09
1.865431513e-08
7.221169262e-19
5.568860552e-09
1.544680464e-19
-1.607072826e-19
8.927811828e-20
5.839848058e-20
5.517846319e-20
1.071760233e-19
4.649458417e-20
1.180588987e-19
5.008409925e-20
1.183060948e-19
5.830983957e-20
1.142964449e-19
6.755921241e-20
1.080919291e-19
7.630270189e-20
1.00694125e-19
8.399165905e-20
9.271792598e-20
9.05150755e-20
8.456178021e-20
9.594298791e-20
7.647708229e-20
1.004083475e-19
6.861238111e-20
1.040546974e-19
6.10458655e-20
1.07014736e-19
5.380906503e-20
1.094030414e-19
4.690349181e-20
1.113149946e-19
4.03118979e-20
1.128281601e-19
3.400565371e-20
1.140044099e-19
2.794945242e-20
1.148920412e-19
2.210422926e-20
1.15527592e-19
1.642891759e-20
1.159372661e-19
1.088146303e-20
1.16137968e-19
5.419375099e-21
1.161378124e-19
-2.464523097e-32
1.071900073e-19
1.454542314e-22
8.861500046e-20
5.77501925e-20
7.150435352e-20
8.011269358e-20
5.431467093e-20
8.353831826e-20
3.722850621e-20
8.004449472e-20
2.097893032e-20
7.418043327e-20
6.04840412e-21
6.793083172e-20
6.324195598e-20
1.59031725e-08
-6.993300571e-09
1.426087248e-08
5.173033117e-09
7.414235235e-09
1.617234999e-08
-1.838565717e-09
1.981161185e-08
-1.118424324e-08
2.848397341e-08
-1.389486443e-08
4.178657602e-08
-4.902636338e-09
2.69912284e-08
-3.066349797e-09
1.681804545e-08
1.683137639e-17
2.50251075e-09
3.750306317e-19
6.741581556e-19
1.380558329e-19
2.953732012e-19
6.606133859e-20
1.791705719e-19
4.674178029e-20
1.373781005e-19
4.607444937e-20
1.18972103e-19
5.210532373e-20
1.082639978e-19
6.016140836e-20
1.000340254e-19
6.832650286e-20
9.252691129e-20
7.583551327e-20
8.520663541e-20
8.243037759e-20
7.796468903e-20
8.807828673e-20
7.082713527e-20
9.284183193e-20
6.384699893e-20
9.681789697e-20
5.706809346e-20
1.001091628e-19
5.051612808e-20
1.028114475e-19
4.41994976e-20
1.050087504e-19
3.811281624e-20
1.067719588e-19
3.224061988e-20
1.081591867e-19
2.656042747e-20
1.092167296e-19
2.104503303e-20
1.099801374e-19
1.566413231e-20
1.104751781e-19
1.038544244e-20
1.107185929e-19
5.175463082e-21
1.10718125e-19
-2.567287025e-32
1.01725986e-19
-3.731624715e-22
8.382231087e-20
5.810482618e-20
6.717743167e-20
8.096677948e-20
5.012860149e-20
8.510674453e-20
3.317873947e-20
8.15432139e-20
1.754584226e-20
7.436506566e-20
4.002302836e-21
6.602797073e-20
5.952154021e-20
1.903519075e-08
-1.732414765e-08
2.0812787e-08
3.395443535e-09
1.176366387e-08
2.522149051e-08
-1.572394128e-09
3.314768108e-08
-1.21338525e-08
3.904547407e-08
-1.752305686e-08
4.71757947e-08
-8.552348675e-09
1.802050624e-08
-2.502510701e-09
1.076820767e-08
-2.151806912e-19
-1.817627998e-19
-3.068767461e-21
4.620462293e-19
2.185331277e-20
2.704506703e-19
2.426886719e-20
1.767549754e-19
2.83357828e-20
1.333102715e-19
3.536634413e-20
1.119399431e-19
4.387535131e-20
9.975324269e-20
5.265429428e-20
9.125310228e-20
6.100622697e-20
8.417276123e-20
6.859356689e-20
7.761702368e-20
7.529282383e-20
7.126327671e-20
8.109815039e-20
6.501982468e-20
8.606292645e-20
5.88803691e-20
9.026593158e-20
5.286328737e-20
9.379253231e-20
4.698771106e-20
9.672476613e-20
4.126539589e-20
9.913655404e-20
3.569911303e-20
1.010917664e-19
3.028349088e-20
1.026437923e-19
2.500656683e-20
1.038358288e-19
1.985135211e-20
1.047014476e-19
1.47971743e-20
1.052651988e-19
9.820756484e-21
1.055431298e-19
4.897067443e-21
1.055449374e-19
-2.595877555e-32
9.653277187e-20
-8.74402061e-22
7.914309458e-20
5.794496055e-20
6.265520136e-20
8.166338635e-20
4.531919384e-20
8.696182151e-20
2.815065091e-20
8.326003381e-20
1.307690963e-20
7.398994333e-20
1.274800019e-21
6.238308081e-20
5.307336443e-20
1.045660387e-08
-3.196988576e-08
2.170081417e-08
-7.848754593e-09
1.758723141e-08
2.933505086e-08
8.387947645e-09
4.234695956e-08
4.318455238e-09
4.311499182e-08
3.185568177e-09
4.830872331e-08
5.877059552e-09
1.532907497e-08
3.970167714e-17
1.664526553e-08
-4.850858891e-19
1.677450335e-20
-1.947178994e-19
1.716786013e-19
-7.184238211e-20
1.475748396e-19
-1.917583675e-20
1.24087745e-19
6.965454411e-21
1.07167544e-19
2.317964375e-20
9.572407794e-20
3.53752109e-20
8.755583166e-20
4.557395323e-20
8.105226923e-20
5.445048942e-20
7.529397611e-20
6.223981992e-20
6.982545963e-20
6.904937181e-20
6.445160627e-20
7.49586948e-20
5.910849355e-20
8.004584473e-20
5.379126448e-20
8.439035527e-20
4.851681888e-20
8.807021714e-20
4.33058569e-20
9.115848327e-20
3.817510352e-20
9.37209319e-20
3.313463516e-20
9.581484231e-20
2.81876072e-20
9.748857755e-20
2.3330996e-20
9.878165102e-20
1.855667523e-20
9.972502975e-20
1.385251738e-20
1.003415097e-19
9.203399739e-21
1.006460624e-19
4.592086427e-21
1.006430651e-19
-2.969613917e-32
9.160190043e-20
-1.341436267e-21
7.450676339e-20
5.749010839e-20
5.768875497e-20
8.268964792e-20
3.944759879e-20
8.972155976e-20
2.158235811e-20
8.567302e-20
7.036002324e-21
7.308688622e-20
-2.463775578e-21
5.643531663e-20
4.28863723e-20
-1.305737077e-08
-3.958083589e-08
2.655904453e-09
-2.35620214e-08
1.374204474e-08
1.824890859e-08
2.154207924e-08
3.454693948e-08
4.53378484e-08
1.931916341e-08
1.198209655e-07
-2.617456427e-08
1.454752051e-07
-1.032519418e-08
6.399103443e-17
1.621205365e-07
-4.935257601e-19
5.657341426e-19
-2.188216896e-19
-1.030250882e-19
-9.532947667e-20
2.408254704e-20
-3.609603778e-20
6.485305353e-20
-4.478011648e-21
7.554791935e-20
1.501139748e-20
7.623304036e-20
2.887164846e-20
7.369369761e-20
3.981566011e-20
7.010610451e-20
4.898197294e-20
6.612540414e-20
5.686596656e-20
6.193924093e-20
6.370625909e-20
5.760915879e-20
6.964146573e-20
5.31711687e-20
7.477139913e-20
4.865920566e-20
7.917939329e-20
4.410667037e-20
8.293946376e-20
3.954360958e-20
8.61180149e-20
3.499438259e-20
8.877390394e-20
3.047663101e-20
9.09582311e-20
2.600128194e-20
9.271425678e-20
2.157316214e-20
9.407749317e-20
1.719189698e-20
9.507591211e-20
1.285289316e-20
9.573019641e-20
8.548300879e-21
9.605397597e-20
4.267913575e-21
9.605055837e-20
-3.175666562e-32
8.695917103e-20
-1.758689228e-21
6.976442719e-20
5.713445455e-20
5.186384673e-20
8.479805556e-20
3.185498601e-20
9.424855169e-20
1.269095469e-20
8.938434249e-20
-1.286447451e-21
7.161440222e-20
-7.63388841e-21
4.733474106e-20
2.752904853e-20
-3.487674563e-08
-3.775469318e-08
-2.66199335e-08
-3.181885023e-08
-1.421143839e-08
5.840422971e-09
-1.539757412e-08
3.573314119e-08
-3.284122534e-08
3.676286832e-08
-6.2507404e-08
3.491566239e-09
-9.824706301e-08
2.541427708e-08
-1.629908476e-15
6.387348816e-08
-1.352530483e-19
1.663812131e-19
-9.177360923e-20
-1.465046183e-19
-5.455897018e-20
-1.313272079e-20
-2.540117197e-20
3.56939261e-20
-3.792890636e-21
5.393820944e-20
1.247205473e-20
5.996648472e-20
2.528405536e-20
6.087973345e-20
3.583495974e-20
5.955298422e-20
4.479580973e-20
5.716226304e-20
5.253588442e-20
5.419688609e-20
5.9268269e-20
5.087449986e-20
6.512950269e-20
4.730763443e-20
7.021886383e-20
4.356750416e-20
7.46163325e-20
3.970683719e-20
7.839023677e-20
3.576735366e-20
8.160026333e-20
3.178206582e-20
8.429855487e-20
2.77761654e-20
8.65301113e-20
2.376772604e-20
8.833299162e-20
1.976851689e-20
8.973848936e-20
1.578492611e-20
9.077131983e-20
1.181893029e-20
9.144980911e-20
7.869054866e-21
9.17860624e-20
3.931296556e-21
9.178726949e-20
-3.385463091e-32
8.266324155e-20
-2.147251007e-21
6.466761234e-20
5.757931388e-20
4.458359977e-20
8.908955394e-20
2.168785296e-20
1.016620207e-19
5.549745782e-22
9.50641228e-20
-1.266383247e-20
6.938292746e-20
-1.466910396e-20
3.389159213e-20
5.136325817e-21
-4.171923623e-08
-2.465046577e-08
-4.563598587e-08
-2.790211483e-08
-3.574751774e-08
-4.048098779e-09
-2.619427666e-08
2.617980869e-08
-2.526453396e-08
3.583326263e-08
-4.885480141e-08
2.708201253e-08
-4.519110254e-08
2.175060862e-08
-5.870961924e-17
1.868232647e-08
2.799514766e-19
-2.294895949e-19
4.165699317e-20
9.178932441e-20
-5.732323288e-21
3.425565227e-20
-7.156888631e-21
3.711730012e-20
2.235384643e-21
4.454458567e-20
1.338530346e-20
4.881484843e-20
2.395730613e-20
5.030564286e-20
3.344423856e-20
5.00637591e-20
4.183043278e-20
4.877370384e-20
4.921349819e-20
4.681141584e-20
5.570140357e-20
4.438413236e-20
6.138937243e-20
4.161713783e-20
6.635819686e-20
3.859610903e-20
7.067684897e-20
3.53856184e-20
7.440494893e-20
3.203674823e-20
7.75943629e-20
2.85902653e-20
8.029011552e-20
2.507819951e-20
8.253090214e-20
2.152494983e-20
8.434940085e-20
1.794829812e-20
8.577249354e-20
1.436042255e-20
8.682144441e-20
1.076890862e-20
8.75120508e-20
7.17773765e-21
8.785476584e-20
3.588238453e-21
8.78531985e-20
-3.820792099e-32
7.863508591e-20
-2.439504735e-21
5.885421921e-20
5.980905093e-20
3.509792405e-20
9.70530046e-20
8.021543791e-21
1.132557715e-19
-1.567895368e-20
1.033111892e-19
-2.770913284e-20
6.596249812e-20
-2.387109067e-20
1.460479583e-20
-2.645851877e-20
-2.505661453e-08
-8.033002781e-09
-4.38639223e-08
-9.094753479e-09
-4.637380476e-08
-1.538184892e-09
-3.637376115e-08
1.61797255e-08
-2.852776865e-08
2.798723236e-08
-2.528663911e-08
2.384095298e-08
-1.675393163e-08
1.321789218e-08
-1.606478944e-17
1.928368145e-09
-1.413865415e-19
2.38325213e-19
-1.587574002e-20
-3.372205319e-20
-2.870675442e-21
2.12496723e-20
2.703969227e-22
3.397515785e-20
6.5056474e-21
3.830789498e-20
1.48760979e-20
4.044250674e-20
2.371542237e-20
4.146410325e-20
3.215418331e-20
4.162261295e-20
3.986814478e-20
4.105725569e-20
4.67862147e-20
3.989075934e-20
5.293440904e-20
3.823324773e-20
5.836834363e-20
3.6180435e-20
6.314770624e-20
3.381395493e-20
6.73279788e-20
3.120259905e-20
7.095846601e-20
2.840362596e-20
7.40822971e-20
2.546396999e-20
7.673686584e-20
2.24213871e-20
7.895425044e-20
1.930558315e-20
8.076152527e-20
1.613933597e-20
8.218097961e-20
1.293960106e-20
8.323027343e-20
9.718585282e-21
8.39225516e-20
6.484777001e-21
8.426652739e-20
3.243929243e-21
8.426654336e-20
-4.016966129e-32
7.497173384e-20
-2.656188127e-21
5.196342386e-20
6.526594824e-20
2.270088195e-20
1.105223933e-19
-9.884132172e-21
1.303578904e-19
-3.649792975e-20
1.144713087e-19
-4.659331287e-20
6.060703753e-20
-3.523781921e-20
-1.219969385e-20
-6.942015972e-20
-5.821515879e-09
-2.367058841e-09
-1.803717148e-08
3.120933866e-09
-2.849702595e-08
8.9217116e-09
-2.729784546e-08
1.498067376e-08
-1.838165127e-08
1.907098774e-08
-9.387931775e-09
1.484717889e-08
-1.928365065e-09
5.758311022e-09
3.938456728e-20
-9.745230857e-21
1.304311806e-19
1.472785789e-19
3.909587003e-20
5.761270528e-20
9.854810112e-21
5.048991367e-20
4.603134047e-21
3.922567502e-20
8.640259164e-21
3.426913014e-20
1.589769441e-20
3.318301709e-20
2.387393207e-20
3.348554346e-20
3.158882605e-20
3.390522265e-20
3.870164842e-20
3.39417843e-20
4.51287031e-20
3.346090424e-20
5.08815963e-20
3.24774281e-20
5.600186356e-20
3.105717338e-20
6.053635035e-20
2.92764824e-20
6.452900571e-20
2.72070445e-20
6.801881003e-20
2.491107778e-20
7.103971422e-20
2.244053335e-20
7.362106189e-20
1.983776204e-20
7.578800325e-20
1.713665235e-20
7.756179036e-20
1.436387096e-20
7.895996383e-20
1.15400769e-20
7.999646515e-20
8.681069423e-21
8.068170385e-20
5.798863455e-21
8.102259815e-20
2.902699396e-21
8.102068664e-20
-3.691214961e-32
7.162288176e-20
-2.768750656e-21
4.365368443e-20
7.56835001e-20
6.84262417e-21
1.315400932e-19
-3.239622654e-20
1.54113665e-19
-6.181606838e-20
1.28437291e-19
-6.8866278e-20
5.22062482e-20
-4.835691562e-20
-4.815819996e-20
-1.255009008e-19
-8.914244238e-09
-7.590622249e-10
-8.799490884e-09
3.006154969e-09
-9.193222314e-09
9.315399451e-09
-8.685116913e-09
1.447263971e-08
-4.341702146e-09
1.472759363e-08
-1.290832691e-09
1.179626036e-08
-2.235305296e-12
4.469722372e-09
2.732631948e-19
-2.224619333e-12
2.235532392e-19
1.969882702e-19
3.197307833e-20
2.491924623e-19
-1.409428535e-21
8.387157214e-20
-3.5341083e-22
3.816831155e-20
7.554146112e-21
2.635976098e-20
1.620022078e-20
2.453478011e-20
2.429361125e-20
2.538973947e-20
3.162538771e-20
2.657081857e-20
3.822076836e-20
2.734356964e-20
4.414522697e-20
2.753342879e-20
4.946134158e-20
2.71581707e-20
5.422117259e-20
2.629415432e-20
5.846691245e-20
2.502759586e-20
6.2233039e-20
2.343789184e-20
6.55482656e-20
2.159301151e-20
6.843694291e-20
1.95492544e-20
7.09199522e-20
1.735242776e-20
7.301522187e-20
1.503936174e-20
7.47379963e-20
1.263939772e-20
7.610095635e-20
1.017575081e-20
7.711425918e-20
7.666738522e-21
7.778553979e-20
5.126894464e-21
7.811989875e-20
2.567991717e-21
7.811893705e-20
-4.236422384e-32
6.860286766e-20
-2.767346388e-21
3.363552304e-20
9.30989665e-20
-1.285669105e-20
1.622387745e-19
-5.958996681e-20
1.853637382e-19
-9.113486907e-20
1.445281694e-19
-9.362407027e-20
3.924431931e-20
-6.250199842e-20
-9.472950627e-20
-1.957267082e-19
-3.537567307e-09
4.858668072e-10
-4.499845239e-09
3.968375438e-09
-3.155342736e-09
7.970891288e-09
-5.631224191e-10
1.188043788e-08
1.257458264e-09
1.290701853e-08
9.314610831e-10
1.212226429e-08
2.065526385e-12
5.399150915e-09
-1.076051763e-18
-1.5659739e-13
-3.985363201e-19
-2.181511005e-19
-1.333478118e-19
-1.599648747e-20
-4.711268913e-20
-2.364543531e-21
-1.21619614e-20
3.2160828e-21
5.729165242e-21
8.466726777e-21
1.705518014e-20
1.320653483e-20
2.547469035e-20
1.696771964e-20
3.239813878e-20
1.964459542e-20
3.841062751e-20
2.132806283e-20
4.376996888e-20
2.217087814e-20
4.85973252e-20
2.232749341e-20
5.295461412e-20
2.193352343e-20
5.687720843e-20
2.110172565e-20
6.038815868e-20
1.992380717e-20
6.350450849e-20
1.847373027e-20
6.624011627e-20
1.681096625e-20
6.860688618e-20
1.498326449e-20
7.061525784e-20
1.302890909e-20
7.227434939e-20
1.097855417e-20
7.359194407e-20
8.856743118e-21
7.457441513e-20
6.683198943e-21
7.522663704e-20
4.473951628e-21
7.555190703e-20
2.242350758e-21
7.554971407e-20
-4.244803686e-32
6.590381575e-20
-2.63189945e-21
2.149103345e-20
1.19959681e-19
-3.707585779e-20
2.05011932e-19
-9.195042668e-20
2.247550104e-19
-1.243451461e-19
1.614687592e-19
-1.202142121e-19
1.966216231e-20
-7.703636892e-20
-1.533566282e-19
-2.80486878e-19
-1.851413547e-09
8.391179984e-10
-2.024242005e-09
4.141157564e-09
-1.693518023e-09
7.640189516e-09
-2.421240822e-10
1.042908256e-08
3.216200556e-10
1.234328504e-08
6.952419079e-11
1.237438195e-08
1.552725088e-13
5.468522894e-09
-2.783230505e-19
-1.201915682e-21
-3.096200737e-19
-1.868540775e-19
-1.19715866e-19
-2.059012956e-19
-4.15320628e-20
-8.054946174e-20
-6.911317421e-21
-3.140623331e-20
1.04689733e-20
-8.915515242e-21
2.081636495e-20
2.856851342e-21
2.815156613e-20
9.629903622e-21
3.408160619e-20
1.371163814e-20
3.925344281e-20
1.6153052e-20
4.392658415e-20
1.749437881e-20
4.820335522e-20
1.80472696e-20
5.212281634e-20
1.801060504e-20
5.569928995e-20
1.752187222e-20
5.893808177e-20
1.668178331e-20
6.184174447e-20
1.556704158e-20
6.441241452e-20
1.423752301e-20
6.665253077e-20
1.274066403e-20
6.856490292e-20
1.111436838e-20
7.015253834e-20
9.389084592e-21
7.14183999e-20
7.58939461e-21
7.236516781e-20
5.735300152e-21
7.299503617e-20
3.843315208e-21
7.330955627e-20
1.927431303e-21
7.330805461e-20
-3.924726227e-32
6.350401025e-20
-2.340471719e-21
6.349204324e-21
1.595622812e-19
-6.749796307e-20
2.630652718e-19
-1.312552253e-19
2.730288988e-19
-1.625935277e-19
1.773529225e-19
-1.489359189e-19
-9.446676497e-21
-9.179491712e-20
-2.259468917e-19
-3.800055818e-19
8.004069362e-10
1.211763311e-09
1.060134973e-10
4.835555776e-09
-8.647181234e-10
8.610926028e-09
-1.390233334e-09
1.095462612e-08
-2.545835358e-09
1.349888395e-08
-1.170648555e-09
1.099919649e-08
-1.212638099e-14
4.297888726e-09
1.800850394e-19
7.891626267e-20
6.175501171e-20
-6.852433844e-20
5.635967387e-21
-1.49782905e-19
7.611165631e-21
-8.252579835e-20
1.557940065e-20
-3.937604774e-20
2.224133988e-20
-1.557943518e-20
2.758941723e-20
-2.493585064e-21
3.223330065e-20
4.983304514e-21
3.652302005e-20
9.418886287e-21
4.059476962e-20
1.207801713e-20
4.447947494e-20
1.360621683e-20
4.816669066e-20
1.435651305e-20
5.163408353e-20
1.453967078e-20
5.485920104e-20
1.429328839e-20
5.782334004e-20
1.371431947e-20
6.05122259e-20
1.287502957e-20
6.291555555e-20
1.183131393e-20
6.502623512e-20
1.062739076e-20
6.683961913e-20
9.298707021e-21
6.835284836e-20
7.873917936e-21
6.956430544e-20
6.376358025e-21
7.047318287e-20
4.825215273e-21
7.107915226e-20
3.236521995e-21
7.138212497e-20
1.624028273e-21
7.138237814e-20
-4.048186867e-32
6.139217645e-20
-1.864817946e-21
-1.286150587e-20
2.162636012e-19
-1.059549808e-19
3.403649433e-19
-1.790524799e-19
3.306429495e-19
-2.064258485e-19
1.892721616e-19
-1.794286806e-19
-5.189504425e-20
-1.061336802e-19
-3.146911103e-19
-4.938630221e-19
2.42857523e-09
1.882923157e-09
8.835680312e-10
6.380578032e-09
-9.057171651e-10
1.040020351e-08
-2.257781675e-09
1.230669091e-08
-9.281120382e-10
1.216920738e-08
1.638810778e-09
8.432286484e-09
-1.85892819e-10
6.122623514e-09
-1.847848403e-19
-1.858715364e-10
8.57097046e-20
-3.390192132e-19
7.289307406e-20
-1.369667943e-19
5.076091624e-20
-6.039475002e-20
3.937601321e-20
-2.799273369e-20
3.532719e-20
-1.153263646e-20
3.50663068e-20
-2.235129643e-21
3.666888242e-20
3.37793547e-21
3.91821509e-20
6.902512715e-21
4.212296932e-20
9.133851761e-21
4.522977116e-20
1.04959045e-20
4.834984838e-20
1.123284096e-20
5.138770114e-20
1.149821449e-20
5.428023212e-20
1.139721575e-20
5.698405014e-20
1.100708653e-20
5.946851025e-20
1.038733971e-20
6.171163238e-20
9.585198459e-21
6.369755138e-20
8.638758525e-21
6.541483005e-20
7.579031561e-21
6.685528845e-20
6.431409006e-21
6.801316269e-20
5.216803969e-21
6.888448959e-20
3.952599438e-21
6.946665854e-20
2.653471701e-21
6.97580967e-20
1.332129972e-21
6.975779542e-20
-3.090814897e-32
5.937745685e-20
-9.965723288e-22
-3.468985608e-20
2.927784194e-19
-1.478121281e-19
4.376933212e-19
-2.274024933e-19
3.947498182e-19
-2.462226846e-19
1.926382563e-19
-2.030946707e-19
-1.104742108e-19
-1.148777873e-19
-4.183571642e-19
-6.164645335e-19
7.398008202e-10
3.792397767e-09
-2.133533629e-09
9.253909129e-09
-4.141041246e-09
1.240770078e-08
-4.611816225e-09
1.2777469e-08
-1.376631857e-09
8.93403999e-09
1.933459513e-09
5.122236495e-09
6.2070222e-11
7.994064337e-09
6.504109783e-19
-1.237879662e-10
3.244335769e-19
1.696697509e-19
1.494651186e-19
3.800108433e-20
8.316293258e-20
5.906295894e-21
5.583611044e-20
-6.675426039e-22
4.462469681e-20
-3.232965033e-22
4.067937192e-20
1.707718329e-21
4.019345967e-20
3.861014279e-21
4.141348994e-20
5.679349589e-21
4.348502206e-20
7.058952717e-21
4.596670762e-20
8.010687312e-21
4.861522191e-20
8.580700533e-21
5.12867024e-20
8.823082835e-21
5.38901029e-20
8.790207089e-21
5.636430333e-20
8.529386278e-21
5.8666369e-20
8.081943782e-21
6.076519245e-20
7.483269898e-21
6.263782442e-20
6.763295763e-21
6.426720749e-20
5.947134636e-21
6.564068341e-20
5.055772683e-21
6.674895815e-20
4.106753248e-21
6.758536185e-20
3.114830218e-21
6.814531681e-20
2.092583016e-21
6.842596673e-20
1.050994773e-21
6.842603463e-20
-2.650817627e-32
5.749752917e-20
4.213159239e-22
-4.816939211e-20
3.808928654e-19
-1.668889357e-19
5.406189059e-19
-2.396201644e-19
4.519975687e-19
-2.43936157e-19
1.815002292e-19
-1.896855057e-19
-1.801759467e-19
-1.017604567e-19
-5.217313354e-19
-7.259486852e-19
-7.457101488e-09
5.665467427e-09
-9.23872476e-09
1.103553067e-08
-9.989183232e-09
1.31581636e-08
-1.04641434e-08
1.325244966e-08
-1.04059493e-08
8.875882477e-09
-7.864790572e-09
2.581130471e-09
1.237879678e-10
5.513553627e-12
3.020948263e-19
1.592287698e-19
1.927284205e-19
2.790361566e-19
1.173703318e-19
1.133584816e-19
7.658909408e-20
4.668631617e-20
5.618035654e-20
1.973951196e-20
4.665571165e-20
9.199238913e-21
4.283266787e-20
5.52826582e-21
4.201179498e-20
4.67904963e-21
4.279309307e-20
4.894924153e-21
4.443675666e-20
5.41192832e-21
4.653672084e-20
5.90718901e-21
4.885760421e-20
6.25617313e-21
5.125382666e-20
6.423172495e-21
5.362928209e-20
6.411087474e-21
5.591686083e-20
6.238234164e-21
5.806769511e-20
5.92769142e-21
6.004521831e-20
5.502543903e-21
6.182166329e-20
4.98391774e-21
6.337584554e-20
4.390337592e-21
6.469166397e-20
3.737700258e-21
6.575703512e-20
3.039525619e-21
6.656311465e-20
2.307322615e-21
6.710372857e-20
1.550994354e-21
6.737497195e-20
7.792486169e-22
6.737551525e-20
-2.778383945e-32
5.607829865e-20
2.204940078e-21
-2.664567973e-20
4.460643467e-19
-1.050457513e-19
6.032249768e-19
-1.392543745e-19
4.70722742e-19
-1.246440081e-19
1.514359357e-19
-8.249939269e-20
-2.377715641e-19
-3.7885722e-20
-5.817940713e-19
-7.715580874e-19
-1.559814899e-08
5.259451158e-09
-1.392378695e-08
9.361177346e-09
-1.08433993e-08
1.007778874e-08
-6.346075863e-09
8.755150179e-09
-1.704921919e-09
4.234763839e-09
5.472039804e-10
3.290379461e-10
-9.518610005e-20
5.52725481e-10
-1.141707339e-19
1.782134048e-19
2.70522407e-20
1.378128958e-19
5.069816622e-20
8.97117489e-20
4.964228987e-20
4.774091412e-20
4.564008349e-20
2.374000255e-20
4.298473855e-20
1.185246352e-20
4.198345168e-20
6.527063381e-21
4.22276695e-20
4.432012581e-21
4.331009724e-20
3.809390539e-21
4.493201735e-20
3.786663917e-21
4.688570496e-20
3.949972597e-21
4.902460357e-20
4.113621007e-21
5.124174164e-20
4.202321145e-21
5.345642878e-20
4.192695499e-21
5.560631809e-20
4.084717465e-21
5.764254759e-20
3.887979242e-21
5.952659215e-20
3.615224989e-21
6.122808314e-20
3.279419405e-21
6.272320821e-20
2.892525334e-21
6.399348934e-20
2.465099273e-21
6.502483212e-20
2.006271231e-21
6.580678639e-20
1.523899246e-21
6.633198283e-20
1.02479842e-21
6.659572334e-20
5.149976602e-22
6.659631112e-20
-1.612621071e-32
5.605448929e-20
3.233447736e-21
5.921612293e-20
4.253502563e-19
9.686232448e-20
5.497848305e-19
1.457985061e-19
4.063030881e-19
1.778529084e-19
1.039275739e-19
1.659026294e-19
-2.412722935e-19
9.927867564e-20
-5.306191599e-19
-6.800030918e-19
-1.814451023e-08
2.719310012e-09
-1.360769022e-08
4.824366797e-09
-8.500910242e-09
4.971017758e-09
-3.608655062e-09
3.862911992e-09
-5.087675684e-10
1.134901543e-09
-7.212152721e-12
-1.724971515e-10
-1.953842793e-18
5.45519576e-10
-3.968046482e-20
-2.856911108e-20
-2.104890585e-20
1.191809394e-19
8.727330192e-21
5.993464645e-20
2.56413783e-20
3.082555705e-20
3.375254447e-20
1.562711357e-20
3.765933841e-20
7.943559416e-21
3.988840088e-20
4.295532289e-21
4.160504746e-20
2.712571441e-21
4.328737061e-20
2.123984371e-21
4.509532603e-20
1.975381004e-21
4.704935337e-20
1.992424711e-21
4.911330371e-20
2.046015992e-21
5.123211599e-20
2.079785153e-21
5.334845074e-20
2.07263699e-21
5.540957987e-20
2.019934731e-21
5.736979334e-20
1.92425123e-21
5.919078657e-20
1.790922065e-21
6.084118907e-20
1.625973323e-21
6.229578214e-20
1.435210743e-21
6.353466129e-20
1.223870546e-21
6.454246014e-20
9.965379296e-22
6.530768556e-20
7.571902849e-22
6.582218207e-20
5.092970464e-22
6.608072568e-20
2.559468846e-22
6.607849605e-20
-2.21344265e-33
5.566522788e-20
4.134646975e-21
1.966670246e-19
2.667977048e-19
4.082328075e-19
3.224267615e-19
5.620792173e-19
2.369749441e-19
6.038883281e-19
4.666620234e-20
5.070748382e-19
-1.599081794e-19
2.808864944e-19
-3.198782389e-19
-4.068386715e-19
-1.516626033e-08
-1.034188961e-08
-5.370866254e-09
-1.507944059e-09
-3.73029345e-10
-5.455195782e-10
-1.7092718e-19
-1.99496291e-19
-8.03157543e-20
-2.03817591e-20
1.044293483e-20
2.606899031e-20
3.401131128e-20
3.830544003e-20
4.101646039e-20
4.313876725e-20
4.511236973e-20
4.710294465e-20
4.914707287e-20
5.122496783e-20
5.329574848e-20
5.531389637e-20
5.723646418e-20
5.902583782e-20
6.065042649e-20
6.208444195e-20
6.330732868e-20
6.430311249e-20
6.505979233e-20
6.556883191e-20
6.582477879e-20
6.581876134e-20
6.04462414e-20
3.19206905e-19
6.338802275e-19
8.631286085e-19
9.02070847e-19
7.344389656e-19
4.068386715e-19
)
;

boundaryField
{
    lowerWall
    {
        type            calculated;
        value           uniform 0;
    }
    atmosphere
    {
        type            calculated;
        value           nonuniform List<scalar> 
80
(
-6.656895972e-09
-1.032359769e-08
-1.132437809e-08
-1.111770093e-08
-1.066056562e-08
-1.191552884e-08
-1.13885492e-08
-1.069501424e-08
-7.336458475e-09
-5.060959043e-09
-3.426454244e-09
-4.859887094e-09
-5.958486929e-09
-1.287528966e-08
-1.252612075e-08
7.957395604e-09
3.457701304e-08
4.992045096e-08
4.719965286e-08
2.955591262e-08
8.590049088e-09
-4.399984152e-09
-9.61497839e-09
-1.058179291e-08
-8.052403418e-09
-6.82202221e-09
-6.409526557e-09
-5.367021942e-09
-4.0153069e-09
-3.004636093e-09
-2.587182652e-09
-2.739887929e-09
-3.391674822e-09
-4.793257497e-09
-7.33691045e-09
-1.102686944e-08
-1.210504703e-08
-3.550527502e-09
6.973070222e-09
4.952725164e-09
-1.690739932e-09
-2.728090314e-09
-8.961519956e-10
2.01932353e-10
1.184600378e-08
2.382000211e-09
-7.583884197e-09
-1.66870886e-08
-2.191032938e-08
-2.197312701e-08
-3.116767002e-08
-2.182675912e-08
8.019476245e-08
1.010300783e-08
-1.322090289e-08
-5.557843092e-09
-7.640760074e-09
-5.58924894e-09
-7.119710898e-09
-7.418719036e-09
-8.687489215e-09
-9.873482464e-09
-1.16979301e-08
-8.704335837e-09
4.189147129e-09
2.066831632e-08
3.305057869e-08
2.861498553e-08
8.439139729e-09
1.555446015e-10
7.30620895e-09
2.292582939e-09
1.498139199e-09
-1.173034597e-09
-3.099717986e-09
-2.649266768e-09
5.584035355e-09
1.600417107e-08
2.068465791e-08
1.788557249e-08
)
;
    }
    rightWall
    {
        type            empty;
    }
    leftWall
    {
        type            empty;
    }
    frontAndBack
    {
        type            calculated;
        value           nonuniform List<scalar> 
80
(
0
0
0
2.40741243e-35
0
0
0
0
0
0
0
0
0
0
0
0
0
0
0
0
0
0
0
0
0
0
0
0
0
0
0
0
0
0
0
0
0
0
0
0
0
0
0
0
0
2.40741243e-35
0
0
0
0
0
0
0
0
0
0
0
0
0
0
0
0
0
0
0
0
0
0
0
0
0
0
0
0
0
1.925929944e-34
0
0
0
0
)
;
    }
}


// ************************************************************************* //
