/*--------------------------------*- C++ -*----------------------------------*\
| =========                 |                                                 |
| \\      /  F ield         | OpenFOAM: The Open Source CFD Toolbox           |
|  \\    /   O peration     | Version:  2506                                  |
|   \\  /    A nd           | Website:  www.openfoam.com                      |
|    \\/     M anipulation  |                                                 |
\*---------------------------------------------------------------------------*/
FoamFile
{
    version     2.0;
    format      ascii;
    arch        "LSB;label=32;scalar=64";
    class       volVectorField;
    location    "0.007";
    object      U;
}
// * * * * * * * * * * * * * * * * * * * * * * * * * * * * * * * * * * * * * //

dimensions      [0 1 -1 0 0 0 0];

internalField   nonuniform List<vector> 
3200
(
(0 0.5114745236 -0.2136185092)
(0 1.423574267 0.03553881001)
(0 0.05266684234 -0.2827257124)
(0 -0.4224611006 -0.3690951975)
(0 -0.3673191106 0.04602522538)
(0 0.00442452308 -0.02212880694)
(0 8.090251373e-12 3.649223816e-13)
(0 1.463606458e-11 1.542602106e-12)
(0 1.117101588e-11 1.923671122e-12)
(0 7.883791832e-12 1.363549027e-12)
(0 5.646253487e-12 8.739757426e-13)
(0 4.221602234e-12 5.506582258e-13)
(0 3.32720025e-12 3.43722894e-13)
(0 2.77613728e-12 2.073153659e-13)
(0 2.454687306e-12 1.14106108e-13)
(0 2.291524499e-12 4.902520655e-14)
(0 2.238959911e-12 3.506714795e-15)
(0 2.263160014e-12 -2.773985676e-14)
(0 2.339171996e-12 -4.830595797e-14)
(0 2.448259373e-12 -6.081500424e-14)
(0 2.576308827e-12 -6.726418405e-14)
(0 2.712745723e-12 -6.919632521e-14)
(0 2.849719716e-12 -6.780022421e-14)
(0 2.981469607e-12 -6.398170964e-14)
(0 3.103824576e-12 -5.842179878e-14)
(0 3.213810264e-12 -5.162633078e-14)
(0 3.309337904e-12 -4.396728131e-14)
(0 3.388963364e-12 -3.571585385e-14)
(0 3.451706124e-12 -2.70684496e-14)
(0 3.496918168e-12 -1.816721985e-14)
(0 3.524193235e-12 -9.116932015e-15)
(0 1.766654288e-12 -5.623817624e-25)
(0 7.627609404e-12 -2.40654228e-13)
(0 1.298092071e-11 -1.192646594e-11)
(0 3.868810337e-11 -1.493306542e-11)
(0 6.061473307e-11 -1.14886438e-11)
(0 8.292012284e-11 -3.36745413e-12)
(0 7.13796183e-11 6.515053118e-12)
(0 5.607672297e-11 1.513708181e-11)
(0 1.851949345e-11 1.96499047e-11)
(0 0.815129746 -0.2876127273)
(0 0.9729178672 -0.2687138514)
(0 0.6851417086 2.061888981)
(0 0.2810894344 0.5753872566)
(0 -0.3721137663 -0.4911803092)
(0 0.001643007079 -0.3336334264)
(0 6.677332456e-12 1.097651709e-13)
(0 1.360004769e-11 2.830113509e-12)
(0 1.099195144e-11 6.712255728e-12)
(0 6.834060297e-12 4.020054013e-12)
(0 4.833362685e-12 2.45566183e-12)
(0 3.691349385e-12 1.535581366e-12)
(0 2.983857391e-12 9.606283251e-13)
(0 2.546520494e-12 5.787346402e-13)
(0 2.296397146e-12 3.14176614e-13)
(0 2.180925106e-12 1.274991074e-13)
(0 2.162194847e-12 -3.766305808e-15)
(0 2.211347342e-12 -9.391360312e-14)
(0 2.306096849e-12 -1.52987019e-13)
(0 2.429301146e-12 -1.885184914e-13)
(0 2.567927506e-12 -2.063287794e-13)
(0 2.712209683e-12 -2.109423718e-13)
(0 2.854934332e-12 -2.058496831e-13)
(0 2.990848032e-12 -1.937084678e-13)
(0 3.116179955e-12 -1.765145893e-13)
(0 3.228264782e-12 -1.557480933e-13)
(0 3.325248381e-12 -1.324944197e-13)
(0 3.405862195e-12 -1.075417606e-13)
(0 3.469254758e-12 -8.145799001e-14)
(0 3.514869685e-12 -5.465175721e-14)
(0 3.542360454e-12 -2.742208191e-14)
(0 1.77577122e-12 -1.252461991e-24)
(0 7.673435665e-12 -5.683297571e-13)
(0 1.049737299e-11 -3.112822533e-11)
(0 2.301598479e-11 -3.987058706e-11)
(0 3.512119059e-11 -3.094542783e-11)
(0 5.356677476e-11 -9.867670143e-12)
(0 4.3429423e-11 1.626807066e-11)
(0 3.639126615e-11 3.959736517e-11)
(0 1.175308852e-11 5.18322965e-11)
(0 0.9050714996 -0.1619810275)
(0 0.580016948 -0.159893748)
(0 0.8779519523 1.495560164)
(0 1.050654144 0.9711052808)
(0 0.4694485494 0.3334609869)
(0 -0.006329656061 -0.2307728266)
(0 2.612531374e-12 -1.605102756e-12)
(0 5.359232433e-12 2.442180741e-12)
(0 4.676782336e-12 1.039102849e-11)
(0 3.627175485e-12 5.548721068e-12)
(0 3.16178084e-12 3.393028753e-12)
(0 2.726568729e-12 2.175368314e-12)
(0 2.370353524e-12 1.384463972e-12)
(0 2.129685569e-12 8.328066275e-13)
(0 2.003451773e-12 4.363539221e-13)
(0 1.973581579e-12 1.505465188e-13)
(0 2.0175472e-12 -5.217399639e-14)
(0 2.113939301e-12 -1.911801195e-13)
(0 2.244567108e-12 -2.812315725e-13)
(0 2.394917612e-12 -3.3396815e-13)
(0 2.553884947e-12 -3.586156134e-13)
(0 2.71322482e-12 -3.624137767e-13)
(0 2.86695362e-12 -3.509536815e-13)
(0 3.010804701e-12 -3.284795698e-13)
(0 3.141784951e-12 -2.98162291e-13)
(0 3.257830434e-12 -2.623378876e-13)
(0 3.357544236e-12 -2.227066177e-13)
(0 3.439999793e-12 -1.804929551e-13)
(0 3.504596127e-12 -1.365715325e-13)
(0 3.550954076e-12 -9.156605772e-14)
(0 3.578844992e-12 -4.59280249e-14)
(0 1.79407637e-12 -1.886543675e-24)
(0 7.774616555e-12 -6.795708181e-13)
(0 1.031346258e-11 -3.759849671e-11)
(0 3.023232769e-12 -4.984990182e-11)
(0 7.386201869e-14 -3.970651854e-11)
(0 1.148360038e-11 -1.437668791e-11)
(0 3.0943876e-12 1.820811216e-11)
(0 7.756085067e-12 4.822423101e-11)
(0 1.727010151e-12 6.439584055e-11)
(0 0.889494833 -0.009451747135)
(0 0.6346456489 -0.09724033339)
(0 0.7623093837 0.7520825999)
(0 1.385726528 0.9446379106)
(0 0.9326530108 0.5194282625)
(0 -0.01307639485 0.01221899858)
(0 -8.963394056e-12 -5.362311639e-12)
(0 -1.674328524e-11 1.179314563e-12)
(0 -8.59033796e-12 4.172057857e-12)
(0 -1.639194141e-13 4.390795123e-12)
(0 1.460009931e-12 3.392365849e-12)
(0 1.682784604e-12 2.388400899e-12)
(0 1.641295704e-12 1.569053606e-12)
(0 1.598410444e-12 9.316742021e-13)
(0 1.614137038e-12 4.478843577e-13)
(0 1.692397187e-12 9.050305538e-14)
(0 1.820468209e-12 -1.643032699e-13)
(0 1.982289766e-12 -3.374112142e-13)
(0 2.163308819e-12 -4.468033486e-13)
(0 2.351917106e-12 -5.07521413e-13)
(0 2.53948188e-12 -5.317626156e-13)
(0 2.719871615e-12 -5.291414538e-13)
(0 2.888868539e-12 -5.070515562e-13)
(0 3.043639423e-12 -4.71058609e-13)
(0 3.182321637e-12 -4.252764443e-13)
(0 3.303720455e-12 -3.726992539e-13)
(0 3.407093313e-12 -3.154783718e-13)
(0 3.49199728e-12 -2.551429194e-13)
(0 3.558181655e-12 -1.927707459e-13)
(0 3.605513193e-12 -1.291196159e-13)
(0 3.633926512e-12 -6.472890717e-14)
(0 1.821699245e-12 -2.858143102e-24)
(0 7.905499545e-12 -6.784502108e-13)
(0 1.008497847e-11 -3.28643276e-11)
(0 -9.991387238e-12 -4.535399167e-11)
(0 -2.347828671e-11 -3.787446046e-11)
(0 -1.77003931e-11 -1.586568124e-11)
(0 -2.539710904e-11 1.404375428e-11)
(0 -1.284736036e-11 4.247973628e-11)
(0 -5.600925125e-12 5.875064582e-11)
(0 0.8528409789 0.0706234924)
(0 0.8145079608 0.07869671795)
(0 0.7779185877 0.6763507992)
(0 1.231762248 0.7954010408)
(0 1.239375305 2.383055239)
(0 -0.01780480151 0.6305185145)
(0 1.617327733e-11 -1.987589456e-13)
(0 2.631603633e-11 6.06766268e-12)
(0 1.229680367e-11 5.135569865e-12)
(0 2.847485931e-12 4.450039045e-12)
(0 1.159386616e-12 3.397240643e-12)
(0 9.032564869e-13 2.41681693e-12)
(0 9.136268272e-13 1.571675276e-12)
(0 1.00851632e-12 8.769525984e-13)
(0 1.162280626e-12 3.330064096e-13)
(0 1.361393952e-12 -7.211496971e-14)
(0 1.589632931e-12 -3.581315888e-13)
(0 1.831439223e-12 -5.473569223e-13)
(0 2.074456909e-12 -6.610454894e-13)
(0 2.309958345e-12 -7.175517301e-13)
(0 2.532264906e-12 -7.317816069e-13)
(0 2.737935879e-12 -7.153548329e-13)
(0 2.925036465e-12 -6.770684582e-13)
(0 3.092579813e-12 -6.234337017e-13)
(0 3.240144306e-12 -5.591805953e-13)
(0 3.367628507e-12 -4.87690826e-13)
(0 3.475100571e-12 -4.113492135e-13)
(0 3.562707419e-12 -3.318177705e-13)
(0 3.630619431e-12 -2.502432256e-13)
(0 3.678995914e-12 -1.674121002e-13)
(0 3.707964608e-12 -8.38675048e-14)
(0 1.858805277e-12 -3.599410182e-24)
(0 8.070206726e-12 -6.441069871e-13)
(0 1.033895926e-11 -2.348700537e-11)
(0 -1.315937149e-11 -3.408995048e-11)
(0 -3.018452032e-11 -3.050955458e-11)
(0 -2.701950137e-11 -1.517298884e-11)
(0 -3.525213412e-11 7.464341755e-12)
(0 -2.046102069e-11 2.981750193e-11)
(0 -8.413888507e-12 4.362469298e-11)
(0 0.9517739733 -0.001234243656)
(0 1.238201941 0.02081567027)
(0 0.9326282729 0.1587970338)
(0 2.969325245 0.2587592372)
(0 0.9166800407 1.13124586)
(0 11.06906437 0.7117568596)
(0 1.519398832e-12 6.111077681e-12)
(0 -6.721200404e-12 1.602979498e-11)
(0 -6.67209573e-12 9.405661668e-12)
(0 -1.902263781e-12 4.876538937e-12)
(0 -5.732121846e-13 3.329746544e-12)
(0 -1.42780763e-13 2.309956201e-12)
(0 1.014313723e-13 1.423882224e-12)
(0 3.597415771e-13 6.71461574e-13)
(0 6.650694695e-13 7.931321768e-14)
(0 1.001259189e-12 -3.538228833e-13)
(0 1.345226256e-12 -6.487344649e-13)
(0 1.679375865e-12 -8.328185608e-13)
(0 1.993114011e-12 -9.324449477e-13)
(0 2.281180988e-12 -9.698378546e-13)
(0 2.541678777e-12 -9.62452803e-13)
(0 2.774584764e-12 -9.234436369e-13)
(0 2.98078967e-12 -8.624624556e-13)
(0 3.161527286e-12 -7.864550903e-13)
(0 3.318064513e-12 -7.003375434e-13)
(0 3.451551837e-12 -6.075355214e-13)
(0 3.562966369e-12 -5.104006293e-13)
(0 3.653103268e-12 -4.105232089e-13)
(0 3.722587326e-12 -3.089622181e-13)
(0 3.771888914e-12 -2.064119661e-13)
(0 3.801338612e-12 -1.033239418e-13)
(0 1.90556675e-12 -4.088072853e-24)
(0 8.270486055e-12 -6.5835483e-13)
(0 1.080202098e-11 -1.480684619e-11)
(0 -1.017804125e-11 -2.284689101e-11)
(0 -2.598531673e-11 -2.234177654e-11)
(0 -2.302962417e-11 -1.338883849e-11)
(0 -3.231182968e-11 1.53186233e-12)
(0 -1.893220863e-11 1.694801649e-11)
(0 -7.984692411e-12 2.728326113e-11)
(0 0.9122856122 -0.09355479485)
(0 0.9153632792 -0.08462044729)
(0 1.270709762 -0.4288583095)
(0 1.176010711 -0.006381937516)
(0 2.770491611 -1.474901144)
(0 1.902965651 -2.168140745)
(0 0.016331246 10.51982611)
(0 -9.104493927e-12 9.096147726e-12)
(0 -1.119780496e-11 -8.117728049e-13)
(0 -3.228398543e-12 2.320773163e-12)
(0 -1.40719612e-12 2.735255872e-12)
(0 -1.002607833e-12 2.069385382e-12)
(0 -7.248678001e-13 1.142442555e-12)
(0 -3.360526868e-13 3.057091954e-13)
(0 1.369961687e-13 -3.33378619e-13)
(0 6.333462692e-13 -7.737355485e-13)
(0 1.110637253e-12 -1.050143621e-12)
(0 1.54772874e-12 -1.202710159e-12)
(0 1.937437616e-12 -1.266039078e-12)
(0 2.27995049e-12 -1.266856088e-12)
(0 2.578659124e-12 -1.224710153e-12)
(0 2.837926226e-12 -1.15348886e-12)
(0 3.062025012e-12 -1.062891575e-12)
(0 3.254704725e-12 -9.596093128e-13)
(0 3.419063875e-12 -8.482004255e-13)
(0 3.557565421e-12 -7.317236896e-13)
(0 3.672112883e-12 -6.121932275e-13)
(0 3.76414583e-12 -4.909037427e-13)
(0 3.834730674e-12 -3.686606414e-13)
(0 3.884634191e-12 -2.459413744e-13)
(0 3.914376574e-12 -1.23009481e-13)
(0 1.962129219e-12 -4.578563952e-24)
(0 8.511872678e-12 -7.146897526e-13)
(0 1.131176727e-11 -8.993271563e-12)
(0 -5.458830113e-12 -1.470180678e-11)
(0 -1.831756579e-11 -1.582140327e-11)
(0 -1.436713739e-11 -1.139481833e-11)
(0 -2.454023194e-11 -2.59550192e-12)
(0 -1.373258487e-11 6.95946744e-12)
(0 -6.202078889e-12 1.391591239e-11)
(0 0.8573474309 -0.07450822595)
(0 0.8404257364 -0.2418385435)
(0 1.305643293 -0.4289138543)
(0 0.9990895847 -1.020327169)
(0 3.306694876 -0.8972356002)
(0 -2.686643485 3.41237301)
(0 -4.235267248 7.721446235)
(0 2.881136418e-12 -1.86247322e-12)
(0 5.379780339e-12 -5.245485909e-12)
(0 1.644882768e-12 2.510790624e-12)
(0 -8.245999653e-13 3.221123095e-12)
(0 -1.73559408e-12 2.08989226e-12)
(0 -1.662244814e-12 7.708004689e-13)
(0 -1.116079597e-12 -2.57682048e-13)
(0 -4.143752745e-13 -9.447979833e-13)
(0 2.844941871e-13 -1.35759031e-12)
(0 9.162516459e-13 -1.575390875e-12)
(0 1.463480408e-12 -1.661832331e-12)
(0 1.928968082e-12 -1.662123e-12)
(0 2.322509913e-12 -1.60679192e-12)
(0 2.655046005e-12 -1.51598444e-12)
(0 2.936403341e-12 -1.40286057e-12)
(0 3.174669217e-12 -1.275980565e-12)
(0 3.376218435e-12 -1.140888889e-12)
(0 3.545950136e-12 -1.001141844e-12)
(0 3.687559035e-12 -8.58975597e-13)
(0 3.803786316e-12 -7.157477906e-13)
(0 3.896635854e-12 -5.722340646e-13)
(0 3.967549694e-12 -4.288280361e-13)
(0 4.017540074e-12 -2.85675722e-13)
(0 4.047279987e-12 -1.427666915e-13)
(0 2.028576231e-12 -5.126634692e-24)
(0 8.796240382e-12 -7.916882533e-13)
(0 1.18347348e-11 -5.979324493e-12)
(0 -1.445439586e-12 -9.93709863e-12)
(0 -1.147907788e-11 -1.151646615e-11)
(0 -6.221279714e-12 -9.715958591e-12)
(0 -1.686929312e-11 -5.055868618e-12)
(0 -8.353315011e-12 2.498740111e-13)
(0 -4.299582986e-12 4.459334805e-12)
(0 0.5883056732 -0.09824723181)
(0 0.5214463311 -0.3503998773)
(0 0.6686395209 -0.7300779844)
(0 0.5427002283 -1.335863942)
(0 -0.4343443149 1.842045353)
(0 -4.133981697 5.737100806)
(0 -3.068368319 5.143806555)
(0 0.2406185935 -4.247213496)
(0 3.127102655e-12 7.809398295e-13)
(0 3.20870975e-12 7.72696728e-12)
(0 -1.828094489e-12 5.549609361e-12)
(0 -3.452930459e-12 2.298264617e-12)
(0 -3.072442109e-12 1.085555111e-13)
(0 -2.051651139e-12 -1.16243634e-12)
(0 -9.629120929e-13 -1.830550623e-12)
(0 2.753377733e-15 -2.136448224e-12)
(0 8.063952316e-13 -2.232016974e-12)
(0 1.460996615e-12 -2.207133865e-12)
(0 1.992478027e-12 -2.113851479e-12)
(0 2.42608905e-12 -1.982197814e-12)
(0 2.782590474e-12 -1.829535461e-12)
(0 3.077930102e-12 -1.66593486e-12)
(0 3.323996692e-12 -1.497237661e-12)
(0 3.529543446e-12 -1.326801478e-12)
(0 3.700977167e-12 -1.156497801e-12)
(0 3.842959474e-12 -9.872920297e-13)
(0 3.958854416e-12 -8.195906058e-13)
(0 4.051065585e-12 -6.53455182e-13)
(0 4.121289016e-12 -4.88736937e-13)
(0 4.170695535e-12 -3.251606769e-13)
(0 4.200052296e-12 -1.623775589e-13)
(0 2.104895911e-12 -5.480125534e-24)
(0 9.125385183e-12 -8.724210055e-13)
(0 1.235632267e-11 -4.904365689e-12)
(0 1.202060202e-12 -7.706724833e-12)
(0 -6.773730303e-12 -9.099381124e-12)
(0 -3.401734293e-13 -8.563356912e-12)
(0 -1.109678028e-11 -6.408187279e-12)
(0 -4.155523939e-12 -3.885166167e-12)
(0 -2.779903742e-12 -1.661082856e-12)
(0 0.4061048155 -0.05410277876)
(0 0.2374880913 -0.2307074135)
(0 0.2063803414 -0.5762027124)
(0 -0.4039059661 0.1164217716)
(0 -2.00400997 3.697121435)
(0 -3.5002843 5.993687571)
(0 -0.9571812123 2.547197224)
(0 -0.8596155508 -3.99000503)
(0 6.801315165e-13 2.724564027e-12)
(0 -2.061862414e-12 1.52043243e-11)
(0 -7.103935762e-12 8.103667889e-12)
(0 -7.176647929e-12 1.445001751e-12)
(0 -5.122945772e-12 -1.472399165e-12)
(0 -3.055185731e-12 -2.670054866e-12)
(0 -1.388387158e-12 -3.07851558e-12)
(0 -1.169721633e-13 -3.125640966e-12)
(0 8.455660046e-13 -3.009109328e-12)
(0 1.581645903e-12 -2.820876245e-12)
(0 2.153904133e-12 -2.604009294e-12)
(0 2.606825932e-12 -2.378653431e-12)
(0 2.971308959e-12 -2.154028213e-12)
(0 3.268701141e-12 -1.934079326e-12)
(0 3.513802599e-12 -1.720199366e-12)
(0 3.716958295e-12 -1.512556308e-12)
(0 3.885459585e-12 -1.310744245e-12)
(0 4.02446623e-12 -1.114101751e-12)
(0 4.137623163e-12 -9.218678658e-13)
(0 4.227489523e-12 -7.332582487e-13)
(0 4.295844199e-12 -5.475005715e-13)
(0 4.343899452e-12 -3.63847936e-13)
(0 4.372440663e-12 -1.815803726e-13)
(0 2.19095379e-12 -5.598829107e-24)
(0 9.497964065e-12 -9.440515534e-13)
(0 1.289743794e-11 -4.917803634e-12)
(0 2.678525493e-12 -7.0414807e-12)
(0 -4.016921148e-12 -8.016418236e-12)
(0 3.315486845e-12 -7.950870608e-12)
(0 -7.33364388e-12 -7.171747599e-12)
(0 -1.313653018e-12 -6.319600299e-12)
(0 -1.72742784e-12 -5.400862658e-12)
(0 0.2748591598 0.03237921992)
(0 0.06128475221 -0.05055404263)
(0 -0.1202501158 -0.1828321088)
(0 -0.7760604342 1.111122113)
(0 -1.809187375 4.426480385)
(0 -2.208241035 5.446966922)
(0 0.5601445888 1.131332121)
(0 -1.066282405 -3.496244965)
(0 -0.1664230599 -0.9988321135)
(0 -1.471975413e-11 1.013227405e-11)
(0 -2.321302574e-11 2.590431484e-12)
(0 -1.30289974e-11 -3.149747223e-12)
(0 -7.187498725e-12 -4.773070006e-12)
(0 -3.657767554e-12 -4.966847011e-12)
(0 -1.418498194e-12 -4.687781774e-12)
(0 7.215962991e-14 -4.278470568e-12)
(0 1.111159953e-12 -3.857876041e-12)
(0 1.866096648e-12 -3.463263844e-12)
(0 2.434700841e-12 -3.102708132e-12)
(0 2.876070131e-12 -2.774436917e-12)
(0 3.227164579e-12 -2.473879038e-12)
(0 3.511758949e-12 -2.196159737e-12)
(0 3.74551971e-12 -1.936912215e-12)
(0 3.938998567e-12 -1.692466263e-12)
(0 4.099431724e-12 -1.45981306e-12)
(0 4.231835853e-12 -1.236500835e-12)
(0 4.339697918e-12 -1.020521508e-12)
(0 4.425432879e-12 -8.102094559e-13)
(0 4.490699329e-12 -6.041572572e-13)
(0 4.536615734e-12 -4.01147043e-13)
(0 4.563900232e-12 -2.000943277e-13)
(0 2.286476283e-12 -5.729334149e-24)
(0 9.912491117e-12 -1.002409225e-12)
(0 1.347909802e-11 -5.41853179e-12)
(0 3.384795269e-12 -7.200653046e-12)
(0 -2.612305467e-12 -7.771661114e-12)
(0 5.341857518e-12 -7.795965296e-12)
(0 -5.116317221e-12 -7.696143486e-12)
(0 4.348215136e-13 -7.753827545e-12)
(0 -1.064084376e-12 -7.614566285e-12)
(0 0.388817425 0.1131836024)
(0 0.144266935 0.1773870436)
(0 0.02403813334 0.2974168993)
(0 -0.7858195605 1.802130411)
(0 -1.110915509 4.484811571)
(0 -0.9946593239 4.561416851)
(0 1.583142788 1.083189365)
(0 1.127446934 -2.017820536)
(0 -0.1117680968 -2.220753841)
(0 -2.071563947e-11 -1.5515939e-11)
(0 -3.057383982e-11 -1.491861106e-11)
(0 -1.454014908e-11 -1.186140002e-11)
(0 -6.940045559e-12 -9.503259799e-12)
(0 -2.969897499e-12 -7.736484735e-12)
(0 -7.000107156e-13 -6.427264718e-12)
(0 7.129335693e-13 -5.442555744e-12)
(0 1.660772729e-12 -4.680594279e-12)
(0 2.336813811e-12 -4.071548197e-12)
(0 2.84273106e-12 -3.569119511e-12)
(0 3.235655026e-12 -3.142529736e-12)
(0 3.549586139e-12 -2.770913429e-12)
(0 3.805667964e-12 -2.439777708e-12)
(0 4.017496073e-12 -2.138821976e-12)
(0 4.19405745e-12 -1.860578401e-12)
(0 4.341425012e-12 -1.599537798e-12)
(0 4.463757782e-12 -1.351567342e-12)
(0 4.563914543e-12 -1.113510081e-12)
(0 4.643853774e-12 -8.82902544e-13)
(0 4.704906612e-12 -6.577718282e-13)
(0 4.747962382e-12 -4.364872156e-13)
(0 4.773587706e-12 -2.176489008e-13)
(0 2.391048118e-12 -5.876804038e-24)
(0 1.036707388e-11 -1.047030636e-12)
(0 1.410636775e-11 -6.053290767e-12)
(0 3.669217386e-12 -7.712816951e-12)
(0 -2.001309902e-12 -8.001454716e-12)
(0 6.349411179e-12 -7.983060778e-12)
(0 -3.919399475e-12 -8.171610713e-12)
(0 1.428354528e-12 -8.65683182e-12)
(0 -6.769408463e-13 -8.927591556e-12)
(0 0.4758973729 0.2699275548)
(0 0.2679791795 0.3898431843)
(0 0.2270910224 0.7239046692)
(0 -0.8846807561 2.334683527)
(0 -1.0161487 4.345920967)
(0 -0.3234491295 3.190874308)
(0 1.674534022 -1.38804732)
(0 2.281119093 -0.9139368472)
(0 -1.405082594e-11 -8.840872124e-12)
(0 -2.446261921e-11 -3.599380058e-11)
(0 -1.559470118e-11 -3.092463677e-11)
(0 -7.61364612e-12 -1.987380168e-11)
(0 -3.062583445e-12 -1.364209275e-11)
(0 -5.817724728e-13 -1.004856466e-11)
(0 8.754307978e-13 -7.842218447e-12)
(0 1.818830069e-12 -6.383833682e-12)
(0 2.482167499e-12 -5.350299974e-12)
(0 2.977571417e-12 -4.573125503e-12)
(0 3.363719302e-12 -3.959634492e-12)
(0 3.674276212e-12 -3.4556207e-12)
(0 3.929916607e-12 -3.027455213e-12)
(0 4.143850402e-12 -2.653209406e-12)
(0 4.324719017e-12 -2.318014223e-12)
(0 4.478282745e-12 -2.011482928e-12)
(0 4.608442783e-12 -1.726190008e-12)
(0 4.71786357e-12 -1.456721345e-12)
(0 4.808362716e-12 -1.199051826e-12)
(0 4.881171132e-12 -9.501219573e-13)
(0 4.937114657e-12 -7.075420933e-13)
(0 4.976738662e-12 -4.693815242e-13)
(0 5.000387447e-12 -2.340141454e-13)
(0 2.504125184e-12 -5.909034086e-24)
(0 1.085848151e-11 -1.077037947e-12)
(0 1.477924798e-11 -6.651967644e-12)
(0 3.775190652e-12 -8.32033215e-12)
(0 -1.776648481e-12 -8.46813786e-12)
(0 6.805436029e-12 -8.39693628e-12)
(0 -3.320080765e-12 -8.67536285e-12)
(0 1.95459909e-12 -9.304902825e-12)
(0 -4.659338545e-13 -9.747033939e-12)
(0 1.028501378 0.2774760958)
(0 0.7682410678 0.4494654111)
(0 -0.02083446067 1.343713972)
(0 -1.586009934 3.217271903)
(0 -1.954864704 4.214277761)
(0 0.02156331836 1.527026905)
(0 -0.6609893616 -1.038162374)
(0 0.1975215263 -0.6327742691)
(0 -1.85616915e-11 -2.382555248e-11)
(0 -1.850206199e-11 -5.348524402e-11)
(0 -1.614912481e-12 -4.007113881e-11)
(0 2.742394676e-12 -2.30670058e-11)
(0 2.885191456e-12 -1.514278812e-11)
(0 2.829976805e-12 -1.097339548e-11)
(0 2.964720266e-12 -8.509264299e-12)
(0 3.204852042e-12 -6.900244004e-12)
(0 3.471480908e-12 -5.763619876e-12)
(0 3.727479293e-12 -4.910996832e-12)
(0 3.960235862e-12 -4.240651411e-12)
(0 4.167834305e-12 -3.692844532e-12)
(0 4.351997433e-12 -3.23006409e-12)
(0 4.515108954e-12 -2.827583003e-12)
(0 4.65922255e-12 -2.468537923e-12)
(0 4.785881665e-12 -2.141145159e-12)
(0 4.896186596e-12 -1.8370151e-12)
(0 4.990895964e-12 -1.550075725e-12)
(0 5.07051393e-12 -1.275856132e-12)
(0 5.135363507e-12 -1.010995018e-12)
(0 5.185647045e-12 -7.528964476e-13)
(0 5.221490329e-12 -4.994849992e-13)
(0 5.242969231e-12 -2.490278354e-13)
(0 2.625062263e-12 -5.656739073e-24)
(0 1.138406061e-11 -1.093647208e-12)
(0 1.550501029e-11 -7.159671016e-12)
(0 3.850614659e-12 -8.909026675e-12)
(0 -1.682530815e-12 -9.030356038e-12)
(0 7.017789375e-12 -8.937844637e-12)
(0 -3.026395125e-12 -9.216484167e-12)
(0 2.221188833e-12 -9.839024285e-12)
(0 -3.566755711e-13 -1.031212232e-11)
(0 0.9922527736 0.5639724818)
(0 -0.3814904552 1.380870354)
(0 -1.643602994 2.8788635)
(0 -2.942835583 4.185718167)
(0 -2.997683628 3.637024941)
(0 -1.194166159 0.05888624396)
(0 -0.504458984 -1.783410664)
(0 0.08677970353 -1.206175851)
(0 0.3109884 0.2036956879)
(0 2.043227013e-11 -1.134075681e-11)
(0 4.174563565e-11 -2.518121654e-11)
(0 1.731470451e-11 -1.718016322e-11)
(0 9.031026879e-12 -1.288873254e-11)
(0 6.051751346e-12 -1.019295134e-11)
(0 4.948582271e-12 -8.321398557e-12)
(0 4.564474492e-12 -6.94435953e-12)
(0 4.471414671e-12 -5.893002535e-12)
(0 4.500539882e-12 -5.066631917e-12)
(0 4.581871602e-12 -4.39914518e-12)
(0 4.684863533e-12 -3.845039979e-12)
(0 4.795178136e-12 -3.372368726e-12)
(0 4.905376569e-12 -2.958519205e-12)
(0 5.011156861e-12 -2.587409483e-12)
(0 5.109805568e-12 -2.247543258e-12)
(0 5.199512217e-12 -1.93064644e-12)
(0 5.279022539e-12 -1.630707951e-12)
(0 5.347443423e-12 -1.343302223e-12)
(0 5.404130816e-12 -1.065108408e-12)
(0 5.448624676e-12 -7.935677495e-13)
(0 5.480607274e-12 -5.266381024e-13)
(0 5.499872446e-12 -2.626155311e-13)
(0 2.753153019e-12 -5.398822516e-24)
(0 1.194090517e-11 -1.097384896e-12)
(0 1.627001277e-11 -7.583492345e-12)
(0 3.962185201e-12 -9.44824802e-12)
(0 -1.587758488e-12 -9.612311242e-12)
(0 7.159055935e-12 -9.527897304e-12)
(0 -2.862346457e-12 -9.771282241e-12)
(0 2.360480131e-12 -1.031684521e-11)
(0 -3.00235299e-13 -1.0748347e-11)
(0 -0.6594402623 1.691287545)
(0 -2.577506731 2.939571051)
(0 -3.320517981 4.048764894)
(0 -3.411443236 4.158840119)
(0 -2.077591503 2.489798383)
(0 0.6074289375 -0.6934657079)
(0 0.05193585336 -2.386624005)
(0 -0.3056213315 -1.745970493)
(0 0.5468619542 0.0662866293)
(0 -0.003984210319 0.2962209577)
(0 1.827215415e-11 7.09440055e-15)
(0 1.503487873e-11 -7.5840215e-12)
(0 9.872403333e-12 -9.039109663e-12)
(0 7.397310786e-12 -8.588317704e-12)
(0 6.21331208e-12 -7.638986968e-12)
(0 5.633248064e-12 -6.662752373e-12)
(0 5.349208521e-12 -5.797396057e-12)
(0 5.221336648e-12 -5.06338866e-12)
(0 5.1818278e-12 -4.444246794e-12)
(0 5.194610759e-12 -3.915781904e-12)
(0 5.238518207e-12 -3.455837955e-12)
(0 5.300068198e-12 -3.046711991e-12)
(0 5.370198498e-12 -2.675038422e-12)
(0 5.442644708e-12 -2.330971051e-12)
(0 5.513021902e-12 -2.007315212e-12)
(0 5.578240181e-12 -1.698802292e-12)
(0 5.636113473e-12 -1.401533483e-12)
(0 5.68509798e-12 -1.11256921e-12)
(0 5.724117351e-12 -8.296313614e-13)
(0 5.752442548e-12 -5.508886181e-13)
(0 5.769607333e-12 -2.748004478e-13)
(0 2.887677794e-12 -5.506594145e-24)
(0 1.252622491e-11 -1.088243805e-12)
(0 1.707949394e-11 -7.952510616e-12)
(0 4.128269053e-12 -9.94458932e-12)
(0 -1.447094635e-12 -1.017749903e-11)
(0 7.304184497e-12 -1.011243823e-11)
(0 -2.738906524e-12 -1.030807102e-11)
(0 2.446044568e-12 -1.075288813e-11)
(0 -2.681641097e-13 -1.111320726e-11)
(0 -2.789981096 2.847527832)
(0 -4.236747719 3.924593299)
(0 -3.97698003 4.025725393)
(0 -2.872734661 2.934834216)
(0 -0.7010426037 0.5739232897)
(0 1.114454702 -1.709184885)
(0 0.423160882 -0.8082782746)
(0 -0.7325177064 -1.500682533)
(0 -0.1532164896 0.1240909769)
(0 -0.00559939266 0.559164792)
(0 2.3627829e-11 5.945995013e-12)
(0 8.344332881e-12 -4.047719531e-12)
(0 8.026730675e-12 -7.094957465e-12)
(0 7.451874041e-12 -7.482314949e-12)
(0 6.874147602e-12 -6.983363658e-12)
(0 6.406065403e-12 -6.270190025e-12)
(0 6.070778385e-12 -5.57043524e-12)
(0 5.853689144e-12 -4.945287697e-12)
(0 5.729478357e-12 -4.398657848e-12)
(0 5.673272372e-12 -3.917979137e-12)
(0 5.664248049e-12 -3.488473294e-12)
(0 5.686176102e-12 -3.09744825e-12)
(0 5.726897801e-12 -2.735062112e-12)
(0 5.777528777e-12 -2.393986107e-12)
(0 5.831680976e-12 -2.068835384e-12)
(0 5.884804268e-12 -1.755644558e-12)
(0 5.933676505e-12 -1.451453583e-12)
(0 5.976032937e-12 -1.154000665e-12)
(0 6.010305268e-12 -8.61500891e-13)
(0 6.035438187e-12 -5.724881548e-13)
(0 6.050761065e-12 -2.857014279e-13)
(0 3.027953467e-12 -5.354635086e-24)
(0 1.313585246e-11 -1.068133022e-12)
(0 1.792527238e-11 -8.292699994e-12)
(0 4.335796023e-12 -1.041189679e-11)
(0 -1.265064288e-12 -1.070961182e-11)
(0 7.469283197e-12 -1.065805652e-11)
(0 -2.622358188e-12 -1.080155895e-11)
(0 2.512162245e-12 -1.114543171e-11)
(0 -2.461268323e-13 -1.142938716e-11)
(0 -4.009056287 3.463980953)
(0 -4.432482693 3.811618354)
(0 -3.312541464 2.79595697)
(0 -1.617540042 0.7652978174)
(0 0.5115674923 -1.993302604)
(0 2.125404847 -1.747454103)
(0 0.009500077786 -0.7996955602)
(0 -1.186144936 -1.234789143)
(0 -0.5806897621 -0.6049813523)
(0 2.368440887e-12 1.371332732e-11)
(0 -9.607568316e-12 -2.295399806e-12)
(0 2.137072256e-12 -7.31438631e-12)
(0 6.437807914e-12 -7.810587639e-12)
(0 7.508904593e-12 -7.262723979e-12)
(0 7.425437004e-12 -6.541954257e-12)
(0 7.046176481e-12 -5.864234671e-12)
(0 6.67411085e-12 -5.268913397e-12)
(0 6.393114041e-12 -4.74869331e-12)
(0 6.20913636e-12 -4.287109343e-12)
(0 6.104795313e-12 -3.868984784e-12)
(0 6.059049093e-12 -3.482617694e-12)
(0 6.05347938e-12 -3.119545756e-12)
(0 6.073660641e-12 -2.773778878e-12)
(0 6.108871436e-12 -2.441075691e-12)
(0 6.151363452e-12 -2.11839008e-12)
(0 6.195621982e-12 -1.803477849e-12)
(0 6.237757366e-12 -1.49462642e-12)
(0 6.275050672e-12 -1.190472667e-12)
(0 6.305629862e-12 -8.898812542e-13)
(0 6.328242011e-12 -5.918630095e-13)
(0 6.342095488e-12 -2.95518956e-13)
(0 3.173379222e-12 -4.896741211e-24)
(0 1.376826402e-11 -1.036283255e-12)
(0 1.879768187e-11 -8.619011402e-12)
(0 4.563433872e-12 -1.085853773e-11)
(0 -1.063400297e-12 -1.120165391e-11)
(0 7.64540396e-12 -1.114838713e-11)
(0 -2.506436656e-12 -1.123797446e-11)
(0 2.571478163e-12 -1.149080591e-11)
(0 -2.279694934e-13 -1.170497222e-11)
(0 -3.779002914 3.382098092)
(0 -3.329671692 2.943718061)
(0 -2.001749585 1.217852232)
(0 -0.5848476025 -1.154917938)
(0 1.039227018 -3.549815153)
(0 1.558402816 -0.7159301736)
(0 1.0535006 2.351417953)
(0 -0.9886777368 -0.7775599251)
(0 -0.9679486834 -1.151855303)
(0 -0.0007016637502 -0.003264271787)
(0 4.279173865e-13 -2.972048169e-11)
(0 2.829149187e-12 -1.509734468e-11)
(0 8.078393007e-12 -9.570620804e-12)
(0 8.720507423e-12 -7.215993948e-12)
(0 8.272636909e-12 -6.05740417e-12)
(0 7.679106263e-12 -5.375878123e-12)
(0 7.186319746e-12 -4.892319069e-12)
(0 6.835493199e-12 -4.493469907e-12)
(0 6.609186883e-12 -4.132085768e-12)
(0 6.477764021e-12 -3.788217071e-12)
(0 6.413687077e-12 -3.453463664e-12)
(0 6.395014918e-12 -3.124344066e-12)
(0 6.405367867e-12 -2.799438668e-12)
(0 6.432917576e-12 -2.478150191e-12)
(0 6.469278818e-12 -2.160168516e-12)
(0 6.508567928e-12 -1.8452433e-12)
(0 6.546681687e-12 -1.533092832e-12)
(0 6.580778103e-12 -1.223374657e-12)
(0 6.608914925e-12 -9.156838806e-13)
(0 6.629800486e-12 -6.095623583e-13)
(0 6.642624074e-12 -3.045106734e-13)
(0 3.323472423e-12 -4.610115438e-24)
(0 1.442085029e-11 -9.937963604e-13)
(0 1.970837935e-11 -8.933357589e-12)
(0 4.798569146e-12 -1.12833884e-11)
(0 -8.603698495e-13 -1.164917674e-11)
(0 7.820462987e-12 -1.157786623e-11)
(0 -2.393453716e-12 -1.161340986e-11)
(0 2.627527091e-12 -1.178814206e-11)
(0 -2.113809983e-13 -1.194324005e-11)
(0 -2.35248505 2.893511467)
(0 -1.548787986 2.155974626)
(0 -0.6665546285 0.02242528597)
(0 -0.3196868807 -2.428734543)
(0 0.09643089516 -3.78640969)
(0 -0.9816787612 -2.688830459)
(0 4.571769991 0.6027952351)
(0 -0.9431373121 0.7687832938)
(0 -0.5584886999 -1.464427215)
(0 -0.008465502523 -0.9682918627)
(0 4.246308742e-11 -2.857816399e-11)
(0 2.228601359e-11 -1.378398056e-11)
(0 1.431915865e-11 -8.158622062e-12)
(0 1.102212123e-11 -5.973138232e-12)
(0 9.26555283e-12 -5.095759869e-12)
(0 8.211261581e-12 -4.689577278e-12)
(0 7.556519066e-12 -4.431037008e-12)
(0 7.153347342e-12 -4.200773269e-12)
(0 6.914389196e-12 -3.959525442e-12)
(0 6.783417417e-12 -3.698321759e-12)
(0 6.722922098e-12 -3.418678331e-12)
(0 6.707504375e-12 -3.124937724e-12)
(0 6.719854516e-12 -2.821490066e-12)
(0 6.748141588e-12 -2.511922615e-12)
(0 6.784270342e-12 -2.198891539e-12)
(0 6.822697665e-12 -1.884231791e-12)
(0 6.859626009e-12 -1.569122142e-12)
(0 6.892459624e-12 -1.254243427e-12)
(0 6.91944216e-12 -9.399124432e-13)
(0 6.939415218e-12 -6.261889523e-13)
(0 6.951657846e-12 -3.12958852e-13)
(0 3.477889895e-12 -4.472022543e-24)
(0 1.509244742e-11 -9.421359681e-13)
(0 2.064193156e-11 -9.23051879e-12)
(0 5.029885265e-12 -1.167958322e-11)
(0 -6.664032102e-13 -1.204853588e-11)
(0 7.987467173e-12 -1.194662951e-11)
(0 -2.285494075e-12 -1.192977877e-11)
(0 2.681403054e-12 -1.203913282e-11)
(0 -1.954297592e-13 -1.2146089e-11)
(0 -0.6572315725 2.464413492)
(0 0.4679563304 1.785242161)
(0 0.2582600009 0.07905977069)
(0 -0.4285303298 -1.695711275)
(0 -2.524391694 -2.890900599)
(0 -4.059826218 -2.783315586)
(0 -2.302643725 1.739341374)
(0 -0.1110466342 5.189328764)
(0 0.1521825744 -1.619970682)
(0 -0.001955585362 -0.7973130879)
(0 1.865296949e-11 -3.663798413e-12)
(0 2.300082943e-11 -3.558041886e-12)
(0 1.588923533e-11 -3.306760784e-12)
(0 1.178336962e-11 -3.422131183e-12)
(0 9.556197863e-12 -3.662933175e-12)
(0 8.343829125e-12 -3.855666271e-12)
(0 7.675123756e-12 -3.941489608e-12)
(0 7.307004765e-12 -3.919041566e-12)
(0 7.111638393e-12 -3.806897325e-12)
(0 7.018611132e-12 -3.626857096e-12)
(0 6.987071112e-12 -3.397994672e-12)
(0 6.992203182e-12 -3.135246092e-12)
(0 7.018382976e-12 -2.849665971e-12)
(0 7.055516102e-12 -2.549161028e-12)
(0 7.096969642e-12 -2.239245328e-12)
(0 7.138337325e-12 -1.923671965e-12)
(0 7.176670051e-12 -1.604920646e-12)
(0 7.209987802e-12 -1.284562531e-12)
(0 7.2369694e-12 -9.635305737e-13)
(0 7.256754077e-12 -6.423192742e-13)
(0 7.268813026e-12 -3.211329783e-13)
(0 3.636431275e-12 -4.206235455e-24)
(0 1.578183945e-11 -8.808015902e-13)
(0 2.160582774e-11 -9.503664206e-12)
(0 5.257414163e-12 -1.203926634e-11)
(0 -4.822605008e-13 -1.239697505e-11)
(0 8.146297935e-12 -1.225701165e-11)
(0 -2.181666514e-12 -1.219101987e-11)
(0 2.734427297e-12 -1.224623839e-11)
(0 -1.794638435e-13 -1.231455111e-11)
(0 0.3838088741 1.53468944)
(0 1.631327444 1.583744388)
(0 1.601019867 0.8703300713)
(0 0.8519139427 0.250000198)
(0 -0.5646475147 -1.041641242)
(0 -2.4366998 -2.981607917)
(0 -2.519298448 -2.835250135)
(0 -0.4963667387 -2.714630314)
(0 0.611308185 -1.688349495)
(0 -0.0001294969458 -0.7039883414)
(0 1.024119855e-11 1.268561312e-11)
(0 2.246114195e-11 6.337395493e-12)
(0 1.445506935e-11 1.91183752e-12)
(0 1.066594884e-11 -7.456818296e-13)
(0 8.832017742e-12 -2.278200863e-12)
(0 7.932705149e-12 -3.12868065e-12)
(0 7.49314377e-12 -3.560206711e-12)
(0 7.287939625e-12 -3.726982918e-12)
(0 7.206573665e-12 -3.722144732e-12)
(0 7.19232007e-12 -3.604209428e-12)
(0 7.214533103e-12 -3.41120152e-12)
(0 7.255833076e-12 -3.168388508e-12)
(0 7.30593958e-12 -2.89276371e-12)
(0 7.358562232e-12 -2.595805738e-12)
(0 7.409759405e-12 -2.285255331e-12)
(0 7.457022347e-12 -1.966292089e-12)
(0 7.498735443e-12 -1.642328782e-12)
(0 7.533849697e-12 -1.315556815e-12)
(0 7.561685417e-12 -9.873274341e-13)
(0 7.581812813e-12 -6.584226579e-13)
(0 7.59397712e-12 -3.292517373e-13)
(0 3.799022874e-12 -3.594357775e-24)
(0 1.648871649e-11 -8.098956612e-13)
(0 2.259608569e-11 -9.746615517e-12)
(0 5.482943543e-12 -1.235552022e-11)
(0 -3.039605288e-13 -1.269220195e-11)
(0 8.300833335e-12 -1.251122021e-11)
(0 -2.078989643e-12 -1.240052832e-11)
(0 2.788443237e-12 -1.241112025e-11)
(0 -1.62836945e-13 -1.24484828e-11)
(0 0.7877508167 0.7085401784)
(0 1.844213802 0.9117003848)
(0 2.374839426 0.7107807938)
(0 2.668826331 0.3181245065)
(0 2.831529382 -0.05765245642)
(0 2.746817696 -0.7042215746)
(0 2.481605853 -1.014035643)
(0 1.825499951 1.549918268)
(0 1.491105769 -1.132476945)
(0 0.0002322330236 -0.3503844176)
(0 6.42456536e-12 3.078091527e-11)
(0 1.20817093e-11 1.415584109e-11)
(0 8.806158012e-12 5.362413014e-12)
(0 7.593331233e-12 8.057506931e-13)
(0 7.173199042e-12 -1.575529594e-12)
(0 7.061823277e-12 -2.820646094e-12)
(0 7.076821488e-12 -3.443654684e-12)
(0 7.145066743e-12 -3.706522545e-12)
(0 7.234411884e-12 -3.750481943e-12)
(0 7.329554344e-12 -3.656638807e-12)
(0 7.422892031e-12 -3.47422113e-12)
(0 7.510640993e-12 -3.234343323e-12)
(0 7.590965746e-12 -2.957186871e-12)
(0 7.663024482e-12 -2.656032955e-12)
(0 7.726483292e-12 -2.339672316e-12)
(0 7.781263874e-12 -2.01391206e-12)
(0 7.827405325e-12 -1.682548455e-12)
(0 7.864989151e-12 -1.348011187e-12)
(0 7.894103557e-12 -1.011800473e-12)
(0 7.914829773e-12 -6.747910536e-13)
(0 7.927235684e-12 -3.374499432e-13)
(0 3.965683012e-12 -3.055903944e-24)
(0 1.721307649e-11 -7.312369554e-13)
(0 2.362440301e-11 -9.955093868e-12)
(0 5.712485633e-12 -1.262315058e-11)
(0 -1.254435695e-13 -1.293224855e-11)
(0 8.456323434e-12 -1.271041811e-11)
(0 -1.97382978e-12 -1.256008264e-11)
(0 2.845400286e-12 -1.25339317e-11)
(0 -1.449416145e-13 -1.254638736e-11)
(0 0.8535097867 0.2798773963)
(0 1.378509013 0.3360296537)
(0 1.74646643 0.2018226826)
(0 1.865732317 -0.2615963241)
(0 1.966174979 -0.858054156)
(0 1.974022331 -1.460681915)
(0 1.596239711 -1.664030447)
(0 1.471640081 -1.248084206)
(0 1.038677406 -0.5681149645)
(0 0.0002181819842 0.6809842124)
(0 -3.32128638e-12 3.652731447e-11)
(0 -3.025097109e-12 1.406743966e-11)
(0 1.104978956e-12 4.576214513e-12)
(0 3.728006227e-12 1.817823132e-13)
(0 5.205620955e-12 -2.009027334e-12)
(0 6.064580059e-12 -3.134708479e-12)
(0 6.607267319e-12 -3.687223213e-12)
(0 6.981112366e-12 -3.904962638e-12)
(0 7.256457403e-12 -3.916626234e-12)
(0 7.468580883e-12 -3.797656228e-12)
(0 7.636828587e-12 -3.594712912e-12)
(0 7.772867335e-12 -3.337578983e-12)
(0 7.884249948e-12 -3.045600193e-12)
(0 7.976076787e-12 -2.731456468e-12)
(0 8.051880301e-12 -2.403481694e-12)
(0 8.114146208e-12 -2.067133671e-12)
(0 8.164636315e-12 -1.725943901e-12)
(0 8.204597679e-12 -1.382141794e-12)
(0 8.234905551e-12 -1.037073455e-12)
(0 8.256163343e-12 -6.914903761e-13)
(0 8.268768174e-12 -3.457557999e-13)
(0 4.136472817e-12 -2.662558643e-24)
(0 1.795574849e-11 -6.468617879e-13)
(0 2.468459412e-11 -1.012673103e-11)
(0 5.947340258e-12 -1.283903376e-11)
(0 5.752844688e-14 -1.311572854e-11)
(0 8.616940001e-12 -1.285481279e-11)
(0 -1.863249645e-12 -1.266984783e-11)
(0 2.906827834e-12 -1.261335114e-11)
(0 -1.253213919e-13 -1.260557481e-11)
(0 0.6463218379 0.0730077884)
(0 0.8828006113 0.1168755867)
(0 1.136639011 0.09823997509)
(0 1.424322447 -0.1694989217)
(0 1.483817659 -0.5233830827)
(0 1.724514774 -1.016888213)
(0 1.537853601 -0.8274845814)
(0 0.07864329791 1.323324476)
(0 -0.5962883742 0.8233438078)
(0 -0.0001318373571 0.6359904965)
(0 -1.481151695e-11 8.782910213e-12)
(0 -1.974889859e-11 1.14808227e-12)
(0 -5.079499334e-12 -1.306786792e-12)
(0 1.008089385e-12 -2.645814817e-12)
(0 3.85670825e-12 -3.507638884e-12)
(0 5.383627398e-12 -4.021923993e-12)
(0 6.306567329e-12 -4.26555672e-12)
(0 6.915663722e-12 -4.309479235e-12)
(0 7.341718293e-12 -4.213414523e-12)
(0 7.651467666e-12 -4.022662615e-12)
(0 7.882969276e-12 -3.769406937e-12)
(0 8.059753711e-12 -3.475661636e-12)
(0 8.197088262e-12 -3.156172651e-12)
(0 8.305142981e-12 -2.820702443e-12)
(0 8.390806088e-12 -2.475657779e-12)
(0 8.458801667e-12 -2.125194739e-12)
(0 8.512397202e-12 -1.771952846e-12)
(0 8.553859597e-12 -1.41754083e-12)
(0 8.584754974e-12 -1.062862251e-12)
(0 8.606147429e-12 -7.083405142e-13)
(0 8.61872606e-12 -3.540817765e-13)
(0 4.311438812e-12 -2.17449488e-24)
(0 1.871604062e-11 -5.5725245e-13)
(0 2.578093438e-11 -1.026128996e-11)
(0 6.189859703e-12 -1.30022859e-11)
(0 2.480886896e-13 -1.324216628e-11)
(0 8.785528351e-12 -1.294411019e-11)
(0 -1.745335295e-12 -1.272884344e-11)
(0 2.973653962e-12 -1.264699292e-11)
(0 -1.037177097e-13 -1.262254436e-11)
(0 0.5466669418 -0.01368319877)
(0 0.6025345246 -0.04471833768)
(0 0.7958927143 -0.2186985305)
(0 0.8922493025 -0.4967475562)
(0 0.7314451774 -0.8589986913)
(0 0.5993487197 -1.048976959)
(0 -1.050370772 0.3888797214)
(0 -2.545920825 1.517154365)
(0 -2.118270128 0.1030092691)
(0 0.0004124566755 0.01007021613)
(0 -1.208429039e-11 -4.59368516e-11)
(0 -1.300392209e-11 -1.681133666e-11)
(0 -2.688918132e-12 -8.305627455e-12)
(0 1.527154135e-12 -5.950606295e-12)
(0 3.829511779e-12 -5.353771451e-12)
(0 5.306662223e-12 -5.179778694e-12)
(0 6.319712077e-12 -5.043598103e-12)
(0 7.033254563e-12 -4.853987307e-12)
(0 7.543274023e-12 -4.604901372e-12)
(0 7.912588469e-12 -4.310185951e-12)
(0 8.183829565e-12 -3.984597708e-12)
(0 8.386101621e-12 -3.639487038e-12)
(0 8.539209141e-12 -3.282720242e-12)
(0 8.656591659e-12 -2.919515131e-12)
(0 8.747388005e-12 -2.553245551e-12)
(0 8.817851142e-12 -2.186030653e-12)
(0 8.872290224e-12 -1.819130637e-12)
(0 8.913688274e-12 -1.453206507e-12)
(0 8.944105867e-12 -1.088493939e-12)
(0 8.964943817e-12 -7.249264398e-13)
(0 8.977108688e-12 -3.622297798e-13)
(0 4.490554593e-12 -1.616830382e-24)
(0 1.949435732e-11 -4.626217225e-13)
(0 2.691118737e-11 -1.035948962e-11)
(0 6.440785295e-12 -1.311303647e-11)
(0 4.478500112e-13 -1.33114071e-11)
(0 8.963408641e-12 -1.297757421e-11)
(0 -1.619338604e-12 -1.273534036e-11)
(0 3.046129397e-12 -1.263186873e-11)
(0 -8.009045211e-14 -1.25934241e-11)
(0 0.5133659326 -0.02557073726)
(0 0.5202169333 -0.1023478846)
(0 0.6064184835 -0.1996367742)
(0 0.257350733 -0.2506562202)
(0 0.02644583651 -0.4132008309)
(0 -1.015718926 0.5045498359)
(0 -2.634777361 1.878030958)
(0 -3.552076397 1.454698317)
(0 -2.061367417 -1.11695098)
(0 2.232094652e-05 -1.998723669)
(0 1.354604835e-11 -3.131146569e-11)
(0 1.788435853e-11 -1.414650111e-11)
(0 5.78123103e-12 -9.153772251e-12)
(0 3.95994539e-12 -7.497196639e-12)
(0 4.62753585e-12 -6.777054947e-12)
(0 5.693800746e-12 -6.299811311e-12)
(0 6.632358716e-12 -5.875070228e-12)
(0 7.354360453e-12 -5.45796753e-12)
(0 7.88551965e-12 -5.04202251e-12)
(0 8.271771331e-12 -4.628591022e-12)
(0 8.553668189e-12 -4.219315069e-12)
(0 8.761631177e-12 -3.814966762e-12)
(0 8.917060168e-12 -3.41570127e-12)
(0 9.034617672e-12 -3.021385885e-12)
(0 9.124290567e-12 -2.631771383e-12)
(0 9.192916581e-12 -2.246544704e-12)
(0 9.245221348e-12 -1.865326903e-12)
(0 9.284496295e-12 -1.487656395e-12)
(0 9.313035042e-12 -1.11297704e-12)
(0 9.332411588e-12 -7.406384776e-13)
(0 9.3436525e-12 -3.699093365e-13)
(0 4.673668592e-12 -8.558107266e-25)
(0 2.028990118e-11 -3.653905138e-13)
(0 2.808597198e-11 -1.042167416e-11)
(0 6.702587636e-12 -1.317098433e-11)
(0 6.574692201e-13 -1.332285787e-11)
(0 9.150549899e-12 -1.295398849e-11)
(0 -1.485607018e-12 -1.268721887e-11)
(0 3.12385108e-12 -1.256484817e-11)
(0 -5.461180483e-14 -1.25144185e-11)
(0 0.429981397 -0.04642524213)
(0 0.4123862492 -0.09724735171)
(0 0.1996692707 0.05256580299)
(0 -0.2479711687 0.09409229603)
(0 -0.7065255894 0.3691854829)
(0 -1.756244039 1.694205643)
(0 -2.488032616 2.335476526)
(0 -2.133150893 0.6878515049)
(0 -0.2512616226 -2.108425744)
(0 0.0002659759225 -2.703764753)
(0 5.085011943e-12 2.567644466e-11)
(0 8.678326111e-12 1.987907853e-13)
(0 3.960386341e-12 -6.665750517e-12)
(0 3.90387144e-12 -8.107343976e-12)
(0 5.026897107e-12 -7.957445826e-12)
(0 6.208646942e-12 -7.36733908e-12)
(0 7.161555857e-12 -6.698912314e-12)
(0 7.866302281e-12 -6.06078503e-12)
(0 8.372650531e-12 -5.476626913e-12)
(0 8.73529591e-12 -4.942841617e-12)
(0 8.997453825e-12 -4.449104736e-12)
(0 9.18971542e-12 -3.985362234e-12)
(0 9.332790018e-12 -3.543730727e-12)
(0 9.440521545e-12 -3.118552888e-12)
(0 9.522229186e-12 -2.70590329e-12)
(0 9.584295621e-12 -2.303040837e-12)
(0 9.631178533e-12 -1.907965739e-12)
(0 9.666038137e-12 -1.519105543e-12)
(0 9.691123785e-12 -1.135111116e-12)
(0 9.708011521e-12 -7.547348522e-13)
(0 9.717747166e-12 -3.767657344e-13)
(0 4.86046393e-12 -2.736691739e-25)
(0 2.110123256e-11 -2.676145325e-13)
(0 2.929145539e-11 -1.044819184e-11)
(0 6.971308135e-12 -1.317576858e-11)
(0 8.748501546e-13 -1.327590584e-11)
(0 9.345112999e-12 -1.287215434e-11)
(0 -1.345660137e-12 -1.258249886e-11)
(0 3.205783515e-12 -1.244315563e-11)
(0 -2.76511154e-14 -1.238225288e-11)
(0 0.3219355005 -0.02625123097)
(0 0.1462881534 0.1827088656)
(0 -0.4212205535 0.5069576932)
(0 -1.000089296 0.6075976701)
(0 -1.544134334 1.250584492)
(0 -1.866278345 2.200109808)
(0 -1.628662478 2.010737417)
(0 -0.4431364382 -0.3142753483)
(0 0.4021273201 -2.570870515)
(0 9.769335853e-05 -2.441545892)
(0 -1.231336234e-11 1.015898875e-11)
(0 -1.504478883e-11 -4.669775082e-12)
(0 -2.52490373e-12 -9.600671853e-12)
(0 2.66825008e-12 -1.030898149e-11)
(0 5.367540746e-12 -9.578064422e-12)
(0 6.952334259e-12 -8.51320201e-12)
(0 7.938912766e-12 -7.492460856e-12)
(0 8.576645853e-12 -6.609628485e-12)
(0 9.003463062e-12 -5.860854125e-12)
(0 9.299293508e-12 -5.217040591e-12)
(0 9.511147572e-12 -4.64889673e-12)
(0 9.667005186e-12 -4.133646068e-12)
(0 9.783869515e-12 -3.655309334e-12)
(0 9.872445108e-12 -3.203194069e-12)
(0 9.939802617e-12 -2.770245783e-12)
(0 9.990854132e-12 -2.3517415e-12)
(0 1.002915664e-11 -1.944377466e-12)
(0 1.005735092e-11 -1.545675313e-12)
(0 1.007740573e-11 -1.153614377e-12)
(0 1.009075697e-11 -7.664143081e-13)
(0 1.009838735e-11 -3.82412852e-13)
(0 5.050434327e-12 -5.701540542e-26)
(0 2.19261513e-11 -1.694264622e-13)
(0 3.053029306e-11 -1.043937994e-11)
(0 7.246285909e-12 -1.312707291e-11)
(0 1.09794349e-12 -1.317014335e-11)
(0 9.544693153e-12 -1.273122178e-11)
(0 -1.201564442e-12 -1.241972176e-11)
(0 3.290543314e-12 -1.226474115e-11)
(0 3.068264421e-16 -1.219451047e-11)
(0 0.2410438678 0.1025906039)
(0 -0.0852183446 0.6980252649)
(0 -0.786068895 1.133760674)
(0 -1.375589606 1.154748014)
(0 -1.704449082 1.433992307)
(0 -1.431492814 1.688402234)
(0 -0.6734200815 1.010052078)
(0 0.7087494507 -1.259566685)
(0 0.3276821289 -2.615131426)
(0 0.0001646745662 -2.236428492)
(0 -9.332392205e-12 -2.646185019e-11)
(0 -1.151735863e-11 -1.987920708e-11)
(0 -1.678820062e-12 -1.675819667e-11)
(0 3.92647887e-12 -1.394984701e-11)
(0 6.822676583e-12 -1.153264048e-11)
(0 8.294250508e-12 -9.614992115e-12)
(0 9.065129383e-12 -8.148119571e-12)
(0 9.497909012e-12 -7.024423462e-12)
(0 9.765238425e-12 -6.140129358e-12)
(0 9.947253304e-12 -5.415574307e-12)
(0 1.008084835e-11 -4.795796467e-12)
(0 1.018330282e-11 -4.245019659e-12)
(0 1.026324202e-11 -3.740674729e-12)
(0 1.03255851e-11 -3.268676815e-12)
(0 1.037368176e-11 -2.820147811e-12)
(0 1.041016394e-11 -2.38929799e-12)
(0 1.043724472e-11 -1.972116752e-12)
(0 1.045680123e-11 -1.565589418e-12)
(0 1.047038479e-11 -1.16724181e-12)
(0 1.047921305e-11 -7.748828764e-13)
(0 1.048416147e-11 -3.864634207e-13)
(0 5.242876782e-12 4.39818192e-25)
(0 2.27619489e-11 -7.255367831e-14)
(0 3.179551662e-11 -1.03943191e-11)
(0 7.525141368e-12 -1.302357976e-11)
(0 1.324102644e-12 -1.300476006e-11)
(0 9.74644584e-12 -1.253051227e-11)
(0 -1.055693992e-12 -1.219802121e-11)
(0 3.376576897e-12 -1.202843478e-11)
(0 2.872381441e-14 -1.194979759e-11)
(0 0.20803836 0.297616193)
(0 -0.1571717009 1.222985047)
(0 -0.7810691505 1.702060918)
(0 -1.156768247 1.547720918)
(0 -1.108882064 1.302687257)
(0 -0.3714072284 0.9003025354)
(0 0.3978948794 0.09011581976)
(0 1.402384021 -1.238325095)
(0 0.448051455 -2.170760549)
(0 0.000314672276 -2.034460434)
(0 -7.027319954e-12 -3.549319849e-11)
(0 -5.750106298e-12 -3.203518234e-11)
(0 3.404456343e-12 -2.360306799e-11)
(0 7.893806275e-12 -1.719956688e-11)
(0 9.702395643e-12 -1.298766406e-11)
(0 1.033685517e-11 -1.026605098e-11)
(0 1.052948142e-11 -8.460621591e-12)
(0 1.058463607e-11 -7.199834591e-12)
(0 1.061231222e-11 -6.259683449e-12)
(0 1.06436264e-11 -5.509341902e-12)
(0 1.068170222e-11 -4.873701029e-12)
(0 1.072212692e-11 -4.309969647e-12)
(0 1.076021236e-11 -3.793706024e-12)
(0 1.079297203e-11 -3.310704522e-12)
(0 1.081918144e-11 -2.85238057e-12)
(0 1.083888519e-11 -2.413188614e-12)
(0 1.085286521e-11 -1.989196964e-12)
(0 1.086222586e-11 -1.577312479e-12)
(0 1.086811227e-11 -1.174866581e-12)
(0 1.087153536e-11 -7.793993252e-13)
(0 1.087327023e-11 -3.885495234e-13)
(0 5.436897747e-12 1.142617414e-24)
(0 2.360424725e-11 2.207744642e-14)
(0 3.307934156e-11 -1.03117331e-11)
(0 7.805509408e-12 -1.286346365e-11)
(0 1.550663172e-12 -1.277883085e-11)
(0 9.947507405e-12 -1.226967704e-11)
(0 -9.104169073e-13 -1.19172169e-11)
(0 3.462348431e-12 -1.173400769e-11)
(0 5.707000296e-14 -1.164778753e-11)
(0 0.2210102258 0.482056091)
(0 -0.07818859659 1.664714289)
(0 -0.5760562559 2.096678201)
(0 -0.7696863998 1.621479898)
(0 -0.5506365552 0.818599624)
(0 0.2615173701 0.01288597389)
(0 0.8568457376 -0.7264522674)
(0 1.44307183 -1.044018907)
(0 0.4771828338 -1.642290695)
(0 0.000357629063 -1.739099075)
(0 -7.408707634e-12 -1.011737517e-10)
(0 -2.687744997e-14 -4.956594982e-11)
(0 1.31567954e-11 -2.841930871e-11)
(0 1.45418828e-11 -1.825766561e-11)
(0 1.375619248e-11 -1.295239156e-11)
(0 1.282129298e-11 -1.000091631e-11)
(0 1.213134577e-11 -8.228473602e-12)
(0 1.169884715e-11 -7.054619357e-12)
(0 1.145573111e-11 -6.189442424e-12)
(0 1.133323572e-11 -5.488419093e-12)
(0 1.12802206e-11 -4.879703373e-12)
(0 1.126329782e-11 -4.32746254e-12)
(0 1.126250714e-11 -3.813490677e-12)
(0 1.126691055e-11 -3.328072422e-12)
(0 1.127119766e-11 -2.865497844e-12)
(0 1.127334754e-11 -2.421890673e-12)
(0 1.127312085e-11 -1.994174387e-12)
(0 1.127113161e-11 -1.579593677e-12)
(0 1.126829794e-11 -1.175504234e-12)
(0 1.12655301e-11 -7.792887493e-13)
(0 1.12635608e-11 -3.883288341e-13)
(0 5.631426305e-12 1.389422769e-24)
(0 2.44486465e-11 1.125991065e-13)
(0 3.437771062e-11 -1.018924453e-11)
(0 8.08593744e-12 -1.264418777e-11)
(0 1.775257697e-12 -1.249123451e-11)
(0 1.014525723e-11 -1.194865611e-11)
(0 -7.678821466e-13 -1.157777595e-11)
(0 3.546474174e-12 -1.13821144e-11)
(0 8.486916636e-14 -1.12891498e-11)
(0 0.2739388116 0.6090659109)
(0 0.123727443 1.991677338)
(0 -0.2681597427 2.373353103)
(0 -0.4227956641 1.586821464)
(0 -0.2956519228 0.3024782904)
(0 0.139284519 -0.7050471259)
(0 0.2017634647 -1.032877886)
(0 0.2606248695 -0.8988281446)
(0 0.764018597 -1.019833317)
(0 0.007060457444 -1.286958279)
(0 7.226570989e-12 -6.071892108e-11)
(0 6.663446833e-11 -3.700270136e-11)
(0 3.471274054e-11 -2.225044243e-11)
(0 2.336072342e-11 -1.445936553e-11)
(0 1.795914494e-11 -1.056332311e-11)
(0 1.506077312e-11 -8.556721602e-12)
(0 1.347577837e-11 -7.397726549e-12)
(0 1.262366724e-11 -6.600735089e-12)
(0 1.217851248e-11 -5.955057756e-12)
(0 1.195336545e-11 -5.37519299e-12)
(0 1.184265877e-11 -4.829234437e-12)
(0 1.178833962e-11 -4.306694656e-12)
(0 1.175960248e-11 -3.804734857e-12)
(0 1.174096486e-11 -3.322614212e-12)
(0 1.172536319e-11 -2.859668852e-12)
(0 1.171020865e-11 -2.414723434e-12)
(0 1.169516221e-11 -1.986033597e-12)
(0 1.168089601e-11 -1.571393466e-12)
(0 1.16684172e-11 -1.168270419e-12)
(0 1.165871076e-11 -7.739208078e-13)
(0 1.165255898e-11 -3.854756998e-13)
(0 5.825226581e-12 1.63821714e-24)
(0 2.529024111e-11 1.985928338e-13)
(0 3.566935295e-11 -1.002469136e-11)
(0 8.361702195e-12 -1.236366871e-11)
(0 1.995063673e-12 -1.214137209e-11)
(0 1.033720544e-11 -1.156797354e-11)
(0 -6.299879337e-13 -1.118085299e-11)
(0 3.627771542e-12 -1.097421236e-11)
(0 1.117187212e-13 -1.087542701e-11)
(0 0.3865010478 0.6381370362)
(0 0.3973699026 2.175353428)
(0 0.1531432565 2.61163801)
(0 0.001126159681 1.679089472)
(0 0.02834184225 0.2191416879)
(0 -0.2903220657 -0.4938896235)
(0 -1.020105859 -0.5876457321)
(0 -1.430005802 -1.28582594)
(0 0.3469669024 -1.635207381)
(0 0.1254361118 -0.9579772267)
(0 2.851233003e-11 3.91069376e-11)
(0 3.813073712e-11 -1.574423229e-11)
(0 3.570013123e-11 -9.120359553e-12)
(0 2.622900212e-11 -6.766070996e-12)
(0 1.965883641e-11 -6.284829213e-12)
(0 1.598688954e-11 -6.264906572e-12)
(0 1.408733228e-11 -6.204975327e-12)
(0 1.314151595e-11 -5.995540782e-12)
(0 1.268127321e-11 -5.654861898e-12)
(0 1.245905904e-11 -5.228053669e-12)
(0 1.234871894e-11 -4.755339377e-12)
(0 1.22877974e-11 -4.265343271e-12)
(0 1.224658758e-11 -3.776139858e-12)
(0 1.221197655e-11 -3.297986988e-12)
(0 1.217908844e-11 -2.835856146e-12)
(0 1.21469828e-11 -2.391325788e-12)
(0 1.211645082e-11 -1.963871258e-12)
(0 1.208889479e-11 -1.551700573e-12)
(0 1.20657706e-11 -1.152280201e-12)
(0 1.204832482e-11 -7.626585062e-13)
(0 1.203748161e-11 -3.796600657e-13)
(0 6.016902005e-12 2.263483421e-24)
(0 2.612232123e-11 2.797419492e-13)
(0 3.695239206e-11 -9.81589609e-12)
(0 8.633092858e-12 -1.2020106e-11)
(0 2.208901489e-12 -1.172901257e-11)
(0 1.052173655e-11 -1.112859205e-11)
(0 -4.980911289e-13 -1.072813662e-11)
(0 3.705360584e-12 -1.051238944e-11)
(0 1.373142594e-13 -1.040885451e-11)
(0 0.5895554534 0.595505355)
(0 0.6727497178 2.203325647)
(0 0.5750798248 2.776596364)
(0 0.4666855772 1.855420529)
(0 0.1200277345 0.5851567668)
(0 -0.2567808998 0.2255123706)
(0 -0.8176343549 -0.6972018666)
(0 -0.4940475691 -1.960887352)
(0 0.3931048771 -2.980014326)
(0 -0.3317271254 -0.7592967312)
(0 0.003466648412 0.1191371892)
(0 1.592879275e-11 5.658740654e-12)
(0 4.369090184e-11 8.278990746e-12)
(0 2.619625376e-11 2.80022914e-12)
(0 1.846030937e-11 -1.545012977e-12)
(0 1.514062701e-11 -4.013093455e-12)
(0 1.374514416e-11 -5.161737796e-12)
(0 1.317378067e-11 -5.521591883e-12)
(0 1.29459996e-11 -5.440788042e-12)
(0 1.285288797e-11 -5.126803311e-12)
(0 1.280536917e-11 -4.698706627e-12)
(0 1.276753914e-11 -4.223178536e-12)
(0 1.272695876e-11 -3.736471932e-12)
(0 1.268124857e-11 -3.257320441e-12)
(0 1.263202439e-11 -2.794440444e-12)
(0 1.258219354e-11 -2.350868202e-12)
(0 1.253478743e-11 -1.926454485e-12)
(0 1.249248707e-11 -1.519291189e-12)
(0 1.245745927e-11 -1.126521655e-12)
(0 1.243133089e-11 -7.447960674e-13)
(0 1.241521748e-11 -3.70522365e-13)
(0 6.204886647e-12 2.745858229e-24)
(0 2.693871995e-11 3.545573868e-13)
(0 3.820867369e-11 -9.560335697e-12)
(0 8.897402377e-12 -1.161163654e-11)
(0 2.415142619e-12 -1.125403032e-11)
(0 1.069731959e-11 -1.063172323e-11)
(0 -3.733453283e-13 -1.02216875e-11)
(0 3.778530637e-12 -9.999198162e-12)
(0 1.614142918e-13 -9.892190458e-12)
(0 0.8830711667 0.5380279183)
(0 0.8718838911 2.100073526)
(0 0.9137666296 2.793239229)
(0 0.9874982772 2.067468217)
(0 0.9587599581 0.9189905782)
(0 1.144060745 0.3477997942)
(0 1.21194138 -0.1018987745)
(0 1.134428438 -1.463922559)
(0 -0.1339043582 -2.137366623)
(0 -0.9882820311 -0.6500544711)
(0 0.002073310841 -0.2587097176)
(0 1.182223363e-11 8.840068783e-11)
(0 3.287211886e-11 3.381246657e-11)
(0 1.64049984e-11 1.12330152e-11)
(0 1.284551382e-11 1.317641744e-12)
(0 1.237016472e-11 -3.080724711e-12)
(0 1.257883386e-11 -4.907308603e-12)
(0 1.28624657e-11 -5.488312206e-12)
(0 1.307606178e-11 -5.459891018e-12)
(0 1.320114046e-11 -5.13965214e-12)
(0 1.325234371e-11 -4.689489486e-12)
(0 1.32500321e-11 -4.192167509e-12)
(0 1.321244568e-11 -3.689211672e-12)
(0 1.315400804e-11 -3.200342026e-12)
(0 1.308554068e-11 -2.733689186e-12)
(0 1.301496876e-11 -2.291247444e-12)
(0 1.294802783e-11 -1.871805728e-12)
(0 1.288882762e-11 -1.472521226e-12)
(0 1.284026572e-11 -1.089756329e-12)
(0 1.280432411e-11 -7.195144094e-13)
(0 1.278227767e-11 -3.57656779e-13)
(0 6.38742437e-12 3.022717607e-24)
(0 2.773082337e-11 4.213861922e-13)
(0 3.942829142e-11 -9.255760789e-12)
(0 9.153158119e-12 -1.113710401e-11)
(0 2.612250468e-12 -1.071694092e-11)
(0 1.086251653e-11 -1.007907967e-11)
(0 -2.567754163e-13 -9.663996166e-12)
(0 3.846675449e-12 -9.437609174e-12)
(0 1.838166227e-13 -9.328624819e-12)
(0 0.9634106874 0.6059237379)
(0 0.7648705171 2.072180704)
(0 0.9374735278 2.666649951)
(0 1.188744289 1.99849164)
(0 1.330808878 0.7647920265)
(0 1.367687117 -0.12980517)
(0 1.295378744 -0.6247922781)
(0 1.05064053 -0.836657479)
(0 -0.5788561606 -0.7809522138)
(0 -1.870757508 -0.68118418)
(0 0.002206210896 -1.037757442)
(0 -2.788746175e-11 7.961941928e-11)
(0 -3.353611366e-11 2.730554657e-11)
(0 -6.298571071e-12 7.001718014e-12)
(0 4.146569459e-12 -1.33672621e-12)
(0 8.915676664e-12 -4.720169372e-12)
(0 1.133755667e-11 -5.898476286e-12)
(0 1.262119826e-11 -6.064483934e-12)
(0 1.329465966e-11 -5.770828226e-12)
(0 1.36232895e-11 -5.282435825e-12)
(0 1.37528538e-11 -4.727440666e-12)
(0 1.376781695e-11 -4.16678447e-12)
(0 1.371878424e-11 -3.627835265e-12)
(0 1.363677106e-11 -3.12109967e-12)
(0 1.354111897e-11 -2.648680821e-12)
(0 1.344407699e-11 -2.208599322e-12)
(0 1.335351364e-11 -1.796998855e-12)
(0 1.327453647e-11 -1.409253716e-12)
(0 1.321046608e-11 -1.040502558e-12)
(0 1.316343045e-11 -6.858835395e-13)
(0 1.313473189e-11 -3.406155696e-13)
(0 6.562543426e-12 3.462488138e-24)
(0 2.8491571e-11 4.805077814e-13)
(0 4.058379346e-11 -8.900937012e-12)
(0 9.395344658e-12 -1.059693526e-11)
(0 2.797853846e-12 -1.011949165e-11)
(0 1.1015668e-11 -9.473170878e-12)
(0 -1.494370145e-13 -9.058088226e-12)
(0 3.909212048e-12 -8.831016719e-12)
(0 2.043329311e-13 -8.72174057e-12)
(0 0.2748577639 0.9158691082)
(0 0.3112628429 2.115077466)
(0 0.7570395055 2.334892138)
(0 1.279097573 1.64421863)
(0 1.656102738 0.6820704416)
(0 1.680749856 0.1763015225)
(0 1.442236584 0.1214318074)
(0 0.9126134637 0.3238774728)
(0 0.495760578 0.1889245558)
(0 -0.938414536 -0.693163038)
(0 -0.0002698598828 -2.13047966)
(0 -2.920988666e-11 -2.598917606e-11)
(0 -3.9888714e-11 -1.134043746e-11)
(0 -1.223727437e-11 -9.194990745e-12)
(0 1.123626431e-12 -8.946111744e-12)
(0 7.808414642e-12 -8.564791327e-12)
(0 1.123451929e-11 -7.901972204e-12)
(0 1.299011376e-11 -7.100355343e-12)
(0 1.385810989e-11 -6.276538729e-12)
(0 1.424452802e-11 -5.491862276e-12)
(0 1.436799507e-11 -4.771094672e-12)
(0 1.43496375e-11 -4.119722445e-12)
(0 1.425813048e-11 -3.534244697e-12)
(0 1.413316249e-11 -3.007510497e-12)
(0 1.399804103e-11 -2.531289621e-12)
(0 1.386665072e-11 -2.097429761e-12)
(0 1.374737344e-11 -1.69831694e-12)
(0 1.364532391e-11 -1.326997429e-12)
(0 1.35636359e-11 -9.77140196e-13)
(0 1.35042111e-11 -6.429309415e-13)
(0 1.346816121e-11 -3.189425209e-13)
(0 6.72803994e-12 4.12195859e-24)
(0 2.921017926e-11 5.324651501e-13)
(0 4.166917525e-11 -8.495193066e-12)
(0 9.624084252e-12 -9.992572101e-12)
(0 2.970853718e-12 -9.464279551e-12)
(0 1.1155563e-11 -8.817122993e-12)
(0 -5.221040229e-14 -8.407453208e-12)
(0 3.965621836e-12 -8.183200844e-12)
(0 2.227920735e-13 -8.075479125e-12)
(0 -0.5620758299 0.6973506794)
(0 0.04483107691 1.620678331)
(0 0.7248149765 1.614420674)
(0 1.375753917 1.080925014)
(0 1.729296109 0.4737006118)
(0 1.730427617 0.1638820118)
(0 1.57098644 0.1460174255)
(0 1.252499696 0.385571132)
(0 1.121875311 0.828055012)
(0 0.06056715601 0.1636254982)
(0 0.0006847296085 -2.256268355)
(0 -1.260290967e-11 -7.873463126e-11)
(0 -1.702262635e-11 -3.779119968e-11)
(0 -3.904245356e-12 -2.349516599e-11)
(0 4.776768877e-12 -1.66879652e-11)
(0 9.959816204e-12 -1.269092835e-11)
(0 1.280199265e-11 -1.004429844e-11)
(0 1.424663173e-11 -8.15846124e-12)
(0 1.490315273e-11 -6.743148932e-12)
(0 1.512873356e-11 -5.637432873e-12)
(0 1.512499363e-11 -4.745415899e-12)
(0 1.500466693e-11 -4.006824816e-12)
(0 1.483099619e-11 -3.381948209e-12)
(0 1.463972613e-11 -2.843412916e-12)
(0 1.445119971e-11 -2.371513062e-12)
(0 1.427704967e-11 -1.951476517e-12)
(0 1.412394598e-11 -1.571812533e-12)
(0 1.399571321e-11 -1.223268901e-12)
(0 1.389453257e-11 -8.981387362e-13)
(0 1.382162812e-11 -5.897751939e-13)
(0 1.377766284e-11 -2.922347371e-13)
(0 6.881485947e-12 4.349265584e-24)
(0 2.987643641e-11 5.759006381e-13)
(0 4.266200451e-11 -8.03796768e-12)
(0 9.835735318e-12 -9.325924827e-12)
(0 3.129082285e-12 -8.754383692e-12)
(0 1.12805824e-11 -8.11451912e-12)
(0 3.384943436e-14 -7.716000844e-12)
(0 4.015320012e-12 -7.498320802e-12)
(0 2.390069854e-13 -7.394137693e-12)
(0 -0.3967163265 0.2849997094)
(0 0.1920702448 0.7404411756)
(0 0.8502287804 0.8288106133)
(0 1.32510529 0.6549554899)
(0 1.55155702 0.3543712409)
(0 1.599647856 0.3465119306)
(0 1.564984352 0.5759935594)
(0 1.515268483 0.8648825133)
(0 1.571512496 1.324221699)
(0 0.8622520966 0.4161513683)
(0 -0.01865937488 -2.126552795)
(0 1.253761907e-11 -5.439251846e-11)
(0 1.504714429e-11 -3.792889684e-11)
(0 8.865960107e-12 -3.030649399e-11)
(0 1.192786406e-11 -2.161966608e-11)
(0 1.445208141e-11 -1.546664071e-11)
(0 1.576698641e-11 -1.142582964e-11)
(0 1.629126327e-11 -8.74605116e-12)
(0 1.637913826e-11 -6.900186707e-12)
(0 1.624226105e-11 -5.569345717e-12)
(0 1.599860313e-11 -4.566368441e-12)
(0 1.571310519e-11 -3.780281178e-12)
(0 1.542154238e-11 -3.14337515e-12)
(0 1.514359763e-11 -2.612720912e-12)
(0 1.488997743e-11 -2.159880765e-12)
(0 1.466635125e-11 -1.765132525e-12)
(0 1.447558106e-11 -1.414161933e-12)
(0 1.431899771e-11 -1.096109323e-12)
(0 1.419712961e-11 -8.023668798e-13)
(0 1.41101151e-11 -5.258009908e-13)
(0 1.405793641e-11 -2.602219926e-13)
(0 7.020274677e-12 4.416713246e-24)
(0 3.047913381e-11 6.112236565e-13)
(0 4.354234004e-11 -7.530345005e-12)
(0 1.002677813e-11 -8.600528996e-12)
(0 3.270093875e-12 -7.994082372e-12)
(0 1.138892295e-11 -7.369775038e-12)
(0 1.075854564e-13 -6.988241144e-12)
(0 4.057675542e-12 -6.781003563e-12)
(0 2.527785727e-13 -6.682417189e-12)
(0 0.1358119906 0.1177098687)
(0 0.4776742136 0.2915770343)
(0 0.9440248709 0.4454897862)
(0 1.219405573 0.49979968)
(0 1.516107784 0.02695140198)
(0 1.810378084 0.2087913035)
(0 1.923853077 0.08408899755)
(0 2.059294573 0.294319576)
(0 2.067273423 1.657167617)
(0 2.274342713 1.910296401)
(0 -0.2475935622 -1.392306697)
(0 -0.001282760317 -0.01919611197)
(0 6.993114732e-12 -6.57556858e-11)
(0 1.240498541e-11 -3.818211037e-11)
(0 1.961662216e-11 -2.401754414e-11)
(0 2.015365264e-11 -1.613009635e-11)
(0 1.95225822e-11 -1.144628199e-11)
(0 1.877227467e-11 -8.499695089e-12)
(0 1.807985817e-11 -6.542192959e-12)
(0 1.746255183e-11 -5.173405098e-12)
(0 1.691405817e-11 -4.170460174e-12)
(0 1.642766022e-11 -3.404609684e-12)
(0 1.599855646e-11 -2.798619291e-12)
(0 1.562322052e-11 -2.304276566e-12)
(0 1.52987881e-11 -1.890191332e-12)
(0 1.502276851e-11 -1.535015546e-12)
(0 1.479296918e-11 -1.223579601e-12)
(0 1.460750826e-11 -9.446227214e-13)
(0 1.44648409e-11 -6.894074546e-13)
(0 1.436377301e-11 -4.508341801e-13)
(0 1.430346383e-11 -2.228452481e-13)
(0 7.141707939e-12 5.013406472e-24)
(0 3.100673013e-11 6.37703508e-13)
(0 4.429676042e-11 -6.973843195e-12)
(0 1.019484227e-11 -7.820837464e-12)
(0 3.391579837e-12 -7.188500524e-12)
(0 1.147881205e-11 -6.588027863e-12)
(0 1.678536936e-13 -6.229280621e-12)
(0 4.092067034e-12 -6.036361171e-12)
(0 2.639122504e-13 -5.945433685e-12)
(0 0.2203435131 -0.02365182739)
(0 0.5498152135 -0.1160525308)
(0 0.9200161407 -0.06822697103)
(0 0.83930373 0.3379911338)
(0 0.7865947237 -0.3572880434)
(0 0.6877733928 0.1755378725)
(0 0.341174372 0.5267619064)
(0 -0.5461147689 0.6531182162)
(0 -0.2428499258 1.2201744)
(0 1.415174001 1.99044634)
(0 0.05064295266 0.7271484672)
(0 -0.001442296006 -0.2821461295)
(0 3.658002844e-11 -6.116580676e-11)
(0 5.059918758e-11 -3.26535295e-11)
(0 3.397987808e-11 -2.013827855e-11)
(0 2.702334356e-11 -1.358985736e-11)
(0 2.339738767e-11 -9.729424746e-12)
(0 2.119535229e-11 -7.264184873e-12)
(0 1.970542825e-11 -5.595437596e-12)
(0 1.861399384e-11 -4.411590286e-12)
(0 1.776739854e-11 -3.53744741e-12)
(0 1.708494607e-11 -2.869100282e-12)
(0 1.65218755e-11 -2.342267178e-12)
(0 1.605202559e-11 -1.915634714e-12)
(0 1.565923845e-11 -1.561637747e-12)
(0 1.533296299e-11 -1.261178458e-12)
(0 1.506597388e-11 -1.000516369e-12)
(0 1.485316986e-11 -7.693822419e-13)
(0 1.469091815e-11 -5.597924722e-13)
(0 1.457667731e-11 -3.652711392e-13)
(0 1.450877059e-11 -1.80314165e-13)
(0 7.243119925e-12 5.384618417e-24)
(0 3.144646377e-11 6.561335011e-13)
(0 4.489772282e-11 -6.37154974e-12)
(0 1.03343798e-11 -6.992939037e-12)
(0 3.490575429e-12 -6.344009654e-12)
(0 1.154837789e-11 -5.775317287e-12)
(0 2.135370232e-13 -5.444883719e-12)
(0 4.117917075e-12 -5.269997889e-12)
(0 2.722319793e-13 -5.18870266e-12)
(0 0.07827280211 -0.1409012763)
(0 0.2476903141 -0.3419530478)
(0 0.6788049097 0.1901362309)
(0 -0.04119946601 0.9996332045)
(0 -1.959486877 -0.5305753614)
(0 -1.843346352 1.04405584)
(0 -1.994647016 1.097479003)
(0 -2.358506986 0.8104461175)
(0 -1.883544854 0.3958103137)
(0 -0.8853020358 0.4247848098)
(0 0.2754158645 0.1787394775)
(0 9.186903425e-11 -2.89086149e-11)
(0 7.764865109e-11 -5.129781694e-12)
(0 5.336028996e-11 -1.120030979e-11)
(0 3.868029429e-11 -1.029216583e-11)
(0 3.056250645e-11 -8.361583678e-12)
(0 2.584825469e-11 -6.617291558e-12)
(0 2.290626182e-11 -5.232091462e-12)
(0 2.093245276e-11 -4.163697838e-12)
(0 1.952054202e-11 -3.340000047e-12)
(0 1.845654818e-11 -2.698594345e-12)
(0 1.762284045e-11 -2.192070131e-12)
(0 1.695202202e-11 -1.78574292e-12)
(0 1.640384995e-11 -1.454403383e-12)
(0 1.595324435e-11 -1.179588323e-12)
(0 1.558388988e-11 -9.475682096e-13)
(0 1.52847654e-11 -7.479298537e-13)
(0 1.504823216e-11 -5.725890033e-13)
(0 1.486895201e-11 -4.150950342e-13)
(0 1.474325131e-11 -2.7012899e-13)
(0 1.466873497e-11 -1.331290319e-13)
(0 7.322022105e-12 5.21286737e-24)
(0 3.178933501e-11 6.670505744e-13)
(0 4.534090966e-11 -5.727687188e-12)
(0 1.044498634e-11 -6.123965462e-12)
(0 3.565649906e-12 -5.467797744e-12)
(0 1.159647008e-11 -4.938341173e-12)
(0 2.438937819e-13 -4.641335381e-12)
(0 4.134828261e-12 -4.487913834e-12)
(0 2.776156948e-13 -4.418055697e-12)
(0 -0.005480539731 -0.3753323713)
(0 0.1039816664 -0.8275183628)
(0 0.4954315148 -0.2751961282)
(0 -0.03438530964 4.517424122)
(0 -1.999521547 0.9347525003)
(0 -1.847796484 0.9333592691)
(0 -1.24881535 0.6023086005)
(0 -0.6510880472 0.2868818943)
(0 -0.3505358573 -0.1064416399)
(0 -0.1810943718 -0.003176016315)
(0 6.119569365e-12 6.845282682e-11)
(0 6.022476359e-11 4.306198208e-11)
(0 5.547645765e-11 1.579987981e-11)
(0 4.543680345e-11 3.274071382e-12)
(0 3.68186042e-11 -1.468517339e-12)
(0 3.069821783e-11 -2.947046551e-12)
(0 2.652687989e-11 -3.146054188e-12)
(0 2.364894601e-11 -2.883130924e-12)
(0 2.159751967e-11 -2.487176147e-12)
(0 2.007909733e-11 -2.086035415e-12)
(0 1.891532845e-11 -1.724805387e-12)
(0 1.799779749e-11 -1.414827569e-12)
(0 1.725954225e-11 -1.154250102e-12)
(0 1.665818019e-11 -9.366854201e-13)
(0 1.616607362e-11 -7.547820764e-13)
(0 1.576462145e-11 -6.01601648e-13)
(0 1.544095309e-11 -4.710544973e-13)
(0 1.518600468e-11 -3.579437023e-13)
(0 1.499337816e-11 -2.57856492e-13)
(0 1.485864331e-11 -1.6700556e-13)
(0 1.477889958e-11 -8.206264262e-14)
(0 7.376248957e-12 5.303684912e-24)
(0 3.202499971e-11 6.69525508e-13)
(0 4.560877546e-11 -5.047073331e-12)
(0 1.052295529e-11 -5.221589728e-12)
(0 3.614802648e-12 -4.567519577e-12)
(0 1.162198217e-11 -4.084237856e-12)
(0 2.583319762e-13 -3.825294799e-12)
(0 4.142522239e-12 -3.696386539e-12)
(0 2.799841611e-13 -3.639533526e-12)
(0 -0.9274861591 -0.05950306878)
(0 -1.905301447 -0.2093487926)
(0 -4.774955843 0.2803835637)
(0 -1.452944264 1.322684686)
(0 -1.436589187 0.982172664)
(0 -0.8412677337 0.3784787879)
(0 -0.1643326057 -0.1377193908)
(0 0.1052170779 -0.007378961319)
(0 -1.063605008e-11 4.543911751e-11)
(0 -8.137253846e-12 3.949187747e-11)
(0 1.552147014e-11 6.170143928e-11)
(0 3.325993266e-11 3.882696799e-11)
(0 3.786074031e-11 2.091695614e-11)
(0 3.609189281e-11 9.965168203e-12)
(0 3.245917636e-11 4.090969141e-12)
(0 2.88849696e-11 1.187825001e-12)
(0 2.591217032e-11 -1.368596092e-13)
(0 2.356513986e-11 -6.672155125e-13)
(0 2.172954827e-11 -8.15782452e-13)
(0 2.028291278e-11 -7.920828629e-13)
(0 1.912775602e-11 -6.997066359e-13)
(0 1.819339573e-11 -5.881630057e-13)
(0 1.743016417e-11 -4.797562014e-13)
(0 1.680331798e-11 -3.833378524e-13)
(0 1.628832812e-11 -3.012886925e-13)
(0 1.586761746e-11 -2.330291191e-13)
(0 1.552842334e-11 -1.767556819e-13)
(0 1.526143017e-11 -1.302736995e-13)
(0 1.505989015e-11 -9.137107039e-14)
(0 1.491904516e-11 -5.79606037e-14)
(0 1.483574053e-11 -2.810733523e-14)
(0 7.404084747e-12 5.397255671e-24)
(0 3.214521461e-11 6.645359982e-13)
(0 4.569048009e-11 -4.336453524e-12)
(0 1.056556772e-11 -4.295112197e-12)
(0 3.636542905e-12 -3.651914615e-12)
(0 1.162423148e-11 -3.22081006e-12)
(0 2.565541493e-13 -3.003804832e-12)
(0 4.140885601e-12 -2.901900756e-12)
(0 2.793105114e-13 -2.859296604e-12)
(0 -0.1865878735 0.3978940146)
(0 -0.4224125511 1.07516181)
(0 -1.335639889 1.692921631)
(0 -1.707078585 0.8678865367)
(0 -1.206324749 0.6873872725)
(0 -0.02264477076 -0.3420372676)
(0 0.01103645019 -0.3194612017)
(0 -0.004070441925 0.08766846843)
(0 -7.11302562e-12 3.740588909e-11)
(0 -2.446866031e-11 4.009848245e-11)
(0 3.702194456e-12 3.815140617e-11)
(0 1.944028044e-11 2.889263137e-11)
(0 2.661465786e-11 1.907578944e-11)
(0 2.861081645e-11 1.157862749e-11)
(0 2.804126099e-11 6.679284872e-12)
(0 2.647038908e-11 3.744074096e-12)
(0 2.467183937e-11 2.077848884e-12)
(0 2.297002317e-11 1.166846505e-12)
(0 2.147265231e-11 6.833720376e-13)
(0 2.019517315e-11 4.332627102e-13)
(0 1.911924831e-11 3.062915736e-13)
(0 1.821774793e-11 2.416787064e-13)
(0 1.74643674e-11 2.067352482e-13)
(0 1.68366477e-11 1.843640806e-13)
(0 1.631638236e-11 1.659682568e-13)
(0 1.588915446e-11 1.475048987e-13)
(0 1.554370851e-11 1.273197015e-13)
(0 1.527138929e-11 1.049730697e-13)
(0 1.506569126e-11 8.061353577e-14)
(0 1.492190704e-11 5.465196812e-14)
(0 1.483686018e-11 2.760034234e-14)
(0 7.404356292e-12 5.023706345e-24)
(0 3.2146955e-11 6.526853371e-13)
(0 4.558477245e-11 -3.603427366e-12)
(0 1.05722115e-11 -3.354578523e-12)
(0 3.630406442e-12 -2.73022625e-12)
(0 1.160317985e-11 -2.35617203e-12)
(0 2.386337283e-13 -2.18407044e-12)
(0 4.129983891e-12 -2.110994303e-12)
(0 2.756199479e-13 -2.083505755e-12)
(0 0.6112045049 0.3940672796)
(0 0.6728043854 1.091218079)
(0 0.9467735695 1.850305696)
(0 0.9287135284 1.24658424)
(0 0.1975412926 -0.5835421332)
(0 0.5321838718 -0.9937799056)
(0 0.1583600136 -0.100819524)
(0 -0.001098024113 0.01746155639)
(0 -2.687746037e-12 -7.365275133e-12)
(0 -7.323049435e-12 1.651979465e-11)
(0 4.315619057e-12 2.192066467e-11)
(0 1.418431593e-11 1.951654707e-11)
(0 2.054673643e-11 1.491499775e-11)
(0 2.369538825e-11 1.059432106e-11)
(0 2.462462296e-11 7.303409858e-12)
(0 2.428353361e-11 5.031238269e-12)
(0 2.333494273e-11 3.537210513e-12)
(0 2.217066301e-11 2.573278381e-12)
(0 2.099596447e-11 1.949121136e-12)
(0 1.990583231e-11 1.535484275e-12)
(0 1.893617202e-11 1.24997043e-12)
(0 1.809383941e-11 1.041888658e-12)
(0 1.737284955e-11 8.80676072e-13)
(0 1.676255098e-11 7.480926874e-13)
(0 1.625146894e-11 6.332801758e-13)
(0 1.582896891e-11 5.297432255e-13)
(0 1.548589151e-11 4.335431022e-13)
(0 1.5214724e-11 3.422282068e-13)
(0 1.500956905e-11 2.542038563e-13)
(0 1.486603197e-11 1.683615461e-13)
(0 1.478108856e-11 8.386079497e-14)
(0 7.376484405e-12 4.648632516e-24)
(0 3.202528242e-11 6.343200263e-13)
(0 4.528938451e-11 -2.856440413e-12)
(0 1.054186198e-11 -2.410510122e-12)
(0 3.596251366e-12 -1.811920516e-12)
(0 1.15591442e-11 -1.498500448e-12)
(0 2.048686784e-13 -1.373261451e-12)
(0 4.109987781e-12 -1.330118471e-12)
(0 2.689664798e-13 -1.318223713e-12)
(0 1.33745329 0.2965430631)
(0 1.506764795 0.8346110665)
(0 1.83901643 1.16043552)
(0 2.278487025 1.399994948)
(0 2.110213152 0.955081225)
(0 0.8931972724 -0.1027899072)
(0 0.4192824952 0.270063917)
(0 -0.0001523372174 0.2052364696)
(0 2.236401695e-12 -4.442253526e-12)
(0 4.821748514e-12 1.142973717e-11)
(0 6.698946877e-12 1.349509794e-11)
(0 1.243461353e-11 1.233810152e-11)
(0 1.769243185e-11 1.04734503e-11)
(0 2.099922856e-11 8.58031897e-12)
(0 2.247817821e-11 6.908805597e-12)
(0 2.270418973e-11 5.540234351e-12)
(0 2.221387949e-11 4.466444435e-12)
(0 2.138193379e-11 3.639864762e-12)
(0 2.043485821e-11 3.004275129e-12)
(0 1.949602244e-11 2.509537426e-12)
(0 1.862565269e-11 2.116205149e-12)
(0 1.784845357e-11 1.795238045e-12)
(0 1.717057143e-11 1.526000895e-12)
(0 1.65892518e-11 1.294056434e-12)
(0 1.609803289e-11 1.089311905e-12)
(0 1.568941739e-11 9.046335038e-13)
(0 1.535619349e-11 7.348704843e-13)
(0 1.509205004e-11 5.761875429e-13)
(0 1.48918246e-11 4.256130514e-13)
(0 1.475156398e-11 2.807332337e-13)
(0 1.466849864e-11 1.394831047e-13)
(0 7.320495497e-12 4.164601437e-24)
(0 3.178221703e-11 6.10126495e-13)
(0 4.480936539e-11 -2.104784669e-12)
(0 1.047465593e-11 -1.473904073e-12)
(0 3.534491675e-12 -9.066137857e-13)
(0 1.149276232e-11 -6.559051185e-13)
(0 1.556972535e-13 -5.783852224e-13)
(0 4.08110544e-12 -5.655545643e-13)
(0 2.594084868e-13 -5.693702111e-13)
(0 1.748757575 0.1821995272)
(0 1.734801699 0.516828797)
(0 1.874183889 0.791232469)
(0 1.91569215 1.208686046)
(0 1.94677068 1.405223855)
(0 0.7832655415 0.4583809161)
(0 0.6845120381 0.8203367725)
(0 0.03246616742 0.4399190318)
(0 1.005970195e-11 3.088564329e-12)
(0 1.066686129e-11 2.01637922e-11)
(0 5.223983406e-12 8.292192329e-12)
(0 1.116266829e-11 5.867476032e-12)
(0 1.678895388e-11 6.0605417e-12)
(0 2.013074355e-11 6.344749058e-12)
(0 2.158453835e-11 6.21133119e-12)
(0 2.184117245e-11 5.754486808e-12)
(0 2.143457314e-11 5.148519657e-12)
(0 2.070849371e-11 4.515481328e-12)
(0 1.986563714e-11 3.918557496e-12)
(0 1.901776233e-11 3.382151771e-12)
(0 1.822187264e-11 2.910050766e-12)
(0 1.750363516e-11 2.496850448e-12)
(0 1.687166794e-11 2.134037244e-12)
(0 1.632586199e-11 1.812825364e-12)
(0 1.586204601e-11 1.525276757e-12)
(0 1.547452749e-11 1.264601778e-12)
(0 1.515744555e-11 1.025109661e-12)
(0 1.490546657e-11 8.020331125e-13)
(0 1.471411474e-11 5.913263141e-13)
(0 1.457990202e-11 3.894760439e-13)
(0 1.450035532e-11 1.933382749e-13)
(0 7.2370013e-12 3.53594985e-24)
(0 3.141917847e-11 5.812710041e-13)
(0 4.41515627e-11 -1.358266422e-12)
(0 1.037101923e-11 -5.558226272e-13)
(0 3.445819377e-12 -2.375745778e-14)
(0 1.140479529e-11 1.637812815e-13)
(0 9.15615813e-14 1.938296397e-13)
(0 4.043506692e-12 1.766222635e-13)
(0 2.469850756e-13 1.572678984e-13)
(0 1.743198986 0.4849219913)
(0 1.380443436 0.916194174)
(0 1.303022 0.9935022196)
(0 1.20785462 1.46978199)
(0 1.047513361 1.822841383)
(0 0.06028624373 1.067406521)
(0 0.09326365933 1.031953418)
(0 0.184998701 0.6916255072)
(0 -0.006107364544 0.03322069202)
(0 1.038216885e-11 1.255188617e-11)
(0 -7.597369283e-12 -6.357411434e-12)
(0 1.02029629e-11 -3.22088254e-12)
(0 1.816970487e-11 1.556563106e-12)
(0 2.115001805e-11 4.526784248e-12)
(0 2.188791596e-11 5.837292879e-12)
(0 2.16413782e-11 6.117892727e-12)
(0 2.097487401e-11 5.85769481e-12)
(0 2.015197163e-11 5.355007353e-12)
(0 1.930152865e-11 4.772329316e-12)
(0 1.848751571e-11 4.190451511e-12)
(0 1.774035137e-11 3.644980944e-12)
(0 1.707244005e-11 3.148068484e-12)
(0 1.648654635e-11 2.70047464e-12)
(0 1.598049132e-11 2.297936867e-12)
(0 1.554980931e-11 1.934370684e-12)
(0 1.518925029e-11 1.603384768e-12)
(0 1.489362482e-11 1.298928029e-12)
(0 1.46582667e-11 1.015504191e-12)
(0 1.447926753e-11 7.481803376e-13)
(0 1.435357594e-11 4.925049395e-13)
(0 1.427902259e-11 2.443923929e-13)
(0 7.127157222e-12 3.131938271e-24)
(0 3.094186404e-11 5.477811745e-13)
(0 4.333375871e-11 -6.262182155e-13)
(0 1.023307486e-11 3.333841982e-13)
(0 3.331245481e-12 8.278437002e-13)
(0 1.129601745e-11 9.532427118e-13)
(0 1.28285213e-14 9.370140731e-13)
(0 3.997288109e-12 8.905308433e-13)
(0 2.317074751e-13 8.559848217e-13)
(0 2.443631052 0.5293857802)
(0 0.5723469281 0.596152691)
(0 0.1070400799 0.7090007595)
(0 0.6287914386 1.327827683)
(0 0.4817534244 3.064814897)
(0 0.2526206904 1.506017353)
(0 0.01435667806 0.8503556588)
(0 0.5411455782 0.5611414302)
(0 -0.005607896327 0.1098740851)
(0 -2.683003561e-12 -1.096029543e-10)
(0 -1.054028104e-11 -4.304491269e-11)
(0 1.907664283e-11 -1.395010936e-11)
(0 2.453662067e-11 -1.140120052e-12)
(0 2.441147332e-11 4.368549708e-12)
(0 2.317564682e-11 6.493086023e-12)
(0 2.186157438e-11 7.022095507e-12)
(0 2.067168777e-11 6.809355434e-12)
(0 1.962312821e-11 6.274511528e-12)
(0 1.870108129e-11 5.625285752e-12)
(0 1.789041396e-11 4.962322641e-12)
(0 1.717948961e-11 4.331330449e-12)
(0 1.655912885e-11 3.749953952e-12)
(0 1.602153632e-11 3.22185376e-12)
(0 1.555975804e-11 2.74408128e-12)
(0 1.516749391e-11 2.310888583e-12)
(0 1.483908483e-11 1.915638981e-12)
(0 1.456956497e-11 1.551710549e-12)
(0 1.435471888e-11 1.212871201e-12)
(0 1.419111549e-11 8.933822452e-13)
(0 1.407611408e-11 5.879679899e-13)
(0 1.400785038e-11 2.917239097e-13)
(0 6.992608907e-12 2.556453744e-24)
(0 3.03573741e-11 5.111161984e-13)
(0 4.235888896e-11 8.181450078e-14)
(0 1.005955954e-11 1.183538703e-12)
(0 3.191008548e-12 1.639696013e-12)
(0 1.116691023e-11 1.705508274e-12)
(0 -8.027298797e-14 1.645064979e-12)
(0 3.942492294e-12 1.570409806e-12)
(0 2.135736922e-13 1.521091593e-12)
(0 1.650772241 3.664912278)
(0 -0.07543672339 3.646406337)
(0 -0.3321370392 1.282783875)
(0 -0.9961980104 0.9822208064)
(0 0.3933588977 1.74664883)
(0 1.216470485 1.113432319)
(0 1.261394689 1.018854457)
(0 1.364557296 0.8921795513)
(0 0.008887589885 0.6162548507)
(0 1.17729425e-13 -1.448199113e-10)
(0 8.808360318e-11 -4.224104108e-11)
(0 5.210775553e-11 -8.394360814e-12)
(0 3.648836394e-11 3.464637219e-12)
(0 2.878322412e-11 7.594567806e-12)
(0 2.454146175e-11 8.744409895e-12)
(0 2.195764761e-11 8.668064859e-12)
(0 2.022729003e-11 8.083133735e-12)
(0 1.896790195e-11 7.308399583e-12)
(0 1.798933977e-11 6.491967464e-12)
(0 1.719356041e-11 5.702196399e-12)
(0 1.652798268e-11 4.968033731e-12)
(0 1.596296336e-11 4.29854162e-12)
(0 1.548067367e-11 3.692897393e-12)
(0 1.506952614e-11 3.145647397e-12)
(0 1.472136701e-11 2.649466907e-12)
(0 1.443007226e-11 2.196573012e-12)
(0 1.419085704e-11 1.779401682e-12)
(0 1.399993839e-11 1.390883573e-12)
(0 1.385436432e-11 1.02450477e-12)
(0 1.375191761e-11 6.742566448e-13)
(0 1.36910546e-11 3.345323052e-13)
(0 6.835433312e-12 1.730383375e-24)
(0 2.967452747e-11 4.726888022e-13)
(0 4.125664997e-11 7.57013176e-13)
(0 9.855208701e-12 1.985530815e-12)
(0 3.027048122e-12 2.404180098e-12)
(0 1.101862637e-11 2.414205657e-12)
(0 -1.871849722e-13 2.31223214e-12)
(0 3.879334334e-12 2.210653524e-12)
(0 1.926378039e-13 2.146951537e-12)
(0 -6.395401031 0.8715340788)
(0 -0.3718447725 0.9595396934)
(0 0.6548065315 0.9675874207)
(0 0.4091112736 1.001992578)
(0 0.8933190375 0.9180571936)
(0 1.339738187 0.8654994509)
(0 1.55332238 0.8196636279)
(0 1.75612124 1.3757646)
(0 0.01360916896 1.505185859)
(0 -3.947453425e-12 5.540250817e-11)
(0 1.260430316e-10 2.745335615e-11)
(0 6.478232113e-11 1.914913052e-11)
(0 4.052554929e-11 1.579841207e-11)
(0 2.9691246e-11 1.380060826e-11)
(0 2.424914388e-11 1.222195622e-11)
(0 2.120029822e-11 1.082266151e-11)
(0 1.931202249e-11 9.546750767e-12)
(0 1.803196194e-11 8.384012549e-12)
(0 1.709487811e-11 7.331992085e-12)
(0 1.636648023e-11 6.38644121e-12)
(0 1.577583483e-11 5.540036967e-12)
(0 1.528399251e-11 4.78325961e-12)
(0 1.48686421e-11 4.105538386e-12)
(0 1.451632755e-11 3.496144699e-12)
(0 1.421841953e-11 2.944761358e-12)
(0 1.396901961e-11 2.441784676e-12)
(0 1.376387553e-11 1.978436311e-12)
(0 1.359982196e-11 1.546751072e-12)
(0 1.347448856e-11 1.139490427e-12)
(0 1.338614161e-11 7.500160797e-13)
(0 1.333359374e-11 3.721452957e-13)
(0 6.658076602e-12 1.205050724e-24)
(0 2.890373384e-11 4.324033242e-13)
(0 4.003981233e-11 1.392032238e-12)
(0 9.62148329e-12 2.732118013e-12)
(0 2.84083027e-12 3.115054114e-12)
(0 1.085239646e-11 3.073795163e-12)
(0 -3.07115327e-13 2.933234463e-12)
(0 3.808251059e-12 2.805928595e-12)
(0 1.690400146e-13 2.728121497e-12)
(0 -0.8315448736 -1.490350284)
(0 0.3943423536 -2.072313526)
(0 0.8202389707 0.7437373487)
(0 1.002201119 0.9177029419)
(0 1.010946204 0.6695296042)
(0 1.23548638 0.6515613526)
(0 1.499848733 0.5070130339)
(0 1.53549503 2.163741566)
(0 0.0007068082568 2.449344367)
(0 -7.911376993e-13 1.770195327e-10)
(0 5.22155543e-11 7.78884186e-11)
(0 4.045281145e-11 4.173894659e-11)
(0 3.113984169e-11 2.677913816e-11)
(0 2.520676828e-11 1.958735554e-11)
(0 2.1563515e-11 1.552014371e-11)
(0 1.928244216e-11 1.285389992e-11)
(0 1.778864107e-11 1.089722741e-11)
(0 1.675314327e-11 9.348933715e-12)
(0 1.599176843e-11 8.065547407e-12)
(0 1.540160529e-11 6.971515366e-12)
(0 1.492480108e-11 6.022383968e-12)
(0 1.452846478e-11 5.188902968e-12)
(0 1.419355876e-11 4.449847317e-12)
(0 1.390874911e-11 3.788634883e-12)
(0 1.366700699e-11 3.191652551e-12)
(0 1.346374721e-11 2.647367411e-12)
(0 1.329582344e-11 2.145802829e-12)
(0 1.316099251e-11 1.678186362e-12)
(0 1.305762933e-11 1.236681711e-12)
(0 1.298457248e-11 8.14165242e-13)
(0 1.294103852e-11 4.04028925e-13)
(0 6.463288017e-12 8.534702806e-25)
(0 2.805762028e-11 3.900795052e-13)
(0 3.873449725e-11 1.980619227e-12)
(0 9.362349305e-12 3.417348914e-12)
(0 2.634557542e-12 3.767037727e-12)
(0 1.066996086e-11 3.679363326e-12)
(0 -4.38827618e-13 3.503234861e-12)
(0 3.729994776e-12 3.35129573e-12)
(0 1.430320831e-13 3.259546866e-12)
(0 1.068007926 -0.376638514)
(0 -0.2671613366 -1.06065392)
(0 -0.6211918233 0.186261472)
(0 0.4591684044 0.5468323865)
(0 0.3674080026 0.4497136781)
(0 1.399558243 0.1253446242)
(0 0.9849718912 0.5418031808)
(0 0.1918305328 3.21693605)
(0 -0.004703424859 2.975089322)
(0 3.16678584e-12 1.040741242e-10)
(0 -8.610520479e-12 6.596821792e-11)
(0 1.367304069e-11 4.313891922e-11)
(0 1.837395823e-11 2.999170769e-11)
(0 1.843225154e-11 2.224950381e-11)
(0 1.751568826e-11 1.7417402e-11)
(0 1.657738193e-11 1.417561127e-11)
(0 1.580705629e-11 1.183936713e-11)
(0 1.520028193e-11 1.004896987e-11)
(0 1.471745976e-11 8.609737526e-12)
(0 1.432331679e-11 7.411656089e-12)
(0 1.399322243e-11 6.389049574e-12)
(0 1.371145586e-11 5.500106275e-12)
(0 1.346837401e-11 4.716313822e-12)
(0 1.325813279e-11 4.016902154e-12)
(0 1.307715206e-11 3.38585156e-12)
(0 1.292316989e-11 2.810228544e-12)
(0 1.279469449e-11 2.279214584e-12)
(0 1.269070085e-11 1.783500165e-12)
(0 1.261046744e-11 1.314874943e-12)
(0 1.255348883e-11 8.659264213e-13)
(0 1.25194285e-11 4.298008065e-13)
(0 6.254047677e-12 2.849650287e-25)
(0 2.714822772e-11 3.467795811e-13)
(0 3.735046103e-11 2.517281859e-12)
(0 9.07892535e-12 4.036028521e-12)
(0 2.410276528e-12 4.355443064e-12)
(0 1.047333797e-11 4.226482965e-12)
(0 -5.807872317e-13 4.017879504e-12)
(0 3.645511777e-12 3.842370778e-12)
(0 1.149272579e-13 3.736760653e-12)
(0 0.4421744389 -0.3795015647)
(0 0.2481158316 -0.4857582201)
(0 -0.1524472942 0.1400281083)
(0 0.189845555 0.2075719828)
(0 -0.08710088754 -0.02430855745)
(0 0.5385708518 0.2055393326)
(0 -0.9572609165 1.425886746)
(0 -0.7989104161 3.494677546)
(0 -0.006143607884 2.713977407)
(0 1.023223322e-11 2.511336062e-11)
(0 -7.958025701e-12 3.953374302e-11)
(0 4.476301216e-12 3.485658929e-11)
(0 1.025042628e-11 2.779911248e-11)
(0 1.263246259e-11 2.200154359e-11)
(0 1.348962245e-11 1.772439407e-11)
(0 1.370440729e-11 1.459183309e-11)
(0 1.366199967e-11 1.223570719e-11)
(0 1.352351367e-11 1.039785417e-11)
(0 1.335445465e-11 8.912751531e-12)
(0 1.318091734e-11 7.676279944e-12)
(0 1.301325127e-11 6.622019201e-12)
(0 1.285572903e-11 5.70614671e-12)
(0 1.271035464e-11 4.898403851e-12)
(0 1.257828685e-11 4.176817791e-12)
(0 1.246033338e-11 3.52462847e-12)
(0 1.235711024e-11 2.928478635e-12)
(0 1.226909506e-11 2.377318484e-12)
(0 1.219665287e-11 1.861713368e-12)
(0 1.214005558e-11 1.373380284e-12)
(0 1.209949834e-11 9.048561527e-13)
(0 1.20751121e-11 4.49243283e-13)
(0 6.03348721e-12 -3.572491573e-25)
(0 2.618992991e-11 3.035002991e-13)
(0 3.591846593e-11 2.997431237e-12)
(0 8.777963694e-12 4.58414765e-12)
(0 2.171900647e-12 4.876596368e-12)
(0 1.02652931e-11 4.711564239e-12)
(0 -7.312753511e-13 4.473561818e-12)
(0 3.55567024e-12 4.275497172e-12)
(0 8.497554e-14 4.15595926e-12)
(0 0.6098563681 -0.04459379473)
(0 0.2813452745 0.0205666369)
(0 0.01221244476 0.1265618624)
(0 0.2630184069 0.3662973828)
(0 -0.2305200377 0.04208011852)
(0 0.1859807407 1.076400334)
(0 -2.344077043 1.76321831)
(0 -0.9822340626 2.808001453)
(0 -0.004624947007 1.926770444)
(0 1.195362756e-11 3.44623636e-11)
(0 1.827489664e-12 3.289415398e-11)
(0 1.938410148e-12 2.895437333e-11)
(0 5.518912528e-12 2.434650158e-11)
(0 8.357533131e-12 2.023317946e-11)
(0 1.010597776e-11 1.688683821e-11)
(0 1.108869505e-11 1.423166854e-11)
(0 1.161307736e-11 1.211380728e-11)
(0 1.187732628e-11 1.039398303e-11)
(0 1.199588554e-11 8.96709663e-12)
(0 1.203258446e-11 7.758647729e-12)
(0 1.20230892e-11 6.71657055e-12)
(0 1.198784051e-11 5.804049195e-12)
(0 1.193904509e-11 4.994343262e-12)
(0 1.188435741e-11 4.267345825e-12)
(0 1.18288129e-11 3.607369694e-12)
(0 1.17758599e-11 3.001734936e-12)
(0 1.172792922e-11 2.439857122e-12)
(0 1.168676265e-11 1.912641779e-12)
(0 1.165361022e-11 1.412064778e-12)
(0 1.162935183e-11 9.308659195e-13)
(0 1.161457234e-11 4.623117109e-13)
(0 5.804804394e-12 -7.168335059e-25)
(0 2.519594757e-11 2.586644829e-13)
(0 3.44579137e-11 3.418493355e-12)
(0 8.463896293e-12 5.059691322e-12)
(0 1.922725735e-12 5.328537994e-12)
(0 1.004799218e-11 5.132408131e-12)
(0 -8.893920161e-13 4.867725074e-12)
(0 3.460557032e-12 4.647728827e-12)
(0 5.310718727e-14 4.513724687e-12)
(0 0.4468120879 -0.07221212079)
(0 0.3841798704 -0.01983667993)
(0 0.3152872334 0.1666577554)
(0 0.3566689235 0.4158670004)
(0 0.1138813696 0.1605492215)
(0 0.4127619413 1.777203261)
(0 -0.9677569281 2.405379851)
(0 -0.6052577166 1.691473456)
(0 8.557353741e-05 1.325708059)
(0 -9.854297829e-12 4.363478732e-11)
(0 -1.297395277e-11 2.911793921e-11)
(0 -4.07135119e-12 2.3720234e-11)
(0 1.529232415e-12 2.03993469e-11)
(0 5.172799219e-12 1.76978797e-11)
(0 7.488111527e-12 1.535816256e-11)
(0 8.931376359e-12 1.333423608e-11)
(0 9.82431416e-12 1.159388482e-11)
(0 1.037680302e-11 1.009715436e-11)
(0 1.071911935e-11 8.802964069e-12)
(0 1.093039126e-11 7.674606527e-12)
(0 1.105865273e-11 6.681546725e-12)
(0 1.113350174e-11 5.799135331e-12)
(0 1.117365127e-11 5.007582731e-12)
(0 1.119131328e-11 4.29086038e-12)
(0 1.119472249e-11 3.635770523e-12)
(0 1.118959766e-11 3.031227478e-12)
(0 1.11800019e-11 2.467721245e-12)
(0 1.116886052e-11 1.936918303e-12)
(0 1.115827972e-11 1.431359266e-12)
(0 1.114974527e-11 9.442227797e-13)
(0 1.114424618e-11 4.691336967e-13)
(0 5.571175499e-12 -8.635415459e-25)
(0 2.418081072e-11 2.134365212e-13)
(0 3.29785694e-11 3.777773713e-12)
(0 8.139016273e-12 5.461028956e-12)
(0 1.665016658e-12 5.7103542e-12)
(0 9.822288409e-12 5.488185073e-12)
(0 -1.055888366e-12 5.198862739e-12)
(0 3.358794302e-12 4.956414035e-12)
(0 1.867249594e-14 4.806214477e-12)
(0 0.5695495546 0.01017432187)
(0 0.4987182793 0.1294551694)
(0 0.4618480607 0.2367894701)
(0 0.4289753335 0.3577183797)
(0 0.4637329981 0.1810869011)
(0 0.4000638139 1.747950814)
(0 0.4256995432 2.913346778)
(0 0.07198233356 1.875990138)
(0 7.225776236e-05 1.303541168)
(0 -1.275790398e-11 1.712874269e-11)
(0 -1.776466051e-11 1.654250788e-11)
(0 -6.780182169e-12 1.640926635e-11)
(0 -5.034417722e-13 1.583281471e-11)
(0 3.316348794e-12 1.480087876e-11)
(0 5.742334135e-12 1.351374323e-11)
(0 7.324417301e-12 1.215324903e-11)
(0 8.375995645e-12 1.083032906e-11)
(0 9.086405534e-12 9.597749644e-12)
(0 9.573337706e-12 8.472959484e-12)
(0 9.911167113e-12 7.455241891e-12)
(0 1.0147618e-11 6.535867688e-12)
(0 1.031387652e-11 5.703369338e-12)
(0 1.043077014e-11 4.946002287e-12)
(0 1.05125452e-11 4.252748333e-12)
(0 1.056918e-11 3.613622458e-12)
(0 1.060781062e-11 3.019673963e-12)
(0 1.063362004e-11 2.462868918e-12)
(0 1.065040067e-11 1.935937488e-12)
(0 1.06609147e-11 1.432220221e-12)
(0 1.066712626e-11 9.45525062e-13)
(0 1.067034956e-11 4.699971982e-13)
(0 5.335670697e-12 -1.149538529e-24)
(0 2.315714073e-11 1.686331472e-13)
(0 3.150732591e-11 4.073593356e-12)
(0 7.809814285e-12 5.788041932e-12)
(0 1.401302423e-12 6.023307521e-12)
(0 9.5877083e-12 5.780302568e-12)
(0 -1.233602682e-12 5.466755902e-12)
(0 3.247096498e-12 5.19859191e-12)
(0 -1.973595376e-14 5.027944404e-12)
(0 0.5944600862 -0.00759114783)
(0 0.5904330324 0.1326669218)
(0 0.5632714676 0.2820677741)
(0 0.4094137991 0.3514339373)
(0 0.4257423246 0.349145199)
(0 0.03833592122 1.692825892)
(0 0.02442299366 3.23195465)
(0 -0.3034704339 1.960286885)
(0 2.984275757e-05 1.386970716)
(0 -9.727152698e-12 -9.3190622e-12)
(0 -1.339683652e-11 3.810025931e-12)
(0 -4.781044363e-12 9.541520523e-12)
(0 -7.915517556e-14 1.172180754e-11)
(0 2.853727742e-12 1.215910801e-11)
(0 4.840481796e-12 1.174269545e-11)
(0 6.247962194e-12 1.093467956e-11)
(0 7.268814773e-12 9.976397894e-12)
(0 8.019433436e-12 8.990509383e-12)
(0 8.576611598e-12 8.03584582e-12)
(0 8.993299461e-12 7.137517499e-12)
(0 9.30678018e-12 6.303314152e-12)
(0 9.543636338e-12 5.532481953e-12)
(0 9.723030267e-12 4.820317824e-12)
(0 9.858933453e-12 4.160510704e-12)
(0 9.961648116e-12 3.546291684e-12)
(0 1.003884412e-11 2.970965933e-12)
(0 1.009626543e-11 2.428129686e-12)
(0 1.013821183e-11 1.911730227e-12)
(0 1.01678673e-11 1.416049823e-12)
(0 1.018752225e-11 9.356545302e-13)
(0 1.019872112e-11 4.653280253e-13)
(0 5.101178301e-12 -1.400564396e-24)
(0 2.213815347e-11 1.236005923e-13)
(0 3.005608048e-11 4.30589065e-12)
(0 7.47925352e-12 6.04314845e-12)
(0 1.132046902e-12 6.271958136e-12)
(0 9.341335372e-12 6.013237583e-12)
(0 -1.428087047e-12 5.67259891e-12)
(0 3.119940322e-12 5.370194324e-12)
(0 -6.439217246e-14 5.170308536e-12)
(0 0.6973460283 -0.02758503209)
(0 0.7569295004 0.1870139675)
(0 0.6800478839 0.3903166639)
(0 0.4555476749 0.4300624757)
(0 0.3504203857 0.6304951199)
(0 -0.4946103463 2.279501339)
(0 -1.122501211 3.305822536)
(0 -0.6653542082 1.647318032)
(0 -0.00169344016 1.082629765)
(0 5.455682323e-12 -1.664712875e-11)
(0 1.413701066e-12 -1.205506297e-12)
(0 1.131599436e-12 6.224990312e-12)
(0 2.114145713e-12 9.353812568e-12)
(0 3.337236708e-12 1.037106738e-11)
(0 4.517905683e-12 1.036323216e-11)
(0 5.558119745e-12 9.866343139e-12)
(0 6.431825472e-12 9.150032049e-12)
(0 7.145853461e-12 8.352004937e-12)
(0 7.720345822e-12 7.54237305e-12)
(0 8.178635445e-12 6.755662722e-12)
(0 8.542582457e-12 6.007396126e-12)
(0 8.83088019e-12 5.302935959e-12)
(0 9.058798892e-12 4.642281586e-12)
(0 9.238519056e-12 4.02268303e-12)
(0 9.379635229e-12 3.440059229e-12)
(0 9.489648625e-12 2.889756354e-12)
(0 9.574384338e-12 2.366941291e-12)
(0 9.638320805e-12 1.866793723e-12)
(0 9.684839003e-12 1.384587508e-12)
(0 9.716404459e-12 9.157117558e-13)
(0 9.734695034e-12 4.556595802e-13)
(0 4.870342672e-12 -1.56700702e-24)
(0 2.113497066e-11 7.908456291e-14)
(0 2.863829677e-11 4.475309491e-12)
(0 7.149928524e-12 6.231070678e-12)
(0 8.559550011e-13 6.464431508e-12)
(0 9.077602292e-12 6.194854797e-12)
(0 -1.647868597e-12 5.818830011e-12)
(0 2.96937024e-12 5.465100814e-12)
(0 -1.185138698e-13 5.219983448e-12)
(0 0.7955096912 -0.1346763828)
(0 0.9765539246 0.2571415008)
(0 0.7953505828 0.6023549261)
(0 0.4978757031 0.6159154726)
(0 0.1072887308 1.160708473)
(0 -0.8058070792 2.972352623)
(0 -0.3145295351 3.228120076)
(0 -0.5881856162 1.277800497)
(0 -0.00212248165 0.5150374172)
(0 1.197339263e-11 -1.176757036e-11)
(0 9.749447815e-12 2.064288764e-12)
(0 5.778274502e-12 7.210123487e-12)
(0 4.066921894e-12 9.097380554e-12)
(0 3.863147337e-12 9.60810253e-12)
(0 4.335757553e-12 9.472793033e-12)
(0 5.034762079e-12 9.017387771e-12)
(0 5.754476572e-12 8.405342571e-12)
(0 6.411774438e-12 7.725078747e-12)
(0 6.980269382e-12 7.025969756e-12)
(0 7.458322537e-12 6.33536856e-12)
(0 7.854053418e-12 5.667680883e-12)
(0 8.178521799e-12 5.029590849e-12)
(0 8.442777338e-12 4.42318985e-12)
(0 8.656711096e-12 3.847874347e-12)
(0 8.82872144e-12 3.301495204e-12)
(0 8.965726186e-12 2.781047034e-12)
(0 9.073302797e-12 2.283074946e-12)
(0 9.155858044e-12 1.803908515e-12)
(0 9.216785329e-12 1.339790792e-12)
(0 9.258594322e-12 8.869441924e-13)
(0 9.283009363e-12 4.415989551e-13)
(0 4.645518721e-12 -1.829286396e-24)
(0 2.015845731e-11 3.457295747e-14)
(0 2.72705509e-11 4.584629353e-12)
(0 6.824104677e-12 6.360102083e-12)
(0 5.693807804e-13 6.613597473e-12)
(0 8.787331147e-12 6.33710938e-12)
(0 -1.90552757e-12 5.90900888e-12)
(0 2.784136718e-12 5.474094319e-12)
(0 -1.865930359e-13 5.157113097e-12)
(0 0.950460019 -0.3239611834)
(0 1.392256475 0.3506315252)
(0 0.9765118111 0.9488560393)
(0 0.2898876151 1.129199856)
(0 -0.6036225364 1.957887748)
(0 -1.432440563 3.438078802)
(0 -0.4648459906 2.754572036)
(0 -0.465603832 1.77285798)
(0 -0.000845317351 0.3982964594)
(0 1.697919557e-11 2.055603651e-11)
(0 2.052324333e-11 1.415086727e-11)
(0 8.164691225e-12 1.145386381e-11)
(0 4.512124755e-12 1.021747997e-11)
(0 3.712649186e-12 9.491127913e-12)
(0 3.927190924e-12 8.902417708e-12)
(0 4.490669284e-12 8.325038177e-12)
(0 5.139516449e-12 7.728841452e-12)
(0 5.766480645e-12 7.116982456e-12)
(0 6.330635634e-12 6.501058769e-12)
(0 6.820346572e-12 5.892168702e-12)
(0 7.236804746e-12 5.298375202e-12)
(0 7.586389156e-12 4.724558358e-12)
(0 7.87708239e-12 4.173007724e-12)
(0 8.116824411e-12 3.644119576e-12)
(0 8.312807916e-12 3.136988566e-12)
(0 8.471228367e-12 2.649850944e-12)
(0 8.597245819e-12 2.180395195e-12)
(0 8.69503665e-12 1.725970491e-12)
(0 8.76787468e-12 1.283721996e-12)
(0 8.818212623e-12 8.506762187e-13)
(0 8.847750842e-12 4.237935272e-13)
(0 4.428743717e-12 -2.012434196e-24)
(0 1.921656669e-11 -8.720377075e-15)
(0 2.595174959e-11 4.63792511e-12)
(0 6.498596551e-12 6.442398413e-12)
(0 2.637598682e-13 6.737999774e-12)
(0 8.454935333e-12 6.456785662e-12)
(0 -2.220657385e-12 5.947512125e-12)
(0 2.547381589e-12 5.383166085e-12)
(0 -2.75259612e-13 4.952475661e-12)
(0 0.7277832023 -0.6952929599)
(0 1.959570679 0.5237463994)
(0 1.573680632 1.744044014)
(0 0.4360237481 2.131895125)
(0 -0.6226641394 2.696186968)
(0 -1.670649089 3.178658692)
(0 -0.8759334744 1.329011495)
(0 -0.4028878062 0.9781398275)
(0 -1.13175509e-12 -9.609131529e-13)
(0 -8.874316182e-12 4.542269581e-11)
(0 7.492373551e-13 2.263295486e-11)
(0 1.844887198e-12 1.423702189e-11)
(0 2.104186e-12 1.082753488e-11)
(0 2.548085077e-12 9.236481844e-12)
(0 3.169667817e-12 8.320689619e-12)
(0 3.861185824e-12 7.651485106e-12)
(0 4.54642085e-12 7.067986901e-12)
(0 5.183991755e-12 6.512946363e-12)
(0 5.755455629e-12 5.969118629e-12)
(0 6.255638969e-12 5.433878398e-12)
(0 6.686443074e-12 4.909094721e-12)
(0 7.053154322e-12 4.397255233e-12)
(0 7.362338556e-12 3.900153565e-12)
(0 7.620691938e-12 3.41859574e-12)
(0 7.834452807e-12 2.952477171e-12)
(0 8.009132816e-12 2.500964431e-12)
(0 8.149422345e-12 2.062679772e-12)
(0 8.259184844e-12 1.635855406e-12)
(0 8.341491056e-12 1.218452264e-12)
(0 8.398665854e-12 8.082479569e-13)
(0 8.432333144e-12 4.02901221e-13)
(0 4.221725194e-12 -2.065037281e-24)
(0 1.831744473e-11 -4.960714461e-14)
(0 2.470167265e-11 4.642469293e-12)
(0 6.171799908e-12 6.496908844e-12)
(0 -7.568463641e-14 6.864963945e-12)
(0 8.05457206e-12 6.577476321e-12)
(0 -2.624381125e-12 5.939183856e-12)
(0 2.23310462e-12 5.170434591e-12)
(0 -3.945774183e-13 4.562520634e-12)
(0 -0.3098292332 -2.174036844)
(0 1.699273006 -0.04157455002)
(0 1.999979963 2.172998827)
(0 1.032285189 3.075247711)
(0 0.4658470758 3.446312068)
(0 0.1973753052 5.077539724)
(0 0.5332005787 1.61066109)
(0 0.003674359628 0.7482264339)
(0 -2.528485077e-11 -7.154562353e-12)
(0 -2.721257296e-11 2.534899316e-11)
(0 -1.066241341e-11 1.672102039e-11)
(0 -3.640728755e-12 1.203370882e-11)
(0 -4.884152937e-13 9.619112618e-12)
(0 1.205803927e-12 8.30656084e-12)
(0 2.342194186e-12 7.492362974e-12)
(0 3.237966565e-12 6.89221486e-12)
(0 4.000977706e-12 6.378669493e-12)
(0 4.667612374e-12 5.897699332e-12)
(0 5.251567669e-12 5.428595319e-12)
(0 5.760322664e-12 4.965132729e-12)
(0 6.200181581e-12 4.506865343e-12)
(0 6.577448e-12 4.05520425e-12)
(0 6.898422897e-12 3.611742718e-12)
(0 7.169148017e-12 3.177619977e-12)
(0 7.395176607e-12 2.753349927e-12)
(0 7.581430968e-12 2.338843923e-12)
(0 7.732136794e-12 1.933502513e-12)
(0 7.850809143e-12 1.536321094e-12)
(0 7.940267231e-12 1.145987667e-12)
(0 8.002661579e-12 7.609662489e-13)
(0 8.039502885e-12 3.795661548e-13)
(0 4.025842496e-12 -2.226087258e-24)
(0 1.746605081e-11 -8.843484768e-14)
(0 2.352085143e-11 4.611821359e-12)
(0 5.831276728e-12 6.554085657e-12)
(0 -4.771005222e-13 7.035145296e-12)
(0 7.544030586e-12 6.732106822e-12)
(0 -3.164307455e-12 5.888238179e-12)
(0 1.803039559e-12 4.800941596e-12)
(0 -5.590715366e-13 3.921703189e-12)
(0 -1.639510639 -3.080362581)
(0 -0.7440049765 -1.381922442)
(0 1.23698963 2.166839895)
(0 1.214909609 3.236462843)
(0 2.90661902 2.596402408)
(0 4.912038965 0.6879100989)
(0 18.08995016 -0.8279421842)
(0 0.003346875229 1.874131876)
(0 -3.008538605e-11 2.317355183e-11)
(0 -2.854190657e-11 2.746140524e-12)
(0 -1.256604763e-11 6.866295465e-12)
(0 -5.257020578e-12 7.557631943e-12)
(0 -1.622961977e-12 7.308618534e-12)
(0 4.213354331e-13 6.878284732e-12)
(0 1.755321838e-12 6.449981171e-12)
(0 2.747492343e-12 6.04633495e-12)
(0 3.551905322e-12 5.65677521e-12)
(0 4.23391758e-12 5.270588022e-12)
(0 4.822889026e-12 4.882430602e-12)
(0 5.333908993e-12 4.49118649e-12)
(0 5.776514594e-12 4.098018806e-12)
(0 6.158031697e-12 3.70493957e-12)
(0 6.484754282e-12 3.313978659e-12)
(0 6.762299147e-12 2.926779444e-12)
(0 6.995676754e-12 2.544450647e-12)
(0 7.189285402e-12 2.167555566e-12)
(0 7.346899516e-12 1.796166325e-12)
(0 7.471669998e-12 1.429942888e-12)
(0 7.566136212e-12 1.068216422e-12)
(0 7.632244341e-12 7.100680247e-13)
(0 7.671366895e-12 3.544000001e-13)
(0 3.842159039e-12 -2.458065847e-24)
(0 1.666827653e-11 -1.239193259e-13)
(0 2.241356004e-11 4.569265913e-12)
(0 5.455277366e-12 6.661436543e-12)
(0 -9.852394571e-13 7.306914852e-12)
(0 6.862425781e-12 6.96427055e-12)
(0 -3.904657873e-12 5.795466186e-12)
(0 1.207880554e-12 4.219738216e-12)
(0 -7.870375519e-13 2.93364206e-12)
(0 -2.648555799 -3.328701754)
(0 -3.143832365 -2.319827303)
(0 -1.294630236 0.9309303868)
(0 -0.9408663245 2.852894995)
(0 -1.180836246 1.507365363)
(0 -3.317689169 -3.030317441)
(0 -9.77784265 1.018651724)
(0 -1.051718896 14.045939)
(0 -4.853561807e-12 2.95169708e-11)
(0 -9.030889674e-12 -9.98118826e-12)
(0 -5.850922031e-12 4.3799305e-13)
(0 -3.198405686e-12 4.021879185e-12)
(0 -1.167762504e-12 5.179445151e-12)
(0 3.471665638e-13 5.447981003e-12)
(0 1.510244404e-12 5.382937242e-12)
(0 2.444760604e-12 5.186363549e-12)
(0 3.225230779e-12 4.931506687e-12)
(0 3.893267766e-12 4.645445081e-12)
(0 4.472166137e-12 4.339346346e-12)
(0 4.975910868e-12 4.019152125e-12)
(0 5.413934661e-12 3.689068393e-12)
(0 5.793407853e-12 3.352540303e-12)
(0 6.120262771e-12 3.01243853e-12)
(0 6.399620004e-12 2.671057936e-12)
(0 6.635952728e-12 2.330111856e-12)
(0 6.833146647e-12 1.990760319e-12)
(0 6.994524117e-12 1.653667161e-12)
(0 7.122859239e-12 1.319072924e-12)
(0 7.220392368e-12 9.868729381e-13)
(0 7.288845158e-12 6.566942298e-13)
(0 7.32943486e-12 3.279684053e-13)
(0 3.671442496e-12 -2.624522241e-24)
(0 1.592722215e-11 -1.562852838e-13)
(0 2.138815486e-11 4.556568131e-12)
(0 5.010416302e-12 6.892033811e-12)
(0 -1.661887081e-12 7.760134613e-12)
(0 5.934647586e-12 7.326765126e-12)
(0 -4.917541652e-12 5.653366183e-12)
(0 3.961424114e-13 3.345649915e-12)
(0 -1.096918916e-12 1.465523116e-12)
(0 -2.301993996 -2.633064469)
(0 -4.168272538 -2.520114896)
(0 -3.417501858 0.04931474869)
(0 -2.139920892 2.579575683)
(0 -1.711980355 3.252711317)
(0 -2.977905551 2.878261362)
(0 -5.887787203 1.839888413)
(0 -0.006435416661 2.712039158)
(0 2.302114984e-11 -2.506723834e-12)
(0 1.281970202e-11 -2.188611758e-12)
(0 1.437019746e-12 8.449172591e-13)
(0 -5.155684768e-13 2.912449049e-12)
(0 -1.968601595e-13 3.939311804e-12)
(0 6.248275242e-13 4.351253326e-12)
(0 1.493704384e-12 4.447415052e-12)
(0 2.296061788e-12 4.384669733e-12)
(0 3.010986854e-12 4.237438675e-12)
(0 3.641757239e-12 4.040332077e-12)
(0 4.19659607e-12 3.810345289e-12)
(0 4.68363104e-12 3.55699089e-12)
(0 5.109902772e-12 3.286544528e-12)
(0 5.481401833e-12 3.003698224e-12)
(0 5.803271916e-12 2.712164076e-12)
(0 6.079972473e-12 2.414893245e-12)
(0 6.315379137e-12 2.114174596e-12)
(0 6.512840707e-12 1.811707035e-12)
(0 6.67521212e-12 1.5086726e-12)
(0 6.804875775e-12 1.205813946e-12)
(0 6.903757518e-12 9.035135564e-13)
(0 6.973339808e-12 6.018717006e-13)
(0 7.014672666e-12 3.007814004e-13)
(0 3.514190634e-12 -2.882680715e-24)
(0 1.524430219e-11 -1.836786858e-13)
(0 2.043272735e-11 4.640380214e-12)
(0 4.448340378e-12 7.349551126e-12)
(0 -2.579836182e-12 8.493790099e-12)
(0 4.685351533e-12 7.873762982e-12)
(0 -6.26397785e-12 5.438871761e-12)
(0 -6.689744072e-13 2.069287351e-12)
(0 -1.500727861e-12 -6.48327489e-13)
(0 -0.6824045229 -1.152280881)
(0 -3.13666482 -1.806173853)
(0 -4.082651245 -0.5931022993)
(0 -3.288645325 1.784344437)
(0 -2.403240351 2.863247988)
(0 -2.443553332 2.26408855)
(0 -2.144681631 1.156132029)
(0 0.002519551339 0.3059515566)
(0 -1.592878374e-11 2.611877519e-13)
(0 -6.309911804e-12 2.322690849e-12)
(0 -7.498612063e-13 2.220212983e-12)
(0 -1.040111408e-13 2.843698319e-12)
(0 2.710417729e-13 3.314099226e-12)
(0 8.552698119e-13 3.570294207e-12)
(0 1.543660811e-12 3.670789845e-12)
(0 2.234784227e-12 3.667454882e-12)
(0 2.880893124e-12 3.593238381e-12)
(0 3.466174379e-12 3.468087007e-12)
(0 3.98882495e-12 3.304695204e-12)
(0 4.452110107e-12 3.111902913e-12)
(0 4.860641995e-12 2.896402558e-12)
(0 5.219027401e-12 2.663528698e-12)
(0 5.531457792e-12 2.417614968e-12)
(0 5.801630524e-12 2.162169412e-12)
(0 6.032766518e-12 1.899983464e-12)
(0 6.227644651e-12 1.633221319e-12)
(0 6.388631028e-12 1.363505364e-12)
(0 6.517700195e-12 1.092000944e-12)
(0 6.616450122e-12 8.194997562e-13)
(0 6.686113001e-12 5.46500586e-13)
(0 6.72756316e-12 2.732867078e-13)
(0 3.370661096e-12 -3.135345839e-24)
(0 1.462150794e-11 -2.042244065e-13)
(0 1.955968984e-11 4.91852757e-12)
(0 3.723142668e-12 8.169189805e-12)
(0 -3.805142995e-12 9.616953613e-12)
(0 3.061614981e-12 8.647100832e-12)
(0 -7.969052905e-12 5.105734693e-12)
(0 -1.989407979e-12 2.592127721e-13)
(0 -1.996407741e-12 -3.588976385e-12)
(0 -0.0213894838 -0.2130942454)
(0 -0.819753933 0.292266562)
(0 -1.995377809 0.4123909936)
(0 -2.565170415 0.9451861285)
(0 -1.874191843 1.681546124)
(0 -1.135946532 1.407088749)
(0 -0.321170093 0.7426510036)
(0 1.625344397e-12 2.03058846e-12)
(0 6.781113243e-12 1.54151435e-11)
(0 6.780275591e-12 9.556260834e-13)
(0 1.958027206e-12 2.869583439e-12)
(0 5.783177664e-13 2.928033315e-12)
(0 5.297357285e-13 2.903081005e-12)
(0 9.815181428e-13 2.945020953e-12)
(0 1.590865059e-12 2.997985868e-12)
(0 2.218510325e-12 3.021113424e-12)
(0 2.811618979e-12 2.9999616e-12)
(0 3.353214061e-12 2.934066543e-12)
(0 3.840411976e-12 2.828427034e-12)
(0 4.275338395e-12 2.689504335e-12)
(0 4.661528557e-12 2.523617493e-12)
(0 5.002614243e-12 2.336385742e-12)
(0 5.30191263e-12 2.13258815e-12)
(0 5.56234097e-12 1.916180134e-12)
(0 5.786431044e-12 1.690365966e-12)
(0 5.976362606e-12 1.45768942e-12)
(0 6.133991745e-12 1.220128277e-12)
(0 6.260870168e-12 9.791871185e-13)
(0 6.358257159e-12 7.359861882e-13)
(0 6.42712676e-12 4.913456183e-13)
(0 6.46817208e-12 2.458651456e-13)
(0 3.240903926e-12 -3.083607203e-24)
(0 1.405859467e-11 -2.176007705e-13)
(0 1.876104492e-11 5.520409251e-12)
(0 2.791473045e-12 9.510650649e-12)
(0 -5.383115815e-12 1.123373032e-11)
(0 1.049840147e-12 9.660452146e-12)
(0 -1.00057858e-11 4.580306272e-12)
(0 -3.519952068e-12 -2.221972941e-12)
(0 -2.563228846e-12 -7.521979049e-12)
(0 -0.5874829945 -0.1575229718)
(0 -0.7634488168 0.1246899001)
(0 -0.6316284423 0.8217623464)
(0 -0.8259288664 1.248670503)
(0 -0.5871220227 1.239391346)
(0 -0.1578648002 0.9375392141)
(0 -0.00616893649 0.3360257908)
(0 1.093668778e-11 -4.70829016e-13)
(0 1.987203468e-11 1.37706799e-11)
(0 1.02210578e-11 1.22722067e-11)
(0 1.222545992e-12 5.374459432e-12)
(0 -7.051357461e-14 3.095759463e-12)
(0 2.880294113e-13 2.425155645e-12)
(0 9.501746757e-13 2.308711888e-12)
(0 1.619753281e-12 2.355011317e-12)
(0 2.236759958e-12 2.419041648e-12)
(0 2.793846243e-12 2.451414158e-12)
(0 3.294639813e-12 2.439773321e-12)
(0 3.744262742e-12 2.385423952e-12)
(0 4.147300566e-12 2.294053108e-12)
(0 4.507523401e-12 2.17216313e-12)
(0 4.827998058e-12 2.025797453e-12)
(0 5.111252184e-12 1.860163572e-12)
(0 5.35940834e-12 1.67959151e-12)
(0 5.574275804e-12 1.487607592e-12)
(0 5.757406963e-12 1.287040564e-12)
(0 5.910128727e-12 1.080130747e-12)
(0 6.033558106e-12 8.686331083e-13)
(0 6.128608622e-12 6.539123178e-13)
(0 6.195991959e-12 4.370303168e-13)
(0 6.236217541e-12 2.188276445e-13)
(0 3.12479595e-12 -3.171451336e-24)
(0 1.355529723e-11 -2.222689171e-13)
(0 1.803688248e-11 6.600185478e-12)
(0 1.61954204e-12 1.154548329e-11)
(0 -7.34047351e-12 1.342902555e-11)
(0 -1.3348843e-12 1.088884483e-11)
(0 -1.230994365e-11 3.763686521e-12)
(0 -5.180354358e-12 -5.495505343e-12)
(0 -3.166151179e-12 -1.256160526e-11)
(0 -0.184580531 0.02792789693)
(0 -0.3491454408 0.3743698848)
(0 -0.3614792299 0.7290327129)
(0 -0.14866294 1.109193826)
(0 0.05249046575 1.137318422)
(0 0.1574242802 0.9438293296)
(0 -0.001082095185 0.3223966952)
(0 2.038361056e-07 -0.0001798607001)
(0 -1.594144881e-11 -8.465211715e-13)
(0 -2.127536354e-11 9.327838993e-12)
(0 -7.218420037e-12 3.260281145e-12)
(0 -2.370986021e-12 1.655375774e-12)
(0 -2.573118463e-13 1.39305951e-12)
(0 9.113738152e-13 1.509652598e-12)
(0 1.701194819e-12 1.694298364e-12)
(0 2.314913165e-12 1.848616559e-12)
(0 2.832350651e-12 1.946865299e-12)
(0 3.287223855e-12 1.988172277e-12)
(0 3.694691763e-12 1.979426564e-12)
(0 4.062077573e-12 1.92910711e-12)
(0 4.393272902e-12 1.84517286e-12)
(0 4.690614684e-12 1.73446796e-12)
(0 4.955706687e-12 1.602669671e-12)
(0 5.189784991e-12 1.454408826e-12)
(0 5.393880098e-12 1.29342769e-12)
(0 5.568885761e-12 1.122730833e-12)
(0 5.715584289e-12 9.447180755e-13)
(0 5.834651738e-12 7.61299757e-13)
(0 5.926654368e-12 5.739974986e-13)
(0 5.992042087e-12 3.840338437e-13)
(0 6.031141763e-12 1.92413699e-13)
(0 3.022076281e-12 -3.392953845e-24)
(0 1.311061128e-11 -2.170451701e-13)
(0 1.738374825e-11 8.332781624e-12)
(0 1.560014168e-13 1.445047096e-11)
(0 -9.733805268e-12 1.626202192e-11)
(0 -4.112015157e-12 1.226104771e-11)
(0 -1.484440858e-11 2.526895302e-12)
(0 -6.903542782e-12 -9.66070648e-12)
(0 -3.77319783e-12 -1.875389393e-11)
(0 -0.1202405737 0.04967404624)
(0 -0.158910266 0.2798325015)
(0 -0.1724610935 0.5708014029)
(0 -0.08717687337 0.8359932907)
(0 0.04132815556 0.965233549)
(0 0.01710190156 0.9999497038)
(0 -0.001927627074 0.5931112501)
(0 -1.113541099e-11 7.533547585e-14)
(0 -2.351639975e-11 -1.620020314e-11)
(0 -1.717343542e-11 -8.875911324e-12)
(0 -6.449917152e-12 -3.316560211e-12)
(0 -1.937735209e-12 -1.127606021e-12)
(0 1.423062351e-13 -1.795153857e-14)
(0 1.25141353e-12 6.42535447e-13)
(0 1.958717243e-12 1.063904931e-12)
(0 2.489326893e-12 1.334249342e-12)
(0 2.93340196e-12 1.499244593e-12)
(0 3.327201078e-12 1.586610278e-12)
(0 3.685197575e-12 1.61499052e-12)
(0 4.013046863e-12 1.597765139e-12)
(0 4.312884252e-12 1.544943915e-12)
(0 4.585494869e-12 1.464223619e-12)
(0 4.83119305e-12 1.361630874e-12)
(0 5.05016636e-12 1.24193957e-12)
(0 5.242597812e-12 1.108957141e-12)
(0 5.408697348e-12 9.657310987e-13)
(0 5.54869765e-12 8.147055505e-13)
(0 5.662837529e-12 6.578455091e-13)
(0 5.751342708e-12 4.967399638e-13)
(0 5.814408159e-12 3.326906735e-13)
(0 5.852183698e-12 1.667912824e-13)
(0 2.932382251e-12 -3.268346838e-24)
(0 1.272263684e-11 -2.00316649e-13)
(0 1.679444678e-11 1.092589658e-11)
(0 -1.710811766e-12 1.842161106e-11)
(0 -1.271829085e-11 1.97659635e-11)
(0 -7.408654836e-12 1.363618105e-11)
(0 -1.76639391e-11 6.681383165e-13)
(0 -8.681078252e-12 -1.484399943e-11)
(0 -4.371340795e-12 -2.611268408e-11)
(0 0.09342567923 0.0855690382)
(0 0.05004449491 0.3655192105)
(0 -0.03738143599 0.6341304681)
(0 -0.09183026888 0.8164912534)
(0 -0.1528122731 1.016257874)
(0 -0.2157444513 0.9575357333)
(0 0.001531427304 0.3113193873)
(0 7.203729576e-12 3.119374816e-12)
(0 9.673110828e-12 -1.021513665e-11)
(0 2.695634562e-12 -1.422736803e-11)
(0 5.298853207e-13 -6.523010404e-12)
(0 9.276226512e-13 -2.831291242e-12)
(0 1.512829621e-12 -9.797980169e-13)
(0 1.993230284e-12 1.453065112e-14)
(0 2.392908715e-12 5.845283254e-13)
(0 2.750252828e-12 9.252209772e-13)
(0 3.084711587e-12 1.129242765e-12)
(0 3.402969783e-12 1.244023826e-12)
(0 3.705846624e-12 1.296151306e-12)
(0 3.992030967e-12 1.302011033e-12)
(0 4.259731383e-12 1.272606424e-12)
(0 4.507301643e-12 1.215844111e-12)
(0 4.733422637e-12 1.137682846e-12)
(0 4.937111258e-12 1.042753477e-12)
(0 5.117671627e-12 9.347221916e-13)
(0 5.27463417e-12 8.16523016e-13)
(0 5.4076987e-12 6.905201011e-13)
(0 5.516686152e-12 5.586301054e-13)
(0 5.601499532e-12 4.22420617e-13)
(0 5.662093405e-12 2.831934881e-13)
(0 5.698451089e-12 1.42058383e-13)
(0 2.855284999e-12 -3.190049201e-24)
(0 1.239010109e-11 -1.701030563e-13)
(0 1.626245262e-11 1.467488235e-11)
(0 -4.110348678e-12 2.373205981e-11)
(0 -1.644962265e-11 2.397087516e-11)
(0 -1.13143078e-11 1.478754333e-11)
(0 -2.076472117e-11 -2.133122405e-12)
(0 -1.045337148e-11 -2.126637472e-11)
(0 -4.926817141e-12 -3.467745402e-11)
(0 0.2473678178 0.1116000909)
(0 0.1607772456 0.4160521804)
(0 -0.02701397953 0.7431599584)
(0 -0.1023218827 0.9291777741)
(0 -0.2989892904 1.088191772)
(0 0.1931814487 0.8012205654)
(0 -0.01115093734 0.2754834974)
(0 -7.43053217e-12 -5.182398678e-12)
(0 -3.953404483e-12 -1.630039121e-11)
(0 6.343753383e-12 -1.146998797e-11)
(0 4.946159612e-12 -5.716821935e-12)
(0 3.605477178e-12 -2.694751257e-12)
(0 2.988128128e-12 -1.084482866e-12)
(0 2.815739872e-12 -1.891485883e-13)
(0 2.869407569e-12 3.344495993e-13)
(0 3.034041333e-12 6.528559601e-13)
(0 3.252204809e-12 8.484747558e-13)
(0 3.494109619e-12 9.640848533e-13)
(0 3.743184782e-12 1.023574161e-12)
(0 3.989501981e-12 1.041515411e-12)
(0 4.22671733e-12 1.027620165e-12)
(0 4.450571291e-12 9.888562398e-13)
(0 4.658102416e-12 9.304947714e-13)
(0 4.847205705e-12 8.566604954e-13)
(0 5.016367351e-12 7.706459713e-13)
(0 5.164495257e-12 6.751095433e-13)
(0 5.29080474e-12 5.722130777e-13)
(0 5.394738045e-12 4.637264798e-13)
(0 5.475906091e-12 3.511125884e-13)
(0 5.534045925e-12 2.355997478e-13)
(0 5.56899021e-12 1.182463298e-13)
(0 2.790323868e-12 -2.857030892e-24)
(0 1.211058189e-11 -1.164848495e-13)
(0 1.576240361e-11 1.998320598e-11)
(0 -6.811139554e-12 3.072966747e-11)
(0 -2.040425549e-11 2.889946444e-11)
(0 -1.507848916e-11 1.544664321e-11)
(0 -2.335980785e-11 -6.209302732e-12)
(0 -1.16258212e-11 -2.910996052e-11)
(0 -5.220054048e-12 -4.437279984e-11)
(0 0.2095643929 0.1756641284)
(0 -0.07144601456 0.5926333311)
(0 -0.2797616769 0.911053381)
(0 -0.3459528708 1.031584607)
(0 -0.444397637 0.8642784522)
(0 0.2604037352 0.6059905102)
(0 0.01276825994 1.01655222)
(0 9.842178913e-07 -0.0246343201)
(0 1.297341655e-11 -6.776680186e-12)
(0 1.895589889e-11 -3.958628399e-12)
(0 9.305122041e-12 -2.179538165e-12)
(0 5.559961721e-12 -1.146411052e-12)
(0 4.01843229e-12 -4.742373184e-13)
(0 3.412162749e-12 -2.109645256e-14)
(0 3.234913263e-12 2.8955799e-13)
(0 3.264277984e-12 5.032744922e-13)
(0 3.39594048e-12 6.477121791e-13)
(0 3.578069187e-12 7.402636724e-13)
(0 3.783277181e-12 7.925416598e-13)
(0 3.996076972e-12 8.128518928e-13)
(0 4.207072212e-12 8.074969136e-13)
(0 4.410176249e-12 7.814589122e-13)
(0 4.601226893e-12 7.387713397e-13)
(0 4.777262458e-12 6.827387343e-13)
(0 4.936120675e-12 6.160821715e-13)
(0 5.076201276e-12 5.410466479e-13)
(0 5.196315636e-12 4.594872676e-13)
(0 5.295585663e-12 3.729422887e-13)
(0 5.3733728e-12 2.826971862e-13)
(0 5.429227147e-12 1.898421887e-13)
(0 5.462851342e-12 9.532498979e-14)
(0 2.737038669e-12 -2.29808708e-24)
(0 1.18807266e-11 -2.339461861e-14)
(0 1.532925462e-11 2.695862154e-11)
(0 -8.297285062e-12 3.928367414e-11)
(0 -2.189655983e-11 3.419170535e-11)
(0 -1.551919952e-11 1.528100333e-11)
(0 -2.255598299e-11 -1.156455449e-11)
(0 -1.025355287e-11 -3.793433511e-11)
(0 -4.58380721e-12 -5.436072652e-11)
(0 -0.4498810745 0.412529159)
(0 -0.6892312821 0.8621233329)
(0 -0.7828972831 1.079475217)
(0 -0.7896374186 1.071379674)
(0 -0.8239574745 0.664604849)
(0 -1.105301596 0.2067491772)
(0 0.01382105879 0.0007734862667)
(0 2.234774175e-11 1.333118398e-11)
(0 1.973750188e-11 1.794958715e-11)
(0 1.240400989e-11 6.054382637e-12)
(0 7.758377034e-12 2.103704482e-12)
(0 5.310778025e-12 7.628787741e-13)
(0 4.113442727e-12 3.550376964e-13)
(0 3.57953518e-12 2.894393659e-13)
(0 3.393778514e-12 3.416025564e-13)
(0 3.392195522e-12 4.229709497e-13)
(0 3.489193989e-12 4.988352415e-13)
(0 3.6389391e-12 5.567150529e-13)
(0 3.815773002e-12 5.934749465e-13)
(0 4.004457235e-12 6.098502132e-13)
(0 4.19532435e-12 6.080517825e-13)
(0 4.381845717e-12 5.907048177e-13)
(0 4.559382238e-12 5.603854081e-13)
(0 4.724516537e-12 5.19432552e-13)
(0 4.874675264e-12 4.698885401e-13)
(0 5.007900353e-12 4.134988891e-13)
(0 5.122700381e-12 3.517389176e-13)
(0 5.217947964e-12 2.858511547e-13)
(0 5.292805991e-12 2.168861133e-13)
(0 5.346673729e-12 1.457430948e-13)
(0 5.379148021e-12 7.320973558e-14)
(0 2.694998878e-12 -2.171352036e-24)
(0 1.169511157e-11 1.09523952e-13)
(0 1.508658666e-11 3.413045563e-11)
(0 -5.074070369e-12 4.722172104e-11)
(0 -1.513281702e-11 3.81241383e-11)
(0 -6.212124e-12 1.374811317e-11)
(0 -1.282401938e-11 -1.729444076e-11)
(0 -2.805244888e-12 -4.561153275e-11)
(0 -1.851215986e-12 -6.188234559e-11)
(0 -1.281740551 0.5179478704)
(0 -1.17726798 0.9205001085)
(0 -1.012530819 1.023707324)
(0 -0.7110477849 0.9711697396)
(0 -0.3298825882 0.6320536255)
(0 0.08214086348 0.1602525064)
(0 -3.798180384e-12 3.654668131e-13)
(0 -8.377739355e-12 1.35029777e-11)
(0 -3.483523504e-12 1.667396209e-11)
(0 3.110016277e-12 8.12280922e-12)
(0 4.013618244e-12 3.777089211e-12)
(0 3.811294935e-12 1.73918058e-12)
(0 3.544992882e-12 8.420680975e-13)
(0 3.398727609e-12 4.82213168e-13)
(0 3.368444847e-12 3.644424884e-13)
(0 3.421510669e-12 3.481725877e-13)
(0 3.529684583e-12 3.679436895e-13)
(0 3.672708892e-12 3.942864643e-13)
(0 3.836412341e-12 4.147917655e-13)
(0 4.010653808e-12 4.250197456e-13)
(0 4.187926817e-12 4.241513189e-13)
(0 4.362509875e-12 4.129180651e-13)
(0 4.529954627e-12 3.926268265e-13)
(0 4.68676559e-12 3.647107557e-13)
(0 4.830187012e-12 3.305334858e-13)
(0 4.958051654e-12 2.913145171e-13)
(0 5.068667902e-12 2.481119812e-13)
(0 5.160732858e-12 2.01831874e-13)
(0 5.23326474e-12 1.532488744e-13)
(0 5.285550769e-12 1.03031711e-13)
(0 5.317108247e-12 5.176985108e-14)
(0 2.663828933e-12 -1.75508695e-24)
(0 1.154958308e-11 2.286251705e-13)
(0 1.524888792e-11 3.715741085e-11)
(0 6.535330724e-12 4.903647281e-11)
(0 5.579408253e-12 3.713983411e-11)
(0 1.867962777e-11 1.043656244e-11)
(0 1.056203461e-11 -2.078814706e-11)
(0 1.355220586e-11 -4.738491656e-11)
(0 3.861951797e-12 -6.151463822e-11)
(0 -1.654289725 0.3456831047)
(0 -1.245742509 0.6140426889)
(0 -0.9022541903 0.6257142999)
(0 -0.4838825523 0.4862700208)
(0 -0.08595113481 0.1166128755)
(0 -0.001317331347 -0.0874794976)
(0 1.915633824e-06 0.08785958004)
(0 -1.587519743e-12 5.991381496e-12)
(0 -2.429174694e-12 1.027975341e-11)
(0 -4.928630368e-13 5.985855814e-12)
(0 1.37474834e-12 3.142658847e-12)
(0 2.375756911e-12 1.574684645e-12)
(0 2.856475315e-12 7.918409176e-13)
(0 3.101909571e-12 4.329038268e-13)
(0 3.259737933e-12 2.857833609e-13)
(0 3.395696723e-12 2.373349964e-13)
(0 3.535307866e-12 2.304817968e-13)
(0 3.685787176e-12 2.376958923e-13)
(0 3.846506283e-12 2.4638548e-13)
(0 4.013816788e-12 2.512842519e-13)
(0 4.183222669e-12 2.506132996e-13)
(0 4.350321224e-12 2.441860878e-13)
(0 4.511174928e-12 2.324892189e-13)
(0 4.662423196e-12 2.162458822e-13)
(0 4.801279026e-12 1.962157091e-13)
(0 4.925478849e-12 1.731094431e-13)
(0 5.033217738e-12 1.475587928e-13)
(0 5.123084857e-12 1.201123664e-13)
(0 5.194005828e-12 9.124358122e-14)
(0 5.245194705e-12 6.136381867e-14)
(0 5.27611631e-12 3.083778179e-14)
(0 2.643229027e-12 -7.26423931e-25)
(0 1.144201399e-11 3.081531955e-13)
(0 1.553559868e-11 3.026769712e-11)
(0 2.473347617e-11 3.813960045e-11)
(0 3.66748132e-11 2.768268426e-11)
(0 5.433767791e-11 5.89403928e-12)
(0 4.296716149e-11 -1.812598094e-11)
(0 3.550068546e-11 -3.738815183e-11)
(0 1.134070841e-11 -4.726253195e-11)
(0 -1.429825705 0.07954017385)
(0 -1.000521008 0.1462983949)
(0 -0.6283025256 0.1570990358)
(0 -0.2544467381 0.1162555873)
(0 0.01378419624 0.04458674852)
(0 -0.08436973314 0.05027263174)
(0 -6.841033283e-12 -8.707182863e-16)
(0 -1.481424533e-11 -1.145434218e-12)
(0 -1.119367921e-11 4.767237576e-12)
(0 -4.027900536e-12 2.397385858e-12)
(0 -3.975529711e-13 1.233022282e-12)
(0 1.460477006e-12 6.25084543e-13)
(0 2.403212064e-12 3.177423766e-13)
(0 2.892670052e-12 1.718212916e-13)
(0 3.172876017e-12 1.085028576e-13)
(0 3.366209105e-12 8.495937483e-14)
(0 3.530045479e-12 7.901524015e-14)
(0 3.688612575e-12 7.969698843e-14)
(0 3.850000701e-12 8.184063967e-14)
(0 4.014881628e-12 8.31914061e-14)
(0 4.180828652e-12 8.29054796e-14)
(0 4.344385794e-12 8.079738923e-14)
(0 4.502014422e-12 7.697004922e-14)
(0 4.65049208e-12 7.16368826e-14)
(0 4.787050573e-12 6.503893291e-14)
(0 4.909394738e-12 5.740842971e-14)
(0 5.015670825e-12 4.895482183e-14)
(0 5.104417647e-12 3.986151718e-14)
(0 5.174516193e-12 3.028761139e-14)
(0 5.225144969e-12 2.037188186e-14)
(0 5.255744428e-12 1.023787538e-14)
(0 2.632991152e-12 -8.190957011e-26)
(0 1.138273659e-11 1.705187362e-13)
(0 1.632566242e-11 1.160313183e-11)
(0 3.881642721e-11 1.415686084e-11)
(0 5.942887527e-11 1.011403342e-11)
(0 7.921123917e-11 1.775069985e-12)
(0 6.537884421e-11 -7.174630673e-12)
(0 5.041498678e-11 -1.409980865e-11)
(0 1.62344773e-11 -1.767826499e-11)
)
;

boundaryField
{
    lowerWall
    {
        type            slip;
    }
    atmosphere
    {
        type            pressureInletOutletVelocity;
        tangentialVelocity uniform (0 0 0);
        value           nonuniform List<vector> 
80
(
(0 0.5114745236 0)
(0 0.815129746 0)
(0 0.9050714996 0)
(0 0.889494833 0)
(0 0.8528409789 0)
(0 0.9517739733 0)
(0 0.9122856122 0)
(0 0.8573474309 0)
(0 0.5883056732 0)
(0 0.4061048155 0)
(0 0.2748591598 0)
(0 0.388817425 0)
(0 0.4758973729 0)
(0 1.028501378 0)
(0 0.9922527736 0)
(0 -0.6594402623 1.691287545)
(0 -2.789981096 2.847527832)
(0 -4.009056287 3.463980953)
(0 -3.779002914 3.382098092)
(0 -2.35248505 2.893511467)
(0 -0.6572315725 2.464413492)
(0 0.3838088741 0)
(0 0.7877508167 0)
(0 0.8535097867 0)
(0 0.6463218379 0)
(0 0.5466669418 0)
(0 0.5133659326 0)
(0 0.429981397 0)
(0 0.3219355005 0)
(0 0.2410438678 0)
(0 0.20803836 0)
(0 0.2210102258 0)
(0 0.2739388116 0)
(0 0.3865010478 0)
(0 0.5895554534 0)
(0 0.8830711667 0)
(0 0.9634106874 0)
(0 0.2748577639 0)
(0 -0.5620758299 0.6973506794)
(0 -0.3967163265 0.2849997094)
(0 0.1358119906 0)
(0 0.2203435131 0)
(0 0.07827280211 0)
(0 -0.005480539731 -0.3753323713)
(0 -0.9274861591 -0.05950306878)
(0 -0.1865878735 0.3978940146)
(0 0.6112045049 0)
(0 1.33745329 0)
(0 1.748757575 0)
(0 1.743198986 0)
(0 2.443631052 0)
(0 1.650772241 0)
(0 -6.395401031 0.8715340788)
(0 -0.8315448736 -1.490350284)
(0 1.068007926 0)
(0 0.4421744389 0)
(0 0.6098563681 0)
(0 0.4468120879 0)
(0 0.5695495546 0)
(0 0.5944600862 0)
(0 0.6973460283 0)
(0 0.7955096912 0)
(0 0.950460019 0)
(0 0.7277832023 0)
(0 -0.3098292332 -2.174036844)
(0 -1.639510639 -3.080362581)
(0 -2.648555799 -3.328701754)
(0 -2.301993996 -2.633064469)
(0 -0.6824045229 -1.152280881)
(0 -0.0213894838 -0.2130942454)
(0 -0.5874829945 -0.1575229718)
(0 -0.184580531 0.02792789693)
(0 -0.1202405737 0.04967404624)
(0 0.09342567923 0)
(0 0.2473678178 0)
(0 0.2095643929 0)
(0 -0.4498810745 0.412529159)
(0 -1.281740551 0.5179478704)
(0 -1.654289725 0.3456831047)
(0 -1.429825705 0.07954017385)
)
;
    }
    rightWall
    {
        type            empty;
    }
    leftWall
    {
        type            empty;
    }
    frontAndBack
    {
        type            slip;
    }
}


// ************************************************************************* //
