/*--------------------------------*- C++ -*----------------------------------*\
| =========                 |                                                 |
| \\      /  F ield         | OpenFOAM: The Open Source CFD Toolbox           |
|  \\    /   O peration     | Version:  2506                                  |
|   \\  /    A nd           | Website:  www.openfoam.com                      |
|    \\/     M anipulation  |                                                 |
\*---------------------------------------------------------------------------*/
FoamFile
{
    version     2.0;
    format      ascii;
    arch        "LSB;label=32;scalar=64";
    class       surfaceScalarField;
    location    "0.01";
    object      phi;
}
// * * * * * * * * * * * * * * * * * * * * * * * * * * * * * * * * * * * * * //

dimensions      [0 3 -1 0 0 0 0];

oriented        oriented;

internalField   nonuniform List<scalar> 
6280
(
-1.538153317e-08
-9.003842214e-09
-5.372730266e-09
-1.000880539e-08
-1.585140547e-09
-3.787594887e-09
4.077533443e-09
-5.662671875e-09
3.793867674e-09
2.83665718e-10
-2.912816595e-17
3.793867707e-09
3.248407867e-19
1.251858152e-18
1.86084192e-19
1.387565948e-19
1.079864322e-19
7.809807447e-20
6.743309007e-20
4.055320346e-20
4.758117042e-20
1.985161912e-20
3.861512393e-20
8.965809366e-21
3.525004117e-20
3.364766105e-21
3.474748756e-20
5.020859718e-22
3.571787497e-20
-9.709411577e-22
3.745868453e-20
-1.741342691e-21
3.960636218e-20
-2.148216226e-21
4.196092565e-20
-2.355158008e-21
4.440102564e-20
-2.440765988e-21
4.684431893e-20
-2.444051431e-21
4.922961022e-20
-2.386145864e-21
5.150887817e-20
-2.28017631e-21
5.364354324e-20
-2.135546117e-21
5.560246988e-20
-1.959701606e-21
5.736067916e-20
-1.758831263e-21
5.889836838e-20
-1.538150338e-21
6.0200085e-20
-1.302048856e-21
6.125402156e-20
-1.054205033e-21
6.20514401e-20
-7.976917102e-22
6.258622106e-20
-5.350820393e-22
6.285450344e-20
-2.685579062e-22
6.285910911e-20
2.241714407e-31
-1.785400338e-18
1.848256493e-18
-8.942652816e-18
7.140924932e-18
8.547513924e-18
-1.750518406e-17
5.67694582e-18
2.856397735e-18
1.216303296e-17
-6.500131721e-18
1.016760349e-17
1.981402633e-18
9.187548754e-18
9.660304898e-19
9.173530399e-18
-5.229021705e-09
-9.988791194e-09
3.114712687e-09
-1.835254565e-08
1.038580133e-08
-1.105868982e-08
5.139677888e-09
-4.165615516e-10
-3.376453599e-09
8.799790459e-09
9.785933175e-17
4.174138805e-10
1.149599931e-19
8.096915029e-20
1.254260439e-19
1.28289485e-19
7.044068806e-20
1.330822746e-19
4.673150573e-20
6.426168856e-20
3.669536066e-20
2.988732645e-20
3.301408067e-20
1.26465973e-20
3.238736104e-20
3.990715639e-21
3.327446043e-20
-3.859576111e-22
3.494747344e-20
-2.644939524e-21
3.7051811e-20
-3.84666333e-21
3.93994204e-20
-4.496868146e-21
4.187531767e-20
-4.83222339e-21
4.43977402e-20
-4.964510401e-21
4.69022245e-20
-4.949988504e-21
4.933557978e-20
-4.82099878e-21
5.165350837e-20
-4.599534905e-21
5.381938775e-20
-4.302695791e-21
5.580334022e-20
-3.944722045e-21
5.758136009e-20
-3.53772487e-21
5.913446986e-20
-3.091983861e-21
6.044792882e-20
-2.616141149e-21
6.151053488e-20
-2.11739682e-21
6.231404977e-20
-1.601729812e-21
6.285274519e-20
-1.074143119e-21
6.312306134e-20
-5.389305583e-22
6.313042435e-20
-2.884385978e-32
2.345330303e-18
-4.50277967e-19
2.299890705e-17
-1.354074889e-17
2.311988905e-17
-1.765207092e-17
2.076074481e-17
5.190341061e-18
1.839775125e-17
-4.162255571e-18
1.668189555e-17
3.6721509e-18
1.300446394e-17
4.618360996e-18
2.216691643e-17
-4.641485055e-09
-3.977064108e-09
-1.066707301e-08
-1.232696592e-08
-5.403251213e-09
-1.632252537e-08
-1.511555361e-09
-4.308273547e-09
-4.256148254e-09
1.15443768e-08
-1.858497659e-17
-3.838734141e-09
-1.046092302e-19
6.772105592e-20
-1.222225098e-20
3.590240659e-20
1.620467742e-21
1.192393016e-19
1.235714361e-20
5.352486664e-20
1.945463152e-20
2.278955921e-20
2.4358199e-20
7.742566148e-21
2.801068779e-20
3.375585041e-22
3.101547852e-20
-3.391538375e-21
3.374574963e-20
-5.375976191e-21
3.640160618e-20
-6.503247279e-21
3.906406516e-20
-7.160126873e-21
4.174303066e-20
-7.512111717e-21
4.441226209e-20
-7.63477104e-21
4.703121422e-20
-7.570039768e-21
4.955704365e-20
-7.347960388e-21
5.195034748e-20
-6.993975896e-21
5.41773615e-20
-6.53082668e-21
5.62103374e-20
-5.978770358e-21
5.80271011e-20
-5.35548933e-21
5.961031257e-20
-4.676090445e-21
6.094667315e-20
-3.95325499e-21
6.202620189e-20
-3.1975032e-21
6.284163646e-20
-2.417530752e-21
6.338795776e-20
-1.620588198e-21
6.36619919e-20
-8.128866732e-22
6.366974611e-20
-7.890905797e-32
-1.004636066e-19
-2.9923058e-19
2.043132879e-17
-3.409689041e-17
1.846099135e-17
-1.570424702e-17
1.716906581e-17
6.460327028e-18
1.371503309e-17
-7.301048671e-19
1.205948121e-17
5.305825915e-18
8.271346419e-18
8.384624094e-18
3.042747389e-17
1.991138685e-09
-2.856213723e-11
-5.844716913e-09
-4.491119513e-09
-9.856394187e-09
-1.231085899e-08
-4.905179736e-09
-9.259493065e-09
4.580811847e-09
2.058384331e-09
-2.55535394e-17
7.420777e-10
-2.629249879e-19
4.648496991e-19
-1.834297718e-19
-4.359293908e-20
-6.409380043e-20
-9.680261986e-23
-1.837816382e-20
7.809080844e-21
4.407638457e-21
3.466246232e-24
1.695319136e-20
-4.803498538e-21
2.428159091e-20
-6.991506776e-21
2.90310407e-20
-8.141707141e-21
3.261847855e-20
-8.96409968e-21
3.574472659e-20
-9.630160189e-21
3.871208031e-20
-1.012819991e-20
4.162037134e-20
-1.042119598e-20
4.447699337e-20
-1.049225198e-20
4.72532936e-20
-1.034726062e-20
4.991102814e-20
-1.000668106e-20
5.24134967e-20
-9.497498842e-21
5.472941782e-20
-8.847853935e-21
5.683361843e-20
-8.084091687e-21
5.870649998e-20
-7.229449717e-21
6.033314803e-20
-6.30370176e-21
6.170242494e-20
-5.323303112e-21
6.280617433e-20
-4.301773133e-21
6.363857902e-20
-3.250180015e-21
6.419565928e-20
-2.177666428e-21
6.447487857e-20
-1.091984084e-21
6.448038311e-20
-7.031938046e-32
-6.73509481e-20
-1.800178544e-19
1.888841932e-17
-5.307656879e-17
1.882058069e-17
-1.565857266e-17
1.948136432e-17
5.777925867e-18
1.602846156e-17
2.701232785e-18
1.481882754e-17
6.493899254e-18
1.071463254e-17
1.246726351e-17
4.113134459e-17
9.247820218e-09
1.20644303e-10
5.914306504e-09
-1.157610517e-09
-1.992384856e-09
-4.40418375e-09
-6.648354384e-09
-4.603532829e-09
-2.581912407e-09
-2.008059742e-09
-3.661303016e-20
-1.839834995e-09
1.800166748e-19
-4.404762987e-19
-2.424093146e-20
1.606647095e-19
-5.618802927e-20
3.185022968e-20
-2.618377842e-20
-2.219532103e-20
-3.993263273e-22
-2.578127754e-20
1.476518312e-20
-1.996845147e-20
2.313139054e-20
-1.535833199e-20
2.820864816e-20
-1.321965664e-20
3.195241804e-20
-1.270854366e-20
3.524668686e-20
-1.29251e-20
3.841908425e-20
-1.33013105e-20
4.154931534e-20
-1.355219951e-20
4.462198472e-20
-1.356574914e-20
4.759387317e-20
-1.332001648e-20
5.042021035e-20
-1.283392257e-20
5.30631416e-20
-1.214137868e-20
5.549318007e-20
-1.127888206e-20
5.768826039e-20
-1.028018395e-20
5.963224794e-20
-9.174432056e-21
6.131354667e-20
-7.985910939e-21
6.272395492e-20
-6.734451779e-21
6.385776745e-20
-5.436080412e-21
6.471109261e-20
-4.103724083e-21
6.528134162e-20
-2.747912679e-21
6.556686266e-20
-1.377446352e-21
6.557226152e-20
-1.109178983e-31
2.958598421e-19
-4.228621462e-19
1.845747701e-17
-7.126204323e-17
1.76665576e-17
-1.48897824e-17
1.796932719e-17
5.453569446e-18
1.479057062e-17
5.858454115e-18
1.363355256e-17
7.629386334e-18
9.921520686e-18
1.615776942e-17
5.10421059e-17
1.100119538e-08
-3.064831652e-11
1.036916937e-08
-5.255806972e-10
6.777744885e-09
-8.127718914e-10
1.117326005e-09
1.05687247e-09
-1.190526166e-09
2.997795808e-10
-1.59364643e-10
-2.871009944e-09
-1.696693707e-19
-1.59364647e-10
-2.542758493e-19
2.452711292e-19
-1.1023382e-19
-1.121920051e-19
-2.976973493e-20
-1.026596634e-19
5.413499738e-21
-6.096485853e-20
1.93753026e-20
-3.393067836e-20
2.52700659e-20
-2.125362659e-20
2.871976114e-20
-1.667000005e-20
3.17358617e-20
-1.572532734e-20
3.487047636e-20
-1.606042493e-20
3.816819524e-20
-1.659980094e-20
4.153576571e-20
-1.69206348e-20
4.486771738e-20
-1.68986318e-20
4.807996708e-20
-1.653318587e-20
5.111275425e-20
-1.586757843e-20
5.392563822e-20
-1.495508893e-20
5.649187818e-20
-1.384593289e-20
5.879401229e-20
-1.258314071e-20
6.082076905e-20
-1.120203051e-20
6.256500583e-20
-9.730972042e-21
6.402232628e-20
-8.192498382e-21
6.519012378e-20
-6.604414948e-21
6.606690401e-20
-4.980806656e-21
6.665180795e-20
-3.332935432e-21
6.694430901e-20
-1.670035215e-21
6.694538134e-20
-1.368036963e-31
1.661089953e-19
-5.345667046e-19
1.711073964e-17
-8.823052527e-17
1.702360401e-17
-1.48247723e-17
1.715066635e-17
5.304923254e-18
1.438526293e-17
8.602325084e-18
1.313154416e-17
8.861576827e-18
9.592311489e-18
1.967547874e-17
6.062365814e-17
8.730641279e-09
1.444343844e-10
8.145124292e-09
5.993807952e-11
6.081302236e-09
1.251032384e-09
3.859387402e-09
3.278763119e-09
3.094721604e-09
1.064411406e-09
9.57238696e-10
-7.335411458e-10
7.006732227e-18
7.978740362e-10
-5.434387183e-19
-4.559162913e-19
-1.007005049e-19
-5.54930279e-19
1.192506997e-20
-2.152855025e-19
3.244767991e-20
-8.14877971e-20
3.205235436e-20
-3.353576756e-20
2.985369243e-20
-1.905542472e-20
2.966443386e-20
-1.648127886e-20
3.140076411e-20
-1.746229079e-20
3.433110035e-20
-1.89914938e-20
3.784736138e-20
-2.011690385e-20
4.155776871e-20
-2.063203364e-20
4.523316332e-20
-2.057511707e-20
4.874557452e-20
-2.00466385e-20
5.202524374e-20
-1.914815203e-20
5.503479426e-20
-1.796540999e-20
5.775467036e-20
-1.656649844e-20
6.017512249e-20
-1.500427123e-20
6.229182752e-20
-1.331945712e-20
6.410347949e-20
-1.154338918e-20
6.561040972e-20
-9.700172639e-21
6.681373207e-20
-7.808366522e-21
6.771477523e-20
-5.882307394e-21
6.831470817e-20
-3.933184686e-21
6.861434422e-20
-1.96993608e-21
6.861628617e-20
-1.55616048e-31
1.372109724e-19
-6.157058914e-19
1.583713183e-17
-1.039542969e-16
1.637373892e-17
-1.538350458e-17
1.621859082e-17
5.438487763e-18
1.391066588e-17
1.08887178e-17
1.259954471e-17
1.015116987e-17
9.286143311e-18
2.296735687e-17
6.989904214e-17
1.130131365e-08
-3.231264842e-10
1.139347364e-08
-3.223158386e-11
1.075182485e-08
1.892651305e-09
6.423112349e-09
7.607440792e-09
1.200646753e-09
6.286852977e-09
3.472443307e-10
1.198538733e-10
1.551682668e-09
-4.065643773e-10
2.388318113e-19
1.551682668e-09
2.389516582e-19
-5.550503301e-19
1.457227754e-19
-1.220568593e-19
8.039970945e-20
-1.616493963e-20
4.653269721e-20
3.310970574e-22
3.242783829e-20
-4.950875089e-21
2.868342193e-20
-1.273735939e-20
2.987156109e-20
-1.865106092e-20
3.32056903e-20
-2.232635325e-20
3.733223159e-20
-2.424430422e-20
4.161468527e-20
-2.49155497e-20
4.576164189e-20
-2.472328662e-20
4.964406099e-20
-2.393022859e-20
5.320798578e-20
-2.271307498e-20
5.643370582e-20
-2.119193881e-20
5.931689757e-20
-1.945036272e-20
6.18599366e-20
-1.754793334e-20
6.406789546e-20
-1.552807413e-20
6.594669603e-20
-1.3422918e-20
6.750221583e-20
-1.125645415e-20
6.87397912e-20
-9.046659297e-21
6.966389794e-20
-6.807030328e-21
7.027795677e-20
-4.547756926e-21
7.05842803e-20
-2.276663465e-21
7.058166731e-20
-1.779940434e-31
1.305592158e-19
-6.882202814e-19
1.460677919e-17
-1.184543678e-16
1.561589474e-17
-1.64147454e-17
1.52352978e-17
5.797501042e-18
1.33254125e-17
1.277707078e-17
1.199749444e-17
1.145755965e-17
8.903011051e-18
2.604031683e-17
7.879129381e-17
1.001673772e-08
-1.008787601e-09
1.14400716e-08
-1.45558444e-09
1.222882746e-08
1.103870469e-09
8.864353165e-09
1.097188292e-08
3.93881128e-09
1.121239555e-08
2.676060319e-09
1.382614704e-09
3.915050346e-10
1.877990894e-09
6.433016905e-19
1.943187735e-09
5.78199794e-19
6.60963612e-19
2.516144568e-19
2.045284979e-19
9.689574615e-20
1.385536114e-19
4.125072506e-20
5.597587303e-20
2.464135399e-20
1.165818734e-20
2.276972041e-20
-1.086615026e-20
2.619626876e-20
-2.207820503e-20
3.128773934e-20
-2.741848453e-20
3.666098611e-20
-2.961831928e-20
4.180694835e-20
-3.006252079e-20
4.655469991e-20
-2.94722481e-20
5.08612146e-20
-2.823795469e-20
5.472912195e-20
-2.658204437e-20
5.817528191e-20
-2.463896904e-20
6.121932695e-20
-2.249511285e-20
6.387979581e-20
-2.020901409e-20
6.617305159e-20
-1.782194103e-20
6.811315988e-20
-1.53636994e-20
6.971201069e-20
-1.285603825e-20
7.097942017e-20
-1.03148131e-20
7.192317135e-20
-7.751486833e-21
7.254905023e-20
-5.174262273e-21
7.286094377e-20
-2.588996828e-21
7.287130324e-20
-1.893946752e-31
1.263084516e-19
-7.542076164e-19
1.343918966e-17
-1.317911001e-16
1.475868292e-17
-1.775636417e-17
1.422532749e-17
6.309272593e-18
1.263295521e-17
1.434791052e-17
1.132747129e-17
1.274151509e-17
8.44148487e-18
2.890477964e-17
8.722201922e-17
1.208917088e-08
-2.868676035e-09
1.721569491e-08
-6.582125261e-09
2.170115606e-08
-3.381595585e-09
2.983409359e-08
2.838941498e-09
3.942994295e-08
1.616551075e-09
5.652606964e-09
3.51599627e-08
-1.651880197e-09
9.182476204e-09
-5.465741007e-19
2.913076269e-10
3.435492777e-19
-3.598365325e-18
1.333510523e-19
4.147265867e-19
1.431800774e-20
2.575866278e-19
-3.066960631e-21
7.336075202e-20
2.117016388e-21
6.473945033e-21
1.155766564e-20
-2.030711843e-20
2.085598925e-20
-3.13770546e-20
2.908790459e-20
-3.565094118e-20
3.621678459e-20
-3.674779789e-20
4.239722104e-20
-3.62438144e-20
4.778899332e-20
-3.486511358e-20
5.251712493e-20
-3.296723229e-20
5.667219728e-20
-3.073817153e-20
6.03191381e-20
-2.828681084e-20
6.350542572e-20
-2.568213386e-20
6.626686886e-20
-2.297105942e-20
6.863129322e-20
-2.018691984e-20
7.062082103e-20
-1.735381521e-20
7.225323584e-20
-1.448910422e-20
7.354274644e-20
-1.16050155e-20
7.450039591e-20
-8.709821902e-21
7.513431568e-20
-5.808783449e-21
7.54499406e-20
-2.904963159e-21
7.544879803e-20
-2.010952263e-31
1.250237966e-19
-8.16319578e-19
1.234122928e-17
-1.440311571e-16
1.380891819e-17
-1.924617891e-17
1.319468053e-17
6.901926028e-18
1.184402918e-17
1.567702901e-17
1.059207467e-17
1.397194087e-17
7.911119839e-18
3.156421068e-17
9.512237952e-17
8.79211648e-09
-7.06095982e-09
1.552522139e-08
-1.331523312e-08
2.112783237e-08
-8.984183868e-09
2.511033384e-08
-1.143522093e-09
1.340022769e-08
1.332668679e-08
1.453131534e-09
4.710707385e-08
9.292821792e-10
9.70634649e-09
5.311369964e-10
6.894771278e-10
-2.781604888e-18
5.311397974e-10
-4.554623252e-19
-5.834027919e-19
-1.699078627e-19
-2.79678693e-20
-6.995376761e-20
-2.659345919e-20
-2.466404708e-20
-3.88160617e-20
4.877294739e-22
-4.54591611e-20
1.658210267e-20
-4.747193395e-20
2.799104789e-20
-4.706034171e-20
3.672076807e-20
-4.547797367e-20
4.377592186e-20
-4.329969203e-20
4.968687462e-20
-4.077703526e-20
5.474618568e-20
-3.802759188e-20
5.912355797e-20
-3.511656148e-20
6.292381508e-20
-3.208798946e-20
6.621650015e-20
-2.897558956e-20
6.905100845e-20
-2.580618061e-20
7.146439785e-20
-2.26008311e-20
7.348553202e-20
-1.937547148e-20
7.513732455e-20
-1.614146725e-20
7.643794004e-20
-1.290623643e-20
7.740143436e-20
-9.67389827e-21
7.803813597e-20
-6.445935854e-21
7.835490376e-20
-3.221873133e-21
7.836047379e-20
-2.153446124e-31
1.232474961e-19
-8.737559786e-19
1.127844998e-17
-1.552102113e-16
1.276542446e-17
-2.07552796e-17
1.212924157e-17
7.516524287e-18
1.096773096e-17
1.681700638e-17
9.792295298e-18
1.512584749e-17
7.319336395e-18
3.401564556e-17
1.024309563e-16
-7.757071668e-11
-1.204838302e-08
6.561872953e-09
-1.995465884e-08
1.105977702e-08
-1.348205761e-08
4.69951352e-09
5.21677798e-09
-1.065675925e-08
2.868301149e-08
-1.050802373e-08
4.695840518e-08
1.14938179e-10
-9.165602544e-10
6.553591123e-10
1.490759981e-10
-1.076336811e-17
1.186498922e-09
-2.920262688e-19
5.253402396e-19
-1.685334301e-19
-1.51460813e-19
-8.217637012e-20
-1.129507555e-19
-3.130714648e-20
-8.968567452e-20
-1.525043374e-21
-7.524156121e-20
1.699369491e-20
-6.599109839e-20
2.957341593e-20
-5.964041443e-20
3.889904971e-20
-5.480395663e-20
4.629857864e-20
-5.069986659e-20
5.2436318e-20
-4.691566821e-20
5.765721609e-20
-4.324946095e-20
6.215212998e-20
-3.961245144e-20
6.603621498e-20
-3.597300958e-20
6.93859091e-20
-3.23260989e-20
7.225635796e-20
-2.867728236e-20
7.468975748e-20
-2.503477277e-20
7.671953624e-20
-2.140577655e-20
7.837255537e-20
-1.779504575e-20
7.96702782e-20
-1.420452004e-20
8.062939677e-20
-1.063348732e-20
8.126219869e-20
-7.078993087e-21
8.157677689e-20
-3.53639025e-21
8.156993457e-20
-2.246776939e-31
1.228297778e-19
-9.275472788e-19
1.022727352e-17
-1.653385071e-16
1.164427332e-17
-2.219440601e-17
1.101763701e-17
8.121575565e-18
1.001670644e-17
1.779640328e-17
8.932009095e-18
1.618901543e-17
6.673248593e-18
3.625288175e-17
1.09093445e-16
-1.562894192e-08
-1.252867706e-08
-1.844069037e-08
-1.714287785e-08
-2.572118144e-08
-6.201539485e-09
-3.372315214e-08
1.321878446e-08
-3.413784502e-08
2.909774221e-08
-1.560004081e-08
2.842066508e-08
-7.273891716e-09
-9.24265036e-09
-2.506983371e-09
-4.617821541e-09
5.420047456e-19
-1.320484468e-09
-2.195993613e-19
8.229320286e-21
-1.300234495e-19
-2.410368535e-19
-5.891128915e-20
-1.840633038e-19
-1.686303317e-20
-1.317342416e-19
7.725419444e-21
-9.98306268e-20
2.334437887e-20
-8.161067609e-20
3.440987373e-20
-7.07064095e-20
4.300313975e-20
-6.339768755e-20
5.008277701e-20
-5.778016706e-20
5.610252526e-20
-5.29362354e-20
6.129422559e-20
-4.844202365e-20
6.579157184e-20
-4.411068601e-20
6.968312566e-20
-3.986545672e-20
7.303472564e-20
-3.567850983e-20
7.589886755e-20
-3.154209388e-20
7.83187537e-20
-2.745523591e-20
8.033026704e-20
-2.341787363e-20
8.196308108e-20
-1.942848731e-20
8.324131093e-20
-1.548334796e-20
8.4183891e-20
-1.157649159e-20
8.480480153e-20
-7.700023617e-21
8.511316714e-20
-3.844598384e-21
8.511688503e-20
-2.312583152e-31
1.21286093e-19
-9.762631122e-19
9.149801395e-18
-1.743908748e-16
1.046259695e-17
-2.352932851e-17
9.852429126e-18
8.710157946e-18
9.00390679e-18
1.862339152e-17
8.017371803e-18
1.715402063e-17
5.978974236e-18
3.826975468e-17
1.150616593e-16
-2.588158801e-08
-8.803167072e-09
-3.369628686e-08
-9.32815407e-09
-4.13049755e-08
1.407146181e-09
-4.253905299e-08
1.445289368e-08
-3.246295701e-08
1.902169929e-08
-1.025957415e-08
6.217353368e-09
-3.725965016e-09
-1.5776176e-08
5.01835843e-10
-8.845615406e-09
7.241804898e-19
-8.186491263e-10
-3.28096491e-19
-5.781031677e-19
-7.304983502e-20
-4.960836038e-19
-6.58222697e-21
-2.505314961e-19
1.50405816e-20
-1.533578984e-19
2.594537015e-20
-1.107365834e-19
3.424864546e-20
-8.991494945e-20
4.171859569e-20
-7.81770898e-20
4.862066023e-20
-7.030043526e-20
5.492670867e-20
-6.408694628e-20
6.059673702e-20
-5.860695387e-20
6.562556323e-20
-5.347151646e-20
7.003680113e-20
-4.852264962e-20
7.387007255e-20
-4.369951187e-20
7.71711416e-20
-3.898031765e-20
7.998572551e-20
-3.435730344e-20
8.235611598e-20
-2.982619706e-20
8.431965336e-20
-2.538203996e-20
8.590822043e-20
-2.101777148e-20
8.71481673e-20
-1.672398476e-20
8.806035897e-20
-1.248914856e-20
8.866022676e-20
-8.300005234e-21
8.895776552e-20
-4.142047618e-21
8.896162052e-20
-2.286477497e-31
1.195868808e-19
-1.019434663e-18
8.028553063e-18
-1.823236936e-16
9.240754529e-18
-2.476365726e-17
8.632342501e-18
9.296984147e-18
7.939729837e-18
1.929446971e-17
7.05568962e-18
1.801653069e-17
5.240952432e-18
4.006296686e-17
1.202918515e-16
-2.430054638e-08
-3.79282141e-09
-3.15492272e-08
-2.07943989e-09
-3.632080165e-08
6.178740815e-09
-3.305878499e-08
1.119092109e-08
-1.694020025e-08
2.903167701e-09
4.254634157e-09
-1.497742713e-08
6.195136438e-09
-1.771664904e-08
3.92714317e-09
-6.577614279e-09
4.718060584e-10
2.636687985e-09
3.820007867e-19
4.718060544e-10
1.725031879e-19
-2.865863341e-19
9.059137077e-20
-1.686191277e-19
5.766189658e-20
-1.204291876e-19
4.676700408e-20
-9.984268204e-20
4.598650511e-20
-8.91353722e-20
4.959525023e-20
-8.178652307e-20
5.483414921e-20
-7.554009015e-20
6.040670108e-20
-6.96602866e-20
6.573217444e-20
-6.393302616e-20
7.057443007e-20
-5.83142614e-20
7.485993888e-20
-5.280871069e-20
7.858926677e-20
-4.74294765e-20
8.17941558e-20
-4.2185816e-20
8.45168319e-20
-3.708049216e-20
8.680027308e-20
-3.211012627e-20
8.868392184e-20
-2.726628503e-20
9.020200714e-20
-2.253660034e-20
9.138300351e-20
-1.790574139e-20
9.22495023e-20
-1.335620118e-20
9.281818438e-20
-8.868919388e-21
9.309981314e-20
-4.423785959e-21
9.311075847e-20
-2.352217242e-31
1.186733828e-19
-1.057552926e-18
6.850170008e-18
-1.890790433e-16
7.992455356e-18
-2.592807023e-17
7.360714779e-18
9.907138544e-18
6.832662969e-18
1.980098667e-17
6.055079968e-18
1.877258313e-17
4.462019138e-18
4.163450228e-17
1.247431102e-16
-1.715759358e-08
1.025998587e-09
-2.451417719e-08
5.277154467e-09
-2.811542837e-08
9.78001877e-09
-2.417827596e-08
7.253819346e-09
-1.399903958e-08
-7.276004384e-09
8.768233987e-11
-2.906407798e-08
-1.225583491e-09
-1.640335726e-08
1.538721886e-09
-9.341911213e-09
1.296833207e-09
2.87857546e-09
-4.878873237e-17
1.768639345e-09
2.90574482e-19
5.522866238e-20
1.387815489e-19
-1.682694892e-20
7.824840213e-20
-5.989684193e-20
5.747431392e-20
-7.906921031e-20
5.333535423e-20
-8.499733006e-20
5.584168315e-20
-8.429385341e-20
6.071395276e-20
-8.041337694e-20
6.613396152e-20
-7.508110502e-20
7.13509392e-20
-6.915044567e-20
7.607998078e-20
-6.304358691e-20
8.023917306e-20
-5.696826715e-20
8.383292728e-20
-5.102369495e-20
8.689947964e-20
-4.52528126e-20
8.948719779e-20
-3.966856843e-20
9.164411432e-20
-3.426739113e-20
9.341360653e-20
-2.903625547e-20
9.48328661e-20
-2.395652589e-20
9.593254371e-20
-1.900616619e-20
9.673678409e-20
-1.416106807e-20
9.72633178e-20
-9.39586291e-21
9.75235991e-20
-4.684407663e-21
9.75212855e-20
-2.393688665e-31
1.177030616e-19
-1.090272917e-18
5.594716838e-18
-1.945799106e-16
6.708355473e-18
-2.706383689e-17
6.031643112e-18
1.056226436e-17
5.685675432e-18
2.012541914e-17
5.022331946e-18
1.941439568e-17
3.643143154e-18
4.299216526e-17
1.283754927e-16
-7.859416133e-09
2.916116325e-09
-1.179306921e-08
9.210817881e-09
-1.400295466e-08
1.198994545e-08
-1.005221505e-08
3.30312053e-09
-1.551040317e-09
-1.577714535e-08
-9.853514394e-09
-2.076159546e-08
-9.246855848e-09
-1.701001646e-08
-3.906739224e-09
-1.468202661e-08
-1.45032715e-10
-8.831314954e-10
-2.479557341e-17
1.623606841e-09
2.190473285e-19
4.583741134e-19
9.571127753e-20
1.065086936e-19
5.907603375e-20
-2.32620268e-20
5.154619418e-20
-7.153950991e-20
5.403883088e-20
-8.74903495e-20
5.972215962e-20
-8.99780381e-20
6.604622468e-20
-8.673851797e-20
7.206462088e-20
-8.110021908e-20
7.745779797e-20
-7.454385598e-20
8.215530053e-20
-6.774117545e-20
8.618374526e-20
-6.099691624e-20
8.960380963e-20
-5.444407198e-20
9.248372381e-20
-4.813302547e-20
9.488837509e-20
-4.20734523e-20
9.687524998e-20
-3.625449838e-20
9.849333611e-20
-3.065469001e-20
9.97832258e-20
-2.52469468e-20
1.007776418e-19
-2.000124256e-20
1.015019893e-19
-1.488606941e-20
1.019747731e-19
-9.869221724e-21
1.022080068e-19
-4.918148109e-21
1.022064365e-19
-2.280795979e-31
1.128589127e-19
-1.113466128e-18
4.237911405e-18
-1.987288172e-16
5.351888841e-18
-2.819994274e-17
4.636757872e-18
1.125580842e-17
4.500081705e-18
2.024055972e-17
3.963937192e-18
1.992900886e-17
2.784374367e-18
4.415020184e-17
1.311491062e-16
-1.154220016e-10
4.620371678e-09
-5.154710096e-09
1.425011926e-08
-9.933474292e-09
1.676877155e-08
-1.208353711e-08
5.453257386e-09
-1.126049716e-08
-1.660014414e-08
-8.078993599e-09
-2.394308411e-08
-2.738048604e-09
-2.235096219e-08
-5.129799244e-09
-1.229027739e-08
-1.6236069e-09
-4.389324247e-09
-3.973093924e-19
-9.553035165e-20
-1.323759076e-19
1.934406342e-19
-3.405930259e-20
8.192158839e-21
1.079855063e-20
-6.811981942e-20
3.559535458e-20
-9.633594556e-20
5.155114229e-20
-1.034462151e-19
6.296167975e-20
-1.0138931e-19
7.168452357e-20
-9.546241949e-20
7.862098397e-20
-8.803730567e-20
8.426047849e-20
-8.018347808e-20
8.889955975e-20
-7.238028852e-20
9.273658952e-20
-6.483411174e-20
9.591485614e-20
-5.762257898e-20
9.854329698e-20
-5.076168108e-20
1.00707329e-19
-4.423766659e-20
1.024750584e-19
-3.80224325e-20
1.039010793e-19
-3.208100118e-20
1.0502893e-19
-2.637522323e-20
1.05892815e-19
-2.086569194e-20
1.065188369e-19
-1.551274592e-20
1.069258467e-19
-1.027692187e-20
1.071261549e-19
-5.119028568e-21
1.071298155e-19
-2.258668311e-31
9.902976738e-20
-1.117911666e-18
2.791348239e-18
-2.014449903e-16
3.946214144e-18
-2.937693754e-17
3.203571711e-18
1.197686353e-17
3.286548087e-18
2.013604738e-17
2.886151546e-18
2.030787366e-17
1.886676616e-18
4.51281501e-17
1.330250217e-16
-1.070196925e-08
1.002045613e-08
-1.558361165e-08
1.913176399e-08
-1.514705117e-08
1.63322269e-08
-1.15130493e-08
1.819309936e-09
-9.614435381e-09
-1.849875676e-08
-1.03971928e-08
-2.316031058e-08
-1.202336989e-08
-2.072478445e-08
-6.118529722e-09
-1.819511778e-08
1.734391099e-16
-1.050785403e-08
-8.320595014e-19
-9.998125226e-19
-3.176646659e-19
-3.209540366e-19
-1.103712809e-19
-1.99101008e-19
-1.741757551e-20
-1.610735776e-19
2.848508499e-20
-1.422384645e-19
5.360804748e-20
-1.285695967e-19
6.888857021e-20
-1.166707677e-19
7.910963739e-20
-1.056845826e-19
8.647481156e-20
-9.540304406e-20
9.206366805e-20
-8.577246982e-20
9.644573653e-20
-7.676249228e-20
9.994812228e-20
-6.833674758e-20
1.02775754e-19
-6.04504366e-20
1.050673115e-19
-5.305338553e-20
1.069225631e-19
-4.609307012e-20
1.084164897e-19
-3.951658294e-20
1.096068573e-19
-3.327166477e-20
1.105384613e-19
-2.730720537e-20
1.11245761e-19
-2.157349458e-20
1.11754661e-19
-1.602230026e-20
1.1208374e-19
-1.06067528e-20
1.122451834e-19
-5.281034058e-21
1.122517178e-19
-2.189053998e-31
8.72145112e-20
-1.105416703e-18
1.382228074e-18
-2.027638592e-16
2.541482746e-18
-3.055832161e-17
1.799899867e-18
1.269685864e-17
2.062449625e-18
1.985196123e-17
1.774353596e-18
2.057443753e-17
9.525843823e-19
4.592839222e-17
1.339668447e-16
-3.378244866e-08
1.080342811e-08
-3.012811625e-08
1.54774686e-08
-2.200057793e-08
8.20469314e-09
-1.574641209e-08
-4.434803596e-09
-2.33111873e-08
-1.093394761e-08
-3.53784316e-08
-1.109304034e-08
-1.456176691e-08
-4.154143025e-08
-9.212855319e-09
-2.354402947e-08
-3.231941348e-09
-1.648876801e-08
-2.897828399e-19
-3.231941272e-09
-1.956506915e-19
-4.150866365e-19
-7.234385044e-20
-3.224077969e-19
1.417537569e-21
-2.348341675e-19
4.215395284e-20
-1.829744197e-19
6.55068764e-20
-1.519230257e-19
7.987475535e-20
-1.310395888e-19
8.939117594e-20
-1.152020047e-19
9.61053858e-20
-1.021176992e-19
1.010736456e-19
-9.074083368e-20
1.048714812e-19
-8.056053553e-20
1.078344333e-19
-7.130000589e-20
1.101728051e-19
-6.27889837e-20
1.120276269e-19
-5.490823516e-20
1.134990503e-19
-4.756456262e-20
1.146614078e-19
-4.067914899e-20
1.155713167e-19
-3.418186889e-20
1.162721721e-19
-2.800840817e-20
1.167969553e-19
-2.209874054e-20
1.171702084e-19
-1.639620426e-20
1.174094587e-19
-1.084676806e-20
1.175262175e-19
-5.398314212e-21
1.175357476e-19
-2.1362342e-31
6.874278726e-20
-1.069180211e-18
1.191682324e-19
-2.028381406e-16
1.16651976e-18
-3.162780308e-17
4.91468389e-19
1.335032177e-17
8.222396614e-19
1.949965313e-17
5.032314417e-19
2.087191316e-17
-2.216515988e-20
4.643226128e-17
1.33933918e-16
-3.852507336e-08
6.693791196e-09
-3.103802982e-08
7.990452386e-09
-2.330243889e-08
4.691327197e-10
-1.951885574e-08
-8.218354339e-09
-1.677207403e-08
-1.368068192e-08
-8.79916632e-09
-1.906590282e-08
-1.735091293e-08
-3.298966217e-08
-1.644404535e-08
-2.445087866e-08
-8.012416007e-09
-2.492039732e-08
1.997257361e-16
-1.124435747e-08
-1.036969822e-19
-9.80249962e-19
1.52269073e-20
-4.413312038e-19
5.327728534e-20
-2.728841367e-19
7.320534681e-20
-2.029025032e-19
8.639031331e-20
-1.651087635e-19
9.57123395e-20
-1.403623515e-19
1.024754814e-19
-1.219656267e-19
1.074822513e-19
-1.071244961e-19
1.112539437e-19
-9.45124425e-20
1.141320109e-19
-8.343879268e-20
1.163454555e-19
-7.3513768e-20
1.180535537e-19
-6.449720942e-20
1.193712994e-19
-5.622591239e-20
1.203844639e-19
-4.857772319e-20
1.211586879e-19
-4.145355182e-20
1.217447774e-19
-3.476822854e-20
1.221818397e-19
-2.84457695e-20
1.224994916e-19
-2.241680241e-20
1.227196446e-19
-1.661697703e-20
1.228579126e-19
-1.098576513e-20
1.229245317e-19
-5.465407114e-21
1.229289652e-19
-2.063185376e-31
1.16163999e-19
-1.074963534e-18
-2.59855294e-19
-2.02485978e-16
-1.074662974e-19
-3.180232261e-17
-6.625503899e-19
1.38838171e-17
-4.584935004e-19
1.927405893e-17
-8.785663238e-19
2.127045293e-17
-1.023850371e-18
4.655601733e-17
1.328993059e-16
-1.482038462e-08
4.139349298e-09
-1.038559236e-08
3.555662455e-09
-7.875261829e-09
-2.041167811e-09
-7.097590946e-09
-8.99599422e-09
-6.444079128e-09
-1.433416321e-08
-7.273585119e-09
-1.82363646e-08
-1.658367174e-08
-2.367956421e-08
-1.495533274e-08
-2.607919812e-08
-7.097904964e-09
-3.277780736e-08
3.396635564e-17
-1.834226267e-08
4.324030793e-19
3.853322659e-20
1.836748658e-19
-1.926025001e-19
1.232589189e-19
-2.124677975e-19
1.109990865e-19
-1.906428822e-19
1.111367253e-19
-1.652469817e-19
1.141090643e-19
-1.433353226e-19
1.17316612e-19
-1.251734098e-19
1.200943049e-19
-1.099019825e-19
1.223275936e-19
-9.674554582e-20
1.240570356e-19
-8.516843841e-20
1.25362014e-19
-7.481909385e-20
1.263248507e-19
-6.546018252e-20
1.270194886e-19
-5.692049153e-20
1.275086353e-19
-4.90669025e-20
1.278440112e-19
-4.178914546e-20
1.280672364e-19
-3.499172167e-20
1.282108068e-19
-2.858958575e-20
1.28299317e-19
-2.250564754e-20
1.283508565e-19
-1.666906265e-20
1.283782706e-19
-1.101382475e-20
1.283899388e-19
-5.47748913e-21
1.28391666e-19
-1.959981278e-31
1.179846585e-19
-1.077100949e-18
-6.79007237e-19
-2.017128434e-16
-1.558712773e-18
-3.094474823e-17
-1.888543006e-18
1.419205804e-17
-1.81537263e-18
1.917935073e-17
-1.219992673e-18
2.065353943e-17
-6.234747346e-19
4.593797091e-17
1.322650691e-16
8.790654993e-09
2.421554961e-09
1.01864487e-08
2.159861092e-09
1.039033663e-08
-2.245048159e-09
9.007421485e-09
-7.61306029e-09
6.937045914e-09
-1.226375539e-08
4.012953818e-09
-1.531224307e-08
-1.782250001e-09
-1.788434181e-08
-4.577223811e-09
-2.328421997e-08
-4.774500161e-09
-3.258051818e-08
-4.629504559e-18
-2.311676297e-08
1.964771591e-19
5.18864929e-20
1.63810421e-19
-1.599355108e-19
1.450838342e-19
-1.937410743e-19
1.363949869e-19
-1.819548657e-19
1.330483845e-19
-1.61901048e-19
1.32270977e-19
-1.425585397e-19
1.325880393e-19
-1.254907118e-19
1.332507416e-19
-1.105644873e-19
1.33904701e-19
-9.739927774e-20
1.344063801e-19
-8.56702679e-20
1.347209254e-19
-7.513392533e-20
1.348645417e-19
-6.560388643e-20
1.348730777e-19
-5.692900314e-20
1.347863923e-19
-4.898037147e-20
1.34641435e-19
-4.164453644e-20
1.344693724e-19
-3.481999224e-20
1.34294745e-19
-2.841518937e-20
1.341359019e-19
-2.234707223e-20
1.340060944e-19
-1.653970693e-20
1.339146062e-19
-1.092287374e-20
1.33867428e-19
-5.430649979e-21
1.338676016e-19
-1.997660635e-31
1.133317689e-19
-1.069111935e-18
-2.004607632e-18
-1.996187621e-16
-4.013307056e-18
-2.895818063e-17
-3.404812678e-18
1.356197375e-17
-3.194243771e-18
1.894724346e-17
-2.706051089e-18
2.014381267e-17
-1.668884144e-18
4.487927496e-17
1.305854227e-16
1.387404074e-08
6.210684027e-10
1.58377596e-08
1.961295609e-10
1.612027087e-08
-2.527548375e-09
1.464832383e-08
-6.141103432e-09
1.212852601e-08
-9.743941506e-09
8.529952578e-09
-1.171363203e-08
4.109032158e-09
-1.346339563e-08
8.070163517e-10
-1.998218793e-08
-2.194657233e-09
-2.957884632e-08
2.304579189e-17
-2.531142028e-08
-2.146654705e-20
-5.937658387e-19
1.300055449e-19
-3.114074709e-19
1.568700427e-19
-2.206055092e-19
1.564488047e-19
-1.815343054e-19
1.523908927e-19
-1.578437945e-19
1.493388049e-19
-1.395070207e-19
1.475142639e-19
-1.236663574e-19
1.464159512e-19
-1.09466035e-19
1.456337108e-19
-9.661676784e-20
1.449427227e-19
-8.497923169e-20
1.442509643e-19
-7.444222329e-20
1.43539425e-19
-6.489225305e-20
1.428217093e-19
-5.621123013e-20
1.421222274e-19
-4.828115531e-20
1.414659792e-19
-4.098879102e-20
1.408741752e-19
-3.422862698e-20
1.403628622e-19
-2.790413483e-20
1.399432672e-19
-2.19277069e-20
1.396229276e-19
-1.621973289e-20
1.3940683e-19
-1.070720882e-20
1.392980779e-19
-5.322161556e-21
1.393071413e-19
-2.005692323e-31
1.32337885e-19
-1.074697091e-18
-4.084095014e-18
-1.95426188e-16
-5.488845925e-18
-2.757556221e-17
-4.433288086e-18
1.248482536e-17
-4.381945014e-18
1.887436142e-17
-3.956344923e-18
1.969667792e-17
-2.625512434e-18
4.352691291e-17
1.279491476e-16
1.183928193e-08
-1.605889226e-10
1.300775747e-08
-9.723665197e-10
1.335360209e-08
-2.873402838e-09
1.250330367e-08
-5.290801388e-09
1.062785014e-08
-7.868486339e-09
7.525771954e-09
-8.611541788e-09
4.833236158e-09
-1.077083736e-08
7.124779706e-09
-2.227373715e-08
4.511420165e-09
-2.696549758e-08
-5.11992597e-17
-2.079999905e-08
2.546599395e-19
-5.684745214e-19
2.20808191e-19
-2.775563854e-19
1.959412465e-19
-1.957385808e-19
1.801393156e-19
-1.657328693e-19
1.707276665e-19
-1.484327972e-19
1.651794682e-19
-1.339593793e-19
1.617145863e-19
-1.202015712e-19
1.592652183e-19
-1.070165417e-19
1.57271247e-19
-9.462266313e-20
1.554797311e-19
-8.318760941e-20
1.538009345e-19
-7.276323771e-20
1.522204479e-19
-6.331140882e-20
1.507517841e-19
-5.474238463e-20
1.494145916e-19
-4.694424181e-20
1.482261432e-19
-3.980090434e-20
1.471986674e-19
-3.320162501e-20
1.463392901e-19
-2.704500726e-20
1.456512412e-19
-2.123983569e-20
1.451354517e-19
-1.570421792e-20
1.447918772e-19
-1.036396516e-20
1.446202395e-19
-5.150716645e-21
1.446308757e-19
-1.934308866e-31
1.192337895e-19
-1.061856003e-18
-5.326129032e-18
-1.900046847e-16
-6.730920563e-18
-2.619290387e-17
-5.53445513e-18
1.126676871e-17
-5.541641488e-18
1.886000816e-17
-4.999990827e-18
1.913349197e-17
-3.518498625e-18
4.202389052e-17
1.244198861e-16
1.033207137e-08
-4.672301775e-10
1.082093936e-08
-1.461236066e-09
1.086097779e-08
-2.913449723e-09
1.026424465e-08
-4.694081053e-09
9.004713621e-09
-6.608950391e-09
7.108443667e-09
-6.715284868e-09
7.488944154e-09
-1.115133832e-08
8.005600428e-09
-2.279041021e-08
5.615366412e-09
-2.457526854e-08
-2.35967742e-17
-1.518463264e-08
5.40308085e-19
2.704794236e-19
3.026265151e-19
-3.987539457e-20
2.25946958e-19
-1.190590898e-19
1.974393877e-19
-1.372255789e-19
1.852010844e-19
-1.361950541e-19
1.789372764e-19
-1.276961802e-19
1.748996158e-19
-1.161644545e-19
1.716590969e-19
-1.037761433e-19
1.687063007e-19
-9.166995282e-20
1.659041028e-19
-8.038547609e-20
1.632527634e-19
-7.011164025e-20
1.607894721e-19
-6.084758057e-20
1.58549927e-19
-5.250255359e-20
1.565579291e-19
-4.495250507e-20
1.548254226e-19
-3.806895617e-20
1.533552851e-19
-3.17319345e-20
1.521444617e-19
-2.583438334e-20
1.51186859e-19
-2.028233898e-20
1.504757044e-19
-1.499324239e-20
1.500051258e-19
-9.893618146e-21
1.497709561e-19
-4.916675315e-21
1.497792479e-19
-1.915531424e-31
1.045969235e-19
-1.029222109e-18
-6.528769397e-18
-1.833951787e-16
-8.002402544e-18
-2.474140461e-17
-6.899769035e-18
1.014254331e-17
-6.728544824e-18
1.866724366e-17
-6.00946172e-18
1.83928729e-17
-4.369738633e-18
4.036263658e-17
1.200393841e-16
8.861304345e-09
-5.26377028e-10
8.952878294e-09
-1.55282073e-09
8.823571029e-09
-2.784148691e-09
8.558788162e-09
-4.429319512e-09
7.580456685e-09
-5.63062934e-09
7.888097932e-09
-7.022951312e-09
1.074838808e-08
-1.401163259e-08
8.953737663e-09
-2.099574003e-08
3.678456104e-09
-1.929996954e-08
-2.18400843e-17
-1.15061766e-08
2.259837444e-19
1.129269432e-19
2.234424373e-19
-3.733410422e-20
2.077804689e-19
-1.033970252e-19
1.984699125e-19
-1.279152525e-19
1.936999582e-19
-1.314260892e-19
1.904690021e-19
-1.244655136e-19
1.872879269e-19
-1.129839114e-19
1.837652874e-19
-1.002540499e-19
1.799907774e-19
-8.789583717e-20
1.761779386e-19
-7.657297914e-20
1.725168231e-19
-6.64504488e-20
1.691344991e-19
-5.746486354e-20
1.660999755e-19
-4.946789843e-20
1.63441478e-19
-4.229439019e-20
1.611624442e-19
-3.579052612e-20
1.592528363e-19
-2.982275656e-20
1.57696506e-19
-2.427820793e-20
1.564759555e-19
-1.906183457e-20
1.555753287e-19
-1.409271771e-20
1.549820686e-19
-9.30051032e-21
1.546876314e-19
-4.62231959e-21
1.54689392e-19
-1.815850516e-31
9.864851074e-20
-9.857329164e-19
-7.695637134e-18
-1.756247541e-16
-9.249754095e-18
-2.320942223e-17
-8.251961411e-18
9.123158028e-18
-7.873123359e-18
1.826686462e-17
-6.996851435e-18
1.749506432e-17
-5.177294747e-18
3.852154833e-17
1.148513257e-16
7.629103919e-09
-5.026198017e-10
7.574843583e-09
-1.498585712e-09
7.309143073e-09
-2.51847908e-09
7.052323522e-09
-4.172526602e-09
5.732119662e-09
-4.310435193e-09
7.750526443e-09
-9.041373223e-09
1.131707357e-08
-1.757817938e-08
6.995157618e-09
-1.667380636e-08
1.235066762e-09
-1.353985338e-08
-9.792730856e-18
-1.027110977e-08
7.274012894e-20
-2.201206369e-19
1.573791061e-19
-1.21972704e-19
1.832622417e-19
-1.292800734e-19
1.949590758e-19
-1.396117916e-19
2.006605339e-19
-1.371278052e-19
2.019506042e-19
-1.257557751e-19
2.000177885e-19
-1.110510666e-19
1.961235001e-19
-9.63603724e-20
1.913136354e-19
-8.308675299e-20
1.86300469e-19
-7.156027829e-20
1.815024083e-19
-6.165221595e-20
1.771314642e-19
-5.309347863e-20
1.732734837e-19
-4.560983607e-20
1.699453421e-19
-3.89666775e-20
1.671302138e-19
-3.297598594e-20
1.647973849e-19
-2.749030384e-20
1.629128794e-19
-2.239380383e-20
1.614450724e-19
-1.759402719e-20
1.603675361e-19
-1.301523385e-20
1.596602593e-19
-8.593337697e-21
1.59309951e-19
-4.272074395e-21
1.593083685e-19
-1.735504114e-31
9.650783035e-20
-9.3547874e-19
-8.813282135e-18
-1.667388259e-16
-1.042443066e-17
-2.1620409e-17
-9.522315116e-18
8.19944918e-18
-8.946347385e-18
1.766935517e-17
-7.950362959e-18
1.647754249e-17
-5.935747207e-18
3.648540026e-17
1.089048144e-16
6.506082424e-09
-4.294737202e-10
6.343149423e-09
-1.335676919e-09
5.995233353e-09
-2.170603707e-09
5.602540355e-09
-3.779858543e-09
4.913297793e-09
-3.621184184e-09
6.89369723e-09
-1.10217452e-08
9.210721638e-09
-1.989517562e-08
5.090800204e-09
-1.25538769e-08
-1.296023085e-10
-8.319432203e-09
3.558865593e-17
-1.040071205e-08
1.682714952e-19
4.135271318e-20
1.500718645e-19
-1.037725504e-19
1.729305235e-19
-1.521374032e-19
1.974430622e-19
-1.641249369e-19
2.12032564e-19
-1.517172471e-19
2.166553127e-19
-1.303786834e-19
2.147084827e-19
-1.091038553e-19
2.093971195e-19
-9.104890812e-20
2.028401101e-19
-7.653032428e-20
1.962085313e-19
-6.492912481e-20
1.900611456e-19
-5.550460101e-20
1.846151067e-19
-4.764701218e-20
1.799166423e-19
-4.091134459e-20
1.759360336e-19
-3.498649662e-20
1.726158959e-19
-2.965636049e-20
1.698938849e-19
-2.476857458e-20
1.67712656e-19
-2.021261115e-20
1.660238657e-19
-1.590520211e-20
1.647894322e-19
-1.178083075e-20
1.639815226e-19
-7.785518068e-21
1.635820254e-19
-3.872650636e-21
1.635865467e-19
-1.712242647e-31
9.488590879e-20
-8.793227902e-19
-9.872955129e-18
-1.567948473e-16
-1.151884865e-17
-1.99966515e-17
-1.070362599e-17
7.362632489e-18
-9.94712165e-18
1.689130839e-17
-8.85904296e-18
1.536792566e-17
-6.643067724e-18
3.424789195e-17
1.022509822e-16
5.522267579e-09
-3.264161148e-10
5.235364341e-09
-1.04879644e-09
4.764505056e-09
-1.699781892e-09
3.743969334e-09
-2.759346458e-09
3.562127956e-09
-3.439344541e-09
3.82447377e-09
-1.128406799e-08
4.510585109e-09
-2.058125323e-08
2.774028485e-09
-1.081731051e-08
-2.020974347e-09
-3.524409877e-09
-5.73857862e-10
-1.184782862e-08
2.677755761e-20
-5.738579861e-10
1.017087001e-19
-1.787041319e-19
1.609429898e-19
-2.113719711e-19
2.098507521e-19
-2.130338451e-19
2.333711277e-19
-1.75237699e-19
2.379301408e-19
-1.349369916e-19
2.327634299e-19
-1.039371882e-19
2.239157033e-19
-8.22018779e-20
2.144413096e-19
-6.705688876e-20
2.056330551e-19
-5.612135093e-20
1.979187345e-19
-4.77900803e-20
1.913507743e-19
-4.10787382e-20
1.858414903e-19
-3.540213471e-20
1.812661698e-19
-3.041159442e-20
1.775036818e-19
-2.589428441e-20
1.744498484e-19
-2.171491508e-20
1.720200651e-19
-1.778280279e-20
1.701482371e-19
-1.403332292e-20
1.687847449e-19
-1.041737434e-20
1.6789439e-19
-6.895269966e-21
1.674546761e-19
-3.433039509e-21
1.674577519e-19
-1.586202343e-31
9.389779874e-20
-8.183101471e-19
-1.085990513e-17
-1.458649077e-16
-1.256288729e-17
-1.831580611e-17
-1.179828698e-17
6.576437411e-18
-1.088032261e-17
1.595180082e-17
-9.713895481e-18
1.417995962e-17
-7.299715069e-18
3.18121777e-17
9.494050226e-17
4.760974976e-09
-2.046430204e-10
4.339096242e-09
-6.269376063e-10
3.66960288e-09
-1.030307091e-09
1.901587813e-09
-9.91340633e-10
9.374790264e-10
-2.47525042e-09
-1.308088314e-09
-9.038518712e-09
-1.819123298e-09
-2.007020798e-08
-1.795353121e-09
-1.084102888e-08
-8.237286049e-09
2.917553759e-09
-4.746349973e-09
-1.533873168e-08
-3.666192082e-10
-4.953588951e-09
7.054404479e-20
-3.666192359e-10
1.592803265e-19
-3.001092076e-19
2.476468982e-19
-3.014007066e-19
2.736718351e-19
-2.012638536e-19
2.689299441e-19
-1.301942762e-19
2.544987402e-19
-8.950541117e-20
2.390606925e-19
-6.676447611e-20
2.253768474e-19
-5.33739838e-20
2.139643257e-19
-4.470916163e-20
2.046300766e-19
-3.845559104e-20
1.970273778e-19
-3.347581623e-20
1.908320306e-19
-2.920692598e-20
1.857834798e-19
-2.536340709e-20
1.816830511e-19
-2.179413752e-20
1.783819607e-19
-1.841388346e-20
1.757695449e-19
-1.517030796e-20
1.737641857e-19
-1.202790999e-20
1.723068493e-19
-8.960096163e-21
1.713566205e-19
-5.945180892e-21
1.708877156e-19
-2.96426809e-21
1.708855884e-19
-1.428080413e-31
9.249887286e-20
-7.524665983e-19
-1.176786405e-17
-1.34028409e-16
-1.355882096e-17
-1.65469868e-17
-1.280654077e-17
5.802561674e-18
-1.174810522e-17
1.487182128e-17
-1.050863525e-17
1.291894996e-17
-7.905586906e-18
2.918759475e-17
8.702415012e-17
4.26846574e-09
-7.586264829e-11
3.831402103e-09
-1.898927483e-10
3.095536529e-09
-2.944472086e-10
1.709540743e-09
3.946462352e-10
-4.317346097e-10
-3.340091149e-10
-4.738199643e-09
-4.732082704e-09
-9.489300106e-09
-1.531909893e-08
-7.3075351e-09
-1.302272201e-08
-5.466043523e-09
1.076077297e-09
-1.037540363e-08
-1.042940069e-08
-4.78456346e-09
-1.054440242e-08
-1.137883643e-10
-5.037394263e-09
1.579465723e-19
-1.13788383e-10
3.47782411e-19
-4.912354847e-19
3.447414126e-19
-1.982228258e-19
3.096188092e-19
-9.507103548e-20
2.772396753e-19
-5.712622235e-20
2.524511848e-19
-4.19767459e-20
2.340416696e-19
-3.496526468e-20
2.202178963e-19
-3.088554102e-20
2.096098514e-19
-2.784729092e-20
2.012962681e-19
-2.516209345e-20
1.946755495e-19
-2.258636263e-20
1.893527493e-19
-2.004086565e-20
1.850633052e-19
-1.750481877e-20
1.816255362e-19
-1.497605283e-20
1.789119429e-19
-1.245658251e-20
1.768319995e-19
-9.947908584e-21
1.753217646e-19
-7.44993529e-21
1.743375333e-19
-4.961109343e-21
1.738519837e-19
-2.478857961e-21
1.738502037e-19
-1.40079206e-31
9.15927308e-20
-6.827527393e-19
-1.25924027e-17
-1.213682787e-16
-1.448977445e-17
-1.467175353e-17
-1.372598899e-17
5.017179824e-18
-1.2547026e-17
1.367131349e-17
-1.123847372e-17
1.158885721e-17
-8.458925389e-18
2.638651104e-17
7.855445911e-17
4.206812378e-09
-9.701403256e-12
4.029467649e-09
-1.256086453e-11
3.752556201e-09
-1.754280269e-11
3.668861239e-09
4.783160615e-10
2.89116926e-09
4.436338243e-10
-9.066799346e-10
-9.342337604e-10
-9.584639707e-09
-6.641091165e-09
-1.805057111e-08
-4.556717266e-09
-1.903505062e-08
2.060541368e-09
-2.033221484e-08
-9.132505535e-09
-7.43451558e-09
-2.344217159e-08
-6.552286563e-10
-1.181668128e-08
3.895790725e-17
-7.690170357e-10
6.407622872e-19
-1.333789088e-19
4.478944598e-19
-5.35415315e-21
3.475636223e-19
5.260519952e-21
2.923891518e-19
-1.952105354e-21
2.59462666e-19
-9.051120062e-21
2.381213933e-19
-1.362458002e-20
2.232561464e-19
-1.602029759e-20
2.122950488e-19
-1.688597508e-20
2.038719989e-19
-1.673898678e-20
1.972210464e-19
-1.593554499e-20
1.918887962e-19
-1.470874117e-20
1.875920711e-19
-1.320805925e-20
1.841450065e-19
-1.152881366e-20
1.814206168e-19
-9.732007679e-21
1.793299728e-19
-7.857186162e-21
1.778105905e-19
-5.930610926e-21
1.768197847e-19
-3.970437771e-21
1.763308416e-19
-1.990009768e-21
1.763350543e-19
-1.256083245e-31
9.113409939e-20
-6.101061738e-19
-1.334220909e-17
-1.079588017e-16
-1.533740253e-17
-1.269869951e-17
-1.455741538e-17
4.21559538e-18
-1.327107232e-17
1.236342474e-17
-1.189979627e-17
1.019603988e-17
-8.957431297e-18
2.342260991e-17
6.958626183e-17
4.249967398e-09
3.092369278e-11
4.136658432e-09
1.007529543e-10
3.950406977e-09
1.686996091e-10
3.986500347e-09
4.421819044e-10
3.89169727e-09
5.383726297e-10
2.578499044e-09
3.789821446e-10
-4.652840314e-09
5.902468531e-10
-1.551177058e-08
6.302232258e-09
-2.138391614e-08
7.932771775e-09
-1.798723238e-08
-1.252908831e-08
-2.514894727e-09
-3.891451741e-08
-9.181179247e-10
-1.341345822e-08
3.384743428e-17
-1.687135189e-09
7.686588145e-19
8.660460835e-19
4.585091419e-19
3.047960389e-19
3.40350997e-19
1.234189754e-19
2.85290137e-19
5.310824946e-20
2.54889206e-19
2.134908289e-20
2.357256757e-19
5.538617343e-21
2.223904689e-19
-2.684994943e-21
2.124420371e-19
-6.93738933e-21
2.046754407e-19
-8.972393647e-21
1.984478503e-19
-9.708039438e-21
1.933894781e-19
-9.650363865e-21
1.892713167e-19
-9.089734828e-21
1.859418125e-19
-8.199056579e-21
1.832954383e-19
-7.085411192e-21
1.81256548e-19
-5.81818477e-21
1.797707637e-19
-4.4448283e-21
1.788002127e-19
-2.999934918e-21
1.783208514e-19
-1.510639852e-21
1.78316979e-19
-1.090982443e-31
8.982521964e-20
-5.341627831e-19
-1.403292704e-17
-9.385991658e-17
-1.609302068e-17
-1.066074627e-17
-1.530855689e-17
3.409533349e-18
-1.391488082e-17
1.094820207e-17
-1.249034026e-17
8.749957172e-18
-9.398529345e-18
2.030926203e-17
6.017696608e-17
4.231794852e-09
8.121629515e-11
4.09271264e-09
2.398520025e-10
3.875457576e-09
3.859445923e-10
3.72832331e-09
5.892714288e-10
3.56752102e-09
6.991242412e-10
3.22829564e-09
7.182296381e-10
3.015749735e-09
8.028000987e-10
3.961768052e-09
5.35612591e-09
8.655842247e-09
3.238558601e-09
1.302683467e-08
-1.690016345e-08
4.148757088e-09
-3.003644722e-08
-1.349002805e-09
-7.915682803e-09
-4.105931792e-18
-3.036137851e-09
2.068832407e-19
3.785516551e-19
2.771305774e-19
2.345489746e-19
2.70040271e-19
1.305091058e-19
2.535309705e-19
6.96169907e-20
2.390787405e-19
3.580084736e-20
2.275020634e-19
1.71152021e-20
2.181380746e-19
6.679133044e-21
2.104070328e-19
7.937384611e-22
2.039397949e-19
-2.5051872e-21
1.985055258e-19
-4.27379255e-21
1.939501072e-19
-5.094840271e-21
1.90161995e-19
-5.301390817e-21
1.870554578e-19
-5.092248301e-21
1.845626648e-19
-4.592398457e-21
1.826299045e-19
-3.885291421e-21
1.81215657e-19
-3.030505989e-21
1.802895078e-19
-2.07370489e-21
1.798314912e-19
-1.052478038e-21
1.798389913e-19
-9.796414955e-32
8.662171151e-20
-4.534969092e-19
-1.466777943e-17
-7.912938354e-17
-1.675258533e-17
-8.598081755e-18
-1.598255703e-17
2.617905837e-18
-1.447522129e-17
9.419318789e-18
-1.300765155e-17
7.260844395e-18
-9.779945268e-18
1.706001793e-17
5.038625397e-17
4.489588123e-09
1.135525747e-10
4.394262622e-09
3.351906461e-10
4.283203278e-09
4.97000179e-10
4.254257146e-09
6.181879477e-10
4.336213783e-09
6.171451003e-10
4.478938598e-09
5.755093238e-10
5.0922578e-09
1.895042419e-10
7.768835236e-09
2.679552997e-09
1.037097833e-08
6.363135486e-10
8.195784949e-09
-1.472503285e-08
-2.930487733e-09
-1.891028075e-08
-2.92808096e-09
-7.918064643e-09
-1.083664049e-17
-5.964218768e-09
6.204400717e-20
2.319002021e-21
1.730903591e-19
1.235027003e-19
2.09148156e-19
9.445101008e-20
2.197148271e-19
5.904992182e-20
2.203930952e-19
3.512239913e-20
2.170659943e-19
2.044236643e-20
2.1225268e-19
1.149257302e-20
2.071081072e-19
5.938349971e-21
2.021711895e-19
2.431716049e-21
1.976844781e-19
2.129698136e-22
1.937435566e-19
-1.153749942e-21
1.903711375e-19
-1.928731268e-21
1.875553077e-19
-2.276190662e-21
1.852697718e-19
-2.306697596e-21
1.834846899e-19
-2.100091808e-21
1.821724581e-19
-1.718141893e-21
1.813107346e-19
-1.211778675e-21
1.808839693e-19
-6.254550536e-22
1.808878564e-19
-8.63212518e-32
8.329745112e-20
-3.684582243e-19
-1.523229149e-17
-6.38376636e-17
-1.731327281e-17
-6.539242723e-18
-1.656645373e-17
1.849486584e-18
-1.494556359e-17
7.776880142e-18
-1.344573679e-17
5.739473614e-18
-1.009917541e-17
1.369191783e-17
4.027631124e-17
4.646410227e-09
1.699055131e-10
4.484462217e-09
4.971294343e-10
4.238941731e-09
7.424926975e-10
3.98299879e-09
8.740810554e-10
3.810514925e-09
7.895864373e-10
3.911221727e-09
4.747460565e-10
4.39019848e-09
-2.895456903e-10
6.980235968e-09
8.952462369e-11
8.775901815e-09
-1.15940492e-09
4.716788866e-09
-1.066598981e-08
-9.128764575e-10
-1.328065592e-08
-1.364786283e-09
-7.466109989e-09
-3.700976731e-19
-7.32900472e-09
1.818448553e-19
5.811023001e-19
1.440392392e-19
1.613082329e-19
1.737470677e-19
6.474292467e-20
1.957873044e-19
3.700947887e-20
2.057130625e-19
2.519664371e-20
2.081162009e-19
1.803936627e-20
2.066984569e-19
1.291041731e-20
2.036014732e-19
9.035361129e-21
1.999524433e-19
6.080783765e-21
1.963177584e-19
3.847781115e-21
1.929685753e-19
2.195641765e-21
1.900236781e-19
1.016384967e-21
1.875248008e-19
2.228437698e-22
1.854763776e-19
-2.581950253e-22
1.838666399e-19
-4.90293014e-22
1.826788214e-19
-5.301857e-22
1.818970582e-19
-4.297544382e-22
1.815094243e-19
-2.37536684e-22
1.815065875e-19
-6.283664452e-32
8.037703084e-20
-2.798788926e-19
-1.570699396e-17
-4.80741625e-17
-1.776771749e-17
-4.500662398e-18
-1.704853411e-17
1.108702102e-18
-1.532331523e-17
6.030111792e-18
-1.379974722e-17
4.194360667e-18
-1.035452725e-17
1.022515819e-17
2.991101617e-17
4.980673328e-09
2.391672477e-10
4.763366378e-09
7.144271286e-10
4.439145535e-09
1.066687404e-09
4.1327984e-09
1.180400364e-09
3.929158699e-09
9.932241639e-10
3.792475842e-09
6.114282179e-10
3.625768014e-09
-1.228496853e-10
4.605223435e-09
-8.899454184e-10
5.216549151e-09
-1.770764555e-09
-2.109493637e-10
-5.238514247e-09
-4.368954371e-09
-9.122598806e-09
2.989489125e-10
-1.21339058e-08
2.574550724e-18
-7.0299982e-09
-2.398168029e-19
-4.228829985e-19
4.74739476e-20
-1.259825877e-19
1.460136219e-19
-3.379685872e-20
1.839744693e-19
-9.514281921e-22
1.985557851e-19
1.061537745e-20
2.02987252e-19
1.360801283e-20
2.028234007e-19
1.307433941e-20
2.006468959e-19
1.121191903e-20
1.977194406e-19
9.008352791e-21
1.94665619e-19
6.90180767e-21
1.917893185e-19
5.072195049e-21
1.892301369e-19
3.575788388e-21
1.87043762e-19
2.409344125e-21
1.852442796e-19
1.541311234e-21
1.838267472e-19
9.272404179e-22
1.827792526e-19
5.174037659e-22
1.82089276e-19
2.604517644e-22
1.81746961e-19
1.04981122e-22
1.817448155e-19
-3.809550188e-32
7.794205466e-20
-1.886260487e-19
-1.60797665e-17
-3.194032471e-17
-1.811144046e-17
-2.491132479e-18
-1.742090002e-17
3.965596652e-19
-1.560573278e-17
4.193394128e-18
-1.406567906e-17
2.632761007e-18
-1.054444919e-17
6.682387659e-18
1.935579862e-17
5.373356656e-09
3.452544101e-10
5.025949317e-09
1.061840542e-09
4.443748767e-09
1.648888313e-09
3.702261889e-09
1.921905064e-09
2.856600366e-09
1.838956416e-09
1.921247409e-09
1.546842746e-09
9.072398723e-10
8.912006586e-10
1.716229502e-10
-1.54265697e-10
1.346330782e-09
-2.945430021e-09
5.866179311e-10
-4.478751565e-09
-3.045924685e-10
-8.231257413e-09
1.071605944e-09
-1.350998449e-08
-1.57511117e-18
-5.958392313e-09
5.540324798e-20
-5.617905168e-19
1.396596058e-19
-2.102389917e-19
1.788590524e-19
-7.299635251e-20
1.955412749e-19
-1.763362647e-20
2.015484205e-19
4.608311698e-21
2.024535786e-19
1.270294664e-20
2.009609803e-19
1.456701559e-20
1.984433296e-19
1.372967976e-20
1.956128955e-19
1.18389766e-20
1.928360064e-19
9.678967351e-21
1.902929118e-19
7.615596827e-21
1.880636926e-19
5.805287593e-21
1.861757291e-19
4.297493611e-21
1.846302088e-19
3.086895252e-21
1.834169105e-19
2.140537856e-21
1.825223006e-19
1.412059982e-21
1.819338053e-19
8.49077329e-22
1.816419799e-19
3.968559761e-22
1.816455538e-19
-2.487376394e-32
7.587264997e-20
-9.54084997e-20
-1.634441887e-17
-1.55439049e-17
-1.834055849e-17
-5.171377834e-19
-1.767820116e-17
-2.87400556e-19
-1.579048094e-17
2.284122551e-18
-1.424108722e-17
1.06182037e-18
-1.066769695e-17
3.087455693e-18
8.677332754e-18
6.063791322e-09
4.615990299e-10
5.585118708e-09
1.540518417e-09
4.777406228e-09
2.45661197e-09
3.954386103e-09
2.744957515e-09
3.321776411e-09
2.471663386e-09
2.254636914e-09
2.614140147e-09
9.717644289e-10
2.174225796e-09
2.314958071e-09
-1.497252432e-09
3.193839787e-09
-3.824136277e-09
6.457641706e-09
-7.742439943e-09
9.000821558e-09
-1.077432812e-08
3.642700884e-09
-8.151788613e-09
-2.582134839e-17
-2.315691385e-09
4.055668528e-19
-1.449144377e-19
2.769025221e-19
-8.157469766e-20
2.342217785e-19
-3.031556408e-20
2.177832131e-19
-1.194968747e-21
2.096430554e-19
1.27485588e-20
2.043176475e-19
1.802842175e-20
2.001236445e-19
1.876109568e-20
1.965526265e-19
1.730082416e-20
1.934528863e-19
1.493890671e-20
1.907726359e-19
1.23594704e-20
1.884826026e-19
9.905938634e-21
1.865558987e-19
7.732335307e-21
1.849651307e-19
5.888574331e-21
1.836838514e-19
4.368377604e-21
1.826884327e-19
3.136041255e-21
1.81959318e-19
2.141208489e-21
1.81481584e-19
1.326823933e-21
1.812451239e-19
6.332101767e-22
1.812485071e-19
-2.578429621e-33
7.417925126e-20
-8.894808512e-22
-1.649689069e-17
1.003292359e-18
-1.845184741e-17
1.415673167e-18
-1.781659501e-17
-9.442567271e-19
-1.587568608e-17
3.216613044e-19
-1.432470034e-17
-5.10713299e-19
-1.07234953e-17
-5.352921063e-19
-2.056932008e-18
7.014543547e-09
5.617803272e-10
6.468753461e-09
2.086337407e-09
5.448921498e-09
3.476492322e-09
4.25646555e-09
3.937506475e-09
2.619304698e-09
4.108952429e-09
7.313810005e-11
5.160457334e-09
1.974462225e-11
2.227741333e-09
1.56410619e-09
-3.041359741e-09
-2.844725697e-10
-1.975331948e-09
1.89021292e-09
-9.917003431e-09
6.273448759e-09
-1.515750729e-08
2.932867476e-09
-4.81120723e-09
-1.816392396e-17
6.171761114e-10
4.682660748e-19
1.568640905e-19
3.281621464e-19
5.85291864e-20
2.633423738e-19
3.450428578e-20
2.317267406e-19
3.042075565e-20
2.149229184e-19
2.955242932e-20
2.050503214e-19
2.790104463e-20
1.98663373e-19
2.514808261e-20
1.94190709e-19
2.177353672e-20
1.9087345e-19
1.825621422e-20
1.883191041e-19
1.491388569e-20
1.863089993e-19
1.191619686e-20
1.847121377e-19
9.329492067e-21
1.83444934e-19
7.156171662e-21
1.82451515e-19
5.362154036e-21
1.816935999e-19
3.894170436e-21
1.811449334e-19
2.689930664e-21
1.807879702e-19
1.683698535e-21
1.806119137e-19
8.090530493e-22
1.806198498e-19
3.314398838e-32
7.282898578e-20
9.434033325e-20
-1.653323859e-17
1.758548622e-17
-1.844382158e-17
3.304109455e-18
-1.78325924e-17
-1.577090582e-18
-1.586016578e-17
-1.672318581e-18
-1.431598687e-17
-2.076441155e-18
-1.071179392e-17
-4.161028889e-18
-1.277949595e-17
8.513013695e-09
4.554086133e-10
8.00951036e-09
2.589877881e-09
6.608043171e-09
4.877971816e-09
4.231447945e-09
6.314116573e-09
1.061909708e-09
7.278535232e-09
-6.477817829e-10
6.870198721e-09
1.755052179e-09
-1.751849883e-10
3.640997212e-09
-4.927141953e-09
2.330097853e-09
-6.642782962e-10
2.942550945e-09
-1.052943531e-08
3.561516463e-09
-1.577655102e-08
1.241880951e-09
-2.491571726e-09
-1.119867955e-17
1.859057101e-09
3.701048399e-19
2.435384589e-19
3.04136896e-19
1.24497156e-19
2.592588437e-19
7.938244474e-20
2.308584143e-19
5.882126883e-20
2.132715337e-19
4.713934082e-20
2.022973594e-19
3.88752312e-20
1.952888271e-19
3.215662145e-20
1.906733865e-19
2.638892104e-20
1.875311214e-19
2.139831784e-20
1.853214153e-19
1.712335696e-20
1.837222945e-19
1.351515048e-20
1.825388173e-19
1.051303935e-20
1.816509164e-19
8.044401165e-21
1.809835314e-19
6.029961454e-21
1.804893601e-19
4.388649119e-21
1.801387013e-19
3.040664397e-21
1.799133247e-19
1.908908875e-21
1.798028607e-19
9.19248531e-22
1.798025954e-19
6.274893289e-32
7.185047752e-20
1.89748138e-19
-1.644627446e-17
3.407973637e-17
-1.831582272e-17
5.151510063e-18
-1.77223441e-17
-2.192174808e-18
-1.574363439e-17
-3.672582502e-18
-1.421436557e-17
-3.627259935e-18
-1.063240583e-17
-7.764533534e-18
-2.342267233e-17
8.703476654e-09
1.033574743e-09
7.052453699e-09
4.24088785e-09
4.691947332e-09
7.238384222e-09
1.728722417e-09
9.277164395e-09
-4.384189051e-10
9.445506222e-09
8.227890404e-10
5.608913066e-09
3.367173486e-09
-2.719854857e-09
4.191728909e-09
-5.751541434e-09
3.633983472e-09
-1.063575684e-10
2.386381779e-09
-9.281761503e-09
9.975892602e-10
-1.438776258e-08
1.936862565e-10
-1.687668728e-09
-2.734943651e-17
2.052743432e-09
2.51506822e-19
6.869710232e-20
2.590216326e-19
1.169823964e-19
2.386976678e-19
9.970655351e-20
2.191764863e-19
7.834256375e-20
2.050074241e-19
6.130851582e-20
1.955787497e-19
4.830403618e-20
1.895211267e-19
3.821436862e-20
1.856827833e-19
3.02272777e-20
1.832561606e-19
2.382474275e-20
1.817132088e-19
1.866588189e-20
1.807201834e-19
1.45077035e-20
1.800701791e-19
1.116281685e-20
1.796364766e-19
8.478252137e-21
1.793422191e-19
6.324598099e-21
1.791413754e-19
4.589823067e-21
1.790069458e-19
3.175165568e-21
1.789236644e-19
1.991973771e-21
1.788836122e-19
9.590192408e-22
1.788860793e-19
8.516352206e-32
7.167936312e-20
2.84398649e-19
-1.622497217e-17
5.035251197e-17
-1.806510679e-17
6.969496041e-18
-1.748151998e-17
-2.797368185e-18
-1.55274808e-17
-5.648176886e-18
-1.401945566e-17
-5.156836056e-18
-1.048598685e-17
-1.131954831e-17
-3.391943026e-17
1.469798466e-09
1.767771417e-09
3.682679399e-10
5.342294406e-09
-6.402735695e-10
8.246696212e-09
-1.157976252e-09
9.794576394e-09
7.9653194e-10
7.490796277e-09
5.054530415e-09
1.350923375e-09
7.576830354e-09
-5.242309619e-09
7.933516158e-09
-6.107878702e-09
8.015576028e-09
-1.880280663e-10
8.359744549e-09
-9.625932934e-09
3.951714969e-09
-9.979701441e-09
1.037169238e-09
1.226877002e-09
-2.060090358e-17
3.089912728e-09
3.003161219e-19
3.187094443e-19
2.417456492e-19
1.7555294e-19
2.17333678e-19
1.241187135e-19
2.021424384e-19
9.353405587e-20
1.920029444e-19
7.144832921e-20
1.854890821e-19
5.481828103e-20
1.815340358e-19
4.216985485e-20
1.792802484e-19
3.248145182e-20
1.780972997e-19
2.500783737e-20
1.775550304e-19
1.920789454e-20
1.773752967e-19
1.468692067e-20
1.773856144e-19
1.115210367e-20
1.774828226e-19
8.381029066e-21
1.776074441e-19
6.20027058e-21
1.777267179e-19
4.470856916e-21
1.77823754e-19
3.078186381e-21
1.778907099e-19
1.924786678e-21
1.779245929e-19
9.248801783e-22
1.779298585e-19
1.122124504e-31
7.276758634e-20
3.770035128e-19
-1.586222053e-17
6.6263623e-17
-1.769006469e-17
8.775190498e-18
-1.710598989e-17
-3.403050549e-18
-1.521317534e-17
-7.562547659e-18
-1.373072746e-17
-6.660835971e-18
-1.027352962e-17
-1.479829318e-17
-4.420373148e-17
-6.366588845e-09
8.602575944e-10
-4.623084187e-09
3.598603901e-09
-2.69011476e-09
6.313549836e-09
5.443767333e-10
6.559976166e-09
5.355441135e-09
2.679884262e-09
9.392596818e-09
-2.68622021e-09
1.153781286e-08
-7.38768668e-09
1.113408747e-08
-5.704139369e-09
8.058081837e-09
2.888117407e-09
7.288204047e-09
-8.856040069e-09
1.393720586e-09
-4.085207772e-09
-1.085289131e-09
3.705886732e-09
-7.320658229e-18
2.004623661e-09
1.579551249e-19
6.718075525e-20
1.903104874e-19
1.431977001e-19
1.867490204e-19
1.276804609e-19
1.800567117e-19
1.002267697e-19
1.753728962e-19
7.613263273e-20
1.728406559e-19
5.735105333e-20
1.718456327e-19
4.316556597e-20
1.718066339e-19
3.2521282e-20
1.722973569e-19
2.451782957e-20
1.730340565e-19
1.847141647e-20
1.738404797e-19
1.388022867e-20
1.746145398e-19
1.037767977e-20
1.753020641e-19
7.693413432e-21
1.758780304e-19
5.624514978e-21
1.763340474e-19
4.015095426e-21
1.766703543e-19
2.741909579e-21
1.768908034e-19
1.704113294e-21
1.769997127e-19
8.15761945e-22
1.770001075e-19
1.390046424e-31
7.634797511e-20
4.651035488e-19
-1.536240264e-17
8.167849532e-17
-1.719203903e-17
1.058267608e-17
-1.658817773e-17
-4.028520468e-18
-1.479982556e-17
-9.372457061e-18
-1.334866064e-17
-8.133553947e-18
-9.996075311e-18
-1.817242657e-17
-5.421057892e-17
-1.325498186e-09
2.617014065e-10
6.162798188e-10
1.65679212e-09
3.203547679e-09
3.726438804e-09
6.7343821e-09
3.028936319e-09
9.745802726e-09
-3.31681404e-10
1.131765852e-08
-4.25857822e-09
1.204168626e-08
-8.111477661e-09
1.119617788e-08
-4.858324034e-09
8.007417397e-09
6.076984414e-09
-6.218636168e-10
-2.267598359e-10
-2.995572188e-09
-1.711499311e-09
-2.004623675e-09
2.714938259e-09
4.819745369e-19
6.496942233e-19
2.344934919e-19
3.146617997e-19
1.747945266e-19
2.028968541e-19
1.592953292e-19
1.431799471e-19
1.559625747e-19
1.03559877e-19
1.565913168e-19
7.550419154e-20
1.586551686e-19
5.528735406e-20
1.612013488e-19
4.061973086e-20
1.638031815e-19
2.992025009e-20
1.662509438e-19
2.207107776e-20
1.684428687e-19
1.628012005e-20
1.703379308e-19
1.198520903e-20
1.719302734e-19
8.785104386e-21
1.732331657e-19
6.390415e-21
1.742686109e-19
4.589200719e-21
1.750608615e-19
3.223018227e-21
1.75632558e-19
2.170191891e-21
1.76002452e-19
1.333994912e-21
1.761839508e-19
6.340870854e-22
1.76182853e-19
1.585778876e-31
8.071401215e-20
5.480188682e-19
-1.473735144e-17
9.647268124e-17
-1.658523297e-17
1.240840571e-17
-1.595515029e-17
-4.680212846e-18
-1.429525487e-17
-1.105391078e-17
-1.28795188e-17
-9.570844129e-18
-9.655610929e-18
-2.141788355e-17
-6.387696247e-17
4.552713771e-09
-1.005089467e-09
7.875325342e-09
-1.66568147e-09
9.358917814e-09
2.24293808e-09
9.763784046e-09
2.62371628e-09
9.019690293e-09
4.128226294e-10
8.139426628e-09
-3.378320408e-09
8.185780064e-09
-8.157555878e-09
9.091680692e-09
-5.763981573e-09
8.977604544e-09
6.191083202e-09
-4.462990548e-09
1.321379902e-08
-2.602077794e-09
-3.572412091e-09
-1.021387038e-19
1.128604914e-10
1.55293569e-19
6.465409268e-19
1.227256193e-19
3.472298553e-19
1.150776196e-19
2.105449783e-19
1.19675259e-19
1.385823746e-19
1.279068893e-19
9.532826415e-20
1.363744794e-19
6.703636124e-20
1.439875454e-19
4.767353509e-20
1.50501868e-19
3.410472876e-20
1.559540092e-19
2.446821725e-20
1.604599861e-19
1.756588625e-20
1.641479577e-19
1.259287404e-20
1.671378262e-19
8.995589106e-21
1.695355841e-19
6.387269271e-21
1.714319514e-19
4.493989189e-21
1.729024284e-19
3.118817798e-21
1.740080352e-19
2.117515567e-21
1.74796361e-19
1.381792711e-21
1.753025442e-19
8.275801323e-22
1.755498637e-19
3.865953967e-22
1.755575045e-19
1.678742134e-31
8.647129734e-20
6.245427074e-19
-1.401274787e-17
1.105480196e-16
-1.587779485e-17
1.425129958e-17
-1.521782357e-17
-5.36179492e-18
-1.370009338e-17
-1.259320033e-17
-1.232834612e-17
-1.096414654e-17
-9.253727523e-18
-2.451405229e-17
-7.314146312e-17
4.444734382e-09
-3.792519184e-09
1.178317039e-08
-9.004590058e-09
1.068801972e-08
3.338170802e-09
7.655848353e-09
5.655337459e-09
4.861902491e-09
3.206309071e-09
2.916114544e-10
1.19204998e-09
-5.655261027e-09
-2.210470472e-09
-9.193201482e-09
-2.225988683e-09
-1.113736537e-08
8.13514361e-09
-6.464738011e-09
8.541141617e-09
-1.128605158e-10
-9.924289632e-09
-5.254063232e-19
1.025031309e-19
-1.439974573e-19
2.651320609e-19
-1.395901031e-20
2.171914659e-19
4.311501596e-20
1.5347097e-19
7.642114854e-20
1.052761425e-19
9.961498636e-20
7.213442043e-20
1.170116532e-19
4.963939034e-20
1.30418739e-19
3.426524904e-20
1.408653565e-19
2.365664364e-20
1.490516782e-19
1.628129977e-20
1.554869739e-19
1.11309901e-20
1.605506728e-19
7.529828854e-21
1.645295063e-19
5.017118501e-21
1.67642304e-19
3.274548358e-21
1.7005678e-19
2.079555428e-21
1.719011261e-19
1.274592431e-21
1.732723123e-19
7.464140907e-22
1.742421484e-19
4.118625089e-22
1.748615595e-19
2.079410437e-22
1.751632683e-19
8.470917363e-23
1.751637665e-19
1.71806419e-31
9.265691255e-20
6.9449873e-19
-1.322018459e-17
1.238369789e-16
-1.507667013e-17
1.608563083e-17
-1.439677801e-17
-6.063298947e-18
-1.301961033e-17
-1.399192845e-17
-1.170263963e-17
-1.230267344e-17
-8.793031452e-18
-2.744521162e-17
-8.19452682e-17
-8.263432817e-09
-1.292406757e-10
-5.607945994e-09
-1.166011065e-08
2.304793548e-09
-4.574329099e-09
7.102951958e-09
8.570739473e-10
4.608232546e-09
5.701073808e-09
-8.88108687e-11
5.889380345e-09
-8.12705123e-09
5.827905644e-09
-1.367677489e-08
3.323682822e-09
-1.089040758e-08
5.348707832e-09
-1.302331913e-09
-1.046933828e-09
-1.333638734e-17
-1.122658347e-08
-3.642457155e-19
-2.941966336e-20
-1.919379721e-19
9.282431584e-20
-7.767950627e-20
1.029331568e-19
-5.079811473e-21
8.087160022e-20
4.327942642e-20
5.69172795e-20
7.711995627e-20
3.829507829e-20
1.016375119e-19
2.51228198e-20
1.198101336e-19
1.609231244e-20
1.334900126e-19
9.975652945e-21
1.439013685e-19
5.869323904e-21
1.518858126e-19
3.146766458e-21
1.580379624e-19
1.378210247e-21
1.627869362e-19
2.685024728e-22
1.664473111e-19
-3.856880659e-22
1.69251817e-19
-7.248469115e-22
1.713729478e-19
-8.463898331e-22
1.729377607e-19
-8.183134238e-22
1.740382269e-19
-6.88697447e-22
1.747383276e-19
-4.923759055e-22
1.750785591e-19
-2.556970227e-22
1.750810485e-19
1.78015681e-31
9.716222598e-20
7.598537088e-19
-1.238941694e-17
1.362996746e-16
-1.41897978e-17
1.786385618e-17
-1.351063682e-17
-6.764072981e-18
-1.225977318e-17
-1.526435361e-17
-1.100930623e-17
-1.357469763e-17
-8.276544993e-18
-3.019952503e-17
-9.023258732e-17
-8.984115199e-09
2.774501528e-09
-1.366761058e-08
-6.976645896e-09
-1.040615995e-08
-7.835823421e-09
-8.15391963e-10
-8.733945184e-09
4.670721383e-09
2.151371695e-10
3.494306197e-09
7.065998972e-09
8.774481405e-10
8.444775631e-09
-3.970079671e-09
8.171150204e-09
-2.942600017e-09
4.321224739e-09
2.760122342e-09
-6.74956295e-09
-1.750366743e-17
-8.466409006e-09
-2.43769563e-19
1.076056033e-21
-1.818291312e-19
3.088403328e-20
-9.974106288e-20
2.084571939e-20
-2.903413219e-20
1.016581969e-20
2.465722521e-20
3.226923205e-21
6.394769778e-20
-9.925650995e-22
9.260700455e-20
-3.533917276e-21
1.136934741e-19
-4.993444554e-21
1.293836836e-19
-5.715068954e-21
1.41178811e-19
-5.926136322e-21
1.501172564e-19
-5.791450635e-21
1.569282546e-19
-5.432354989e-21
1.621327456e-19
-4.935709317e-21
1.661081522e-19
-4.360992991e-21
1.691302741e-19
-3.74688333e-21
1.714010242e-19
-3.117010387e-21
1.730673767e-19
-2.484598903e-21
1.742345485e-19
-1.855968023e-21
1.749750065e-19
-1.233044489e-21
1.753342562e-19
-6.151140832e-22
1.753424375e-19
1.816323173e-31
1.005442097e-19
8.22086034e-19
-1.152130705e-17
1.478976409e-16
-1.321635232e-17
1.95367447e-17
-1.256217527e-17
-7.439864248e-18
-1.142545724e-17
-1.642263425e-17
-1.025252024e-17
-1.476919293e-17
-7.707379491e-18
-3.276621896e-17
-9.795074145e-17
5.037599834e-09
2.222320142e-09
-1.578168501e-09
-3.608003365e-10
-6.84672044e-09
-2.567563692e-09
-7.475931438e-09
-8.104719901e-09
-8.326320799e-11
-7.177366791e-09
4.718460935e-09
2.264328882e-09
5.453125115e-09
7.710075505e-09
2.623099479e-09
1.100117914e-08
8.962575414e-10
6.04816468e-09
2.561977557e-09
-8.415124585e-09
-2.124329763e-17
-5.904385845e-09
-2.151645071e-19
2.498205192e-19
-1.918674398e-19
7.587450859e-21
-1.104209626e-19
-6.059974779e-20
-3.597302868e-20
-6.428119572e-20
2.043773691e-20
-5.318439033e-20
6.14063456e-20
-4.195951133e-20
9.114747727e-20
-3.327339711e-20
1.129718497e-19
-2.681733303e-20
1.291726162e-19
-2.191622994e-20
1.413134967e-19
-1.806715266e-20
1.504763521e-19
-1.495398129e-20
1.574249003e-19
-1.238046662e-20
1.62707462e-19
-1.021802079e-20
1.667222619e-19
-8.375723721e-21
1.69760147e-19
-6.78471657e-21
1.720334357e-19
-5.390205643e-21
1.736960076e-19
-4.147134444e-21
1.74857472e-19
-3.017545137e-21
1.755929369e-19
-1.968722072e-21
1.759493703e-19
-9.717102753e-22
1.759512425e-19
1.771862702e-31
1.062855967e-19
8.791932758e-19
-1.05955662e-17
1.585756065e-16
-1.215800974e-17
2.107703025e-17
-1.154182556e-17
-8.077663806e-18
-1.052035374e-17
-1.746566979e-17
-9.434329547e-18
-1.587677648e-17
-7.088535842e-18
-3.513356688e-17
-1.050500524e-16
6.21071937e-09
1.163615549e-09
3.350418635e-09
2.499026199e-09
-6.724830858e-10
1.455280031e-09
-5.628592096e-09
-3.148499176e-09
-5.156378906e-09
-7.649538162e-09
1.148728944e-09
-4.040822672e-09
6.818919618e-09
2.039874403e-09
3.703724415e-09
1.411645822e-08
1.404856904e-09
8.347185518e-09
2.729031459e-09
-9.7391765e-09
-4.859224036e-17
-3.175355086e-09
-4.582150223e-19
3.438577594e-19
-2.600546397e-19
-1.905727065e-19
-1.141024105e-19
-2.065521298e-19
-2.487622328e-20
-1.535106699e-19
3.166261591e-20
-1.097269426e-19
7.009245982e-20
-8.038907325e-20
9.760354136e-20
-6.078395784e-20
1.178729528e-19
-4.708662864e-20
1.330216935e-19
-3.70652315e-20
1.444266681e-19
-2.947204012e-20
1.530498667e-19
-2.357666147e-20
1.595873461e-19
-1.891737733e-20
1.64549759e-19
-1.518011733e-20
1.68313269e-19
-1.213914756e-20
1.711546579e-19
-9.626068057e-21
1.732765069e-19
-7.511993462e-21
1.748255969e-19
-5.696222003e-21
1.759062951e-19
-4.098377312e-21
1.765899487e-19
-2.652596981e-21
1.769210805e-19
-1.303006311e-21
1.769306243e-19
1.714474853e-31
1.114365368e-19
9.321154719e-19
-9.612322852e-18
1.682754783e-16
-1.103085482e-17
2.247340301e-17
-1.045092583e-17
-8.679209334e-18
-9.553092092e-18
-1.838506837e-17
-8.559201969e-18
-1.689222702e-17
-6.423360136e-18
-3.729096397e-17
-1.114841883e-16
7.240513966e-09
7.962397772e-10
7.478543897e-09
2.260832862e-09
5.255512149e-09
3.678326395e-09
6.072943811e-10
1.499710405e-09
-1.845532142e-09
-5.196786676e-09
-3.269521499e-09
-2.616890058e-09
-7.74452089e-10
-4.551428334e-10
-2.470336669e-10
1.358917857e-08
-4.841867862e-09
1.294214732e-08
-1.596613803e-09
-1.298445054e-08
6.749624288e-17
-4.772000642e-09
-9.933237629e-19
-2.194294479e-18
-2.76036179e-19
-9.078625971e-19
-6.106095056e-20
-4.215277561e-19
1.890750404e-20
-2.334823542e-19
6.100048521e-20
-1.51820282e-19
8.969757523e-20
-1.090848348e-19
1.113008706e-19
-8.238679616e-20
1.2789435e-19
-6.368019417e-20
1.406148849e-19
-4.978593164e-20
1.503220467e-19
-3.917903885e-20
1.577091509e-19
-3.096320646e-20
1.633246061e-19
-2.453222008e-20
1.675907288e-19
-1.944588586e-20
1.708263485e-19
-1.537466076e-20
1.732687325e-19
-1.20684161e-20
1.750922784e-19
-9.335499998e-21
1.764234416e-19
-7.027413328e-21
1.773520754e-19
-5.027169987e-21
1.779395393e-19
-3.240295569e-21
1.782240868e-19
-1.587724328e-21
1.782309522e-19
1.69614156e-31
1.18725669e-19
9.790612804e-19
-8.556181227e-18
1.769264962e-16
-9.847574591e-18
2.374263594e-17
-9.289600485e-18
-9.258801126e-18
-8.530401379e-18
-1.916583343e-17
-7.632413068e-18
-1.781177682e-17
-5.714547696e-18
-3.923038565e-17
-1.172095121e-16
8.763704807e-09
5.07321131e-10
9.693751232e-09
1.33075318e-09
1.092454746e-08
2.447468197e-09
9.733282313e-09
2.690851756e-09
6.186054619e-09
-1.649655457e-09
1.324696826e-09
2.244467804e-09
-3.440428563e-09
4.310090603e-09
-6.568139011e-09
1.671700858e-08
-1.64546182e-08
2.282860023e-08
-1.4295071e-08
-1.514409302e-08
-5.777037093e-09
-1.329004918e-08
2.641305775e-19
-5.777037053e-09
2.102999068e-19
-8.540306095e-19
1.269844514e-19
-3.382050848e-19
1.005695763e-19
-2.070695517e-19
1.037359324e-19
-1.549862945e-19
1.163956139e-19
-1.217438251e-19
1.300074725e-19
-9.599844342e-20
1.417886125e-19
-7.546188169e-20
1.512217777e-19
-5.921956219e-20
1.585378791e-19
-4.649509951e-20
1.641401373e-19
-3.656493442e-20
1.684109404e-19
-2.880240257e-20
1.716619539e-19
-2.269652342e-20
1.741325932e-19
-1.784516662e-20
1.760016486e-19
-1.393741767e-20
1.77400365e-19
-1.073417998e-20
1.784236849e-19
-8.050780709e-21
1.791389498e-19
-5.742615689e-21
1.795921106e-19
-3.69370534e-21
1.798118112e-19
-1.807603176e-21
1.798092128e-19
1.746682899e-31
1.259494709e-19
1.020363195e-18
-7.431913873e-18
1.844604693e-16
-8.625369634e-18
2.491393005e-17
-8.063910994e-18
-9.841878593e-18
-7.458778696e-18
-1.979253279e-17
-6.660680286e-18
-1.863143781e-17
-4.964117189e-18
-4.094850612e-17
-1.22184406e-16
9.583349709e-09
2.946136527e-10
1.00295071e-08
8.845285797e-10
1.110626967e-08
1.370556725e-09
1.123726493e-08
2.559712323e-09
7.817912184e-09
1.76965709e-09
3.767541565e-09
6.294905044e-09
1.372328289e-09
6.705396348e-09
3.380211272e-10
1.775130924e-08
-6.931102775e-09
3.009761561e-08
-1.674724487e-08
-5.328025241e-09
-8.474185147e-09
-2.156311259e-08
-2.417184762e-16
-1.425122211e-08
7.247664705e-19
1.08215345e-18
2.581181294e-19
1.284393012e-19
1.526528334e-19
-1.016058407e-19
1.369784018e-19
-1.393110446e-19
1.421409956e-19
-1.269063764e-19
1.505440343e-19
-1.044011361e-19
1.58030932e-19
-8.294895577e-20
1.639462404e-19
-6.513525388e-20
1.684680442e-19
-5.101690092e-20
1.719026691e-19
-3.99990821e-20
1.745168195e-19
-3.14159857e-20
1.765133107e-19
-2.469266914e-20
1.780403421e-19
-1.937205997e-20
1.792048863e-19
-1.510188884e-20
1.800837643e-19
-1.161301503e-20
1.8073185e-19
-8.698925544e-21
1.811878602e-19
-6.198825002e-21
1.814782128e-19
-3.984320285e-21
1.816194143e-19
-1.948989427e-21
1.81619084e-19
1.762462e-31
1.32844555e-19
1.056577336e-18
-6.231285284e-18
1.908007075e-16
-7.373329776e-18
2.603381167e-17
-6.78103417e-18
-1.045579419e-17
-6.34493183e-18
-2.025020329e-17
-5.651865539e-18
-1.934606775e-17
-4.173380834e-18
-4.244854925e-17
-1.263685641e-16
1.001890057e-08
7.661685223e-11
1.047908704e-08
4.242275235e-10
1.147563325e-08
3.738527766e-10
1.1935875e-08
2.099384226e-09
1.221576921e-08
1.489787982e-09
1.288735977e-08
5.623385072e-09
1.136098597e-08
8.231718622e-09
1.198226914e-08
1.712973318e-08
6.428580595e-09
3.565114858e-08
-1.008015805e-08
1.118069688e-08
-6.637938127e-09
-2.500527216e-08
1.890119342e-17
-2.088916052e-08
-2.328396746e-19
9.614996001e-20
2.807399493e-20
-1.324748481e-19
1.149476296e-19
-1.884803011e-19
1.4938307e-19
-1.737457079e-19
1.646462359e-19
-1.421692286e-19
1.719962147e-19
-1.117508407e-19
1.758446339e-19
-8.67974727e-20
1.780645933e-19
-6.735549015e-20
1.794858631e-19
-5.243806467e-20
1.804857655e-19
-4.099846254e-20
1.812401361e-19
-3.216980791e-20
1.818339199e-19
-2.528612866e-20
1.823105133e-19
-1.984850144e-20
1.826937601e-19
-1.548503217e-20
1.829978538e-19
-1.191704986e-20
1.832319505e-19
-8.933087382e-21
1.834023649e-19
-6.369453354e-21
1.835135436e-19
-4.095772315e-21
1.835684038e-19
-2.004037929e-21
1.835646128e-19
1.715905199e-31
1.410638603e-19
1.086522717e-18
-4.940029659e-18
1.958579081e-16
-6.079008869e-18
2.715062683e-17
-5.433882506e-18
-1.11225417e-17
-5.189514114e-18
-2.051614096e-17
-4.611913016e-18
-1.99452336e-17
-3.342119318e-18
-4.373990244e-17
-1.297214612e-16
1.050071619e-08
-1.988077243e-10
1.127452893e-08
-3.496910823e-10
1.256155387e-08
-9.132560546e-10
1.471226373e-08
-5.13253078e-11
1.804633111e-08
-1.844240894e-09
1.92978623e-08
4.371878677e-09
1.896966847e-08
8.559820401e-09
2.252773892e-08
1.35714518e-08
2.534819617e-08
3.283058938e-08
7.281249193e-09
2.92474789e-08
2.766046717e-09
-2.048985682e-08
9.270848555e-17
-1.812279649e-08
-4.664089949e-19
-9.370292857e-19
-2.793060277e-20
-5.709526818e-19
1.296822227e-19
-3.460933998e-19
1.809595493e-19
-2.250233981e-19
1.950646238e-19
-1.562740346e-19
1.969495826e-19
-1.136353977e-19
1.952866164e-19
-8.513450424e-20
1.929820188e-19
-6.505096725e-20
1.909254652e-19
-5.03811808e-20
1.893144201e-19
-3.938678008e-20
1.881238153e-19
-3.097863554e-20
1.872715471e-19
-2.443352275e-20
1.866739825e-19
-1.925073781e-20
1.862617424e-19
-1.507263394e-20
1.859818163e-19
-1.163703569e-20
1.857955845e-19
-8.746919892e-21
1.856760459e-19
-6.250138627e-21
1.85605278e-19
-4.025283824e-21
1.855724417e-19
-1.971389439e-21
1.855763161e-19
1.788708517e-31
1.524425459e-19
1.107089461e-18
-3.543176963e-18
1.995296335e-16
-4.709504795e-18
2.829478943e-17
-4.021996586e-18
-1.183167219e-17
-3.996091823e-18
-2.05636161e-17
-3.547926674e-18
-2.041496457e-17
-2.470160344e-18
-4.483922932e-17
-1.322023999e-16
1.01352408e-08
-4.553694069e-10
1.11075089e-08
-1.322023021e-09
1.249377194e-08
-2.299545344e-09
1.637304312e-08
-3.930581875e-09
2.060858142e-08
-6.079808179e-09
1.968055806e-08
5.299796535e-09
2.273263449e-08
5.507636218e-09
2.57264273e-08
1.057760955e-08
2.818610042e-08
3.037097969e-08
1.671800559e-08
4.071526063e-08
8.85568257e-09
-1.26283837e-08
1.671775545e-16
-9.267088347e-09
-1.042211479e-19
-2.409891453e-18
1.96928779e-19
-8.721017045e-19
2.507522244e-19
-3.999174861e-19
2.497089129e-19
-2.23980693e-19
2.377032606e-19
-1.442683856e-19
2.254504761e-19
-1.013826957e-19
2.153701534e-19
-7.505451297e-20
2.076518052e-19
-5.73326799e-20
2.019198659e-19
-4.464878709e-20
1.977225647e-19
-3.518879871e-20
1.946689281e-19
-2.792444111e-20
1.92454332e-19
-2.221856348e-20
1.908520864e-19
-1.764822055e-20
1.896973407e-19
-1.391765741e-20
1.888719321e-19
-1.08115016e-20
1.882923658e-19
-8.167412369e-21
1.879009007e-19
-5.858901729e-21
1.876591724e-19
-3.783834164e-21
1.875438311e-19
-1.856229641e-21
1.875516234e-19
1.78993448e-31
1.787488552e-19
1.103328092e-18
-2.046037285e-18
2.017305242e-16
-3.287929483e-18
2.951451527e-17
-2.581248659e-18
-1.25599764e-17
-2.776308352e-18
-2.039012791e-17
-2.463261745e-18
-2.074957809e-17
-1.558980483e-18
-4.576507221e-17
-1.337721592e-16
9.130804845e-09
-6.190177629e-10
9.926407285e-09
-2.117644004e-09
1.099050141e-08
-3.363684922e-09
1.347501792e-08
-6.415164661e-09
1.245701201e-08
-5.061866778e-09
1.544877054e-09
1.621185305e-08
5.530221369e-09
1.522253671e-09
2.900534106e-09
1.320728875e-08
1.474207474e-08
1.852979695e-08
3.526787105e-08
2.01901962e-08
8.089910197e-09
1.45496014e-08
-4.691590749e-17
-1.177178454e-09
1.43191344e-18
4.788235672e-19
6.691130685e-19
-1.093017642e-19
4.266890175e-19
-1.574945171e-19
3.294212202e-19
-1.267132291e-19
2.805889506e-19
-9.543596057e-20
2.517786588e-19
-7.257259278e-20
2.330919865e-19
-5.636812122e-20
2.203356981e-19
-4.457622549e-20
2.113798543e-19
-3.569233572e-20
2.049869223e-19
-2.879517754e-20
2.003748057e-19
-2.331178724e-20
1.97024675e-19
-1.886802755e-20
1.945826495e-19
-1.52058339e-20
1.928034965e-19
-1.213819619e-20
1.915160213e-19
-9.523866181e-21
1.906008764e-19
-7.252321868e-21
1.899759683e-19
-5.234221969e-21
1.895867769e-19
-3.394913548e-21
1.894000608e-19
-1.669682552e-21
1.894045079e-19
1.756488695e-31
2.047409693e-19
1.075424432e-18
-6.644970617e-19
2.025758656e-16
-1.890126816e-18
3.071797751e-17
-1.207423755e-18
-1.326430394e-17
-1.552361058e-18
-2.00667632e-17
-1.326335811e-18
-2.099717133e-17
-6.132276422e-19
-4.649974307e-17
-1.343961663e-16
7.538483858e-09
-6.865141896e-10
7.798578353e-09
-2.377745484e-09
8.095911024e-09
-3.661105502e-09
7.113002608e-09
-5.432366657e-09
9.930235312e-10
1.058055098e-09
-1.551601536e-08
3.272093196e-08
-1.086468977e-08
-3.129006077e-09
-1.888866998e-08
2.123104471e-08
-1.726329262e-08
1.690421041e-08
-6.900804173e-09
9.827642858e-09
1.177178415e-09
6.471618446e-09
7.120053893e-19
4.163526393e-19
8.43422436e-19
3.474065011e-19
6.20920137e-19
1.131999297e-19
4.574703056e-19
5.954967259e-21
3.606984887e-19
-2.994141568e-20
3.034523184e-19
-3.818988368e-20
2.679831304e-19
-3.71037361e-20
2.448838822e-19
-3.326893742e-20
2.292195878e-19
-2.89114778e-20
2.182770125e-19
-2.474904403e-20
2.104703126e-19
-2.098781835e-20
2.048185654e-19
-1.765951842e-20
2.006868686e-19
-1.47358639e-20
1.976502873e-19
-1.216879646e-20
1.954178265e-19
-9.905361125e-21
1.937875656e-19
-7.893424777e-21
1.926189763e-19
-6.08378966e-21
1.918152767e-19
-4.430749262e-21
1.913120079e-19
-2.891901705e-21
1.910697433e-19
-1.427570295e-21
1.910721041e-19
1.833241692e-31
1.953846549e-19
1.058549318e-18
2.396598566e-19
2.025076926e-16
-5.734190925e-19
3.150888787e-17
2.679996532e-20
-1.388614856e-17
-3.167507763e-19
-1.974478612e-17
2.543266409e-20
-2.136092379e-17
3.808738434e-19
-4.687674799e-17
-1.340260723e-16
6.004405676e-09
-7.016383764e-10
6.465378627e-09
-2.838790424e-09
7.824515255e-09
-5.020379322e-09
1.166495445e-08
-9.272888361e-09
1.476362157e-08
-2.040651473e-09
2.109951091e-08
2.638519844e-08
-9.331104511e-09
2.730192327e-08
-1.369989856e-08
2.559983975e-08
-1.359627358e-08
1.680058461e-08
-6.471618011e-09
2.702987372e-09
9.219492373e-19
1.574051755e-18
6.573846851e-19
6.809171507e-19
6.092237149e-19
3.955666943e-19
5.136751746e-19
2.087480857e-19
4.215739226e-19
9.805573272e-20
3.524500207e-19
3.918196979e-20
3.045384659e-19
9.721108783e-21
2.71817929e-19
-4.383518463e-21
2.492413418e-19
-1.069210062e-20
2.333820216e-19
-1.305147744e-20
2.220382382e-19
-1.340452444e-20
2.137986125e-19
-1.274758891e-20
2.0774222e-19
-1.160259947e-20
2.03253936e-19
-1.024703647e-20
1.999137226e-19
-8.828043843e-21
1.974297629e-19
-7.420988096e-21
1.955972007e-19
-6.060685354e-21
1.942720167e-19
-4.758676244e-21
1.933541243e-19
-3.513082421e-21
1.927763393e-19
-2.314356097e-21
1.924973136e-19
-1.148678707e-21
1.925014722e-19
1.804209217e-31
1.716406795e-19
1.066839204e-18
5.379140851e-19
2.021175203e-16
7.630247024e-19
3.126160759e-17
1.180764095e-18
-1.432551455e-17
9.990997788e-19
-1.958469651e-17
1.079516468e-18
-2.146291056e-17
9.568587814e-19
-4.67756551e-17
-1.33079994e-16
3.986790523e-09
-5.370170516e-10
3.181483727e-09
-2.033621904e-09
1.527055146e-09
-3.36609916e-09
-2.228120371e-09
-5.51771963e-09
-5.126582431e-09
8.578642071e-10
-4.138511042e-09
2.539707081e-08
-2.657913951e-09
2.582132256e-08
-3.273416459e-09
2.621534317e-08
-2.702987406e-09
1.623015553e-08
-1.061529658e-18
-8.860347883e-19
1.391360425e-19
3.733862681e-19
3.720212084e-19
4.480327073e-19
4.224051063e-19
3.451837589e-19
4.029828217e-19
2.281706172e-19
3.627001597e-19
1.38337747e-19
3.229891597e-19
7.889216002e-20
2.904338387e-19
4.227587822e-20
2.655093469e-19
2.054099603e-20
2.46881965e-19
7.935872761e-21
2.330289746e-19
8.02313387e-22
2.226951737e-19
-3.070027413e-21
2.149436019e-19
-4.995450869e-21
2.09097783e-19
-5.756214739e-21
2.046729287e-19
-5.821560052e-21
2.013207783e-19
-5.475302947e-21
1.987900656e-19
-4.889863126e-21
1.968992098e-19
-4.169683378e-21
1.955176105e-19
-3.377172233e-21
1.945528506e-19
-2.548547528e-21
1.939420167e-19
-1.703742241e-21
1.936459923e-19
-8.527712972e-22
1.936495988e-19
1.793717579e-31
1.874071275e-19
1.060514694e-18
1.228068105e-18
2.010529593e-16
2.433736315e-18
3.00337687e-17
2.521864883e-18
-1.443527069e-17
2.388952468e-18
-1.947335981e-17
1.737302666e-18
-2.083283186e-17
9.315398657e-19
-4.599145813e-17
-1.321592351e-16
2.890856045e-09
-4.545492229e-10
2.354524489e-09
-1.497432016e-09
1.06372514e-09
-2.075464517e-09
-3.031712228e-09
-1.422217887e-09
-6.134444264e-09
3.960821065e-09
-2.563025361e-09
2.182568727e-08
3.640995865e-09
1.961718815e-08
3.442512565e-09
2.641382676e-08
9.582540746e-17
1.967266734e-08
2.423667999e-19
1.239544795e-19
2.137881387e-19
4.019656505e-19
2.691722599e-19
3.92650879e-19
3.053919646e-19
3.089648848e-19
3.131499515e-19
2.204119606e-19
3.032545727e-19
1.482318813e-19
2.863728779e-19
9.577301703e-20
2.686989565e-19
5.99495907e-20
2.529042236e-19
3.633613971e-20
2.397484057e-19
2.109246703e-20
2.291566338e-19
1.13948712e-20
2.207697502e-19
5.317496082e-21
2.141828381e-19
1.592039889e-21
2.090324376e-19
-6.051768549e-22
2.050191858e-19
-1.807624023e-21
2.019062182e-19
-2.361739243e-21
1.995102453e-19
-2.493522418e-21
1.97691721e-19
-2.351068019e-21
1.963462353e-19
-2.031813249e-21
1.953976559e-19
-1.600191771e-21
1.947929876e-19
-1.099274107e-21
1.944987636e-19
-5.586492146e-22
1.945032492e-19
1.866794613e-31
1.843128748e-19
1.058133593e-18
2.94770657e-18
1.982656647e-16
4.815734524e-18
2.814356911e-17
3.970685783e-18
-1.361185049e-17
3.708756084e-18
-1.923300678e-17
3.212050124e-18
-2.035769797e-17
1.995876003e-18
-4.479685084e-17
-1.301741405e-16
2.046935131e-09
-4.32397275e-10
1.776324112e-09
-1.226876843e-09
1.777489234e-09
-2.076775984e-09
1.948904121e-09
-1.59361746e-09
4.873201555e-09
1.036565377e-09
1.900563968e-08
7.693348791e-09
2.777464263e-08
1.084835583e-08
3.791979556e-09
5.039644295e-08
-4.77574609e-17
2.3464646e-08
5.252896944e-19
1.752136364e-18
2.044722945e-19
7.227840701e-19
1.854862657e-19
4.116381339e-19
2.168390405e-19
2.776116769e-19
2.409698721e-19
1.962797415e-19
2.507957085e-19
1.384048671e-19
2.505494516e-19
9.601889167e-20
2.450855055e-19
6.541378951e-20
2.376605509e-19
4.376172272e-20
2.300508098e-19
2.870296363e-20
2.230792587e-19
1.836711857e-20
2.17044294e-19
1.135308421e-20
2.119856213e-19
6.651361136e-21
2.078299905e-19
3.551173243e-21
2.044650706e-19
1.558004142e-21
2.01774435e-19
3.294461063e-22
1.996526997e-19
-3.715002117e-22
1.980109757e-19
-7.093220233e-22
1.967778567e-19
-7.988516855e-22
1.958985736e-19
-7.211268562e-22
1.953336125e-19
-5.34492547e-22
1.950574128e-19
-2.825379806e-22
1.950624233e-19
1.877560991e-31
1.808996489e-19
1.059724316e-18
4.780445279e-18
1.936422171e-16
6.094646861e-18
2.6807195e-17
4.88983885e-18
-1.242867193e-17
4.856573363e-18
-1.92213189e-17
4.359685964e-18
-1.988238363e-17
2.935897589e-18
-4.339463028e-17
-1.272490248e-16
1.325375496e-09
-4.541204848e-10
1.254821165e-09
-1.156373904e-09
1.324105488e-09
-2.146071921e-09
9.190355849e-10
-1.188497256e-09
-3.949108336e-10
2.350532021e-09
-3.529155784e-09
1.082756976e-08
-1.470129983e-08
2.202038693e-08
-1.564486354e-09
3.725958451e-08
-3.699502569e-17
2.190012951e-08
-4.992461272e-19
3.222680631e-19
-1.066744245e-19
3.302132142e-19
5.145980869e-20
2.535035232e-19
1.355071051e-19
1.935631118e-19
1.830949978e-19
1.486906061e-19
2.08409733e-19
1.130896487e-19
2.199443494e-19
8.448448852e-20
2.234334387e-19
6.192527404e-20
2.226017918e-19
4.459402144e-20
2.197149648e-19
3.1590432e-20
2.160652243e-19
2.201749401e-20
2.12342571e-19
1.507641454e-20
2.088854334e-19
1.010924932e-20
2.058368214e-19
6.600561095e-21
2.032365125e-19
4.158990879e-21
2.010734887e-19
2.492926258e-21
1.993148779e-19
1.387294496e-21
1.979214461e-19
6.840624612e-22
1.968555816e-19
2.668330329e-22
1.960852079e-19
4.904033805e-23
1.955855671e-19
-3.500946042e-23
1.953399508e-19
-3.69972452e-23
1.953469735e-19
1.774566703e-31
2.016213287e-19
1.040877569e-18
6.002598764e-18
1.878173369e-16
7.353759157e-18
2.54338612e-17
6.127482678e-18
-1.122402578e-17
6.032492989e-18
-1.914790771e-17
5.386085722e-18
-1.925755034e-17
3.816266048e-18
-4.184637935e-17
-1.234435411e-16
5.819656889e-10
-5.143930702e-10
4.115981157e-10
-9.860469176e-10
5.567443184e-10
-2.291173779e-09
1.777524289e-10
-8.094105511e-10
-1.326036207e-09
3.85439685e-09
-5.149136396e-09
1.465069023e-08
-7.361665173e-09
2.423293286e-08
7.101723731e-10
2.918779826e-08
-8.63407763e-18
2.261032276e-08
-4.870516554e-19
-8.053429944e-20
-1.833843447e-19
2.654588145e-20
-8.480602683e-21
7.859875397e-20
9.06345994e-20
9.444690429e-20
1.474940404e-19
9.183068699e-20
1.798045728e-19
8.077941956e-20
1.973851349e-19
6.690457426e-20
2.061021861e-19
5.320888067e-20
2.095982024e-19
4.10985603e-20
2.101420268e-19
3.104716143e-20
2.091241448e-19
2.303603517e-20
2.073754057e-19
1.682593601e-20
2.053767452e-19
1.210874954e-20
2.033952512e-19
8.582833726e-21
2.015704479e-19
5.984388096e-21
1.999678569e-19
4.095852293e-21
1.986116459e-19
2.743586341e-21
1.975042167e-19
1.791389615e-21
1.966377889e-19
1.133073821e-21
1.960011581e-19
6.854845852e-22
1.955835793e-19
3.824350508e-22
1.953769481e-19
1.695714846e-22
1.953833694e-19
1.723915474e-31
2.190197165e-19
1.004673153e-18
7.199051454e-18
1.808134015e-16
8.623854391e-18
2.398688407e-17
7.50413847e-18
-1.012594103e-17
7.207337565e-18
-1.887268617e-17
6.386812201e-18
-1.845859985e-17
4.651436148e-18
-4.013257296e-17
-1.188028878e-16
-3.22710942e-10
-3.500975211e-10
-5.015023101e-10
-8.072347714e-10
-1.098847733e-09
-1.693742749e-09
-1.662561729e-09
-2.455988563e-10
-2.444241398e-09
4.636116304e-09
-3.061487819e-09
1.526784631e-08
-2.426896467e-09
2.359826107e-08
1.420616923e-09
2.53399927e-08
1.989708166e-17
2.403088838e-08
-3.758979365e-19
-4.984495951e-19
-1.313314364e-19
-2.180210354e-19
7.367547631e-21
-6.010103475e-20
8.801838209e-20
1.379583044e-20
1.364427729e-19
4.340649027e-20
1.659297275e-19
5.129292425e-20
1.836894413e-19
4.914545776e-20
1.939918657e-19
4.290696823e-20
1.995468035e-19
3.55440665e-20
2.021309005e-19
2.846361664e-20
2.029140457e-19
2.225363884e-20
2.026582193e-19
1.708264249e-20
2.018508294e-19
1.291700743e-20
2.007968055e-19
9.637573422e-21
1.996819121e-19
7.099755972e-21
1.98615591e-19
5.162388264e-21
1.976594492e-19
3.699729963e-21
1.968459009e-19
2.604809829e-21
1.961901996e-19
1.788601717e-21
1.956981085e-19
1.177419021e-21
1.953707158e-19
7.097198718e-22
1.952073766e-19
3.328620398e-22
1.952080071e-19
1.646726951e-31
2.278763368e-19
9.594350777e-19
8.348405074e-18
1.726689683e-16
9.852180779e-18
2.246093339e-17
8.827079851e-18
-9.122472053e-18
8.32065499e-18
-1.838784152e-17
7.357163156e-18
-1.751668374e-17
5.437823122e-18
-3.823480346e-17
-1.133758479e-16
-1.131343194e-09
-4.226775976e-11
-1.822295867e-09
-1.162818569e-10
-3.598074967e-09
8.209639143e-11
-5.529335827e-09
1.685731486e-09
-7.474979569e-09
6.581888547e-09
-7.632120238e-09
1.542502808e-08
-6.143906693e-09
2.211003759e-08
-4.079769742e-09
2.327574042e-08
1.645029185e-17
1.995108438e-08
-9.065542952e-20
-9.131215595e-19
2.658868867e-20
-3.35265392e-19
8.126441282e-20
-1.147770781e-19
1.176290419e-19
-2.25687516e-20
1.443292069e-19
1.670680316e-20
1.63782261e-19
3.184029311e-20
1.774509518e-19
3.547723023e-20
1.86628964e-19
3.372936284e-20
1.924663537e-19
2.970712556e-20
1.959209227e-19
2.500969136e-20
1.977430493e-19
2.043235783e-20
1.984925842e-19
1.633401837e-20
1.985713954e-19
1.283900625e-20
1.982589881e-19
9.950577033e-21
1.977445444e-19
7.614545023e-21
1.971529327e-19
5.754121561e-21
1.96564529e-19
4.288097519e-21
1.960296927e-19
3.139528471e-21
1.955790169e-19
2.239141245e-21
1.952304094e-19
1.525910994e-21
1.949938579e-19
9.461941922e-22
1.948745146e-19
4.521729202e-22
1.948771349e-19
1.497564592e-31
2.34089997e-19
9.076525596e-19
9.442854617e-18
1.634362985e-16
1.099696709e-17
2.08846452e-17
1.005528239e-17
-8.202420067e-18
9.354018305e-18
-1.770815843e-17
8.283883444e-18
-1.646812544e-17
6.170876198e-18
-3.614336759e-17
-1.072157553e-16
-1.197418617e-09
2.800491245e-10
-2.163319327e-09
8.496569384e-10
-4.600818218e-09
2.519653398e-09
-8.245007062e-09
5.329897935e-09
-1.203969387e-08
1.037642028e-08
-1.294169373e-08
1.632693864e-08
-9.546460235e-09
1.871467304e-08
-5.596733894e-09
1.932586909e-08
3.726427621e-18
1.435435028e-08
4.919718185e-19
-1.053659617e-19
2.470763571e-19
-9.036994357e-20
1.734727394e-19
-4.117310192e-20
1.569045967e-19
-6.000163755e-21
1.594626969e-19
1.414911151e-20
1.674191981e-19
2.388406578e-20
1.757030844e-19
2.719371603e-20
1.826067267e-19
2.682614172e-20
1.877689195e-19
2.454549445e-20
1.913435892e-19
2.143579025e-20
1.936447099e-19
1.813212904e-20
1.949975721e-19
1.498200818e-20
1.956829661e-19
1.215429119e-20
1.959229561e-19
9.711037625e-21
1.958841209e-19
7.653615172e-21
1.956869086e-19
5.95140562e-21
1.9541596e-19
4.559018289e-21
1.951293055e-19
3.426111026e-21
1.948657867e-19
2.502582175e-21
1.946506926e-19
1.740941606e-21
1.944998366e-19
1.097009749e-21
1.944223416e-19
5.296552303e-22
1.944304573e-19
1.370428197e-31
2.389983759e-19
8.505093717e-19
1.046738704e-17
1.531840039e-16
1.205859032e-17
1.92712655e-17
1.118360172e-17
-7.349064907e-18
1.03078174e-17
-1.685395586e-17
9.15501412e-18
-1.533689949e-17
6.849218356e-18
-3.385914402e-17
-1.00377321e-16
-3.839408266e-10
4.639586062e-10
-1.022618747e-09
1.488363792e-09
-2.905831882e-09
4.402829574e-09
-6.167801181e-09
8.591902843e-09
-9.918931943e-09
1.412746898e-08
-1.164569316e-08
1.805358151e-08
-9.842413984e-09
1.691134325e-08
-4.306533597e-09
1.378999524e-08
-5.997354519e-17
1.00478168e-08
5.105005983e-19
3.666543578e-19
2.962733328e-19
1.23857057e-19
2.086456775e-19
4.645462219e-20
1.770538719e-19
2.55919527e-20
1.691976511e-19
2.200555886e-20
1.707288484e-19
2.235307606e-20
1.753355101e-19
2.258742804e-20
1.803260795e-19
2.183608166e-20
1.846592153e-19
2.02130433e-20
1.88039928e-19
1.805591671e-20
1.90494589e-19
1.567832441e-20
1.921698551e-19
1.330746913e-20
1.932397126e-19
1.108495752e-20
1.938655336e-19
9.085540604e-21
1.941819114e-19
7.337408215e-21
1.942945213e-19
5.838869573e-21
1.942830527e-19
4.570510091e-21
1.942057767e-19
3.503389626e-21
1.941041461e-19
2.604210027e-21
1.940067607e-19
1.838325556e-21
1.939324821e-19
1.171291618e-21
1.938926864e-19
5.694626916e-22
1.93897753e-19
1.299994192e-31
2.428944958e-19
7.889392979e-19
1.140979044e-17
1.419932014e-16
1.306302598e-17
1.759585286e-17
1.221256936e-17
-6.520242417e-18
1.118417945e-17
-1.584714843e-17
9.960636061e-18
-1.413493417e-17
7.472430447e-18
-3.139251135e-17
-9.291567492e-17
7.390317199e-10
5.23892341e-10
6.596446484e-10
1.567753676e-09
-5.121021211e-11
5.113613731e-09
-1.274801611e-09
9.815490422e-09
-3.242834213e-09
1.609547197e-08
-5.003354878e-09
1.981397514e-08
-4.774820502e-09
1.668274992e-08
-1.796207689e-09
1.081139603e-08
-2.191023806e-18
8.251609107e-09
2.700824712e-19
4.299103543e-19
2.188713041e-19
1.750683555e-19
1.87783008e-19
7.754295187e-20
1.734674781e-19
3.990771133e-20
1.695451683e-19
2.592805389e-20
1.709632004e-19
2.093533258e-20
1.745841637e-19
1.896689014e-20
1.787030411e-19
1.771777682e-20
1.825020887e-19
1.641471474e-20
1.856623357e-19
1.489646222e-20
1.881237337e-19
1.32176584e-20
1.899473435e-19
1.148443149e-20
1.912402957e-19
9.792398188e-21
1.921174012e-19
8.208687647e-21
1.926833727e-19
6.771604533e-21
1.930261618e-19
5.496207279e-21
1.932159323e-19
4.380848509e-21
1.933065971e-19
3.412822419e-21
1.933382616e-19
2.572630334e-21
1.933397268e-19
1.836930081e-21
1.933306532e-19
1.180419646e-21
1.933232237e-19
5.769333669e-22
1.933385789e-19
1.120240863e-31
2.464778005e-19
7.232200869e-19
1.226756408e-17
1.299482079e-16
1.400280722e-17
1.5838432e-17
1.314023584e-17
-5.679305806e-18
1.197902921e-17
-1.470752495e-17
1.069325154e-17
-1.287073526e-17
8.037446549e-18
-2.875828e-17
-8.488901307e-17
1.300461092e-09
5.745793278e-10
1.551710355e-09
1.316482937e-09
1.650282776e-09
5.015006139e-09
2.2697266e-09
9.19605612e-09
2.61486919e-09
1.575042701e-08
2.663265883e-09
1.976561895e-08
2.035108657e-09
1.731096648e-08
1.492351252e-09
1.135419441e-08
1.108499065e-17
9.743995188e-09
1.731764956e-20
5.000996555e-20
1.213458533e-19
7.104030018e-20
1.501477675e-19
4.874103502e-20
1.594878207e-19
3.056790183e-20
1.64552447e-19
2.08636596e-20
1.689947579e-19
1.649342906e-20
1.733350504e-19
1.462705133e-20
1.77399979e-19
1.365338526e-20
1.809838362e-19
1.283148217e-20
1.839835319e-19
1.18973973e-20
1.863905068e-19
1.081122653e-20
1.882553102e-19
9.620041962e-21
1.896565851e-19
8.391425686e-21
1.906803181e-19
7.185192591e-21
1.914079755e-19
6.044163133e-21
1.91910803e-19
4.993595143e-21
1.922479062e-19
4.043960749e-21
1.92466405e-19
3.19452796e-21
1.926025614e-19
2.436654781e-21
1.926832164e-19
1.756424035e-21
1.927271669e-19
1.136582213e-21
1.927462903e-19
5.5788519e-22
1.927496263e-19
1.009736062e-31
2.488318009e-19
6.545660153e-19
1.304282307e-17
1.171303088e-16
1.485309506e-17
1.400598173e-17
1.396071316e-17
-4.808559266e-18
1.268240542e-17
-1.345080098e-17
1.134450502e-17
-1.155441423e-17
8.539675264e-18
-2.597502449e-17
-7.636012283e-17
1.344078728e-09
7.34870692e-10
1.302067223e-09
1.358488635e-09
1.680446963e-09
4.636632667e-09
3.144690526e-09
7.731794786e-09
4.863403891e-09
1.403174135e-08
6.07747445e-09
1.855159744e-08
5.322900456e-09
1.806558383e-08
3.030213192e-09
1.364692081e-08
1.776240989e-17
1.277425409e-08
4.062500307e-20
-2.72293948e-20
9.904657209e-20
1.261890046e-20
1.319746343e-19
1.581303801e-20
1.497835784e-19
1.275930489e-20
1.601822165e-19
1.046534847e-20
1.671283802e-19
9.547719866e-21
1.723613843e-19
9.394478292e-21
1.765780759e-19
9.437112907e-21
1.800497513e-19
9.360243622e-21
1.828973611e-19
9.050202974e-21
1.851993223e-19
8.509618844e-21
1.870266939e-19
7.792961998e-21
1.88450352e-19
6.968028803e-21
1.895392887e-19
6.09652293e-21
1.903574075e-19
5.226337729e-21
1.909611686e-19
4.390153085e-21
1.913984734e-19
3.606983963e-21
1.917085318e-19
2.884784016e-21
1.919223306e-19
2.223137409e-21
1.920633745e-19
1.615614796e-21
1.921484699e-19
1.05166495e-21
1.921884052e-19
5.180625032e-22
1.921970697e-19
9.044744093e-32
2.513871531e-19
5.827983403e-19
1.374780905e-17
1.036099786e-16
1.55971928e-17
1.213441917e-17
1.467382517e-17
-3.906827549e-18
1.328189955e-17
-1.208045973e-17
1.190493404e-17
-1.019902867e-17
8.972140795e-18
-2.306380602e-17
-6.739876736e-17
5.35586307e-10
1.076360848e-09
8.560847782e-11
1.808481488e-09
6.022788077e-10
4.120002322e-09
2.141346972e-09
6.192740989e-09
4.578966356e-09
1.159413446e-08
6.080444829e-09
1.70501708e-08
5.949475103e-09
1.819662712e-08
3.236816182e-09
1.63596436e-08
2.078244101e-17
1.601110924e-08
8.339506869e-20
7.62593662e-20
1.022407097e-19
-6.2265176e-21
1.289209012e-19
-1.086699512e-20
1.47489622e-19
-5.809033408e-21
1.592645879e-19
-1.309190532e-21
1.669751386e-19
1.83759071e-21
1.72404019e-19
3.965990731e-21
1.765012067e-19
5.340268326e-21
1.797397107e-19
6.122038148e-21
1.823567769e-19
6.433395828e-21
1.844826654e-19
6.383964291e-21
1.862017607e-19
6.074103279e-21
1.875788462e-19
5.591213449e-21
1.886691035e-19
5.006589811e-21
1.895212228e-19
4.374598962e-21
1.901779995e-19
3.73379795e-21
1.906762734e-19
3.109146069e-21
1.910468852e-19
2.51459431e-21
1.91314808e-19
1.955597834e-21
1.914994247e-19
1.431322155e-21
1.916148675e-19
9.364686596e-22
1.916703426e-19
4.62738073e-22
1.916742915e-19
7.341614559e-32
2.559143268e-19
5.059866437e-19
1.437904041e-17
8.946294368e-17
1.622241942e-17
1.026886088e-17
1.527357091e-17
-2.979615448e-18
1.376635178e-17
-1.059482552e-17
1.236338595e-17
-8.817643277e-18
9.326564314e-18
-2.004855961e-17
-5.80829886e-17
9.48037536e-10
1.320080217e-09
1.466490871e-10
2.609854255e-09
1.340687795e-10
4.132580383e-09
1.010285028e-09
5.31651513e-09
2.58460263e-09
1.001983216e-08
4.253356692e-09
1.538147437e-08
5.500027135e-09
1.695005997e-08
3.0175081e-09
1.884224455e-08
2.144706383e-17
1.902863445e-08
4.573767231e-21
-2.308371002e-19
9.760023664e-20
-9.925270401e-20
1.339788629e-19
-4.724533984e-20
1.519894649e-19
-2.38192653e-20
1.624113691e-19
-1.173059074e-20
1.691035387e-19
-4.85421201e-21
1.737782965e-19
-7.084972e-22
1.772829765e-19
1.835803371e-21
1.800510683e-19
3.354122529e-21
1.823073454e-19
4.177281931e-21
1.841728044e-19
4.518689485e-21
1.857188709e-19
4.528273103e-21
1.869942225e-19
4.316171169e-21
1.880371126e-19
3.964089513e-21
1.888804218e-19
3.531751915e-21
1.895533476e-19
3.061385054e-21
1.900817217e-19
2.581305927e-21
1.904878887e-19
2.108950551e-21
1.907905324e-19
1.653436651e-21
1.910045712e-19
1.217695903e-21
1.911411369e-19
8.002167304e-22
1.912076046e-19
3.964569288e-22
1.91204453e-19
6.417211438e-32
2.662608711e-19
4.183619485e-19
1.491980107e-17
7.478549423e-17
1.671481353e-17
8.451668693e-18
1.573840142e-17
-2.02484016e-18
1.412205367e-17
-9.000063187e-18
1.270612999e-17
-7.423300412e-18
9.59913767e-18
-1.696314292e-17
-4.84946366e-17
1.167894308e-09
2.18163832e-09
5.337209564e-10
3.243987601e-09
3.20358938e-10
4.345919915e-09
3.107057721e-10
5.326155999e-09
7.353314194e-11
1.025704004e-08
2.638434526e-09
1.281661072e-08
5.151207395e-09
1.443736717e-08
6.164453344e-10
2.337708481e-08
1.149770681e-17
1.964507611e-08
1.406030631e-19
-2.575792522e-19
1.496076273e-19
-1.082570154e-19
1.574049374e-19
-5.504229021e-20
1.640781394e-19
-3.049217352e-20
1.692877479e-19
-1.693987365e-20
1.732492535e-19
-8.815441734e-21
1.763225971e-19
-3.781649888e-21
1.788012956e-19
-6.42767797e-22
1.808742277e-19
1.281293257e-21
1.82648753e-19
2.402880192e-21
1.84182388e-19
2.985235782e-21
1.855067689e-19
3.204154602e-21
1.866421409e-19
3.181153782e-21
1.87604775e-19
3.001902596e-21
1.88410055e-19
2.727001045e-21
1.890732685e-19
2.398760541e-21
1.896093663e-19
2.045827193e-21
1.900323748e-19
1.686556947e-21
1.903547916e-19
1.331593953e-21
1.90587092e-19
9.858896982e-22
1.907373771e-19
6.503057283e-22
1.908111476e-19
3.229024943e-22
1.908140237e-19
4.782807993e-32
2.858365375e-19
3.107683246e-19
1.53572781e-17
5.969014304e-17
1.70491145e-17
6.737652217e-18
1.605507206e-17
-1.052434836e-18
1.433720875e-17
-7.303785723e-18
1.291554182e-17
-6.023214564e-18
9.791843606e-18
-1.386102069e-17
-3.871357881e-17
-5.090918669e-09
4.435929534e-09
-4.803949799e-09
2.956994229e-09
-3.280842649e-09
2.822846186e-09
-1.309536414e-09
3.354875029e-09
4.339964305e-10
8.513552486e-09
2.006418842e-09
1.124420335e-08
1.787171169e-09
1.465661206e-08
-2.679040243e-09
2.784332692e-08
1.12295412e-18
1.696603581e-08
2.948082142e-19
1.580773929e-19
2.028219417e-19
-1.627055657e-20
1.819550541e-19
-3.417509719e-20
1.776304393e-19
-2.616712074e-20
1.774121798e-19
-1.672126394e-20
1.782830453e-19
-9.686025491e-21
1.794614792e-19
-4.959888795e-21
1.807253567e-19
-1.906520938e-21
1.819958147e-19
1.094057996e-23
1.832311086e-19
1.167725657e-21
1.844013069e-19
1.815245906e-21
1.854837681e-19
2.121989285e-21
1.864628897e-19
2.202424688e-21
1.873298735e-19
2.135409238e-21
1.880818145e-19
1.975639994e-21
1.887203352e-19
1.760889674e-21
1.892500961e-19
1.516756386e-21
1.896774118e-19
1.259934051e-21
1.900090873e-19
1.000570064e-21
1.902515081e-19
7.440303187e-22
1.904099738e-19
4.922607092e-22
1.904882452e-19
2.448668406e-22
1.904897689e-19
3.757127035e-32
2.027916032e-19
2.858948104e-19
1.542796901e-17
4.444105571e-17
1.710860072e-17
5.034840179e-18
1.618075293e-17
-1.462242869e-19
1.437460887e-17
-5.519227985e-18
1.288891942e-17
-4.559106555e-18
9.627494666e-18
-1.06211722e-17
-2.909687006e-17
-2.807963877e-08
8.052210869e-09
-2.767415085e-08
2.551488054e-09
-2.608348727e-08
1.232208498e-09
-2.407595992e-08
1.347370438e-09
-2.037853903e-08
4.816165967e-09
-1.790435253e-08
8.770026668e-09
-1.537474513e-08
1.212704458e-08
-6.341725091e-09
1.881031735e-08
5.645872545e-19
1.062431071e-08
1.249089756e-19
-2.070951423e-19
1.849157715e-19
-7.627729667e-20
1.899630306e-19
-3.922230756e-20
1.870762961e-19
-2.328012692e-20
1.844474182e-19
-1.409206877e-20
1.83009182e-19
-8.247508185e-21
1.825148471e-19
-4.465349823e-21
1.826428182e-19
-2.034346123e-21
1.831525997e-19
-4.987031388e-22
1.838786288e-19
4.418713929e-22
1.847080502e-19
9.860648028e-22
1.855642035e-19
1.266159607e-21
1.863958742e-19
1.371173299e-21
1.871701042e-19
1.36170009e-21
1.878670641e-19
1.27929753e-21
1.884762019e-19
1.152448215e-21
1.889932737e-19
1.000429227e-21
1.894180478e-19
8.359114765e-22
1.897525476e-19
6.667776201e-22
1.899997384e-19
4.97445336e-22
1.9016258e-19
3.298667135e-22
1.902433783e-19
1.643103726e-22
1.902482322e-19
3.608307172e-32
2.14935025e-19
2.486343612e-19
1.538850956e-17
2.924357096e-17
1.687254946e-17
3.528619619e-18
1.615267202e-17
5.520159212e-19
1.430474429e-17
-3.692886398e-18
1.281724819e-17
-3.093191903e-18
9.565329824e-18
-7.39083025e-18
-1.95423262e-17
-2.876819058e-08
9.856216868e-09
-2.974409214e-08
3.527397941e-09
-2.987536388e-08
1.363485901e-09
-3.005035808e-08
1.522352085e-09
-2.830209869e-08
3.067903309e-09
-2.487321754e-08
5.341127422e-09
-1.925276304e-08
6.506607175e-09
-7.532191264e-09
7.08974549e-09
4.529545249e-18
3.092119397e-09
2.58484561e-19
-5.88426283e-20
2.219707493e-19
-3.976335303e-20
2.059052112e-19
-2.315671118e-20
1.962643543e-19
-1.363905639e-20
1.902919788e-19
-8.119400452e-21
1.867913404e-19
-4.74660256e-21
1.849458508e-19
-2.619654263e-21
1.841784612e-19
-1.266789521e-21
1.840931743e-19
-4.132479704e-22
1.844228222e-19
1.124264814e-22
1.84988145e-19
4.210041065e-22
1.856692172e-19
5.854288624e-22
1.86386401e-19
6.544269796e-22
1.870877017e-19
6.609419579e-22
1.877402148e-19
6.274283869e-22
1.883241829e-19
5.692076944e-22
1.88828756e-19
4.966347401e-22
1.89248914e-19
4.16537516e-22
1.895832153e-19
3.332095037e-22
1.898321598e-19
2.491214851e-22
1.899970236e-19
1.654523316e-22
1.900790679e-19
8.249888381e-23
1.900861048e-19
4.477074353e-33
4.77875995e-19
-5.173202389e-20
1.616499513e-17
1.353254563e-17
1.737439004e-17
2.297048309e-18
1.658606494e-17
1.318707904e-18
1.47308687e-17
-1.859271923e-18
1.307181172e-17
-1.455711862e-18
9.632233439e-18
-3.97282388e-18
-9.92087411e-18
-3.151073878e-08
-2.798334066e-08
-2.661985478e-08
-2.509750272e-08
-2.202959939e-08
-1.668847203e-08
-1.018186484e-08
-3.092119372e-09
3.371853265e-19
2.783426974e-19
2.385794062e-19
2.15422866e-19
2.017840102e-19
1.936647767e-19
1.889182887e-19
1.862987155e-19
1.850320027e-19
1.846188487e-19
1.847313998e-19
1.851525698e-19
1.857382153e-19
1.86392916e-19
1.870541881e-19
1.876819941e-19
1.882516099e-19
1.887486587e-19
1.89165586e-19
1.894991273e-19
1.897484907e-19
1.899140702e-19
1.899965691e-19
1.899901518e-19
1.25695767e-19
1.36469075e-17
1.593311831e-17
1.724103549e-17
1.537097719e-17
1.390447932e-17
9.92087411e-18
)
;

boundaryField
{
    lowerWall
    {
        type            calculated;
        value           uniform 0;
    }
    atmosphere
    {
        type            calculated;
        value           nonuniform List<scalar> 
80
(
2.438537555e-08
6.213967072e-09
-1.370247658e-09
-5.939645079e-09
-9.397028152e-09
-1.084990266e-08
-8.905729649e-09
-1.083375697e-08
-9.331081606e-09
-1.022928778e-08
-4.59983875e-09
5.064994169e-09
1.610924237e-08
2.215608021e-08
1.929019767e-08
1.233875061e-08
5.969284693e-09
-1.588824992e-09
5.301908069e-09
3.299950199e-08
4.263471503e-08
1.737485618e-08
-7.072818963e-09
-1.20735407e-08
-1.10576317e-08
-1.002543249e-08
-8.802162651e-09
-7.652871398e-09
-6.579243945e-09
-5.625342479e-09
-4.882767154e-09
-4.397266495e-09
-4.2729885e-09
-4.290594131e-09
-4.282079123e-09
-4.521911288e-09
-4.702744792e-09
-5.049906496e-09
-5.479415039e-09
-6.180125256e-09
-7.11471896e-09
-8.406641697e-09
-9.281666545e-09
-2.204046922e-09
7.274024678e-09
1.9239908e-09
-3.285894086e-09
-1.657232092e-09
4.600315657e-09
6.080304516e-09
-4.484587407e-09
-5.152161384e-09
-6.873306761e-09
-8.474847836e-09
-9.370664409e-09
-9.80093975e-09
-1.022534261e-08
-9.878723139e-09
-8.967173223e-09
-7.47098592e-09
-5.989301147e-09
-4.151467553e-09
-2.973389209e-09
-2.069107117e-09
-1.303642856e-09
-5.216736324e-10
1.584020803e-10
8.235562943e-10
8.751852487e-10
2.000791976e-10
-7.990006521e-10
-1.351204134e-09
-1.504393687e-09
-8.77059318e-10
-1.191738577e-09
-2.029455322e-09
2.836607176e-09
2.446333532e-08
2.696419031e-08
4.136695583e-08
)
;
    }
    rightWall
    {
        type            empty;
    }
    leftWall
    {
        type            empty;
    }
    frontAndBack
    {
        type            calculated;
        value           nonuniform List<scalar> 
80
(
0
0
0
2.40741243e-35
0
0
0
0
0
0
0
0
0
0
0
0
0
0
0
0
0
0
0
0
0
0
0
0
0
0
0
0
0
0
0
-3.851859889e-34
0
0
0
0
0
0
0
0
-6.018531076e-36
0
0
0
0
0
0
0
0
0
0
0
0
0
0
0
0
0
0
0
0
0
0
0
0
0
0
0
0
-3.851859889e-34
0
0
3.851859889e-34
3.851859889e-34
0
-3.851859889e-34
)
;
    }
}


// ************************************************************************* //
