/*--------------------------------*- C++ -*----------------------------------*\
| =========                 |                                                 |
| \\      /  F ield         | OpenFOAM: The Open Source CFD Toolbox           |
|  \\    /   O peration     | Version:  2506                                  |
|   \\  /    A nd           | Website:  www.openfoam.com                      |
|    \\/     M anipulation  |                                                 |
\*---------------------------------------------------------------------------*/
FoamFile
{
    version     2.0;
    format      ascii;
    arch        "LSB;label=32;scalar=64";
    class       volVectorField;
    location    "0.01";
    object      U;
}
// * * * * * * * * * * * * * * * * * * * * * * * * * * * * * * * * * * * * * //

dimensions      [0 1 -1 0 0 0 0];

internalField   nonuniform List<vector> 
3200
(
(0 -1.940251727 -0.3508082415)
(0 -0.5385380215 -0.189593706)
(0 -0.3604591413 0.05478589174)
(0 0.09080916195 -0.2736491084)
(0 0.5299036419 -0.5684184125)
(0 0.007461959997 0.0170533707)
(0 -4.363531195e-12 5.006482836e-11)
(0 2.042942984e-11 5.550263792e-12)
(0 1.176281632e-11 3.123922979e-12)
(0 7.016780889e-12 1.622128138e-12)
(0 4.60057042e-12 7.940647648e-13)
(0 3.447851774e-12 3.586323746e-13)
(0 2.954606604e-12 1.345906442e-13)
(0 2.799901149e-12 2.008343887e-14)
(0 2.818614501e-12 -3.883764631e-14)
(0 2.92706238e-12 -6.965370763e-14)
(0 3.082601869e-12 -8.592864902e-14)
(0 3.262691513e-12 -9.420632034e-14)
(0 3.454478052e-12 -9.763063953e-14)
(0 3.649813783e-12 -9.776205724e-14)
(0 3.842957166e-12 -9.544583456e-14)
(0 4.029539536e-12 -9.12070524e-14)
(0 4.206096857e-12 -8.542184468e-14)
(0 4.369840525e-12 -7.838806425e-14)
(0 4.518525962e-12 -7.03532505e-14)
(0 4.650361902e-12 -6.152601352e-14)
(0 4.763938135e-12 -5.208195423e-14)
(0 4.858164262e-12 -4.216820133e-14)
(0 4.932218466e-12 -3.190766841e-14)
(0 4.985506446e-12 -2.140328157e-14)
(0 5.01762898e-12 -1.074231625e-14)
(0 2.514180137e-12 1.49001633e-23)
(0 1.682116938e-11 7.511306408e-11)
(0 -4.017681028e-10 3.222207336e-10)
(0 -1.539602473e-10 -2.135577877e-09)
(0 7.936230716e-10 -6.634639841e-10)
(0 8.39838768e-10 -1.11787465e-09)
(0 5.990999885e-10 -4.907955646e-10)
(0 7.803828509e-10 -4.928453014e-10)
(0 1.038656084e-09 1.830251964e-10)
(0 -0.4847756551 -1.123538692)
(0 -0.4526482109 -1.594212943)
(0 1.094753122 -0.7531876458)
(0 0.972121409 -0.5188723705)
(0 -0.5004009123 0.6311915998)
(0 0.001340570392 0.6262410586)
(0 3.147361836e-12 5.335586634e-11)
(0 9.613852744e-12 1.068184319e-11)
(0 7.83466855e-12 8.447213964e-12)
(0 4.686887752e-12 4.192595681e-12)
(0 3.337074656e-12 1.989557823e-12)
(0 2.788377653e-12 8.644962667e-13)
(0 2.616057668e-12 2.942192697e-13)
(0 2.626472859e-12 4.64513443e-15)
(0 2.728877355e-12 -1.446352273e-13)
(0 2.879971377e-12 -2.235202408e-13)
(0 3.058049256e-12 -2.658033749e-13)
(0 3.250989523e-12 -2.87495256e-13)
(0 3.450922315e-12 -2.962110556e-13)
(0 3.651998588e-12 -2.957615974e-13)
(0 3.849512171e-12 -2.882857858e-13)
(0 4.039563526e-12 -2.751884486e-13)
(0 4.218915845e-12 -2.575296763e-13)
(0 4.384909119e-12 -2.361769461e-13)
(0 4.535388012e-12 -2.118622453e-13)
(0 4.668633198e-12 -1.85205368e-13)
(0 4.783295947e-12 -1.567276002e-13)
(0 4.878338548e-12 -1.268640741e-13)
(0 4.952983386e-12 -9.597686089e-14)
(0 5.006671799e-12 -6.436900635e-14)
(0 5.039032261e-12 -3.229953858e-14)
(0 2.524922454e-12 1.040012433e-23)
(0 -9.223384199e-12 5.87458121e-11)
(0 7.139970661e-10 3.097822537e-10)
(0 1.511086295e-09 -1.63293844e-09)
(0 2.784930048e-09 4.478422784e-10)
(0 1.137390707e-09 -4.980585638e-10)
(0 1.209064388e-09 2.771337879e-10)
(0 1.125251057e-09 1.944928223e-10)
(0 1.440032748e-09 1.178233529e-09)
(0 0.11048445 -0.5485644693)
(0 -0.8257391488 -1.21142611)
(0 -0.9088381089 -0.9985378904)
(0 0.3111688762 0.4314641321)
(0 -0.7021834955 0.6878199418)
(0 0.004989034052 -0.5753193355)
(0 -8.964958004e-12 5.895502564e-12)
(0 -4.669744937e-12 6.567675662e-12)
(0 -4.240840175e-13 1.009286305e-11)
(0 5.591044542e-13 4.711462208e-12)
(0 1.272471005e-12 2.107075426e-12)
(0 1.752513221e-12 8.15566538e-13)
(0 2.094755472e-12 1.731309657e-13)
(0 2.361046652e-12 -1.510998394e-13)
(0 2.590449126e-12 -3.208366286e-13)
(0 2.805894233e-12 -4.139964244e-13)
(0 3.018626853e-12 -4.662798008e-13)
(0 3.232283833e-12 -4.937734043e-13)
(0 3.44621171e-12 -5.039712576e-13)
(0 3.657739053e-12 -5.008011309e-13)
(0 3.863530315e-12 -4.867583667e-13)
(0 4.060295645e-12 -4.63740432e-13)
(0 4.245108359e-12 -4.333408988e-13)
(0 4.415507956e-12 -3.969396961e-13)
(0 4.56949754e-12 -3.55728568e-13)
(0 4.705496547e-12 -3.107229723e-13)
(0 4.822279429e-12 -2.627758456e-13)
(0 4.918915001e-12 -2.125960008e-13)
(0 4.994713534e-12 -1.607704226e-13)
(0 5.049183769e-12 -1.077892527e-13)
(0 5.081997986e-12 -5.407268926e-14)
(0 2.546479676e-12 -7.793371648e-24)
(0 -6.387434598e-12 -3.003689754e-11)
(0 2.929318165e-10 -1.803076276e-09)
(0 1.442325781e-09 -4.170980365e-10)
(0 2.486098051e-09 1.079653054e-09)
(0 6.431586412e-10 3.8768413e-10)
(0 1.014715495e-09 8.356817537e-10)
(0 5.864898839e-10 9.764963489e-10)
(0 1.172258539e-09 2.293424064e-09)
(0 0.4770124767 -0.0327216562)
(0 -0.1840590901 -0.6874292194)
(0 -0.8224688404 -1.471786687)
(0 -0.6649962646 -1.049324934)
(0 0.2958571095 0.8346298295)
(0 0.01669900902 0.01165562421)
(0 -2.73018147e-11 2.131786132e-11)
(0 -1.785340527e-11 -3.07621302e-13)
(0 -9.90097879e-12 4.765699959e-12)
(0 -3.29887857e-12 2.4533579e-12)
(0 -5.588210145e-13 9.117210183e-13)
(0 8.544331926e-13 1.175627044e-13)
(0 1.649391291e-12 -2.661579309e-13)
(0 2.132505264e-12 -4.613298206e-13)
(0 2.46598077e-12 -5.736030348e-13)
(0 2.734528205e-12 -6.453362987e-13)
(0 2.978272276e-12 -6.915330714e-13)
(0 3.213298066e-12 -7.173323078e-13)
(0 3.443894588e-12 -7.250809206e-13)
(0 3.669211479e-12 -7.166920154e-13)
(0 3.88657287e-12 -6.941856577e-13)
(0 4.092980994e-12 -6.596589895e-13)
(0 4.285716581e-12 -6.151472246e-13)
(0 4.46252145e-12 -5.625144818e-13)
(0 4.621604736e-12 -5.033975619e-13)
(0 4.76158592e-12 -4.391916882e-13)
(0 4.881422919e-12 -3.710623241e-13)
(0 4.980343971e-12 -2.999710533e-13)
(0 5.057790134e-12 -2.267084307e-13)
(0 5.113369532e-12 -1.51930185e-13)
(0 5.146821514e-12 -7.619483028e-14)
(0 2.578995143e-12 -5.548580791e-24)
(0 -4.99613456e-12 -2.069351184e-11)
(0 2.820856993e-10 -3.988338444e-09)
(0 1.205657672e-09 -1.850053367e-09)
(0 2.820571469e-09 -1.650031561e-11)
(0 6.817168072e-10 -3.506894314e-10)
(0 1.315718131e-09 1.098295379e-10)
(0 7.834344181e-10 5.514451452e-10)
(0 1.355250468e-09 2.755247338e-09)
(0 0.7531734914 0.02438083541)
(0 0.6567849015 -0.07999618555)
(0 0.312026662 -0.5258287931)
(0 -0.6904371863 -0.5804033514)
(0 -0.3339924694 -0.3495490329)
(0 -0.001729066256 0.09438161947)
(0 1.012385143e-11 9.888755192e-13)
(0 6.234440881e-12 4.682844991e-12)
(0 -3.217151285e-12 1.270137082e-12)
(0 -3.294872307e-12 -5.754496072e-13)
(0 -1.06332419e-12 -1.031112452e-12)
(0 5.746342717e-13 -9.908780004e-13)
(0 1.515862947e-12 -8.939935508e-13)
(0 2.053601548e-12 -8.544545513e-13)
(0 2.406442648e-12 -8.669057336e-13)
(0 2.687964196e-12 -9.022104075e-13)
(0 2.946630844e-12 -9.371804165e-13)
(0 3.198735984e-12 -9.589358194e-13)
(0 3.446852003e-12 -9.623200446e-13)
(0 3.688634316e-12 -9.466910841e-13)
(0 3.920563341e-12 -9.136241452e-13)
(0 4.139334078e-12 -8.655551011e-13)
(0 4.342252867e-12 -8.0506944e-13)
(0 4.527257618e-12 -7.345710255e-13)
(0 4.692820333e-12 -6.561552709e-13)
(0 4.837831784e-12 -5.71584508e-13)
(0 4.961500064e-12 -4.823101957e-13)
(0 5.063268895e-12 -3.895141418e-13)
(0 5.142754402e-12 -2.941561639e-13)
(0 5.199697369e-12 -1.970231643e-13)
(0 5.233928171e-12 -9.877721743e-14)
(0 2.622674506e-12 -6.818515684e-24)
(0 -5.998783427e-12 -2.336768501e-11)
(0 3.598581483e-10 -4.848354873e-09)
(0 1.027570968e-09 -1.014391239e-09)
(0 2.804342399e-09 5.998344013e-10)
(0 4.959751885e-10 4.728188122e-10)
(0 1.276517795e-09 6.531752957e-10)
(0 6.731517541e-10 1.197573152e-09)
(0 1.337205526e-09 3.714588199e-09)
(0 0.8689300428 -0.00258796563)
(0 0.8558953219 -0.07905804341)
(0 0.7865574296 -0.1757002757)
(0 0.3116489377 -0.1624682657)
(0 -0.1562065823 0.01276734853)
(0 -0.02093757088 -0.358520071)
(0 -1.061905264e-11 -2.321954075e-11)
(0 -1.695793676e-11 1.623525173e-11)
(0 -1.45803643e-11 -3.213671016e-12)
(0 -5.600142197e-12 -4.994199378e-12)
(0 -9.742494076e-13 -3.469845443e-12)
(0 9.915520935e-13 -2.155965193e-12)
(0 1.78581474e-12 -1.464478343e-12)
(0 2.159593081e-12 -1.195586268e-12)
(0 2.418224914e-12 -1.13735484e-12)
(0 2.664253522e-12 -1.159420997e-12)
(0 2.921546864e-12 -1.196044458e-12)
(0 3.188158438e-12 -1.218913372e-12)
(0 3.456139324e-12 -1.218575238e-12)
(0 3.717907378e-12 -1.194128094e-12)
(0 3.967708853e-12 -1.14806004e-12)
(0 4.201535699e-12 -1.083858705e-12)
(0 4.416700656e-12 -1.004992598e-12)
(0 4.611435619e-12 -9.145329864e-13)
(0 4.784591254e-12 -8.150585025e-13)
(0 4.935430996e-12 -7.086753192e-13)
(0 5.063493285e-12 -5.970780065e-13)
(0 5.168498003e-12 -4.816198144e-13)
(0 5.250281112e-12 -3.633812296e-13)
(0 5.308748478e-12 -2.432339245e-13)
(0 5.343844678e-12 -1.218992627e-13)
(0 2.67777236e-12 -1.016940503e-23)
(0 -5.167329561e-12 -3.852645071e-11)
(0 3.28891846e-10 -6.374778427e-09)
(0 8.74909764e-10 -1.15948234e-09)
(0 2.800308803e-09 4.492898067e-10)
(0 4.218291496e-10 6.064546979e-10)
(0 1.263900048e-09 6.847030576e-10)
(0 6.330891535e-10 1.459129259e-09)
(0 1.319289582e-09 4.489152592e-09)
(0 0.7123838843 0.0007934308126)
(0 0.6901688435 -0.01286173363)
(0 0.5831321796 0.03042099586)
(0 0.4486109109 0.3292465415)
(0 0.2144478168 0.03850269991)
(0 0.2099838497 -0.1130010345)
(0 -0.01082738021 -0.01479382176)
(0 -1.70245786e-11 -8.463847716e-12)
(0 -2.576450082e-11 -2.668490347e-11)
(0 -3.551000727e-12 -1.271780664e-11)
(0 1.774909995e-12 -5.698106225e-12)
(0 2.580001371e-12 -2.698657837e-12)
(0 2.476241872e-12 -1.612362052e-12)
(0 2.380725052e-12 -1.326051157e-12)
(0 2.442607919e-12 -1.327504725e-12)
(0 2.629274578e-12 -1.402076749e-12)
(0 2.887138469e-12 -1.468668192e-12)
(0 3.176205203e-12 -1.502106738e-12)
(0 3.471637281e-12 -1.498949955e-12)
(0 3.759149513e-12 -1.463192975e-12)
(0 4.03083273e-12 -1.400629218e-12)
(0 4.28240152e-12 -1.316819957e-12)
(0 4.511578585e-12 -1.216497253e-12)
(0 4.717191714e-12 -1.103496478e-12)
(0 4.898678e-12 -9.808595051e-13)
(0 5.05581228e-12 -8.509744488e-13)
(0 5.188555568e-12 -7.157068409e-13)
(0 5.296965672e-12 -5.765112588e-13)
(0 5.381140292e-12 -4.34524562e-13)
(0 5.441179336e-12 -2.906448047e-13)
(0 5.477162096e-12 -1.455988518e-13)
(0 2.744573769e-12 -1.174911573e-23)
(0 -3.895866547e-12 -4.614043174e-11)
(0 3.06742631e-10 -7.691492665e-09)
(0 7.466559205e-10 -1.186331746e-09)
(0 2.746054822e-09 4.466664307e-10)
(0 3.78471987e-10 8.001640809e-10)
(0 1.216982057e-09 7.789475115e-10)
(0 6.094335549e-10 1.726195559e-09)
(0 1.289389768e-09 5.24532941e-09)
(0 0.8675701902 0.0157477779)
(0 0.9201142922 0.01990804305)
(0 0.8744907934 0.168358496)
(0 0.9373634068 0.2205049843)
(0 0.2663261344 0.1410819012)
(0 -0.1659616521 -0.009334751701)
(0 0.2380158371 0.1052818721)
(0 2.512036386e-11 -4.369291848e-11)
(0 1.868116546e-11 -4.441481025e-11)
(0 1.538684636e-11 -1.349369447e-11)
(0 9.044899394e-12 -3.906109469e-12)
(0 5.077296266e-12 -1.32818682e-12)
(0 3.15842142e-12 -9.602519923e-13)
(0 2.444450409e-12 -1.16874553e-12)
(0 2.342199321e-12 -1.444534068e-12)
(0 2.523090056e-12 -1.652713882e-12)
(0 2.821516875e-12 -1.774448323e-12)
(0 3.157876674e-12 -1.821903333e-12)
(0 3.495053086e-12 -1.811936148e-12)
(0 3.816228115e-12 -1.759074684e-12)
(0 4.114081871e-12 -1.674449081e-12)
(0 4.385667664e-12 -1.566293952e-12)
(0 4.630024136e-12 -1.440674446e-12)
(0 4.847073367e-12 -1.302088183e-12)
(0 5.037113282e-12 -1.15390125e-12)
(0 5.20058366e-12 -9.986522872e-13)
(0 5.337956475e-12 -8.382650717e-13)
(0 5.449680281e-12 -6.742010328e-13)
(0 5.536147566e-12 -5.075735089e-13)
(0 5.597674189e-12 -3.392376645e-13)
(0 5.634489483e-12 -1.698639818e-13)
(0 2.823371212e-12 -1.336465784e-23)
(0 -2.527450598e-12 -5.226666537e-11)
(0 2.866913008e-10 -8.897474189e-09)
(0 6.306138898e-10 -1.247350088e-09)
(0 2.650811966e-09 4.703136898e-10)
(0 3.562428709e-10 9.700379328e-10)
(0 1.140261777e-09 8.854639294e-10)
(0 5.894504468e-10 1.982894728e-09)
(0 1.246976877e-09 5.975679758e-09)
(0 0.7469262323 -0.06206814388)
(0 0.8863402596 -0.02129365066)
(0 0.8994333182 0.1518534315)
(0 1.130770684 1.055402754)
(0 0.2929753261 0.9300174823)
(0 0.3088652774 0.03226792031)
(0 0.08124596374 -0.1523709455)
(0 -0.002164650286 0.2792775539)
(0 2.652819545e-11 4.267097922e-12)
(0 3.319227007e-11 3.298865919e-12)
(0 1.394041766e-11 4.895546872e-12)
(0 5.525858848e-12 2.252278804e-12)
(0 2.635683162e-12 2.682924902e-13)
(0 1.896442976e-12 -9.44140386e-13)
(0 1.958639567e-12 -1.629170638e-12)
(0 2.299360324e-12 -1.989793511e-12)
(0 2.717949018e-12 -2.15450494e-12)
(0 3.138717378e-12 -2.19912282e-12)
(0 3.53446593e-12 -2.167821389e-12)
(0 3.896636581e-12 -2.086727331e-12)
(0 4.223613462e-12 -1.971804774e-12)
(0 4.516176155e-12 -1.833236314e-12)
(0 4.775784355e-12 -1.677819023e-12)
(0 5.00396491e-12 -1.510277897e-12)
(0 5.202113896e-12 -1.334000607e-12)
(0 5.371448459e-12 -1.151464696e-12)
(0 5.513006823e-12 -9.644996961e-13)
(0 5.627657234e-12 -7.74458896e-13)
(0 5.716103661e-12 -5.823406865e-13)
(0 5.778888863e-12 -3.888807679e-13)
(0 5.81639976e-12 -1.946264117e-13)
(0 2.914437751e-12 -1.470862157e-23)
(0 -1.148587468e-12 -5.779717145e-11)
(0 2.675005945e-10 -1.000696458e-08)
(0 5.242011301e-10 -1.34290326e-09)
(0 2.526119721e-09 5.073840932e-10)
(0 3.464012001e-10 1.110458241e-09)
(0 1.042202059e-09 9.916464187e-10)
(0 5.689276942e-10 2.222978064e-09)
(0 1.194880553e-09 6.672097109e-09)
(0 0.8236193768 -0.110312583)
(0 1.06630642 -0.2209510248)
(0 1.74274332 0.03974939329)
(0 1.759561798 0.5751033981)
(0 4.019730682 0.6819401213)
(0 1.105054656 0.2213031938)
(0 -0.2585710627 0.410467662)
(0 -2.153063683e-11 3.093210999e-11)
(0 -8.112677653e-12 3.172744163e-11)
(0 1.907363216e-11 2.477037214e-11)
(0 5.906785952e-12 1.584560957e-11)
(0 4.500418843e-13 5.173465002e-12)
(0 -3.799776973e-14 7.25285295e-13)
(0 5.469872812e-13 -1.246930748e-12)
(0 1.296546196e-12 -2.138210385e-12)
(0 1.997755754e-12 -2.522777029e-12)
(0 2.612187567e-12 -2.654644686e-12)
(0 3.144560225e-12 -2.652253408e-12)
(0 3.607448575e-12 -2.573494467e-12)
(0 4.01224473e-12 -2.448207479e-12)
(0 4.367572888e-12 -2.292808636e-12)
(0 4.679653415e-12 -2.117031195e-12)
(0 4.952982553e-12 -1.927089868e-12)
(0 5.190891783e-12 -1.72720294e-12)
(0 5.395926484e-12 -1.520354435e-12)
(0 5.57008457e-12 -1.308700584e-12)
(0 5.714962275e-12 -1.093805699e-12)
(0 5.831839291e-12 -8.767931442e-13)
(0 5.921725694e-12 -6.584523494e-13)
(0 5.985388463e-12 -4.393218289e-13)
(0 6.023370251e-12 -2.197583995e-13)
(0 3.017997624e-12 -1.562982017e-23)
(0 2.157050834e-13 -6.291519993e-11)
(0 2.498403262e-10 -1.102691498e-08)
(0 4.250221858e-10 -1.457550754e-09)
(0 2.380453014e-09 5.528758853e-10)
(0 3.424448133e-10 1.22761444e-09)
(0 9.298776315e-10 1.094070432e-09)
(0 5.458393035e-10 2.446007606e-09)
(0 1.135475081e-09 7.328354776e-09)
(0 0.3780489311 -0.3240284591)
(0 0.9849380683 -0.7826383474)
(0 1.371989075 -0.4870882941)
(0 2.002708422 -0.001846619126)
(0 1.717387533 -0.30681196)
(0 0.5497165673 3.936262356)
(0 -0.1229795566 1.121043462)
(0 0.117119472 0.07787467662)
(0 3.219150273e-05 -0.005066923033)
(0 -1.82928636e-11 -6.750704659e-12)
(0 -2.501591854e-11 9.18475034e-12)
(0 -9.59446526e-12 1.870691713e-12)
(0 -3.784712588e-12 -1.293684667e-12)
(0 -9.670527041e-13 -2.630651181e-12)
(0 6.827932856e-13 -3.153959542e-12)
(0 1.782926022e-12 -3.308451316e-12)
(0 2.588472638e-12 -3.289030862e-12)
(0 3.219867597e-12 -3.181740257e-12)
(0 3.738511859e-12 -3.025685954e-12)
(0 4.177322412e-12 -2.839792967e-12)
(0 4.554789746e-12 -2.63418932e-12)
(0 4.881894922e-12 -2.414992012e-12)
(0 5.165612609e-12 -2.186308937e-12)
(0 5.410700344e-12 -1.951089601e-12)
(0 5.620616252e-12 -1.711510037e-12)
(0 5.797997195e-12 -1.469171467e-12)
(0 5.944914263e-12 -1.225222859e-12)
(0 6.063010584e-12 -9.804500774e-13)
(0 6.153574976e-12 -7.353488069e-13)
(0 6.217582813e-12 -4.901887721e-13)
(0 6.255721589e-12 -2.450734517e-13)
(0 3.13419615e-12 -1.666752054e-23)
(0 1.600965379e-12 -6.769572232e-11)
(0 2.326708556e-10 -1.19622411e-08)
(0 3.294339827e-10 -1.577436605e-09)
(0 2.218044723e-09 6.02710016e-10)
(0 3.397777867e-10 1.327544997e-09)
(0 8.082595694e-10 1.191069249e-09)
(0 5.190431879e-10 2.652256575e-09)
(0 1.070183864e-09 7.939367526e-09)
(0 -0.3825867006 -0.7963472302)
(0 0.3585969573 -1.507674067)
(0 0.5121377853 -1.248037154)
(0 1.21181784 -0.3189235772)
(0 -0.5630374704 1.981347025)
(0 -1.025233935 4.986796279)
(0 -0.1768454674 0.3227298571)
(0 0.07304902449 -0.01921330949)
(0 0.002425968151 0.1214990399)
(0 -1.508991373e-11 -2.316375066e-12)
(0 -1.842281527e-11 -7.177147294e-12)
(0 -1.002839268e-11 -5.581768587e-12)
(0 -4.539340664e-12 -5.140069449e-12)
(0 -1.313287594e-12 -4.828028892e-12)
(0 6.187460613e-13 -4.538521294e-12)
(0 1.862684434e-12 -4.268030246e-12)
(0 2.738898625e-12 -4.011277212e-12)
(0 3.407905134e-12 -3.759982345e-12)
(0 3.949395865e-12 -3.507708139e-12)
(0 4.403741363e-12 -3.251082113e-12)
(0 4.792373843e-12 -2.989160517e-12)
(0 5.127533799e-12 -2.722439962e-12)
(0 5.416884963e-12 -2.452067539e-12)
(0 5.665690683e-12 -2.179338519e-12)
(0 5.877844617e-12 -1.905424155e-12)
(0 6.056371749e-12 -1.631249921e-12)
(0 6.203683665e-12 -1.35746052e-12)
(0 6.321713343e-12 -1.084430259e-12)
(0 6.411986999e-12 -8.122954235e-13)
(0 6.475663819e-12 -5.409971576e-13)
(0 6.513559023e-12 -2.703305353e-13)
(0 3.263071076e-12 -1.761138355e-23)
(0 3.026971925e-12 -7.214620912e-11)
(0 2.158580652e-10 -1.281411905e-08)
(0 2.354518917e-10 -1.694241257e-09)
(0 2.04116214e-09 6.530014584e-10)
(0 3.360140535e-10 1.413552865e-09)
(0 6.809678717e-10 1.281210672e-09)
(0 4.88097726e-10 2.841402403e-09)
(0 9.998289032e-10 8.500568445e-09)
(0 -1.268161098 -1.126077174)
(0 -1.284897408 -1.621843876)
(0 -1.842447185 -0.7105895087)
(0 -2.563798218 1.249785122)
(0 -2.870441027 3.005255352)
(0 -2.046609453 3.24228462)
(0 -0.7750262885 -0.413960942)
(0 -0.343295879 0.05102854531)
(0 -0.00139106189 0.02148045127)
(0 -7.186426713e-12 2.134723661e-11)
(0 -1.398330638e-11 -1.569990666e-11)
(0 -7.55738735e-12 -1.188056237e-11)
(0 -3.030972893e-12 -8.856796644e-12)
(0 -3.65504549e-13 -7.00288752e-12)
(0 1.242791932e-12 -5.904070979e-12)
(0 2.310170104e-12 -5.213872957e-12)
(0 3.096520539e-12 -4.728065767e-12)
(0 3.72343667e-12 -4.339201346e-12)
(0 4.247412091e-12 -3.994076145e-12)
(0 4.695870034e-12 -3.667659384e-12)
(0 5.083431897e-12 -3.348925498e-12)
(0 5.4189879e-12 -3.033538652e-12)
(0 5.708714052e-12 -2.720184349e-12)
(0 5.957343728e-12 -2.408775049e-12)
(0 6.16870485e-12 -2.099600347e-12)
(0 6.34596083e-12 -1.792946007e-12)
(0 6.491733925e-12 -1.488941322e-12)
(0 6.60817568e-12 -1.18751472e-12)
(0 6.697008077e-12 -8.883991561e-13)
(0 6.759547701e-12 -5.911606682e-13)
(0 6.796718747e-12 -2.952395454e-13)
(0 3.404526686e-12 -1.825068934e-23)
(0 4.535286803e-12 -7.625049727e-11)
(0 1.982745179e-10 -1.358135738e-08)
(0 1.407492071e-10 -1.80388063e-09)
(0 1.850788794e-09 7.020084896e-10)
(0 3.299883162e-10 1.487032847e-09)
(0 5.508832728e-10 1.363628823e-09)
(0 4.528754103e-10 3.012946229e-09)
(0 9.248303225e-10 9.007909918e-09)
(0 -1.764262159 -0.8959634899)
(0 -2.368219403 -1.004261826)
(0 -3.151851301 -0.1053210991)
(0 -3.627190165 1.182083247)
(0 -3.128622701 1.950351476)
(0 -1.597332973 1.100898033)
(0 -0.4869128766 -1.19526603)
(0 0.08925058115 -0.7810919661)
(0 0.0001432139047 -0.2043217549)
(0 -1.341899609e-11 -2.296487765e-11)
(0 -1.604507329e-11 -2.948480877e-11)
(0 -3.185282927e-12 -1.738379199e-11)
(0 3.383341854e-13 -1.14036856e-11)
(0 1.63943807e-12 -8.422688407e-12)
(0 2.407760624e-12 -6.861025022e-12)
(0 3.038689646e-12 -5.955339972e-12)
(0 3.613570237e-12 -5.347924912e-12)
(0 4.141894756e-12 -4.874684534e-12)
(0 4.620937828e-12 -4.461727571e-12)
(0 5.04889201e-12 -4.076541604e-12)
(0 5.426494574e-12 -3.705333425e-12)
(0 5.756274947e-12 -3.342598744e-12)
(0 6.041648566e-12 -2.986353099e-12)
(0 6.286274684e-12 -2.635975893e-12)
(0 6.49367366e-12 -2.291257319e-12)
(0 6.667030774e-12 -1.951996543e-12)
(0 6.809114952e-12 -1.617850352e-12)
(0 6.922255509e-12 -1.288293309e-12)
(0 7.008341051e-12 -9.626256058e-13)
(0 7.068823429e-12 -6.40001154e-13)
(0 7.104719691e-12 -3.194658401e-13)
(0 3.558310621e-12 -1.840947195e-23)
(0 6.145129096e-12 -7.993014276e-11)
(0 1.79637019e-10 -1.426044978e-08)
(0 4.501098644e-11 -1.905733809e-09)
(0 1.647893169e-09 7.498459681e-10)
(0 3.206703152e-10 1.548041649e-09)
(0 4.207574079e-10 1.43783585e-09)
(0 4.132734007e-10 3.166493352e-09)
(0 8.452848383e-10 9.457765562e-09)
(0 -1.543114214 -0.5260605978)
(0 -2.251248006 -0.4715791308)
(0 -2.872331944 0.3292849911)
(0 -3.058059775 1.059905919)
(0 -2.152110171 0.9303057133)
(0 -0.2169946421 -0.3270040101)
(0 0.6492153819 -1.480230821)
(0 0.4963770326 -0.665783744)
(0 0.07823166252 0.09602950254)
(0 1.169999237e-11 -1.506938519e-11)
(0 2.220126316e-11 -3.131127935e-11)
(0 1.052373577e-11 -1.676602495e-11)
(0 5.930130694e-12 -1.095148344e-11)
(0 4.177156026e-12 -8.423170617e-12)
(0 3.710140367e-12 -7.162012866e-12)
(0 3.823270214e-12 -6.398544515e-12)
(0 4.177175978e-12 -5.833621016e-12)
(0 4.609634011e-12 -5.349889315e-12)
(0 5.045555021e-12 -4.901599201e-12)
(0 5.45226418e-12 -4.471431114e-12)
(0 5.817374758e-12 -4.053254412e-12)
(0 6.137968226e-12 -3.645159535e-12)
(0 6.415336903e-12 -3.246645346e-12)
(0 6.652439508e-12 -2.857511824e-12)
(0 6.852684199e-12 -2.477452933e-12)
(0 7.019367797e-12 -2.105933e-12)
(0 7.155437159e-12 -1.742174873e-12)
(0 7.263400426e-12 -1.385189046e-12)
(0 7.345300232e-12 -1.033813989e-12)
(0 7.402707467e-12 -6.867569849e-13)
(0 7.436719901e-12 -3.426333431e-13)
(0 3.723992526e-12 -1.856779057e-23)
(0 7.874038111e-12 -8.318643217e-11)
(0 1.597286185e-10 -1.48477485e-08)
(0 -5.101648357e-11 -2.000857816e-09)
(0 1.434373169e-09 7.982718818e-10)
(0 3.065569289e-10 1.596068078e-09)
(0 2.937636343e-10 1.503503391e-09)
(0 3.691196177e-10 3.301991135e-09)
(0 7.609362171e-10 9.846813425e-09)
(0 -0.9866418154 -0.04470263154)
(0 -1.651960867 0.1489172892)
(0 -2.329913484 0.6031742522)
(0 -2.345187882 0.6507872074)
(0 -1.468225668 -0.3562861827)
(0 -0.3154748989 -2.37840781)
(0 0.1410974256 -0.9956787993)
(0 -0.1198067459 -0.7881936473)
(0 0.1867523563 0.2924503711)
(0 0.001737510438 0.06964363496)
(0 7.876217294e-12 -9.261631994e-12)
(0 1.717451294e-11 -7.417843064e-12)
(0 8.68118852e-12 -7.213041181e-12)
(0 5.428908642e-12 -7.156475694e-12)
(0 4.432386726e-12 -6.96530809e-12)
(0 4.367081495e-12 -6.643215059e-12)
(0 4.662225437e-12 -6.238138684e-12)
(0 5.073916571e-12 -5.789655665e-12)
(0 5.499396029e-12 -5.323338873e-12)
(0 5.897236799e-12 -4.854313932e-12)
(0 6.252766154e-12 -4.391079114e-12)
(0 6.562884014e-12 -3.938126858e-12)
(0 6.829296277e-12 -3.497545144e-12)
(0 7.055467097e-12 -3.069962423e-12)
(0 7.245252484e-12 -2.655100696e-12)
(0 7.402308834e-12 -2.25210162e-12)
(0 7.529858905e-12 -1.859725049e-12)
(0 7.630616392e-12 -1.476476303e-12)
(0 7.706773112e-12 -1.10069077e-12)
(0 7.760004076e-12 -7.305912919e-13)
(0 7.791476676e-12 -3.643277449e-13)
(0 3.900943964e-12 -1.900326912e-23)
(0 9.743557625e-12 -8.602892445e-11)
(0 1.378977608e-10 -1.533926693e-08)
(0 -1.451663185e-10 -2.091027591e-09)
(0 1.212738699e-09 8.498788665e-10)
(0 2.846603925e-10 1.630161892e-09)
(0 1.73708478e-10 1.560138069e-09)
(0 3.201321069e-10 3.419860914e-09)
(0 6.710244023e-10 1.017190816e-08)
(0 -0.4781297831 0.2198105098)
(0 -0.6818053435 0.676659614)
(0 -1.250289432 0.8678990915)
(0 -1.175033911 0.3588695896)
(0 0.3788425902 -1.069389358)
(0 -1.039256834 -1.662612868)
(0 -0.7617058782 -1.348581061)
(0 -0.5253414313 -0.216535116)
(0 -0.02414612603 0.1364929504)
(0 -0.001068899911 0.2539173181)
(0 1.052508009e-11 2.057216751e-11)
(0 1.259015486e-11 3.587269789e-12)
(0 6.191498064e-12 -3.326354749e-12)
(0 4.424889117e-12 -6.024348809e-12)
(0 4.223401002e-12 -6.899507183e-12)
(0 4.55043962e-12 -6.97087566e-12)
(0 5.030735372e-12 -6.686075796e-12)
(0 5.524433822e-12 -6.247252964e-12)
(0 5.980896754e-12 -5.747772066e-12)
(0 6.38452394e-12 -5.231390494e-12)
(0 6.733561832e-12 -4.718607336e-12)
(0 7.031502196e-12 -4.218710677e-12)
(0 7.283501338e-12 -3.735433523e-12)
(0 7.494883956e-12 -3.269680829e-12)
(0 7.670545003e-12 -2.82087558e-12)
(0 7.814743444e-12 -2.387637819e-12)
(0 7.931062476e-12 -1.968138907e-12)
(0 8.022434705e-12 -1.56029635e-12)
(0 8.091185243e-12 -1.161885499e-12)
(0 8.139070492e-12 -7.706033853e-13)
(0 8.167311193e-12 -3.841022309e-13)
(0 4.088320271e-12 -1.87373142e-23)
(0 1.176837325e-11 -8.827774313e-11)
(0 1.132076979e-10 -1.572766102e-08)
(0 -2.337445586e-10 -2.179430885e-09)
(0 9.866928166e-10 9.053829989e-10)
(0 2.50502613e-10 1.648299275e-09)
(0 6.566466317e-11 1.606600715e-09)
(0 2.661262681e-10 3.521021043e-09)
(0 5.740943486e-10 1.043000411e-08)
(0 0.1155205234 0.2232582302)
(0 -0.1151492681 0.7601387481)
(0 -0.6759882958 1.06339246)
(0 -1.031419762 0.1995756715)
(0 -0.9258823768 -1.421228279)
(0 -0.7107802084 -1.883923846)
(0 -0.7625383163 -1.788507404)
(0 -0.03931479835 -1.487152238)
(0 -0.2669108964 -0.2567779569)
(0 -1.11844637e-11 4.390164268e-12)
(0 -2.121720875e-11 2.605633205e-11)
(0 -6.659006342e-12 4.588034099e-12)
(0 -9.304300783e-13 -3.655273849e-12)
(0 1.855756209e-12 -6.715018219e-12)
(0 3.485859875e-12 -7.637462586e-12)
(0 4.580512881e-12 -7.654693922e-12)
(0 5.385848133e-12 -7.288037498e-12)
(0 6.012220302e-12 -6.76550099e-12)
(0 6.515258499e-12 -6.189093362e-12)
(0 6.92640153e-12 -5.604858559e-12)
(0 7.265445971e-12 -5.033241119e-12)
(0 7.546057826e-12 -4.482666038e-12)
(0 7.778326125e-12 -3.955788262e-12)
(0 7.970025039e-12 -3.452444756e-12)
(0 8.127295494e-12 -2.971077235e-12)
(0 8.255045507e-12 -2.509427648e-12)
(0 8.357200374e-12 -2.064886801e-12)
(0 8.436869801e-12 -1.63467738e-12)
(0 8.496466077e-12 -1.215952613e-12)
(0 8.537787344e-12 -8.058457437e-13)
(0 8.562080062e-12 -4.014870671e-13)
(0 4.285046195e-12 -1.820817865e-23)
(0 1.389163227e-11 -8.93880019e-11)
(0 8.581694657e-11 -1.60029573e-08)
(0 -3.116911839e-10 -2.270132938e-09)
(0 7.618761167e-10 9.634741354e-10)
(0 1.994681311e-10 1.648414119e-09)
(0 -2.311330662e-11 1.641457784e-09)
(0 2.074515904e-10 3.606979152e-09)
(0 4.678127031e-10 1.061840155e-08)
(0 -0.4480298143 0.4563174784)
(0 -1.089117071 1.436961216)
(0 -1.278434877 1.609473348)
(0 -1.182845877 0.6175272884)
(0 -0.6070758791 -1.292861063)
(0 -0.7710536625 -1.873168622)
(0 -1.147773737 -1.586379658)
(0 -0.8163681228 -1.080610596)
(0 -0.01713979122 -0.4940224183)
(0 -1.609378967e-11 -4.430143328e-11)
(0 -4.598224331e-11 -5.100362403e-12)
(0 -1.712142278e-11 -7.636353966e-12)
(0 -5.111554254e-12 -9.16773588e-12)
(0 4.427003795e-13 -9.542976403e-12)
(0 3.283725299e-12 -9.280632472e-12)
(0 4.899864708e-12 -8.722403108e-12)
(0 5.919928304e-12 -8.045880084e-12)
(0 6.623377958e-12 -7.337613989e-12)
(0 7.141539185e-12 -6.638237916e-12)
(0 7.540376183e-12 -5.965711232e-12)
(0 7.855754352e-12 -5.326834373e-12)
(0 8.108955053e-12 -4.722920623e-12)
(0 8.31372262e-12 -4.152602664e-12)
(0 8.479594982e-12 -3.613229468e-12)
(0 8.613562111e-12 -3.101560618e-12)
(0 8.720933878e-12 -2.614106638e-12)
(0 8.805812744e-12 -2.147297144e-12)
(0 8.871368893e-12 -1.697567461e-12)
(0 8.92001688e-12 -1.261401847e-12)
(0 8.953536038e-12 -8.353469869e-13)
(0 8.973156936e-12 -4.16002505e-13)
(0 4.489807338e-12 -1.784963616e-23)
(0 1.591908746e-11 -8.905810917e-11)
(0 6.099901271e-11 -1.616170642e-08)
(0 -3.701009579e-10 -2.36603692e-09)
(0 5.471537787e-10 1.021983375e-09)
(0 1.273208681e-10 1.631560727e-09)
(0 -8.348063317e-11 1.665962136e-09)
(0 1.451307935e-10 3.679210362e-09)
(0 3.489313686e-10 1.073440813e-08)
(0 -2.660931697 1.136448943)
(0 -2.598240933 1.66751499)
(0 -2.10743326 1.142519852)
(0 -1.318150652 -0.1805348891)
(0 -1.394464614 -1.275022171)
(0 -3.24365307 -1.380114623)
(0 -1.281434363 -1.767843564)
(0 -1.030191024 -1.738215197)
(0 -0.4995696362 -1.075207007)
(0 -2.527592732e-11 -5.559294835e-11)
(0 -1.939566059e-11 -2.94144227e-11)
(0 -1.072640039e-11 -2.08603522e-11)
(0 -2.837052515e-12 -1.58363098e-11)
(0 1.742859616e-12 -1.300851537e-11)
(0 4.30643317e-12 -1.12197049e-11)
(0 5.81526527e-12 -9.908414263e-12)
(0 6.770637251e-12 -8.835463491e-12)
(0 7.41986247e-12 -7.90082973e-12)
(0 7.887161256e-12 -7.06053214e-12)
(0 8.237805073e-12 -6.292921112e-12)
(0 8.50823658e-12 -5.585470139e-12)
(0 8.720289535e-12 -4.929576812e-12)
(0 8.88801728e-12 -4.318464828e-12)
(0 9.021067086e-12 -3.746305309e-12)
(0 9.126418325e-12 -3.207829277e-12)
(0 9.209308981e-12 -2.698141347e-12)
(0 9.273739552e-12 -2.212624541e-12)
(0 9.322765098e-12 -1.746889405e-12)
(0 9.358686551e-12 -1.296740181e-12)
(0 9.383186686e-12 -8.581408348e-13)
(0 9.397427048e-12 -4.271739308e-13)
(0 4.7010487e-12 -1.727314215e-23)
(0 1.767932192e-11 -8.705370732e-11)
(0 4.053499992e-11 -1.62099019e-08)
(0 -4.065416156e-10 -2.465455155e-09)
(0 3.524862025e-10 1.073523941e-09)
(0 3.292693753e-11 1.604723827e-09)
(0 -1.073362422e-10 1.690836388e-09)
(0 7.788367483e-11 3.733771465e-09)
(0 2.131904922e-10 1.076709121e-08)
(0 -3.410843734 0.677705146)
(0 -2.810670057 0.851311371)
(0 -2.085767687 0.09736633003)
(0 -1.565446285 -0.7468673753)
(0 -1.487695547 -0.8538968364)
(0 -0.8645420447 -0.9249219924)
(0 -0.9407407763 -3.841598451)
(0 -1.573385149 -2.103322634)
(0 -1.088537326 -1.641388136)
(0 -0.02176243175 -0.5076941091)
(0 1.919219156e-11 -5.578811195e-11)
(0 -3.544492235e-12 -3.054956003e-11)
(0 2.740282575e-12 -2.030873217e-11)
(0 5.059305286e-12 -1.543507691e-11)
(0 6.383826405e-12 -1.268127157e-11)
(0 7.284106112e-12 -1.085607761e-11)
(0 7.927512837e-12 -9.486705255e-12)
(0 8.39830931e-12 -8.369687812e-12)
(0 8.749447802e-12 -7.410131047e-12)
(0 9.015438184e-12 -6.559973129e-12)
(0 9.219098653e-12 -5.792550956e-12)
(0 9.375960364e-12 -5.091447725e-12)
(0 9.496994123e-12 -4.445365902e-12)
(0 9.590230533e-12 -3.845691432e-12)
(0 9.661726074e-12 -3.285308032e-12)
(0 9.716138614e-12 -2.758003897e-12)
(0 9.757064686e-12 -2.258167107e-12)
(0 9.787253254e-12 -1.780621718e-12)
(0 9.808765449e-12 -1.320527252e-12)
(0 9.823102288e-12 -8.73301328e-13)
(0 9.831297771e-12 -4.34548853e-13)
(0 4.916981268e-12 -1.673797069e-23)
(0 1.889680285e-11 -8.578802086e-11)
(0 4.072244906e-11 -1.619393882e-08)
(0 -4.130064063e-10 -2.526896469e-09)
(0 1.920569545e-10 1.118397632e-09)
(0 -6.981790125e-11 1.584768687e-09)
(0 -9.631479292e-11 1.72469393e-09)
(0 -1.36378416e-11 3.757900397e-09)
(0 5.139179217e-11 1.069747768e-08)
(0 -1.378162863 0.3709264397)
(0 -1.135184987 0.3264302427)
(0 -0.6435825305 -0.0616916401)
(0 -0.5189931132 -0.6551200285)
(0 -0.5082421016 -1.243624252)
(0 -0.4549805304 -1.717375463)
(0 -1.020486504 -2.346742065)
(0 -1.405387845 -1.99538166)
(0 -0.9582022522 -2.434460279)
(0 -0.01501621266 -1.253361779)
(0 3.617881211e-11 -3.769030999e-11)
(0 2.464244666e-11 -2.535734815e-11)
(0 1.22774306e-11 -1.941407737e-11)
(0 9.370320214e-12 -1.574181541e-11)
(0 8.885432472e-12 -1.321422981e-11)
(0 9.009831584e-12 -1.134790696e-11)
(0 9.257027052e-12 -9.885561461e-12)
(0 9.496436677e-12 -8.681059145e-12)
(0 9.696875939e-12 -7.650319533e-12)
(0 9.855385164e-12 -6.744289244e-12)
(0 9.976761983e-12 -5.933314474e-12)
(0 1.006747459e-11 -5.198295678e-12)
(0 1.013377357e-11 -4.525856157e-12)
(0 1.018112496e-11 -3.905785027e-12)
(0 1.021410586e-11 -3.329707891e-12)
(0 1.023644991e-11 -2.790398008e-12)
(0 1.025112173e-11 -2.28141421e-12)
(0 1.026040495e-11 -1.796897998e-12)
(0 1.026600694e-11 -1.331441587e-12)
(0 1.026916508e-11 -8.799835953e-13)
(0 1.027072838e-11 -4.377158497e-13)
(0 5.135597553e-12 -1.610993773e-23)
(0 2.027433628e-11 -8.61554676e-11)
(0 3.101941626e-11 -1.615510007e-08)
(0 -4.045893395e-10 -2.497057271e-09)
(0 4.03019474e-11 1.157256469e-09)
(0 -1.749075559e-10 1.5754208e-09)
(0 -7.301779905e-11 1.716964285e-09)
(0 -1.631163227e-10 3.738665266e-09)
(0 -1.525286735e-10 1.063188016e-08)
(0 0.5742559422 0.2628854971)
(0 0.7209024093 0.2926953411)
(0 0.8731367414 -0.1763145852)
(0 0.8256016158 -0.6451231805)
(0 0.6740111116 -1.003291401)
(0 0.4425112542 -1.252899509)
(0 0.09454427384 -1.58704894)
(0 -0.2750294065 -2.003312205)
(0 -0.6134161062 -2.684776401)
(0 -0.00845547048 -1.739273417)
(0 2.041239989e-11 3.606567238e-12)
(0 1.441087367e-11 -1.410152043e-11)
(0 1.235581531e-11 -1.624835487e-11)
(0 1.125915284e-11 -1.490390992e-11)
(0 1.077773486e-11 -1.308592119e-11)
(0 1.061277446e-11 -1.143575449e-11)
(0 1.059436065e-11 -1.002656487e-11)
(0 1.063355124e-11 -8.818658792e-12)
(0 1.06862177e-11 -7.765792942e-12)
(0 1.073244324e-11 -6.833548252e-12)
(0 1.076509222e-11 -5.998120767e-12)
(0 1.078341868e-11 -5.242562758e-12)
(0 1.078950477e-11 -4.553979787e-12)
(0 1.07863788e-11 -3.921890959e-12)
(0 1.077711309e-11 -3.337347276e-12)
(0 1.076443229e-11 -2.792468556e-12)
(0 1.07505647e-11 -2.280191005e-12)
(0 1.073722588e-11 -1.794108791e-12)
(0 1.072567985e-11 -1.328350783e-12)
(0 1.071682803e-11 -8.774679396e-13)
(0 1.071128137e-11 -4.363255643e-13)
(0 5.354697118e-12 -1.582702771e-23)
(0 2.181991451e-11 -8.600786303e-11)
(0 1.685818519e-11 -1.604913777e-08)
(0 -3.467372455e-10 -2.373387284e-09)
(0 -1.399662568e-10 1.150009176e-09)
(0 -3.200002115e-10 1.560335977e-09)
(0 -5.819736686e-11 1.666044058e-09)
(0 -2.530273416e-10 3.672552562e-09)
(0 -3.133790194e-10 1.056595556e-08)
(0 0.9704095327 0.1023360916)
(0 1.179479003 0.08668624536)
(0 1.313153624 -0.1613538901)
(0 1.2784003 -0.5077812936)
(0 1.100205888 -0.8578934926)
(0 0.855814092 -1.095605761)
(0 0.4602435022 -1.280201281)
(0 0.298737168 -1.633327215)
(0 -0.2410916107 -2.58225767)
(0 -0.003171020798 -2.069764589)
(0 4.343271893e-12 -2.170960032e-11)
(0 4.34226342e-12 -1.885371927e-11)
(0 1.147504112e-11 -1.657386334e-11)
(0 1.25327539e-11 -1.453956685e-11)
(0 1.23535879e-11 -1.27897937e-11)
(0 1.20691879e-11 -1.128262242e-11)
(0 1.187412275e-11 -9.96628277e-12)
(0 1.17572086e-11 -8.801220891e-12)
(0 1.168198648e-11 -7.760641823e-12)
(0 1.162305734e-11 -6.825979984e-12)
(0 1.156774748e-11 -5.983045945e-12)
(0 1.151161557e-11 -5.219845579e-12)
(0 1.145444537e-11 -4.525609331e-12)
(0 1.139775747e-11 -3.890461071e-12)
(0 1.134352826e-11 -3.305333098e-12)
(0 1.129360618e-11 -2.761944769e-12)
(0 1.12494815e-11 -2.252772968e-12)
(0 1.121224517e-11 -1.770991165e-12)
(0 1.118264779e-11 -1.310377593e-12)
(0 1.11611903e-11 -8.652033025e-13)
(0 1.114819632e-11 -4.301124614e-13)
(0 5.571923117e-12 -1.602089862e-23)
(0 2.348860381e-11 -8.590711642e-11)
(0 3.489562888e-12 -1.579988912e-08)
(0 -2.742254244e-10 -2.232457011e-09)
(0 -3.811928042e-10 1.08023554e-09)
(0 -4.593567932e-10 1.544857061e-09)
(0 -6.155845775e-11 1.623618313e-09)
(0 -3.196425614e-10 3.572622837e-09)
(0 -4.476992144e-10 1.039504402e-08)
(0 0.8858638837 0.00727284291)
(0 0.9851668736 -0.05959544905)
(0 1.072285813 -0.2524966826)
(0 1.059866297 -0.4903244637)
(0 0.9575118473 -0.7204875446)
(0 0.7430784401 -0.8093972123)
(0 0.4953453429 -0.9161486869)
(0 0.2038806408 -1.602586332)
(0 0.8304442463 -2.160681204)
(0 0.0017922894 -1.874326831)
(0 3.184341674e-12 -4.65030672e-11)
(0 1.901785433e-11 -2.355855425e-11)
(0 1.666996774e-11 -1.66537636e-11)
(0 1.504322248e-11 -1.389068699e-11)
(0 1.403467929e-11 -1.225106367e-11)
(0 1.343628539e-11 -1.0938656e-11)
(0 1.307576218e-11 -9.754717143e-12)
(0 1.283919218e-11 -8.659303067e-12)
(0 1.266145861e-11 -7.649577239e-12)
(0 1.251003912e-11 -6.726673644e-12)
(0 1.237122662e-11 -5.88821844e-12)
(0 1.22408553e-11 -5.128146475e-12)
(0 1.211888928e-11 -4.43814459e-12)
(0 1.200665503e-11 -3.809015885e-12)
(0 1.19056294e-11 -3.231587814e-12)
(0 1.181699242e-11 -2.69721008e-12)
(0 1.17415183e-11 -2.197965684e-12)
(0 1.167962125e-11 -1.726701704e-12)
(0 1.163146771e-11 -1.276958032e-12)
(0 1.159709316e-11 -8.428469594e-13)
(0 1.157648467e-11 -4.18915128e-13)
(0 5.78480958e-12 -1.581297149e-23)
(0 2.554978368e-11 -8.55722498e-11)
(0 -2.278981985e-11 -1.541286954e-08)
(0 -2.427725238e-10 -2.119236206e-09)
(0 -6.390387319e-10 9.837061245e-10)
(0 -5.624626059e-10 1.539812613e-09)
(0 -9.386505015e-11 1.583430068e-09)
(0 -3.82525193e-10 3.456551976e-09)
(0 -5.637943287e-10 1.014432341e-08)
(0 0.8024067522 -0.03059771365)
(0 0.838741999 -0.1035878822)
(0 0.880477807 -0.2242710676)
(0 0.8500435246 -0.3747349402)
(0 0.8147186661 -0.5528910617)
(0 0.6011175372 -0.5789472531)
(0 0.5774026385 -0.840884232)
(0 0.5156615349 -1.884821789)
(0 0.8489335308 -2.146978965)
(0 0.005640545909 -1.432360186)
(0 1.293058658e-12 -1.191800568e-11)
(0 3.37170111e-11 -1.26972712e-11)
(0 2.114290838e-11 -1.259190683e-11)
(0 1.693545383e-11 -1.211833793e-11)
(0 1.530561888e-11 -1.138511405e-11)
(0 1.456553443e-11 -1.046622238e-11)
(0 1.415347569e-11 -9.454641026e-12)
(0 1.386234851e-11 -8.431707399e-12)
(0 1.36146159e-11 -7.451704638e-12)
(0 1.338441614e-11 -6.54292342e-12)
(0 1.316627465e-11 -5.714995118e-12)
(0 1.296168942e-11 -4.966359576e-12)
(0 1.277357596e-11 -4.289797529e-12)
(0 1.260431424e-11 -3.675869875e-12)
(0 1.245533407e-11 -3.11479442e-12)
(0 1.232722831e-11 -2.59734238e-12)
(0 1.221998987e-11 -2.115175624e-12)
(0 1.213325283e-11 -1.660886987e-12)
(0 1.206650254e-11 -1.227898412e-12)
(0 1.201923321e-11 -8.103033324e-13)
(0 1.199104328e-11 -4.026956784e-13)
(0 5.990838245e-12 -1.544226388e-23)
(0 2.776737544e-11 -8.374879883e-11)
(0 -5.23761229e-11 -1.492928524e-08)
(0 -2.513831447e-10 -2.007582166e-09)
(0 -8.923242945e-10 8.870166951e-10)
(0 -6.257812631e-10 1.531667257e-09)
(0 -1.571983659e-10 1.532127316e-09)
(0 -4.429384353e-10 3.329123109e-09)
(0 -6.66330397e-10 9.824996289e-09)
(0 0.7042275905 -0.04168574371)
(0 0.7081482526 -0.1281016695)
(0 0.7225902795 -0.2404539505)
(0 0.6786567902 -0.3765414294)
(0 0.7248789525 -0.5076467047)
(0 0.4304288403 -0.520979574)
(0 0.9315730985 -0.9579220878)
(0 0.8179330881 -1.82027125)
(0 0.5391042244 -1.778630087)
(0 0.002739880231 -1.039006806)
(0 1.0596824e-12 1.534781897e-11)
(0 1.797726767e-11 -3.088379952e-12)
(0 1.724890101e-11 -8.898244603e-12)
(0 1.625001526e-11 -1.060563326e-11)
(0 1.568679483e-11 -1.070484573e-11)
(0 1.536675841e-11 -1.008646775e-11)
(0 1.511027716e-11 -9.165934636e-12)
(0 1.484212857e-11 -8.161207728e-12)
(0 1.455024259e-11 -7.1826316e-12)
(0 1.424674864e-11 -6.278338209e-12)
(0 1.394779047e-11 -5.462483562e-12)
(0 1.366605288e-11 -4.732497765e-12)
(0 1.340937898e-11 -4.078818081e-12)
(0 1.318165814e-11 -3.48987581e-12)
(0 1.298415689e-11 -2.954379292e-12)
(0 1.281661122e-11 -2.462187642e-12)
(0 1.267797369e-11 -2.00450365e-12)
(0 1.256689846e-11 -1.573766942e-12)
(0 1.248205137e-11 -1.163438404e-12)
(0 1.242229589e-11 -7.677651387e-13)
(0 1.2386788e-11 -3.815597962e-13)
(0 6.187505258e-12 -1.494965915e-23)
(0 2.992354579e-11 -8.070026739e-11)
(0 -7.977749935e-11 -1.435316537e-08)
(0 -2.874281315e-10 -1.890208532e-09)
(0 -1.136820908e-09 7.994017054e-10)
(0 -6.588651284e-10 1.507992843e-09)
(0 -2.443362609e-10 1.466379563e-09)
(0 -4.979101156e-10 3.188226221e-09)
(0 -7.587966976e-10 9.439953494e-09)
(0 0.6121902947 -0.04212894378)
(0 0.6056665519 -0.1239924637)
(0 0.6052888998 -0.2126939608)
(0 0.5542030448 -0.3414749707)
(0 0.604771984 -0.39354987)
(0 0.2594897266 -0.6067469891)
(0 1.102557431 -1.248283026)
(0 0.7956892381 -1.518219417)
(0 0.192456962 -1.309445965)
(0 -0.0002854812215 -0.8254423311)
(0 2.707598063e-12 -4.274682759e-12)
(0 9.204961747e-12 -6.37227233e-12)
(0 1.362565508e-11 -9.307083947e-12)
(0 1.51288527e-11 -1.070108176e-11)
(0 1.582478439e-11 -1.074215578e-11)
(0 1.610444553e-11 -1.000885155e-11)
(0 1.607873571e-11 -8.961399124e-12)
(0 1.584565154e-11 -7.864576892e-12)
(0 1.549748542e-11 -6.839303606e-12)
(0 1.510456418e-11 -5.925330297e-12)
(0 1.471211509e-11 -5.12410659e-12)
(0 1.43453549e-11 -4.422333687e-12)
(0 1.401619792e-11 -3.80310938e-12)
(0 1.372875303e-11 -3.250442707e-12)
(0 1.348302224e-11 -2.750660483e-12)
(0 1.327710395e-11 -2.292522416e-12)
(0 1.310841057e-11 -1.86688047e-12)
(0 1.297431807e-11 -1.46623447e-12)
(0 1.287250434e-11 -1.084318062e-12)
(0 1.280111182e-11 -7.157539207e-13)
(0 1.275880841e-11 -3.557757594e-13)
(0 6.372398041e-12 -1.422239233e-23)
(0 3.19362531e-11 -7.694637939e-11)
(0 -1.044531912e-10 -1.368697262e-08)
(0 -3.41778492e-10 -1.766879167e-09)
(0 -1.372099961e-09 7.206193862e-10)
(0 -6.709460803e-10 1.467451096e-09)
(0 -3.476685813e-10 1.38880928e-09)
(0 -5.455881899e-10 3.032105491e-09)
(0 -8.437204556e-10 8.992377203e-09)
(0 0.5262338724 -0.03796287672)
(0 0.5149516927 -0.1157652729)
(0 0.4938545561 -0.189691781)
(0 0.4744059284 -0.3249543779)
(0 0.4157152192 -0.3028339023)
(0 0.3569368128 -0.8143163691)
(0 0.8583341314 -1.521782404)
(0 0.7124840895 -1.145364075)
(0 -0.02478695598 -0.8551194687)
(0 0.000750367929 -0.81557095)
(0 4.407963079e-12 -7.318139279e-12)
(0 1.273355311e-11 -9.029845081e-12)
(0 1.292009157e-11 -1.125669906e-11)
(0 1.481494343e-11 -1.214946914e-11)
(0 1.637902505e-11 -1.155380209e-11)
(0 1.714751507e-11 -1.024537834e-11)
(0 1.725455182e-11 -8.806196878e-12)
(0 1.696422409e-11 -7.496371221e-12)
(0 1.648948918e-11 -6.384683091e-12)
(0 1.596194566e-11 -5.459576124e-12)
(0 1.545078708e-11 -4.686272678e-12)
(0 1.498705009e-11 -4.029619633e-12)
(0 1.458126996e-11 -3.460847226e-12)
(0 1.423410704e-11 -2.958126965e-12)
(0 1.394207718e-11 -2.505293857e-12)
(0 1.370039123e-11 -2.090355137e-12)
(0 1.350426164e-11 -1.704256599e-12)
(0 1.334946087e-11 -1.339969172e-12)
(0 1.323253192e-11 -9.918425841e-13)
(0 1.315083819e-11 -6.551542306e-13)
(0 1.310254192e-11 -3.257890012e-13)
(0 6.543281017e-12 -1.380505581e-23)
(0 3.378155252e-11 -7.268405465e-11)
(0 -1.267218193e-10 -1.293374475e-08)
(0 -4.063746874e-10 -1.639735981e-09)
(0 -1.596827527e-09 6.491907773e-10)
(0 -6.689364384e-10 1.411246962e-09)
(0 -4.610666933e-10 1.302378515e-09)
(0 -5.856578586e-10 2.859823049e-09)
(0 -9.226686988e-10 8.486099749e-09)
(0 0.4498540561 -0.03074733175)
(0 0.4386656589 -0.09747511466)
(0 0.3852867896 -0.1567434475)
(0 0.3979730482 -0.2712346054)
(0 0.1670720465 -0.2690471098)
(0 0.4572172975 -0.9147597853)
(0 0.210463528 -1.681022732)
(0 0.5712578204 -0.8882459313)
(0 -0.2095882254 -0.4895079543)
(0 -0.0951272948 -0.8766375796)
(0 8.933838047e-12 4.108944814e-12)
(0 5.057616366e-12 -1.135303579e-11)
(0 1.050603102e-11 -1.45403783e-11)
(0 1.483174967e-11 -1.508635128e-11)
(0 1.772887519e-11 -1.307819784e-11)
(0 1.885205074e-11 -1.0612627e-11)
(0 1.882774283e-11 -8.521641741e-12)
(0 1.826716533e-11 -6.930031441e-12)
(0 1.753428052e-11 -5.743488522e-12)
(0 1.680297459e-11 -4.84201903e-12)
(0 1.614207158e-11 -4.131787252e-12)
(0 1.557078035e-11 -3.549030015e-12)
(0 1.508769058e-11 -3.052539172e-12)
(0 1.46843064e-11 -2.615923642e-12)
(0 1.435079406e-11 -2.222025796e-12)
(0 1.407814121e-11 -1.859339586e-12)
(0 1.385879654e-11 -1.519816557e-12)
(0 1.368673209e-11 -1.197541001e-12)
(0 1.355731928e-11 -8.879282035e-13)
(0 1.34671654e-11 -5.872315214e-13)
(0 1.341396264e-11 -2.922276058e-13)
(0 6.698187043e-12 -1.320621522e-23)
(0 3.544998186e-11 -6.798987312e-11)
(0 -1.466809472e-10 -1.209841327e-08)
(0 -4.734373971e-10 -1.509269035e-09)
(0 -1.807916114e-09 5.829950619e-10)
(0 -6.57793835e-10 1.340993517e-09)
(0 -5.797630575e-10 1.208919162e-09)
(0 -6.186762189e-10 2.671274588e-09)
(0 -9.964344801e-10 7.925136574e-09)
(0 0.3904211049 -0.02177738134)
(0 0.3790144379 -0.06929745157)
(0 0.2993148516 -0.1143870116)
(0 0.3104311609 -0.1625629344)
(0 -0.02978402579 -0.2728308705)
(0 0.2138056132 -0.8684566539)
(0 -0.4479487925 -1.704631358)
(0 0.2022030129 -0.8337925432)
(0 -0.5682651313 -0.04595866972)
(0 -0.6511584895 -0.8861657858)
(0 -0.06106539424 -0.1032319979)
(0 -5.518764466e-12 -1.958706566e-11)
(0 9.186776078e-12 -2.045578584e-11)
(0 1.627712389e-11 -2.05773318e-11)
(0 2.085274933e-11 -1.506006211e-11)
(0 2.170407117e-11 -1.060525071e-11)
(0 2.093714737e-11 -7.737703976e-12)
(0 1.974237731e-11 -5.95865416e-12)
(0 1.85775016e-11 -4.817234902e-12)
(0 1.757364693e-11 -4.033220502e-12)
(0 1.674377609e-11 -3.449826853e-12)
(0 1.606629817e-11 -2.982182177e-12)
(0 1.551437634e-11 -2.584362428e-12)
(0 1.506462041e-11 -2.23100006e-12)
(0 1.469866124e-11 -1.907536877e-12)
(0 1.440260047e-11 -1.605151942e-12)
(0 1.416606022e-11 -1.31812443e-12)
(0 1.398134922e-11 -1.042449317e-12)
(0 1.38428414e-11 -7.750988201e-13)
(0 1.374653879e-11 -5.136180343e-13)
(0 1.368977344e-11 -2.55892304e-13)
(0 6.835508623e-12 -1.206821518e-23)
(0 3.695378679e-11 -6.290804433e-11)
(0 -1.648560992e-10 -1.118744366e-08)
(0 -5.37969157e-10 -1.373329019e-09)
(0 -2.003322021e-09 5.191518004e-10)
(0 -6.407324717e-10 1.258457374e-09)
(0 -7.000640239e-10 1.109250007e-09)
(0 -6.453916117e-10 2.467039661e-09)
(0 -1.065320654e-09 7.313518621e-09)
(0 0.3516092245 -0.01094128701)
(0 0.3388640777 -0.03011288625)
(0 0.2640080998 -0.04834520985)
(0 0.2458350043 -0.00525591406)
(0 0.02107551053 -0.1286505313)
(0 -0.07500867614 -0.6483309246)
(0 -0.6430600703 -1.480261125)
(0 -1.012468475 -1.02280122)
(0 -0.05914308051 0.5000856467)
(0 -0.897117718 -1.218514096)
(0 -0.6919747129 -0.5708942657)
(0 -0.02346828477 -0.0544838062)
(0 9.601711761e-12 -9.435254449e-12)
(0 2.022747342e-11 -3.170408386e-11)
(0 2.770095628e-11 -1.597946718e-11)
(0 2.617440887e-11 -9.010612468e-12)
(0 2.347433938e-11 -5.865265341e-12)
(0 2.11876344e-11 -4.34964888e-12)
(0 1.945971418e-11 -3.533569939e-12)
(0 1.817038264e-11 -3.023788106e-12)
(0 1.719310991e-11 -2.652115278e-12)
(0 1.643624478e-11 -2.345516387e-12)
(0 1.58388727e-11 -2.071731545e-12)
(0 1.536113195e-11 -1.81617091e-12)
(0 1.497664218e-11 -1.571958251e-12)
(0 1.466755365e-11 -1.335597452e-12)
(0 1.442149916e-11 -1.105075619e-12)
(0 1.42297577e-11 -8.790327429e-13)
(0 1.408615056e-11 -6.564012581e-13)
(0 1.398637191e-11 -4.362516094e-13)
(0 1.392758068e-11 -2.17725042e-13)
(0 6.954079347e-12 -1.132386044e-23)
(0 3.830020621e-11 -5.747798713e-11)
(0 -1.81373342e-10 -1.020748351e-08)
(0 -5.971769188e-10 -1.229751725e-09)
(0 -2.182315689e-09 4.550753511e-10)
(0 -6.193344097e-10 1.165362749e-09)
(0 -8.191270118e-10 1.003743067e-09)
(0 -6.663903367e-10 2.248025099e-09)
(0 -1.129356963e-09 6.655349292e-09)
(0 0.3417436752 -0.002056296557)
(0 0.3361237216 -0.002761420103)
(0 0.3012446461 -0.002868401428)
(0 0.311919364 0.06304337553)
(0 0.2604231322 0.06984139869)
(0 0.1986705213 -0.102403747)
(0 -0.3256087766 -0.9032523469)
(0 -1.256286731 -0.9079729655)
(0 -1.622438279 -0.2606195343)
(0 -1.857920803 -0.6822792537)
(0 -0.9290522769 -1.297111192)
(0 -0.1577212198 -0.7667522319)
(0 0.009920947945 -0.02208857655)
(0 9.719692257e-12 -2.498320433e-11)
(0 4.354622073e-11 -8.143079159e-12)
(0 3.181827301e-11 -3.592420621e-12)
(0 2.559811096e-11 -2.363133108e-12)
(0 2.207407271e-11 -2.041114639e-12)
(0 1.990336237e-11 -1.943593788e-12)
(0 1.845510159e-11 -1.876233544e-12)
(0 1.742204781e-11 -1.78933064e-12)
(0 1.664668191e-11 -1.676043209e-12)
(0 1.604372181e-11 -1.540876305e-12)
(0 1.556439371e-11 -1.389984273e-12)
(0 1.517923469e-11 -1.228515121e-12)
(0 1.48694831e-11 -1.060194659e-12)
(0 1.462262493e-11 -8.875436077e-13)
(0 1.443002359e-11 -7.122037898e-13)
(0 1.428562253e-11 -5.352218486e-13)
(0 1.418521501e-11 -3.572618845e-13)
(0 1.412602505e-11 -1.787547092e-13)
(0 7.053233665e-12 -1.063503109e-23)
(0 3.950392239e-11 -5.177727888e-11)
(0 -1.965918606e-10 -9.165367163e-09)
(0 -6.504237869e-10 -1.07744918e-09)
(0 -2.345274108e-09 3.897267171e-10)
(0 -5.941886881e-10 1.063040587e-09)
(0 -9.348612637e-10 8.928090992e-10)
(0 -6.821131799e-10 2.015256531e-09)
(0 -1.188436538e-09 5.95489921e-09)
(0 0.3431707561 0.0006290716299)
(0 0.3382401 0.001282454449)
(0 0.3181358976 0.001084276427)
(0 0.318413973 0.0233069155)
(0 0.3037677003 0.01581501734)
(0 0.3267626065 -0.02037253268)
(0 0.07042991482 -0.06920486523)
(0 -0.6692358405 0.259364739)
(0 -2.070973292 0.4699435962)
(0 -2.046973026 -1.105942558)
(0 -0.1614807998 -2.303897762)
(0 -0.2025023665 -1.109842258)
(0 0.009347996172 -0.06733519075)
(0 1.469966834e-11 2.931555351e-11)
(0 4.908608488e-11 1.197767543e-11)
(0 3.195435492e-11 5.147179814e-12)
(0 2.502564536e-11 2.046245764e-12)
(0 2.160717372e-11 4.91918513e-13)
(0 1.962459527e-11 -3.23438507e-13)
(0 1.832464579e-11 -7.482117014e-13)
(0 1.739330024e-11 -9.529345765e-13)
(0 1.668469911e-11 -1.028455217e-12)
(0 1.612493164e-11 -1.025743377e-12)
(0 1.567349314e-11 -9.743642012e-13)
(0 1.53064318e-11 -8.919117632e-13)
(0 1.500852517e-11 -7.891148094e-13)
(0 1.476949003e-11 -6.726967548e-13)
(0 1.458207946e-11 -5.470148373e-13)
(0 1.444109247e-11 -4.15017569e-13)
(0 1.434283905e-11 -2.788149076e-13)
(0 1.428484256e-11 -1.400259848e-13)
(0 7.132834056e-12 -9.398513697e-24)
(0 4.058523587e-11 -4.582989408e-11)
(0 -2.111466017e-10 -8.066711086e-09)
(0 -6.98060141e-10 -9.177890392e-10)
(0 -2.493342938e-09 3.237061666e-10)
(0 -5.657848654e-10 9.520258407e-10)
(0 -1.04557223e-09 7.770888225e-10)
(0 -6.929538397e-10 1.769794552e-09)
(0 -1.24233079e-09 5.216644283e-09)
(0 0.3425169978 0.004333574856)
(0 0.3356273732 0.01319037575)
(0 0.3163018661 0.02229665786)
(0 0.3105471562 0.03876022739)
(0 0.2729960274 0.05371873052)
(0 0.3356089812 0.06099877192)
(0 0.1243757615 0.1247710417)
(0 0.4848954812 0.6077442514)
(0 -0.03686371112 0.6140587464)
(0 1.640873114 -0.8100534364)
(0 0.6432077887 -3.244097834)
(0 -0.1913753552 -0.9383025439)
(0 -0.001954600118 -0.2496211886)
(0 1.115639961e-11 4.977361486e-11)
(0 1.936060908e-11 2.157380054e-11)
(0 2.188684334e-11 1.015712325e-11)
(0 2.094284966e-11 4.909009607e-12)
(0 1.970438844e-11 2.28599721e-12)
(0 1.866323216e-11 9.061527779e-13)
(0 1.782560552e-11 1.59765524e-13)
(0 1.714180429e-11 -2.457460348e-13)
(0 1.657387311e-11 -4.591032339e-13)
(0 1.609781283e-11 -5.592732795e-13)
(0 1.569822532e-11 -5.898081655e-13)
(0 1.536448409e-11 -5.756450258e-13)
(0 1.508869811e-11 -5.316521952e-13)
(0 1.48647249e-11 -4.67112386e-13)
(0 1.468770277e-11 -3.881390476e-13)
(0 1.455382246e-11 -2.990133716e-13)
(0 1.446020659e-11 -2.029455923e-13)
(0 1.440483996e-11 -1.025247156e-13)
(0 7.19325965e-12 -8.294486164e-24)
(0 4.155833653e-11 -3.956052926e-11)
(0 -2.253734122e-10 -6.915003768e-09)
(0 -7.397329221e-10 -7.549780255e-10)
(0 -2.626697296e-09 2.576664506e-10)
(0 -5.349939898e-10 8.318972882e-10)
(0 -1.149530143e-09 6.572957832e-10)
(0 -6.993930828e-10 1.512686802e-09)
(0 -1.290674719e-09 4.445246884e-09)
(0 0.3617220691 0.008051736887)
(0 0.3571403837 0.02426597671)
(0 0.3463315499 0.03790301749)
(0 0.3443711501 0.05317234145)
(0 0.3269813017 0.06143200447)
(0 0.3969779853 0.07094334668)
(0 0.2742922171 0.04429882351)
(0 0.6152572294 0.344040631)
(0 0.5101378106 0.1000447622)
(0 1.265986536 -1.531551939)
(0 -0.06072195883 -1.999487203)
(0 -0.3886974785 -0.4467589569)
(0 -0.004385249007 -0.2695350959)
(0 9.29879987e-12 1.525546402e-11)
(0 9.405690248e-12 1.432206699e-11)
(0 1.528956399e-11 8.998404634e-12)
(0 1.715451932e-11 5.146676501e-12)
(0 1.760431689e-11 2.83692986e-12)
(0 1.749836358e-11 1.502302741e-12)
(0 1.717274697e-11 7.268682426e-13)
(0 1.677443148e-11 2.692835373e-13)
(0 1.637117187e-11 -2.938846044e-15)
(0 1.599422671e-11 -1.624329095e-13)
(0 1.565712139e-11 -2.499436085e-13)
(0 1.536458777e-11 -2.892048834e-13)
(0 1.511705781e-11 -2.947375585e-13)
(0 1.491300318e-11 -2.759638421e-13)
(0 1.475017847e-11 -2.394153291e-13)
(0 1.462628592e-11 -1.899459153e-13)
(0 1.453932771e-11 -1.314193426e-13)
(0 1.448778816e-11 -6.711732368e-14)
(0 7.235358771e-12 -7.381725559e-24)
(0 4.240524965e-11 -3.292435771e-11)
(0 -2.38664407e-10 -5.714802288e-09)
(0 -7.746444583e-10 -5.924415584e-10)
(0 -2.743797387e-09 1.925411169e-10)
(0 -5.025130392e-10 7.023612835e-10)
(0 -1.244497419e-09 5.34236311e-10)
(0 -7.019465469e-10 1.24514453e-09)
(0 -1.332946354e-09 3.645567054e-09)
(0 0.3761561 0.01087900039)
(0 0.367484847 0.03140624945)
(0 0.3490945616 0.04581445823)
(0 0.3311693551 0.05338135078)
(0 0.2959544232 0.04773207153)
(0 0.337340251 0.03175942672)
(0 0.2496826794 -0.01411137743)
(0 0.5095449026 0.1046442699)
(0 0.5317386828 -0.0640442009)
(0 0.9131524732 -1.077588326)
(0 -0.01419910733 -1.332184006)
(0 -0.197228755 -0.734674535)
(0 -0.0001164786101 -0.6252739955)
(0 7.155398171e-12 2.330970809e-11)
(0 1.303454853e-11 1.139243733e-11)
(0 1.271145285e-11 6.36775739e-12)
(0 1.478137489e-11 3.842376027e-12)
(0 1.606001468e-11 2.412761713e-12)
(0 1.655317054e-11 1.539269308e-12)
(0 1.659258631e-11 9.761196134e-13)
(0 1.641199721e-11 5.98948444e-13)
(0 1.614215666e-11 3.404999926e-13)
(0 1.585080807e-11 1.624300371e-13)
(0 1.557145335e-11 4.167567289e-14)
(0 1.531969014e-11 -3.649385204e-14)
(0 1.510193915e-11 -8.213387568e-14)
(0 1.492004713e-11 -1.025957049e-13)
(0 1.47737207e-11 -1.036153929e-13)
(0 1.466181845e-11 -8.993310374e-14)
(0 1.458303518e-11 -6.566132453e-14)
(0 1.45362593e-11 -3.45196695e-14)
(0 7.260376974e-12 -5.974255279e-24)
(0 4.310839371e-11 -2.597071117e-11)
(0 -2.505201493e-10 -4.473237699e-09)
(0 -8.01437782e-10 -4.312999376e-10)
(0 -2.843071032e-09 1.293546082e-10)
(0 -4.69643001e-10 5.638859964e-10)
(0 -1.328203677e-09 4.087119754e-10)
(0 -7.012650636e-10 9.686640023e-10)
(0 -1.368563507e-09 2.822640225e-09)
(0 0.403927795 0.01601958231)
(0 0.3930924041 0.0468036964)
(0 0.3694712887 0.06952211726)
(0 0.3441160667 0.07899305353)
(0 0.3100462503 0.06742200029)
(0 0.3375062288 0.03305124231)
(0 0.2347599593 -0.0364712185)
(0 0.3836809332 -0.09414138463)
(0 0.3044838396 -0.1156839689)
(0 0.5834463758 -0.6416311525)
(0 -0.6238303621 -0.8668954505)
(0 0.0210292026 -0.6345456135)
(0 1.372910355e-05 -0.5901138741)
(0 -9.625263041e-12 6.333131779e-12)
(0 -7.69318313e-12 1.413025808e-12)
(0 7.739502691e-12 1.237842638e-12)
(0 1.319952365e-11 1.442322027e-12)
(0 1.530121018e-11 1.432480846e-12)
(0 1.606172148e-11 1.265895164e-12)
(0 1.623242611e-11 1.039390269e-12)
(0 1.613881186e-11 8.098912063e-13)
(0 1.593465346e-11 6.035654622e-13)
(0 1.569540239e-11 4.299835514e-13)
(0 1.54581975e-11 2.907134725e-13)
(0 1.524077822e-11 1.836869342e-13)
(0 1.505095595e-11 1.052875158e-13)
(0 1.489152166e-11 5.132464835e-14)
(0 1.476284107e-11 1.747789615e-14)
(0 1.466423999e-11 -5.112773661e-16)
(0 1.459474114e-11 -6.772106953e-15)
(0 1.455344948e-11 -5.302222481e-15)
(0 7.269878441e-12 -4.043093923e-24)
(0 4.365707627e-11 -1.876795387e-11)
(0 -2.605730164e-10 -3.198212416e-09)
(0 -8.195968194e-10 -2.722167837e-10)
(0 -2.923509976e-09 6.823410959e-11)
(0 -4.376867419e-10 4.173607165e-10)
(0 -1.398381592e-09 2.813306018e-10)
(0 -6.9796394e-10 6.849497865e-10)
(0 -1.396952542e-09 1.981620182e-09)
(0 0.4382665748 0.02329082808)
(0 0.4214833722 0.07001913829)
(0 0.3822836485 0.1059091012)
(0 0.3295206496 0.118687393)
(0 0.2515910313 0.1039670631)
(0 0.2272546889 0.07860378943)
(0 0.05261207387 0.0207121787)
(0 0.1153478318 -0.03612578612)
(0 -0.1035493825 -0.1780869951)
(0 0.3649931558 -0.2167983104)
(0 -0.3126849878 -0.6341443577)
(0 0.2381838355 -1.221134377)
(0 -0.0005288503235 -0.5435426139)
(0 2.278216983e-12 -3.939636682e-11)
(0 7.802829947e-12 -1.344886317e-11)
(0 1.274074907e-11 -4.271728449e-12)
(0 1.497601309e-11 -7.434021865e-13)
(0 1.588358782e-11 6.08947566e-13)
(0 1.616007996e-11 1.052438379e-12)
(0 1.613658236e-11 1.1056542e-12)
(0 1.59761724e-11 9.976639514e-13)
(0 1.576224901e-11 8.338931757e-13)
(0 1.553795608e-11 6.632310009e-13)
(0 1.532515673e-11 5.07511675e-13)
(0 1.513426418e-11 3.752430392e-13)
(0 1.496957687e-11 2.682735094e-13)
(0 1.483223751e-11 1.851282594e-13)
(0 1.472188477e-11 1.22711131e-13)
(0 1.463756845e-11 7.717854993e-14)
(0 1.457824424e-11 4.438116373e-14)
(0 1.454303141e-11 2.007348393e-14)
(0 7.265679196e-12 -2.522744596e-24)
(0 4.404310336e-11 -1.137933279e-11)
(0 -2.68556236e-10 -1.898118635e-09)
(0 -8.291588361e-10 -1.158417055e-10)
(0 -2.98431645e-09 9.153755535e-12)
(0 -4.078738886e-10 2.640759597e-10)
(0 -1.452968652e-09 1.526625163e-10)
(0 -6.925727763e-10 3.958612884e-10)
(0 -1.417614334e-09 1.127759036e-09)
(0 0.4943612826 0.03266307694)
(0 0.4744452201 0.1003012388)
(0 0.4199027536 0.1563158184)
(0 0.3485133505 0.1823904129)
(0 0.2806599598 0.1770237745)
(0 0.2614359286 0.1484364688)
(0 0.07459981187 0.1094824434)
(0 0.1038452595 0.007374612435)
(0 0.216708272 -0.2912149948)
(0 0.3722605876 -0.4388015245)
(0 0.7198660507 -0.6094402702)
(0 0.5986376434 -0.7416593701)
(0 0.00163546871 -0.3604660654)
(0 9.576315419e-12 -2.827921355e-11)
(0 2.729822433e-11 -1.167254757e-11)
(0 2.044496368e-11 -4.132476664e-12)
(0 1.808019966e-11 -7.531438087e-13)
(0 1.709705074e-11 6.942748199e-13)
(0 1.655842812e-11 1.229254736e-12)
(0 1.617765168e-11 1.333124451e-12)
(0 1.586705084e-11 1.241220157e-12)
(0 1.560022051e-11 1.071115332e-12)
(0 1.536902089e-11 8.815375101e-13)
(0 1.517020954e-11 7.008614184e-13)
(0 1.500154005e-11 5.41504916e-13)
(0 1.486084117e-11 4.074427177e-13)
(0 1.474595928e-11 2.982109142e-13)
(0 1.465489136e-11 2.110631645e-13)
(0 1.458591002e-11 1.421307388e-13)
(0 1.453763608e-11 8.70360505e-14)
(0 1.450906832e-11 4.120264611e-14)
(0 7.249804957e-12 -1.100393717e-24)
(0 4.426125195e-11 -3.859485763e-12)
(0 -2.742217941e-10 -5.816690783e-10)
(0 -8.303150719e-10 3.742831083e-11)
(0 -3.024805085e-09 -4.791087601e-11)
(0 -3.813125852e-10 1.055916539e-10)
(0 -1.490164267e-09 2.337888015e-11)
(0 -6.855185005e-10 1.034061495e-10)
(0 -1.430156739e-09 2.664500035e-10)
(0 0.5692121244 0.04156070083)
(0 0.5498236672 0.1495155422)
(0 0.48442584 0.2410214668)
(0 0.3925089418 0.2595425698)
(0 0.2816191658 0.2302882927)
(0 0.1489434068 0.2946693295)
(0 -0.1421386636 0.2542370866)
(0 0.1494526347 -0.2271883839)
(0 0.07719720513 -0.2896640192)
(0 -0.1259235858 -0.8636882579)
(0 0.4951772229 -1.18136605)
(0 0.4109031386 -0.5138703391)
(0 0.005275033233 -0.02912652031)
(0 7.720928848e-12 4.887670158e-13)
(0 3.185728753e-11 -9.218204505e-13)
(0 2.366015283e-11 1.675488681e-13)
(0 1.980276458e-11 1.169031476e-12)
(0 1.786598636e-11 1.692039525e-12)
(0 1.679892959e-11 1.837178655e-12)
(0 1.614854778e-11 1.756367131e-12)
(0 1.571416328e-11 1.562974435e-12)
(0 1.540256636e-11 1.327804837e-12)
(0 1.516770216e-11 1.090934244e-12)
(0 1.498512414e-11 8.728854198e-13)
(0 1.484084548e-11 6.82473095e-13)
(0 1.472628287e-11 5.217898397e-13)
(0 1.463585796e-11 3.892212656e-13)
(0 1.45658046e-11 2.812084677e-13)
(0 1.451354133e-11 1.932455661e-13)
(0 1.447731615e-11 1.204208987e-13)
(0 1.445599536e-11 5.769052904e-14)
(0 7.22447655e-12 1.221817963e-24)
(0 4.430946093e-11 3.74111847e-12)
(0 -2.773543431e-10 7.418889873e-10)
(0 -8.231998341e-10 1.874483325e-10)
(0 -3.044419576e-09 -1.030776335e-10)
(0 -3.589278993e-10 -5.635898679e-11)
(0 -1.508499636e-09 -1.057921327e-10)
(0 -6.771512374e-10 -1.903673455e-10)
(0 -1.434305712e-09 -5.967532058e-10)
(0 0.6730056563 0.05179758124)
(0 0.6748843813 0.1925366504)
(0 0.6073524658 0.3223214424)
(0 0.4636934383 0.381543966)
(0 0.2204845476 0.4349790585)
(0 -0.06105536714 0.5056117644)
(0 -0.03434184723 0.08992299333)
(0 0.3224836129 -0.3083964666)
(0 0.2541435912 -0.07316150474)
(0 0.1474973297 -0.8101783441)
(0 0.3475967815 -1.248293455)
(0 0.1719238504 -0.281262624)
(0 0.002644021422 0.1335017092)
(0 1.009143064e-11 1.602568972e-11)
(0 2.696954971e-11 7.321053698e-12)
(0 2.25358156e-11 4.555469221e-12)
(0 1.960469032e-11 3.569680979e-12)
(0 1.776519792e-11 3.067670806e-12)
(0 1.662275572e-11 2.671051033e-12)
(0 1.590344746e-11 2.292188162e-12)
(0 1.543848855e-11 1.92649831e-12)
(0 1.512818032e-11 1.586181282e-12)
(0 1.491410147e-11 1.281489706e-12)
(0 1.476174839e-11 1.017253894e-12)
(0 1.465044447e-11 7.937012567e-13)
(0 1.456758935e-11 6.080229131e-13)
(0 1.450537791e-11 4.556846196e-13)
(0 1.445891566e-11 3.313127822e-13)
(0 1.442512246e-11 2.292238024e-13)
(0 1.440208104e-11 1.437042964e-13)
(0 1.438864742e-11 6.913206321e-14)
(0 7.192114428e-12 3.836905677e-24)
(0 4.418441149e-11 1.137707846e-11)
(0 -2.777223164e-10 2.063075088e-09)
(0 -8.07517549e-10 3.342229246e-10)
(0 -3.042770665e-09 -1.564083819e-10)
(0 -3.41389391e-10 -2.19711665e-10)
(0 -1.50693752e-09 -2.340258726e-10)
(0 -6.67697079e-10 -4.832984667e-10)
(0 -1.429838587e-09 -1.456149946e-09)
(0 0.7427907865 0.01104882924)
(0 0.6522619244 0.2046259284)
(0 0.4894419449 0.4417289171)
(0 0.2729703027 0.6119599592)
(0 0.01084449018 0.7108143112)
(0 -0.09193073149 0.5717384317)
(0 0.2134039262 -0.1272192509)
(0 0.3617166321 -0.4324658655)
(0 0.3320425683 -0.01156269367)
(0 0.2029147471 -0.7988344909)
(0 0.1511231088 -1.291680087)
(0 0.04019293024 -0.1468435806)
(0 -0.001519748175 0.1471040666)
(0 1.259437023e-11 1.248825028e-11)
(0 2.042124317e-11 9.6591821e-12)
(0 1.990878012e-11 7.16355993e-12)
(0 1.831496616e-11 5.486553303e-12)
(0 1.696735641e-11 4.337914266e-12)
(0 1.602344695e-11 3.487170695e-12)
(0 1.540399505e-11 2.814839603e-12)
(0 1.50081564e-11 2.26464795e-12)
(0 1.475755776e-11 1.808922424e-12)
(0 1.459877477e-11 1.431569554e-12)
(0 1.449733569e-11 1.120914159e-12)
(0 1.44316145e-11 8.670342479e-13)
(0 1.438826623e-11 6.609061321e-13)
(0 1.435914783e-11 4.941823821e-13)
(0 1.433934378e-11 3.591388874e-13)
(0 1.432593285e-11 2.486331986e-13)
(0 1.431722441e-11 1.560353058e-13)
(0 1.431229106e-11 7.513071087e-14)
(0 7.155344487e-12 5.920616731e-24)
(0 4.388633739e-11 1.899034143e-11)
(0 -2.750416934e-10 3.372619801e-09)
(0 -7.824265893e-10 4.77893857e-10)
(0 -3.01938393e-09 -2.081825285e-10)
(0 -3.291584658e-10 -3.820414183e-10)
(0 -1.485026058e-09 -3.605330421e-10)
(0 -6.573259951e-10 -7.731220442e-10)
(0 -1.416673242e-09 -2.306129844e-09)
(0 0.1744301541 0.1619997027)
(0 0.070207342 0.4410590204)
(0 -0.008528946273 0.6845445837)
(0 -0.08765397707 0.8540542738)
(0 -0.09182672024 0.7896750105)
(0 0.2057469791 0.3169286758)
(0 0.5927033067 -0.2995499351)
(0 0.6592709703 -0.4878931461)
(0 0.6518398227 -0.007036119987)
(0 0.7302850199 -0.6967645198)
(0 0.4795746615 -1.023663884)
(0 0.1914817963 -0.09134032063)
(0 -0.002556368472 0.1786509808)
(0 1.611779293e-11 1.548921906e-11)
(0 2.168251757e-11 1.170141346e-11)
(0 1.836318681e-11 8.953010679e-12)
(0 1.677904465e-11 6.875064785e-12)
(0 1.576581531e-11 5.310273801e-12)
(0 1.509968106e-11 4.124892688e-12)
(0 1.468092472e-11 3.215368939e-12)
(0 1.443257137e-11 2.508349181e-12)
(0 1.429510192e-11 1.953303205e-12)
(0 1.42260932e-11 1.514951057e-12)
(0 1.419721308e-11 1.167784967e-12)
(0 1.419043644e-11 8.925968208e-13)
(0 1.419473748e-11 6.743712481e-13)
(0 1.420361067e-11 5.009947471e-13)
(0 1.421336648e-11 3.624271993e-13)
(0 1.422201887e-11 2.501340779e-13)
(0 1.422857855e-11 1.56670418e-13)
(0 1.423261211e-11 7.535597676e-14)
(0 7.116983717e-12 7.904566089e-24)
(0 4.34202704e-11 2.649563229e-11)
(0 -2.691327694e-10 4.660895108e-09)
(0 -7.473279583e-10 6.182240632e-10)
(0 -2.973758819e-09 -2.59903425e-10)
(0 -3.222361054e-10 -5.408230047e-10)
(0 -1.442957682e-09 -4.849714547e-10)
(0 -6.460537868e-10 -1.057752792e-09)
(0 -1.394897262e-09 -3.141473344e-09)
(0 -0.5811774172 0.1281562302)
(0 -0.4188186381 0.4441228837)
(0 -0.3066590295 0.6741638353)
(0 -0.1394839979 0.7340728117)
(0 0.2276738417 0.4096524223)
(0 0.6054198077 -0.09700973061)
(0 0.9210428133 -0.5211484835)
(0 0.9071643535 -0.4922743877)
(0 0.912004545 -0.02759859093)
(0 0.6393174313 -0.7711266752)
(0 0.2821125953 -0.5336002722)
(0 -0.1103193328 0.2491705618)
(0 -0.009581507985 0.3213679136)
(0 2.239760128e-11 1.546529004e-11)
(0 1.393076927e-11 1.27500256e-11)
(0 1.508243144e-11 1.007196698e-11)
(0 1.467222928e-11 7.750433023e-12)
(0 1.421718432e-11 5.903238478e-12)
(0 1.392854209e-11 4.486773374e-12)
(0 1.378745155e-11 3.413416833e-12)
(0 1.374609067e-11 2.600109353e-12)
(0 1.376415963e-11 1.981026678e-12)
(0 1.381325654e-11 1.507172441e-12)
(0 1.387498145e-11 1.142685974e-12)
(0 1.393820078e-11 8.611913376e-13)
(0 1.399666416e-11 6.429776999e-13)
(0 1.404720378e-11 4.729914223e-13)
(0 1.408848311e-11 3.394380937e-13)
(0 1.412017606e-11 2.328038384e-13)
(0 1.414244631e-11 1.451559989e-13)
(0 1.415562064e-11 6.962568493e-14)
(0 7.07998851e-12 1.006260216e-23)
(0 4.280090911e-11 3.373663547e-11)
(0 -2.598832335e-10 5.91461687e-09)
(0 -7.028543944e-10 7.59037179e-10)
(0 -2.905023989e-09 -3.120605519e-10)
(0 -3.196463326e-10 -6.927812692e-10)
(0 -1.381753151e-09 -6.068990311e-10)
(0 -6.336551581e-10 -1.334932586e-09)
(0 -1.364817334e-09 -3.956957167e-09)
(0 -0.1468113754 0.02398489442)
(0 -0.05494619216 0.1649398856)
(0 0.1279243125 0.3689192973)
(0 0.359755511 0.3336503534)
(0 0.7307638597 0.02193547692)
(0 0.8315654114 -0.3236984231)
(0 1.01068624 -0.6458849077)
(0 0.8580463226 -0.3426485135)
(0 1.069150219 0.5666441136)
(0 0.1220240275 -0.7819802662)
(0 -0.2268812907 -0.104172672)
(0 -0.3108326319 0.4198625341)
(0 9.460922067e-12 2.708010767e-11)
(0 2.8502376e-11 1.525304615e-11)
(0 1.637146469e-11 1.384378217e-11)
(0 1.336359423e-11 1.083441632e-11)
(0 1.261031616e-11 8.151465868e-12)
(0 1.250215566e-11 6.065472971e-12)
(0 1.260985942e-11 4.505536296e-12)
(0 1.279426069e-11 3.351411873e-12)
(0 1.300018121e-11 2.497661284e-12)
(0 1.320216501e-11 1.863556293e-12)
(0 1.33877525e-11 1.390061461e-12)
(0 1.355123198e-11 1.034617508e-12)
(0 1.369072817e-11 7.665113661e-13)
(0 1.380653756e-11 5.633531373e-13)
(0 1.390007106e-11 4.085486279e-13)
(0 1.397317889e-11 2.895245461e-13)
(0 1.402773678e-11 1.964840588e-13)
(0 1.40654004e-11 1.215243282e-13)
(0 1.408745611e-11 5.799396122e-14)
(0 7.047358032e-12 1.19195827e-23)
(0 4.207051044e-11 4.058598023e-11)
(0 -2.480913987e-10 7.122492968e-09)
(0 -6.488351451e-10 9.025380166e-10)
(0 -2.816244108e-09 -3.656014553e-10)
(0 -3.209407154e-10 -8.352260739e-10)
(0 -1.303651661e-09 -7.259325181e-10)
(0 -6.19761825e-10 -1.602551427e-09)
(0 -1.326991149e-09 -4.747466748e-09)
(0 0.2796 -0.008291368531)
(0 0.47436302 0.04391571187)
(0 0.682503719 0.2293483407)
(0 0.7777748713 0.1777077798)
(0 0.827125039 -0.0624262699)
(0 0.6527580089 -0.3689651987)
(0 0.7440718097 -0.7167175079)
(0 0.4171306071 -0.5702051935)
(0 1.460312266 0.2348216728)
(0 -0.4257430393 0.7668925383)
(0 -0.3858763883 -0.1591647865)
(0 -0.001984963938 0.01253181345)
(0 1.074309448e-11 5.136150392e-11)
(0 1.112070386e-11 2.647571733e-11)
(0 9.512139453e-12 1.65376733e-11)
(0 9.390115146e-12 1.127049287e-11)
(0 9.903285932e-12 7.955525646e-12)
(0 1.057125475e-11 5.701622111e-12)
(0 1.121448099e-11 4.118435566e-12)
(0 1.177957653e-11 2.988978385e-12)
(0 1.225823509e-11 2.175538694e-12)
(0 1.265655981e-11 1.58547856e-12)
(0 1.298431775e-11 1.154919763e-12)
(0 1.325143135e-11 8.392319255e-13)
(0 1.346693641e-11 6.068949463e-13)
(0 1.363870142e-11 4.353761676e-13)
(0 1.377337519e-11 3.083207407e-13)
(0 1.387641854e-11 2.136213518e-13)
(0 1.395217585e-11 1.420793841e-13)
(0 1.400395621e-11 8.646300177e-14)
(0 1.403409632e-11 4.082729928e-14)
(0 7.021994549e-12 1.30762671e-23)
(0 4.127362549e-11 4.697200565e-11)
(0 -2.342694241e-10 8.276759275e-09)
(0 -5.870278305e-10 1.04748416e-09)
(0 -2.708733256e-09 -4.214748261e-10)
(0 -3.242553157e-10 -9.665557188e-10)
(0 -1.211264015e-09 -8.415598388e-10)
(0 -6.037364129e-10 -1.858806025e-09)
(0 -1.282110307e-09 -5.508025628e-09)
(0 0.1788331556 -0.1882713196)
(0 0.6267189352 -0.2824302035)
(0 0.9396695386 0.3318122075)
(0 0.7738960914 0.2332718765)
(0 0.5503786083 0.1222680366)
(0 0.2660701425 -0.1445717109)
(0 -0.1940294375 -0.5192715117)
(0 -0.8309356123 -0.2436192384)
(0 -0.7453804177 0.8935958468)
(0 -0.9300463784 1.302613978)
(0 -0.01513033644 -0.5070460429)
(0 -2.24480353e-11 5.553988406e-11)
(0 -2.67965319e-11 3.646604167e-11)
(0 -6.31824634e-12 2.257685285e-11)
(0 1.166240226e-12 1.456063793e-11)
(0 4.78144658e-12 9.754340688e-12)
(0 7.041445396e-12 6.698507383e-12)
(0 8.665065583e-12 4.667030063e-12)
(0 9.89721569e-12 3.277551365e-12)
(0 1.085136382e-11 2.310454896e-12)
(0 1.159668139e-11 1.629980681e-12)
(0 1.218154608e-11 1.147875054e-12)
(0 1.264150587e-11 8.049081157e-13)
(0 1.300320716e-11 5.605083043e-13)
(0 1.328687241e-11 3.864727051e-13)
(0 1.350796336e-11 2.629417847e-13)
(0 1.367831625e-11 1.757364091e-13)
(0 1.380693754e-11 1.145571863e-13)
(0 1.390057843e-11 7.17462088e-14)
(0 1.396414832e-11 4.142084704e-14)
(0 1.400099311e-11 1.885218281e-14)
(0 7.006530733e-12 1.360247038e-23)
(0 4.045958287e-11 5.283484307e-11)
(0 -2.193427989e-10 9.369708858e-09)
(0 -5.192098032e-10 1.193677221e-09)
(0 -2.584895847e-09 -4.787042409e-10)
(0 -3.280700995e-10 -1.086109686e-09)
(0 -1.10761068e-09 -9.529470522e-10)
(0 -5.849798586e-10 -2.102225307e-09)
(0 -1.230923157e-09 -6.233818819e-09)
(0 -0.1939136652 -0.2147648606)
(0 -1.285422732 -0.9929273367)
(0 0.1600910938 -0.1082541553)
(0 0.6176652497 0.4955944129)
(0 0.5075123501 0.3502890689)
(0 0.2457994658 0.3290141898)
(0 -0.2507409486 0.187727243)
(0 -1.103031007 -0.0591824697)
(0 -1.241833479 0.4780947137)
(0 -0.2735673962 0.1250822565)
(0 0.0001437805511 -0.9638253774)
(0 -1.461401349e-11 2.889589428e-12)
(0 -2.225102116e-11 1.431826496e-11)
(0 -1.078469987e-11 1.280498491e-11)
(0 -3.31037271e-12 9.373702808e-12)
(0 1.527984598e-12 6.487736882e-12)
(0 4.815975308e-12 4.417179949e-12)
(0 7.150298727e-12 2.990488406e-12)
(0 8.857905821e-12 2.014302459e-12)
(0 1.013200585e-11 1.345291863e-12)
(0 1.109565525e-11 8.860249471e-13)
(0 1.183148724e-11 5.711102621e-13)
(0 1.2396951e-11 3.563215641e-13)
(0 1.283299594e-11 2.11424839e-13)
(0 1.316936989e-11 1.155544117e-13)
(0 1.342796512e-11 5.418834067e-14)
(0 1.362499059e-11 1.712810391e-14)
(0 1.377242834e-11 -2.875973323e-15)
(0 1.387903951e-11 -1.107339752e-14)
(0 1.395106218e-11 -1.137739447e-14)
(0 1.399267547e-11 -6.839513964e-15)
(0 7.003142366e-12 1.400267411e-23)
(0 3.967500156e-11 5.824847722e-11)
(0 -2.042875413e-10 1.039772526e-08)
(0 -4.472404047e-10 1.337889805e-09)
(0 -2.447356813e-09 -5.362822337e-10)
(0 -3.310484899e-10 -1.194671347e-09)
(0 -9.954445734e-10 -1.059248811e-09)
(0 -5.629931314e-10 -2.331735597e-09)
(0 -1.174094457e-09 -6.920277297e-09)
(0 -0.384008837 0.0533827705)
(0 -1.386740205 -0.9047211173)
(0 -0.8626083873 -0.4743586804)
(0 -0.5695705669 -0.2606009386)
(0 0.289270234 0.4425563314)
(0 0.414185601 0.5487489521)
(0 0.1704193697 0.6757660153)
(0 -0.02237888909 0.5251916486)
(0 -0.6781464885 0.2879171082)
(0 0.330321487 -0.3415922385)
(0 0.0001430984703 -0.7771210721)
(0 -9.797673749e-12 -1.133545358e-12)
(0 -1.701847257e-11 4.948333965e-12)
(0 -1.126280849e-11 4.951155049e-12)
(0 -5.151007803e-12 3.641496796e-12)
(0 -1.750762791e-13 2.405768108e-12)
(0 3.54419692e-12 1.492100528e-12)
(0 6.262188093e-12 8.63556101e-13)
(0 8.252019147e-12 4.439547153e-13)
(0 9.723086309e-12 1.704233596e-13)
(0 1.082249979e-11 -2.272496725e-15)
(0 1.16518427e-11 -1.057873671e-13)
(0 1.228182044e-11 -1.621657897e-13)
(0 1.276244001e-11 -1.866882738e-13)
(0 1.312963591e-11 -1.898672423e-13)
(0 1.340953705e-11 -1.788692097e-13)
(0 1.362125193e-11 -1.585360088e-13)
(0 1.377873604e-11 -1.321164931e-13)
(0 1.389207701e-11 -1.017866188e-13)
(0 1.39683822e-11 -6.901681579e-14)
(0 1.401237051e-11 -3.483244424e-14)
(0 7.013370247e-12 1.439623618e-23)
(0 3.892650398e-11 6.335611082e-11)
(0 -1.890390554e-10 1.135930966e-08)
(0 -3.710903706e-10 1.475066257e-09)
(0 -2.297078621e-09 -5.930289737e-10)
(0 -3.32085555e-10 -1.293539734e-09)
(0 -8.768355536e-10 -1.159645379e-09)
(0 -5.374296325e-10 -2.546474122e-09)
(0 -1.112114377e-09 -7.56308589e-09)
(0 0.3886894762 0.316499951)
(0 0.1937353796 -0.1494813089)
(0 -0.2756758406 -0.5803260523)
(0 -0.8937715908 -0.9052667733)
(0 -0.3793402207 -0.3539074958)
(0 0.3689520688 0.5558602024)
(0 0.4189565707 0.6306602818)
(0 0.4302742578 0.7662479737)
(0 -0.06540800221 0.4107241504)
(0 0.2924762529 -0.6683513804)
(0 0.0001871435974 -0.5873143825)
(0 -8.65851832e-12 1.003505996e-11)
(0 -1.627518811e-11 1.538859366e-12)
(0 -1.209153704e-11 -1.590161136e-12)
(0 -5.85575965e-12 -2.164615041e-12)
(0 -6.214116707e-13 -1.998298685e-12)
(0 3.273763301e-12 -1.718083057e-12)
(0 6.102152915e-12 -1.472292576e-12)
(0 8.16477308e-12 -1.272431103e-12)
(0 9.685778638e-12 -1.105251956e-12)
(0 1.081944452e-11 -9.597315591e-13)
(0 1.167159395e-11 -8.298172769e-13)
(0 1.231605009e-11 -7.125128642e-13)
(0 1.280529449e-11 -6.061492042e-13)
(0 1.317718895e-11 -5.094686685e-13)
(0 1.345929636e-11 -4.21263996e-13)
(0 1.367174331e-11 -3.402886412e-13)
(0 1.382917773e-11 -2.652693339e-13)
(0 1.394213918e-11 -1.949405264e-13)
(0 1.401801636e-11 -1.280706624e-13)
(0 1.406169229e-11 -6.347297434e-14)
(0 7.03797481e-12 1.436428296e-23)
(0 3.818942131e-11 6.813545541e-11)
(0 -1.725724623e-10 1.225043204e-08)
(0 -2.89822967e-10 1.602031477e-09)
(0 -2.133364454e-09 -6.472635543e-10)
(0 -3.303898291e-10 -1.383191641e-09)
(0 -7.53231711e-10 -1.253325225e-09)
(0 -5.080810079e-10 -2.745551778e-09)
(0 -1.045292892e-09 -8.158164938e-09)
(0 0.4115661735 0.1277674712)
(0 0.515399459 0.01914481603)
(0 0.09077470712 -0.05882221955)
(0 -0.2271967133 -0.5776700337)
(0 -0.7164273384 -0.7535014725)
(0 -0.1914045622 -0.1482575749)
(0 0.409434149 0.667357731)
(0 0.5894741126 1.038656295)
(0 0.04102713952 0.5877835498)
(0 0.294854696 -0.6760405834)
(0 0.0001584334 -0.3675299282)
(0 -1.83575569e-11 2.376331284e-11)
(0 -2.872483654e-11 -7.319410226e-12)
(0 -1.49662829e-11 -1.06860751e-11)
(0 -5.559145352e-12 -8.711674624e-12)
(0 2.714557051e-13 -6.516453315e-12)
(0 4.070203029e-12 -4.893943383e-12)
(0 6.707840047e-12 -3.762294198e-12)
(0 8.619059767e-12 -2.956158467e-12)
(0 1.003578585e-11 -2.359258458e-12)
(0 1.109793446e-11 -1.901567711e-12)
(0 1.189906139e-11 -1.54122571e-12)
(0 1.250548851e-11 -1.251913758e-12)
(0 1.296548421e-11 -1.015925525e-12)
(0 1.331452112e-11 -8.205948512e-13)
(0 1.357871708e-11 -6.564313851e-13)
(0 1.377724659e-11 -5.160879642e-13)
(0 1.392408415e-11 -3.937342579e-13)
(0 1.402927568e-11 -2.84636898e-13)
(0 1.409984975e-11 -1.848527621e-13)
(0 1.414044117e-11 -9.098866345e-14)
(0 7.076843221e-12 1.395773213e-23)
(0 3.746317753e-11 7.254225559e-11)
(0 -1.552699675e-10 1.306572447e-08)
(0 -2.038541104e-10 1.717884908e-09)
(0 -1.956116657e-09 -6.981837477e-10)
(0 -3.260331342e-10 -1.463170569e-09)
(0 -6.261511446e-10 -1.339678117e-09)
(0 -4.748820097e-10 -2.928063184e-09)
(0 -9.738261808e-10 -8.701686826e-09)
(0 0.5530935221 0.06065654083)
(0 0.5830252864 0.2143377433)
(0 0.5924428148 0.2613534954)
(0 0.269772185 0.0002498382624)
(0 -0.1872328725 -0.6124720733)
(0 -0.08546843956 -0.5108755432)
(0 -0.4775688148 -0.3369733788)
(0 0.3174675771 1.158330331)
(0 -0.345182305 0.8786364766)
(0 -0.2673361928 -0.6025260581)
(0 -0.01854894842 -0.2361202602)
(0 -3.377165353e-11 -7.142824466e-11)
(0 -5.077512143e-11 -4.393748635e-11)
(0 -1.348380144e-11 -2.512319544e-11)
(0 -1.686137861e-12 -1.547972096e-11)
(0 3.19631957e-12 -1.046188898e-11)
(0 6.027922418e-12 -7.578956323e-12)
(0 8.039937832e-12 -5.72683016e-12)
(0 9.567808821e-12 -4.430672912e-12)
(0 1.074036939e-11 -3.474046526e-12)
(0 1.163747727e-11 -2.746043159e-12)
(0 1.23212479e-11 -2.181594717e-12)
(0 1.284135028e-11 -1.737983896e-12)
(0 1.32366134e-11 -1.385040128e-12)
(0 1.353668309e-11 -1.100552333e-12)
(0 1.376380324e-11 -8.677793665e-13)
(0 1.393444044e-11 -6.738997384e-13)
(0 1.40606288e-11 -5.089454132e-13)
(0 1.415102068e-11 -3.65021892e-13)
(0 1.421166459e-11 -2.35715702e-13)
(0 1.424654505e-11 -1.156292256e-13)
(0 7.128963474e-12 1.365673585e-23)
(0 3.67183479e-11 7.654366233e-11)
(0 -1.362699347e-10 1.379997057e-08)
(0 -1.131534578e-10 1.823098771e-09)
(0 -1.765049612e-09 -7.465865352e-10)
(0 -3.187270008e-10 -1.532536e-09)
(0 -4.973520595e-10 -1.418351994e-09)
(0 -4.377066898e-10 -3.093249878e-09)
(0 -8.977875863e-10 -9.190075581e-09)
(0 0.6775046958 0.05499506418)
(0 0.7552088536 0.1404566129)
(0 0.7181241436 0.2981991381)
(0 1.130248225 0.2793691829)
(0 0.3114256504 -0.2592783481)
(0 0.7679124538 0.0507566716)
(0 -0.5791164648 0.2696846202)
(0 -0.02129326669 1.180096212)
(0 -1.060680758 1.328654776)
(0 -1.461944475 -1.443818447)
(0 -0.899548688 -0.4871804661)
(0 -1.61319188e-11 -1.378007813e-10)
(0 1.749578002e-11 -7.041936063e-11)
(0 1.349148248e-11 -3.038931364e-11)
(0 9.102161106e-12 -1.762207624e-11)
(0 8.172220346e-12 -1.227226306e-11)
(0 8.805261851e-12 -9.233146397e-12)
(0 9.856123458e-12 -7.135409583e-12)
(0 1.08718434e-11 -5.565683034e-12)
(0 1.172041561e-11 -4.360219753e-12)
(0 1.239038627e-11 -3.426965535e-12)
(0 1.290712066e-11 -2.701125635e-12)
(0 1.33020431e-11 -2.133384906e-12)
(0 1.360291577e-11 -1.685696371e-12)
(0 1.383178188e-11 -1.328793095e-12)
(0 1.400536967e-11 -1.040233351e-12)
(0 1.413608055e-11 -8.027871991e-13)
(0 1.4232962e-11 -6.031277615e-13)
(0 1.430250539e-11 -4.30791427e-13)
(0 1.434924242e-11 -2.773600364e-13)
(0 1.437615687e-11 -1.358131002e-13)
(0 7.192472447e-12 1.378394683e-23)
(0 3.594491898e-11 8.007855323e-11)
(0 -1.158190161e-10 1.444698756e-08)
(0 -1.94446271e-11 1.919970476e-09)
(0 -1.561011396e-09 -7.93726018e-10)
(0 -3.076533861e-10 -1.589929394e-09)
(0 -3.69235131e-10 -1.488995569e-09)
(0 -3.963345455e-10 -3.240628931e-09)
(0 -8.170710836e-10 -9.619949249e-09)
(0 0.7488612028 0.0311102965)
(0 0.8088295365 0.07814216373)
(0 0.7328871148 0.1246785243)
(0 1.126472553 0.1674243073)
(0 0.5663061416 0.03534967194)
(0 0.7991446509 0.3512672012)
(0 -0.2438478134 0.3666069184)
(0 0.4304258384 1.329141336)
(0 -0.1728490701 1.997641529)
(0 -1.356298191 -1.199611894)
(0 -1.170207377 -1.478717038)
(0 -0.01422566516 -0.8789580227)
(0 4.616903732e-11 9.112626473e-12)
(0 3.931348267e-11 -8.390631342e-12)
(0 1.643091272e-11 -1.23470157e-11)
(0 1.158524941e-11 -1.177189357e-11)
(0 1.116477589e-11 -9.946008062e-12)
(0 1.170740119e-11 -8.015983182e-12)
(0 1.234299865e-11 -6.336433498e-12)
(0 1.287908689e-11 -4.974192643e-12)
(0 1.329657138e-11 -3.900480017e-12)
(0 1.361482853e-11 -3.062560661e-12)
(0 1.385677954e-11 -2.408735531e-12)
(0 1.404120521e-11 -1.895567702e-12)
(0 1.418214611e-11 -1.488689064e-12)
(0 1.428980914e-11 -1.16157226e-12)
(0 1.437154602e-11 -8.938878005e-13)
(0 1.443262457e-11 -6.699882502e-13)
(0 1.447678841e-11 -4.776576276e-13)
(0 1.450664292e-11 -3.07121025e-13)
(0 1.452390508e-11 -1.502637042e-13)
(0 7.264776574e-12 1.405002133e-23)
(0 3.511988566e-11 8.318531686e-11)
(0 -9.365755673e-11 1.500215264e-08)
(0 7.580377942e-11 2.010560378e-09)
(0 -1.346125978e-09 -8.422127718e-10)
(0 -2.911723625e-10 -1.634239839e-09)
(0 -2.450831936e-10 -1.551262782e-09)
(0 -3.504761949e-10 -3.370205676e-09)
(0 -7.31252139e-10 -9.988091243e-09)
(0 0.7832166418 0.01538548502)
(0 0.8458209158 0.05572795028)
(0 0.7814578856 0.07971531321)
(0 1.109644124 0.2160188115)
(0 0.7384600159 0.2251255622)
(0 1.284895567 0.5741653693)
(0 0.843478789 0.6834972807)
(0 1.063062351 1.471867485)
(0 1.247962874 2.745971605)
(0 -0.7965859202 0.3887758998)
(0 -0.6292289545 -2.203056421)
(0 -0.006198630201 -1.671244402)
(0 -4.821738034e-13 4.707836799e-11)
(0 -8.193172571e-12 -1.614218754e-13)
(0 5.720898883e-12 -1.160344567e-11)
(0 1.057322798e-11 -1.25222701e-11)
(0 1.256117223e-11 -1.07630242e-11)
(0 1.346569802e-11 -8.646079072e-12)
(0 1.391363394e-11 -6.789857139e-12)
(0 1.415636909e-11 -5.299629761e-12)
(0 1.430201826e-11 -4.138198624e-12)
(0 1.439886514e-11 -3.239901786e-12)
(0 1.446903606e-11 -2.543431744e-12)
(0 1.452296224e-11 -1.999151912e-12)
(0 1.456577733e-11 -1.568822456e-12)
(0 1.460017094e-11 -1.22347684e-12)
(0 1.462766456e-11 -9.412025958e-13)
(0 1.464919217e-11 -7.052805171e-13)
(0 1.466537262e-11 -5.027311343e-13)
(0 1.467663634e-11 -3.23203704e-13)
(0 1.46832779e-11 -1.581210943e-13)
(0 7.342736151e-12 1.393321133e-23)
(0 3.420698512e-11 8.584232094e-11)
(0 -6.908635888e-11 1.546008113e-08)
(0 1.692963374e-10 2.097650155e-09)
(0 -1.123118289e-09 -8.946979146e-10)
(0 -2.656997893e-10 -1.664024921e-09)
(0 -1.290126909e-10 -1.604446273e-09)
(0 -2.997507245e-10 -3.482512489e-09)
(0 -6.393545665e-10 -1.029136101e-08)
(0 0.8174818659 -0.003449811786)
(0 0.8749321013 0.01277310527)
(0 0.8947511188 -0.01560214459)
(0 1.155299917 0.1420228072)
(0 1.166392942 0.04176601954)
(0 1.679605627 0.3971390927)
(0 1.557365401 0.6824179216)
(0 1.518058776 1.319795108)
(0 2.166217353 3.002463969)
(0 1.326169832 1.643566923)
(0 0.2579978656 -1.807194028)
(0 6.775712221e-05 -1.731149038)
(0 -1.877431404e-11 -3.365428119e-11)
(0 -1.976893474e-11 -2.81371012e-11)
(0 4.07006449e-12 -2.138294803e-11)
(0 1.242567088e-11 -1.595076424e-11)
(0 1.504096692e-11 -1.193773053e-11)
(0 1.568056826e-11 -9.015449534e-12)
(0 1.568944796e-11 -6.877279078e-12)
(0 1.553074541e-11 -5.296258296e-12)
(0 1.535629936e-11 -4.112769819e-12)
(0 1.520959541e-11 -3.215409705e-12)
(0 1.509752942e-11 -2.525937738e-12)
(0 1.50158145e-11 -1.988786057e-12)
(0 1.495782119e-11 -1.56396957e-12)
(0 1.4917429e-11 -1.222306644e-12)
(0 1.488974235e-11 -9.421634222e-13)
(0 1.487109603e-11 -7.07200291e-13)
(0 1.485886522e-11 -5.047836792e-13)
(0 1.485125296e-11 -3.248422456e-13)
(0 1.484710879e-11 -1.590170947e-13)
(0 7.422897668e-12 1.406485741e-23)
(0 3.31956006e-11 8.787740936e-11)
(0 -4.179632146e-11 1.58120308e-08)
(0 2.570152507e-10 2.185509289e-09)
(0 -8.966675183e-10 -9.516059247e-10)
(0 -2.264502851e-10 -1.676972848e-09)
(0 -2.684431544e-11 -1.647138329e-09)
(0 -2.440348375e-10 -3.578622964e-09)
(0 -5.396443515e-10 -1.052672547e-08)
(0 0.7898793186 -0.02730723295)
(0 0.8425945111 -0.07120249696)
(0 0.9195440158 -0.1382086692)
(0 1.127330341 -0.1549723895)
(0 1.446647867 -0.3690234868)
(0 1.689404496 0.2610236289)
(0 1.76692741 0.5256172737)
(0 1.662181589 0.7517387151)
(0 2.332472272 2.576756828)
(0 2.21700978 3.658172759)
(0 0.991450073 -2.417272305)
(0 0.000842747735 -1.097922146)
(0 -6.237659731e-12 -1.338960113e-10)
(0 3.716459736e-12 -5.772217545e-11)
(0 1.790723584e-11 -2.984043543e-11)
(0 2.001844549e-11 -1.796016364e-11)
(0 1.949648694e-11 -1.202169681e-11)
(0 1.852614947e-11 -8.600723736e-12)
(0 1.763282518e-11 -6.407560688e-12)
(0 1.692087835e-11 -4.895345886e-12)
(0 1.638286685e-11 -3.801198715e-12)
(0 1.598569722e-11 -2.983023152e-12)
(0 1.569565971e-11 -2.356123066e-12)
(0 1.548493041e-11 -1.866083449e-12)
(0 1.533225674e-11 -1.475958334e-12)
(0 1.522197708e-11 -1.159611654e-12)
(0 1.514277091e-11 -8.979414916e-13)
(0 1.508657191e-11 -6.765732905e-13)
(0 1.504773066e-11 -4.843616142e-13)
(0 1.502240293e-11 -3.123647196e-13)
(0 1.500812014e-11 -1.531047632e-13)
(0 7.501753246e-12 1.438307314e-23)
(0 3.21245338e-11 8.855070711e-11)
(0 -1.101054578e-11 1.604621442e-08)
(0 3.34245238e-10 2.279298317e-09)
(0 -6.735351448e-10 -1.010582424e-09)
(0 -1.683074457e-10 -1.67126863e-09)
(0 5.338133468e-11 -1.678047262e-09)
(0 -1.838553354e-10 -3.66017963e-09)
(0 -4.294572053e-10 -1.069158842e-08)
(0 0.7171697557 -0.04449385184)
(0 0.7599431598 -0.1499458791)
(0 0.8217326647 -0.2455887505)
(0 0.9663246224 -0.4962439214)
(0 1.176308952 -0.6077771159)
(0 0.4819303843 0.6858037683)
(0 0.1482535431 0.4334886335)
(0 0.3589482782 0.9233168007)
(0 0.2055967341 1.824772292)
(0 3.017701271 2.217374)
(0 1.287617251 1.263984738)
(0 0.001234672894 -0.2128175225)
(0 4.733183427e-11 -7.72082116e-11)
(0 8.404029567e-11 -3.925613875e-11)
(0 4.38320763e-11 -2.229648013e-11)
(0 3.024440951e-11 -1.402775688e-11)
(0 2.440040683e-11 -9.588173848e-12)
(0 2.129470438e-11 -6.95821154e-12)
(0 1.939482581e-11 -5.256905367e-12)
(0 1.813710738e-11 -4.076356215e-12)
(0 1.726862209e-11 -3.213644912e-12)
(0 1.665467106e-11 -2.55935905e-12)
(0 1.621446912e-11 -2.049449134e-12)
(0 1.589597923e-11 -1.643463641e-12)
(0 1.566429298e-11 -1.314162178e-12)
(0 1.549544584e-11 -1.042234144e-12)
(0 1.537278071e-11 -8.134147112e-13)
(0 1.528467591e-11 -6.167893695e-13)
(0 1.522307379e-11 -4.437249479e-13)
(0 1.518250981e-11 -2.871499085e-13)
(0 1.515947351e-11 -1.410364877e-13)
(0 7.576002431e-12 1.420289399e-23)
(0 3.125387592e-11 8.724920462e-11)
(0 1.573557117e-11 1.616182552e-08)
(0 3.882941285e-10 2.380709575e-09)
(0 -4.661698532e-10 -1.067000018e-09)
(0 -8.808134938e-11 -1.649588454e-09)
(0 1.018610872e-10 -1.700676376e-09)
(0 -1.2027268e-10 -3.728288323e-09)
(0 -3.052689565e-10 -1.078200939e-08)
(0 0.5977853441 -0.05460984351)
(0 0.6383937765 -0.1909120007)
(0 0.593925081 -0.3034538331)
(0 0.6845603336 -0.5020387451)
(0 0.5988202643 0.101176144)
(0 -0.702690865 2.248753094)
(0 -0.8499073861 -1.434290936)
(0 -1.367729841 1.332904709)
(0 -1.700490719 1.438673169)
(0 -1.065044613 1.148775482)
(0 0.1532662223 1.037459086)
(0 5.721819447e-11 1.350807827e-12)
(0 6.161713434e-11 3.306275808e-11)
(0 5.857400979e-11 1.559266214e-13)
(0 4.313561771e-11 -6.061581996e-12)
(0 3.272675177e-11 -6.26618579e-12)
(0 2.656603228e-11 -5.34503377e-12)
(0 2.285741795e-11 -4.387053155e-12)
(0 2.05146805e-11 -3.585482346e-12)
(0 1.89641388e-11 -2.939508131e-12)
(0 1.789986401e-11 -2.41765519e-12)
(0 1.7149893e-11 -1.991319836e-12)
(0 1.661155512e-11 -1.638852226e-12)
(0 1.622021736e-11 -1.344155658e-12)
(0 1.593348623e-11 -1.094985215e-12)
(0 1.572272455e-11 -8.817422924e-13)
(0 1.556821568e-11 -6.966916383e-13)
(0 1.545626168e-11 -5.334444611e-13)
(0 1.537737012e-11 -3.865988493e-13)
(0 1.532509139e-11 -2.514726101e-13)
(0 1.529527005e-11 -1.238901139e-13)
(0 7.642789733e-12 1.430326629e-23)
(0 3.084662556e-11 8.540668227e-11)
(0 2.776637162e-11 1.618791101e-08)
(0 4.133571095e-10 2.472978906e-09)
(0 -2.865015918e-10 -1.115500281e-09)
(0 1.11146742e-11 -1.623694018e-09)
(0 1.117125329e-10 -1.729662384e-09)
(0 -4.870578615e-11 -3.774300469e-09)
(0 -1.616478557e-10 -1.077880579e-08)
(0 0.4804751302 -0.05633225198)
(0 0.5232424613 -0.2147781701)
(0 0.5497556637 -0.3619314396)
(0 0.8350271571 -0.6219858621)
(0 0.910814642 -0.2350643142)
(0 2.592689635 2.340945322)
(0 -0.5211806326 2.051029142)
(0 -1.069109543 1.882629729)
(0 -1.212865852 1.229150724)
(0 -0.9968079729 0.4183107294)
(0 -3.259509426e-11 8.557084841e-11)
(0 6.253953063e-11 4.271800222e-11)
(0 5.066412206e-11 2.971892068e-11)
(0 4.491595558e-11 1.287792062e-11)
(0 3.740996389e-11 4.160427999e-12)
(0 3.096095773e-11 3.696221645e-13)
(0 2.627953947e-11 -1.138750996e-12)
(0 2.30542558e-11 -1.659490182e-12)
(0 2.084237084e-11 -1.758441522e-12)
(0 1.930493454e-11 -1.67851821e-12)
(0 1.821681039e-11 -1.526142739e-12)
(0 1.743347403e-11 -1.34941629e-12)
(0 1.68616333e-11 -1.170484716e-12)
(0 1.643984624e-11 -9.993160145e-13)
(0 1.612670635e-11 -8.398736121e-13)
(0 1.589373942e-11 -6.930539688e-13)
(0 1.572107854e-11 -5.581644052e-13)
(0 1.55947687e-11 -4.336986362e-13)
(0 1.550504564e-11 -3.177532673e-13)
(0 1.544521854e-11 -2.082503121e-13)
(0 1.541094612e-11 -1.030499601e-13)
(0 7.699892545e-12 1.453001771e-23)
(0 3.066155491e-11 8.504738064e-11)
(0 3.253966702e-11 1.616789237e-08)
(0 4.197010272e-10 2.499627192e-09)
(0 -1.33519347e-10 -1.159026058e-09)
(0 1.133429174e-10 -1.608231566e-09)
(0 9.364578669e-11 -1.753892417e-09)
(0 6.310375349e-11 -3.785026686e-09)
(0 1.52550248e-11 -1.070667321e-08)
(0 0.3320894353 -0.04926420279)
(0 0.3367196673 -0.1995904372)
(0 0.172692073 -0.3399545329)
(0 0.06838527116 -0.6123250662)
(0 -0.3945121487 0.1416334485)
(0 -0.4028561726 2.147378341)
(0 -0.2851155261 2.241410043)
(0 -0.1972816515 2.146586281)
(0 -0.406200987 1.309193098)
(0 -5.138519983e-11 -1.043328684e-11)
(0 -3.465616855e-11 7.285121689e-11)
(0 2.044621842e-11 4.515830119e-11)
(0 3.177705259e-11 2.963001813e-11)
(0 3.301551712e-11 1.747674811e-11)
(0 3.062731925e-11 9.45573919e-12)
(0 2.742757278e-11 4.722965193e-12)
(0 2.453691994e-11 2.07987948e-12)
(0 2.223772742e-11 6.462991026e-13)
(0 2.049565248e-11 -1.102491143e-13)
(0 1.919643758e-11 -4.899665621e-13)
(0 1.822896593e-11 -6.589820739e-13)
(0 1.750555102e-11 -7.09721591e-13)
(0 1.69616554e-11 -6.943525683e-13)
(0 1.655082847e-11 -6.427438607e-13)
(0 1.623974828e-11 -5.721338716e-13)
(0 1.600443376e-11 -4.924340489e-13)
(0 1.582757102e-11 -4.092147493e-13)
(0 1.569667282e-11 -3.254339391e-13)
(0 1.560281845e-11 -2.42465198e-13)
(0 1.553979469e-11 -1.607239335e-13)
(0 1.550352036e-11 -8.005800017e-14)
(0 7.745839694e-12 1.440523795e-23)
(0 3.021466567e-11 8.519758124e-11)
(0 4.775850774e-11 1.611638777e-08)
(0 4.012399787e-10 2.433777938e-09)
(0 2.974932591e-11 -1.187541601e-09)
(0 2.303876709e-10 -1.599549482e-09)
(0 7.064817844e-11 -1.730599558e-09)
(0 1.965574247e-10 -3.75020499e-09)
(0 2.082030885e-10 -1.064515049e-08)
(0 0.2368346116 -0.03853480522)
(0 0.2496639891 -0.1327023947)
(0 0.1051556377 -0.193872853)
(0 -0.009092959797 -0.2042903051)
(0 -0.2828950976 0.09970821981)
(0 -0.5719617344 2.066192908)
(0 0.05801958443 1.933408079)
(0 0.443584522 2.150982336)
(0 0.01607614509 1.440487705)
(0 -1.255405699e-11 -2.985003112e-11)
(0 1.824514265e-11 3.10138628e-11)
(0 1.931833199e-11 3.362734345e-11)
(0 2.298256898e-11 2.616594574e-11)
(0 2.474167664e-11 1.794330311e-11)
(0 2.465618097e-11 1.146278513e-11)
(0 2.358509803e-11 6.986607082e-12)
(0 2.220287338e-11 4.089018757e-12)
(0 2.08641272e-11 2.27508543e-12)
(0 1.970610517e-11 1.161133592e-12)
(0 1.875620158e-11 4.878873835e-13)
(0 1.799705536e-11 8.989874677e-14)
(0 1.739810353e-11 -1.361364392e-13)
(0 1.692861103e-11 -2.544556638e-13)
(0 1.656206494e-11 -3.05167363e-13)
(0 1.627701616e-11 -3.134816876e-13)
(0 1.605665854e-11 -2.953354218e-13)
(0 1.588807865e-11 -2.608300559e-13)
(0 1.576151825e-11 -2.163594193e-13)
(0 1.566975565e-11 -1.65949572e-13)
(0 1.560762574e-11 -1.121206539e-13)
(0 1.557167005e-11 -5.645682047e-14)
(0 7.779950545e-12 1.463164318e-23)
(0 2.968481026e-11 8.491356953e-11)
(0 6.08675355e-11 1.597044108e-08)
(0 3.294764549e-10 2.302689506e-09)
(0 2.280932365e-10 -1.161512316e-09)
(0 3.784881464e-10 -1.582681488e-09)
(0 6.19481736e-11 -1.680008575e-09)
(0 2.770847791e-10 -3.670047951e-09)
(0 3.602464141e-10 -1.054755979e-08)
(0 0.1646505798 -0.03464208733)
(0 0.1895636014 -0.104223623)
(0 0.08399200227 -0.1612160933)
(0 0.2003202773 -0.1087242013)
(0 0.1119100076 0.1982187851)
(0 0.9544281344 0.9287383729)
(0 2.74956597 0.9860689962)
(0 0.5800753105 2.116638349)
(0 0.007666752009 1.720859457)
(0 -1.046124923e-12 7.507139543e-11)
(0 2.918996748e-11 4.498998882e-11)
(0 1.559830137e-11 3.217156051e-11)
(0 1.609301225e-11 2.346306246e-11)
(0 1.83123565e-11 1.666766809e-11)
(0 1.967062322e-11 1.146546994e-11)
(0 2.00538064e-11 7.671676348e-12)
(0 1.982539828e-11 5.014535208e-12)
(0 1.930984226e-11 3.203914497e-12)
(0 1.870845443e-11 1.991817226e-12)
(0 1.812520274e-11 1.190479591e-12)
(0 1.760494211e-11 6.668232117e-13)
(0 1.716119661e-11 3.29736041e-13)
(0 1.679262447e-11 1.178398555e-13)
(0 1.649180244e-11 -9.984795265e-15)
(0 1.624958022e-11 -8.129172545e-14)
(0 1.605708539e-11 -1.146009052e-13)
(0 1.590654702e-11 -1.224156017e-13)
(0 1.57915533e-11 -1.132265974e-13)
(0 1.570705721e-11 -9.285274509e-14)
(0 1.564928744e-11 -6.535066617e-14)
(0 1.561564102e-11 -3.364748781e-14)
(0 7.802296514e-12 1.500028923e-23)
(0 2.885663683e-11 8.485316035e-11)
(0 7.911883571e-11 1.567352181e-08)
(0 2.639062983e-10 2.168146703e-09)
(0 4.795755693e-10 -1.07862301e-09)
(0 5.088757473e-10 -1.569404218e-09)
(0 7.390184264e-11 -1.639380474e-09)
(0 3.425082578e-10 -3.563158676e-09)
(0 4.880877321e-10 -1.034916393e-08)
(0 0.1033271026 -0.03367947978)
(0 0.1280362941 -0.09600164068)
(0 0.05693516436 -0.1617299653)
(0 0.1523999615 -0.1031105702)
(0 0.02482109085 0.1152247239)
(0 -0.07678718454 0.6812505538)
(0 -0.8820327597 1.331789022)
(0 -0.5231005069 4.376063238)
(0 0.001965706161 1.864489111)
(0 -2.334263556e-11 8.297221398e-11)
(0 -2.423530972e-11 4.211989137e-11)
(0 -2.208594364e-12 2.660566628e-11)
(0 7.478676551e-12 1.884699155e-11)
(0 1.274408411e-11 1.379881391e-11)
(0 1.566018923e-11 1.005978063e-11)
(0 1.71341633e-11 7.220135208e-12)
(0 1.773511153e-11 5.093562542e-12)
(0 1.784140922e-11 3.534229766e-12)
(0 1.769267026e-11 2.411735825e-12)
(0 1.743120756e-11 1.615384503e-12)
(0 1.713631181e-11 1.05717995e-12)
(0 1.684912018e-11 6.704244183e-13)
(0 1.658889019e-11 4.060693735e-13)
(0 1.636293336e-11 2.286798008e-13)
(0 1.617240005e-11 1.128948946e-13)
(0 1.601553466e-11 4.063177138e-14)
(0 1.588945296e-11 -1.010382482e-15)
(0 1.579108111e-11 -2.128074611e-14)
(0 1.571763158e-11 -2.688346073e-14)
(0 1.5666831e-11 -2.27800803e-14)
(0 1.563702072e-11 -1.278140903e-14)
(0 7.813598033e-12 1.46607596e-23)
(0 2.763832246e-11 8.413191192e-11)
(0 1.073904342e-10 1.525317173e-08)
(0 2.430294645e-10 2.058300093e-09)
(0 7.376604156e-10 -9.78613064e-10)
(0 5.983438898e-10 -1.565157928e-09)
(0 1.169977667e-10 -1.596145984e-09)
(0 4.051088268e-10 -3.443820383e-09)
(0 5.991363695e-10 -1.007612564e-08)
(0 0.04076328957 -0.04060771799)
(0 0.06183216307 -0.08454291101)
(0 -0.004315496182 -0.1859483357)
(0 0.09700137765 -0.0753527468)
(0 -0.06447047785 0.2543006465)
(0 -0.1742798323 1.038821388)
(0 -0.7450137437 1.770891689)
(0 -0.03300864381 2.795729816)
(0 0.0001489099078 1.749655588)
(0 -1.962841967e-11 9.651273096e-12)
(0 -2.681731754e-11 1.427036382e-11)
(0 -7.674598457e-12 1.328409109e-11)
(0 3.286159869e-12 1.152040064e-11)
(0 9.52514559e-12 9.620851725e-12)
(0 1.309194453e-11 7.754762731e-12)
(0 1.508758831e-11 6.055562511e-12)
(0 1.613949284e-11 4.605366188e-12)
(0 1.662801554e-11 3.427703269e-12)
(0 1.678960917e-11 2.505503737e-12)
(0 1.677064686e-11 1.802141167e-12)
(0 1.665998202e-11 1.276094022e-12)
(0 1.651008604e-11 8.887199545e-13)
(0 1.635087985e-11 6.073357928e-13)
(0 1.619862796e-11 4.05735159e-13)
(0 1.606153219e-11 2.63551142e-13)
(0 1.594318011e-11 1.652352335e-13)
(0 1.58446345e-11 9.901808305e-14)
(0 1.576568022e-11 5.599627416e-14)
(0 1.570555788e-11 2.938099693e-14)
(0 1.56633895e-11 1.389702361e-14)
(0 1.56384211e-11 5.302969574e-15)
(0 7.815077923e-12 1.4030517e-23)
(0 2.626590873e-11 8.19260651e-11)
(0 1.368575932e-10 1.473807801e-08)
(0 2.589844698e-10 1.947590978e-09)
(0 9.880214823e-10 -8.839612099e-10)
(0 6.505922921e-10 -1.551508697e-09)
(0 1.886266059e-10 -1.539702625e-09)
(0 4.639265131e-10 -3.312529968e-09)
(0 6.97760576e-10 -9.735583164e-09)
(0 -0.01380933404 -0.03956582383)
(0 -0.02592881899 -0.08016366697)
(0 -0.07044867818 -0.1875678085)
(0 -0.08175747096 -0.0635181004)
(0 -0.224884535 0.3063568797)
(0 -0.1525044088 1.189050094)
(0 -0.3557174328 1.905539579)
(0 0.1123179482 2.122861639)
(0 0.0003695397158 1.854145089)
(0 -1.559410446e-11 -2.316933727e-11)
(0 -2.028750276e-11 -7.659006158e-12)
(0 -4.958557544e-12 7.39908769e-13)
(0 3.815437189e-12 4.329709389e-12)
(0 8.978446201e-12 5.40948709e-12)
(0 1.209490002e-11 5.282893752e-12)
(0 1.398476675e-11 4.642001281e-12)
(0 1.510725228e-11 3.844633956e-12)
(0 1.574154677e-11 3.065705072e-12)
(0 1.606710816e-11 2.380431123e-12)
(0 1.620179785e-11 1.81158696e-12)
(0 1.62228906e-11 1.35634314e-12)
(0 1.618036195e-11 1.001030279e-12)
(0 1.61059054e-11 7.288162859e-13)
(0 1.60191487e-11 5.233657627e-13)
(0 1.593190012e-11 3.703296223e-13)
(0 1.585100161e-11 2.577326522e-13)
(0 1.5780214e-11 1.758479777e-13)
(0 1.572144402e-11 1.168670215e-13)
(0 1.567553233e-11 7.451614426e-14)
(0 1.564275297e-11 4.36861969e-14)
(0 1.562312369e-11 2.009734097e-14)
(0 7.808295064e-12 1.35036592e-23)
(0 2.491467999e-11 7.866429992e-11)
(0 1.636243866e-10 1.413153821e-08)
(0 2.993690084e-10 1.830521434e-09)
(0 1.228468064e-09 -7.983996516e-10)
(0 6.756505701e-10 -1.520939791e-09)
(0 2.80883187e-10 -1.469542012e-09)
(0 5.162144418e-10 -3.167151923e-09)
(0 7.871182032e-10 -9.330587743e-09)
(0 -0.06651405072 -0.0178403888)
(0 -0.102901668 -0.0501594832)
(0 -0.1860048204 -0.08895861208)
(0 -0.3676950808 0.01632347039)
(0 -0.5780231572 0.4274968823)
(0 -0.5816705871 1.24739748)
(0 -0.6874772251 1.860409404)
(0 -0.4803319411 1.937753898)
(0 0.00132646158 1.918200611)
(0 -6.787847582e-12 -5.643180852e-11)
(0 -2.565118683e-12 -2.21314571e-11)
(0 4.31411709e-12 -6.995124516e-12)
(0 7.95573819e-12 -3.509168464e-13)
(0 1.047832995e-11 2.404531737e-12)
(0 1.232445872e-11 3.325328694e-12)
(0 1.364932851e-11 3.38490752e-12)
(0 1.456319663e-11 3.065453243e-12)
(0 1.516381271e-11 2.610047683e-12)
(0 1.553549106e-11 2.13893232e-12)
(0 1.574655888e-11 1.707439866e-12)
(0 1.584942534e-11 1.336666435e-12)
(0 1.588255918e-11 1.030240548e-12)
(0 1.587321534e-11 7.835260182e-13)
(0 1.58401413e-11 5.885720398e-13)
(0 1.579589908e-11 4.36660393e-13)
(0 1.574869847e-11 3.195130993e-13)
(0 1.570376887e-11 2.29773532e-13)
(0 1.566434839e-11 1.611097185e-13)
(0 1.563237705e-11 1.081332006e-13)
(0 1.560897069e-11 6.623656256e-14)
(0 1.55947349e-11 3.14013984e-14)
(0 7.794980582e-12 1.259300807e-23)
(0 2.363957115e-11 7.477860571e-11)
(0 1.877796646e-10 1.343647375e-08)
(0 3.557434912e-10 1.707804619e-09)
(0 1.458947969e-09 -7.205251151e-10)
(0 6.817416871e-10 -1.473510948e-09)
(0 3.865079069e-10 -1.388781659e-09)
(0 5.606648975e-10 -3.006376955e-09)
(0 8.693427148e-10 -8.864828485e-09)
(0 -0.0705136839 0.01161252054)
(0 -0.1147715531 0.03349566052)
(0 -0.2263967225 0.1093957175)
(0 -0.4893773753 0.2829514657)
(0 -0.8485139181 0.6804900289)
(0 -1.070167344 1.273346053)
(0 -0.9850749413 1.678382083)
(0 -0.7348505599 1.831320929)
(0 -0.003377964155 1.402716247)
(0 2.285807711e-11 -4.071920571e-11)
(0 2.955985784e-11 -1.702541342e-11)
(0 1.682198271e-11 -6.238007203e-12)
(0 1.321509344e-11 -1.142756614e-12)
(0 1.265469174e-11 1.234236587e-12)
(0 1.30752758e-11 2.228974355e-12)
(0 1.37248913e-11 2.50683785e-12)
(0 1.433239245e-11 2.422220182e-12)
(0 1.481502585e-11 2.1701048e-12)
(0 1.516450035e-11 1.857819264e-12)
(0 1.539953196e-11 1.542579475e-12)
(0 1.554569128e-11 1.252641062e-12)
(0 1.562722153e-11 9.997318976e-13)
(0 1.566423689e-11 7.864645863e-13)
(0 1.567228308e-11 6.107264078e-13)
(0 1.566284118e-11 4.682210872e-13)
(0 1.564411474e-11 3.538846323e-13)
(0 1.562181062e-11 2.626255799e-13)
(0 1.559980369e-11 1.896689368e-13)
(0 1.558065917e-11 1.30674104e-13)
(0 1.556602117e-11 8.172815765e-14)
(0 1.555688713e-11 3.927312602e-14)
(0 7.776893665e-12 1.148464198e-23)
(0 2.246303964e-11 7.04144342e-11)
(0 2.093673769e-10 1.265669996e-08)
(0 4.197248779e-10 1.581691182e-09)
(0 1.677643474e-09 -6.485299058e-10)
(0 6.746793372e-10 -1.410812838e-09)
(0 4.997687622e-10 -1.300119098e-09)
(0 5.972747167e-10 -2.829814582e-09)
(0 9.456419707e-10 -8.342493831e-09)
(0 -0.01648367292 0.03300577971)
(0 -0.04236000001 0.1072947992)
(0 -0.1251257223 0.3001259696)
(0 -0.317983567 0.5906861346)
(0 -0.6464021661 0.998597857)
(0 -1.001917147 1.339592106)
(0 -0.9563953355 1.376627989)
(0 -0.605556637 1.244012421)
(0 -0.002439819695 0.8477731324)
(0 2.320736241e-11 1.04292121e-11)
(0 3.227044011e-11 1.339484536e-12)
(0 2.01967739e-11 2.112608108e-13)
(0 1.542798198e-11 7.83671558e-13)
(0 1.385006092e-11 1.446186814e-12)
(0 1.359705998e-11 1.849485673e-12)
(0 1.384257434e-11 1.991245763e-12)
(0 1.422646358e-11 1.946488935e-12)
(0 1.459941179e-11 1.79034151e-12)
(0 1.490796573e-11 1.579668278e-12)
(0 1.514138068e-11 1.352418138e-12)
(0 1.530657776e-11 1.131579092e-12)
(0 1.541638271e-11 9.295699482e-13)
(0 1.548420985e-11 7.518631292e-13)
(0 1.55218978e-11 5.996409355e-13)
(0 1.553905731e-11 4.716110077e-13)
(0 1.554310296e-11 3.651811352e-13)
(0 1.553955318e-11 2.771800261e-13)
(0 1.553239691e-11 2.042716881e-13)
(0 1.552443627e-11 1.431706865e-13)
(0 1.551756971e-11 9.073205468e-14)
(0 1.551300674e-11 4.396471687e-14)
(0 7.755707456e-12 1.069261382e-23)
(0 2.138366081e-11 6.565781121e-11)
(0 2.286499215e-10 1.179831792e-08)
(0 4.839241483e-10 1.452055051e-09)
(0 1.881494225e-09 -5.799186542e-10)
(0 6.584912126e-10 -1.334715597e-09)
(0 6.162320628e-10 -1.205105989e-09)
(0 6.265953091e-10 -2.637978326e-09)
(0 1.016561982e-09 -7.767932046e-09)
(0 0.0634109882 0.03979781925)
(0 0.06375606759 0.1246850233)
(0 0.0310214726 0.3896964904)
(0 -0.03589687517 0.7603115796)
(0 -0.1555243679 1.236973962)
(0 -0.403463568 1.534113359)
(0 -0.3840084299 1.2856329)
(0 -0.3217889099 0.9629734577)
(0 0.0004771809075 0.6737164722)
(0 9.647028309e-12 3.185168564e-11)
(0 1.955893671e-11 1.19570165e-11)
(0 1.626616973e-11 4.959902963e-12)
(0 1.445001945e-11 2.619986562e-12)
(0 1.372050586e-11 1.91734451e-12)
(0 1.362033475e-11 1.731536346e-12)
(0 1.382189456e-11 1.662172727e-12)
(0 1.413148819e-11 1.582154339e-12)
(0 1.444820519e-11 1.465110321e-12)
(0 1.472657697e-11 1.318095157e-12)
(0 1.495144278e-11 1.155839312e-12)
(0 1.512284309e-11 9.916760249e-13)
(0 1.524750557e-11 8.350942283e-13)
(0 1.533430788e-11 6.9176913e-13)
(0 1.539203096e-11 5.643605099e-13)
(0 1.542838138e-11 4.534030741e-13)
(0 1.544968376e-11 3.58054344e-13)
(0 1.546090117e-11 2.766484818e-13)
(0 1.546579435e-11 2.070736144e-13)
(0 1.546711954e-11 1.470102255e-13)
(0 1.54668152e-11 9.406845055e-14)
(0 1.546615508e-11 4.585584234e-14)
(0 7.732928948e-12 9.689803863e-24)
(0 2.038969656e-11 6.055802832e-11)
(0 2.461457545e-10 1.086841528e-08)
(0 5.440250751e-10 1.316909648e-09)
(0 2.068808514e-09 -5.116222072e-10)
(0 6.353831835e-10 -1.247073202e-09)
(0 7.323699639e-10 -1.104605917e-09)
(0 6.490821702e-10 -2.431947421e-09)
(0 1.082205015e-09 -7.145641545e-09)
(0 0.107570811 0.04003402793)
(0 0.113607704 0.1190189565)
(0 0.120103193 0.4091116139)
(0 0.1597332095 0.7786368326)
(0 0.2284331119 1.298882894)
(0 0.1476455195 1.625430046)
(0 0.2898510044 1.371108726)
(0 0.1474573059 0.8041261324)
(0 0.0001747659222 0.7012106476)
(0 2.257552023e-13 1.918562189e-11)
(0 5.547455501e-12 9.844346227e-12)
(0 1.085974396e-11 5.051359476e-12)
(0 1.238542353e-11 2.819024527e-12)
(0 1.296161071e-11 1.87166854e-12)
(0 1.33418882e-11 1.497150466e-12)
(0 1.369319233e-11 1.343757659e-12)
(0 1.402940118e-11 1.254846483e-12)
(0 1.433535261e-11 1.169847876e-12)
(0 1.459869472e-11 1.071754381e-12)
(0 1.481496155e-11 9.61155397e-13)
(0 1.498583268e-11 8.44178938e-13)
(0 1.511647581e-11 7.27352955e-13)
(0 1.521347613e-11 6.157552095e-13)
(0 1.528353174e-11 5.126307067e-13)
(0 1.533275114e-11 4.195920969e-13)
(0 1.536634837e-11 3.369923703e-13)
(0 1.538857245e-11 2.642940152e-13)
(0 1.540275866e-11 2.003714046e-13)
(0 1.541143111e-11 1.437341646e-13)
(0 1.541641533e-11 9.268007436e-14)
(0 1.541893829e-11 4.539274227e-14)
(0 7.709851614e-12 8.527350759e-24)
(0 1.946542605e-11 5.517582005e-11)
(0 2.620782943e-10 9.87427162e-09)
(0 5.979299284e-10 1.174859331e-09)
(0 2.238918643e-09 -4.415358043e-10)
(0 6.059438008e-10 -1.149292222e-09)
(0 8.45387027e-10 -9.993265598e-10)
(0 6.649739401e-10 -2.212998757e-09)
(0 1.142397189e-09 -6.480382878e-09)
(0 0.1200453393 0.05067692993)
(0 0.1056867784 0.08206497582)
(0 0.09127629415 0.3746035256)
(0 0.1852468859 0.6761244848)
(0 0.3445404436 1.199221798)
(0 0.3724432348 1.540019426)
(0 0.6894088908 1.420980497)
(0 0.3363528935 0.9812436399)
(0 4.343349514e-05 0.8886585123)
(0 1.54915009e-12 9.062324128e-13)
(0 5.58881321e-12 3.346368025e-12)
(0 9.240848029e-12 2.582162921e-12)
(0 1.127032851e-11 1.733088269e-12)
(0 1.23986318e-11 1.253160322e-12)
(0 1.309242387e-11 1.041645957e-12)
(0 1.357959058e-11 9.608611848e-13)
(0 1.395757841e-11 9.236199266e-13)
(0 1.426511309e-11 8.876690316e-13)
(0 1.45178845e-11 8.37904011e-13)
(0 1.472386733e-11 7.728338149e-13)
(0 1.488904065e-11 6.965201584e-13)
(0 1.501908184e-11 6.143781796e-13)
(0 1.511958563e-11 5.312686208e-13)
(0 1.519586785e-11 4.508200345e-13)
(0 1.525274304e-11 3.753499291e-13)
(0 1.529438568e-11 3.060377885e-13)
(0 1.532428021e-11 2.431724791e-13)
(0 1.53452345e-11 1.863916876e-13)
(0 1.535942821e-11 1.348815532e-13)
(0 1.536847378e-11 8.752988653e-14)
(0 1.5373475e-11 4.303790773e-14)
(0 7.687536206e-12 7.667377277e-24)
(0 1.859287621e-11 4.955604185e-11)
(0 2.771568911e-10 8.822489033e-09)
(0 6.450229894e-10 1.027122308e-09)
(0 2.392403731e-09 -3.69035727e-10)
(0 5.701544053e-10 -1.041937072e-09)
(0 9.528602733e-10 -8.900288982e-10)
(0 6.742647228e-10 -1.982508858e-09)
(0 1.196673997e-09 -5.777190095e-09)
(0 0.06980549357 0.06548244977)
(0 0.02192180657 0.1423353683)
(0 -0.008509394228 0.3704342559)
(0 0.09187648264 0.5725406827)
(0 0.290904318 1.040742897)
(0 0.359375771 1.416106331)
(0 0.742104707 1.453707362)
(0 0.3682950159 1.204811144)
(0 4.30662278e-05 1.148581836)
(0 3.262113924e-12 1.962216877e-12)
(0 7.4277043e-12 2.556953143e-13)
(0 9.246464206e-12 1.978417155e-13)
(0 1.105642093e-11 2.780108591e-13)
(0 1.22701684e-11 3.662463174e-13)
(0 1.304958906e-11 4.554124231e-13)
(0 1.35751663e-11 5.344187609e-13)
(0 1.395620902e-11 5.910952493e-13)
(0 1.424963669e-11 6.192912708e-13)
(0 1.44838595e-11 6.19343952e-13)
(0 1.46735777e-11 5.957433254e-13)
(0 1.482737705e-11 5.546826111e-13)
(0 1.495122427e-11 5.023696901e-13)
(0 1.504991798e-11 4.441245096e-13)
(0 1.512761305e-11 3.840374676e-13)
(0 1.518796889e-11 3.249580414e-13)
(0 1.523417092e-11 2.686452013e-13)
(0 1.526892635e-11 2.159751331e-13)
(0 1.529446773e-11 1.671494097e-13)
(0 1.531256931e-11 1.21877478e-13)
(0 1.532457169e-11 7.952534438e-14)
(0 1.53314084e-11 3.923202305e-14)
(0 7.666813706e-12 6.576294298e-24)
(0 1.776233543e-11 4.361476998e-11)
(0 2.918558788e-10 7.716092291e-09)
(0 6.836682008e-10 8.771342702e-10)
(0 2.528945779e-09 -2.947029981e-10)
(0 5.281049303e-10 -9.260630421e-10)
(0 1.052464786e-09 -7.788470445e-10)
(0 6.768611062e-10 -1.743387231e-09)
(0 1.244323057e-09 -5.042510825e-09)
(0 0.09487028351 0.1096585526)
(0 0.04861493138 0.1290032175)
(0 -0.01947094847 0.3043636013)
(0 0.03037352786 0.4201339593)
(0 0.1686935397 0.8263908828)
(0 0.1675128519 1.318109217)
(0 0.640832571 1.454201769)
(0 0.3540647088 1.420826268)
(0 7.646505142e-05 1.402079198)
(0 1.408491306e-14 -6.185093987e-12)
(0 4.08889304e-12 -4.219168864e-12)
(0 9.263163573e-12 -2.324493398e-12)
(0 1.143873311e-11 -1.185131948e-12)
(0 1.257603336e-11 -5.21591251e-13)
(0 1.326059631e-11 -1.20664852e-13)
(0 1.371527341e-11 1.302997412e-13)
(0 1.404245092e-11 2.870428679e-13)
(0 1.429336179e-11 3.790464271e-13)
(0 1.449433655e-11 4.244271104e-13)
(0 1.465920599e-11 4.36106151e-13)
(0 1.479566701e-11 4.240950553e-13)
(0 1.490852374e-11 3.962953847e-13)
(0 1.500125341e-11 3.58827173e-13)
(0 1.507670138e-11 3.162540351e-13)
(0 1.513735078e-11 2.718073202e-13)
(0 1.518540277e-11 2.276180798e-13)
(0 1.522278442e-11 1.849417944e-13)
(0 1.525113684e-11 1.443613794e-13)
(0 1.527180414e-11 1.059607223e-13)
(0 1.528582832e-11 6.94674156e-14)
(0 1.529394966e-11 3.436780007e-14)
(0 7.648304183e-12 5.557538985e-24)
(0 1.699359596e-11 3.701699973e-11)
(0 3.064951223e-10 6.553766326e-09)
(0 7.117442337e-10 7.229943018e-10)
(0 2.646469298e-09 -2.240337616e-10)
(0 4.796246618e-10 -8.075287137e-10)
(0 1.141722202e-09 -6.726594244e-10)
(0 6.728410474e-10 -1.503676235e-09)
(0 1.284671003e-09 -4.288076898e-09)
(0 0.1600931032 0.109755627)
(0 0.05090137481 0.295313289)
(0 0.02744840384 0.3435918345)
(0 0.006469779929 0.4027669053)
(0 0.06834960171 0.7929075086)
(0 -0.07563665398 1.090402561)
(0 0.6055408934 1.220426888)
(0 0.1106538216 1.650211625)
(0 0.0002841392144 1.599508233)
(0 4.764383991e-12 -1.952299819e-11)
(0 1.160882546e-11 -8.300388778e-12)
(0 1.228050112e-11 -4.091505202e-12)
(0 1.285932308e-11 -2.172457553e-12)
(0 1.333463549e-11 -1.146818576e-12)
(0 1.370148005e-11 -5.467861498e-13)
(0 1.398287402e-11 -1.796058835e-13)
(0 1.420495571e-11 4.772142297e-14)
(0 1.438702093e-11 1.854166314e-13)
(0 1.454091923e-11 2.632064849e-13)
(0 1.467324564e-11 3.001570107e-13)
(0 1.478756628e-11 3.092971082e-13)
(0 1.488595639e-11 2.99892998e-13)
(0 1.496987664e-11 2.786396844e-13)
(0 1.50405932e-11 2.503501184e-13)
(0 1.509933294e-11 2.184058238e-13)
(0 1.514730539e-11 1.850853248e-13)
(0 1.518566965e-11 1.518202999e-13)
(0 1.521548666e-11 1.194012242e-13)
(0 1.523767535e-11 8.814342404e-14)
(0 1.525297876e-11 5.802089835e-14)
(0 1.526194099e-11 2.877437692e-14)
(0 7.632445906e-12 4.334472961e-24)
(0 1.632612835e-11 2.883304245e-11)
(0 3.212197666e-10 5.351073306e-09)
(0 7.273451965e-10 5.706051854e-10)
(0 2.743243586e-09 -1.563803384e-10)
(0 4.251932986e-10 -6.866182875e-10)
(0 1.218193341e-09 -5.721426919e-10)
(0 6.620185145e-10 -1.268441117e-09)
(0 1.316891615e-09 -3.538387081e-09)
(0 -0.2353214635 0.2352968351)
(0 -0.4702575937 0.2864475242)
(0 -0.3747070156 0.4152485728)
(0 -0.205203459 0.4971759683)
(0 0.0477363681 0.9079676415)
(0 -0.01222981128 1.053850931)
(0 0.4196295608 1.17062255)
(0 -0.271861563 2.147430293)
(0 -0.002709511796 1.543351883)
(0 1.591709699e-11 -3.958823531e-12)
(0 1.990483986e-11 -4.981102881e-12)
(0 1.53910948e-11 -3.568695496e-12)
(0 1.438341974e-11 -2.266371771e-12)
(0 1.420170476e-11 -1.346445504e-12)
(0 1.4227809e-11 -7.40058689e-13)
(0 1.430978098e-11 -3.496615473e-13)
(0 1.440747344e-11 -1.019715494e-13)
(0 1.450884685e-11 5.168935347e-14)
(0 1.460907693e-11 1.428242339e-13)
(0 1.470529662e-11 1.920192675e-13)
(0 1.4795403e-11 2.130457555e-13)
(0 1.487786631e-11 2.153431388e-13)
(0 1.495171053e-11 2.054924734e-13)
(0 1.501646752e-11 1.881056415e-13)
(0 1.507208598e-11 1.663860086e-13)
(0 1.511881725e-11 1.425033431e-13)
(0 1.515710032e-11 1.178596399e-13)
(0 1.518745997e-11 9.328656066e-14)
(0 1.521042382e-11 6.919680067e-14)
(0 1.522645928e-11 4.57026575e-14)
(0 1.523592876e-11 2.27107734e-14)
(0 7.619529806e-12 3.444393225e-24)
(0 1.600946313e-11 2.501050238e-11)
(0 3.137415483e-10 4.4465476e-09)
(0 7.178160287e-10 7.241238866e-10)
(0 2.813697345e-09 2.205898157e-10)
(0 3.641938544e-10 -2.524468261e-10)
(0 1.2759214e-09 -1.628559808e-10)
(0 6.259083564e-10 -7.193611012e-10)
(0 1.32553041e-09 -2.450971262e-09)
(0 -1.968173222 0.4626829006)
(0 -2.381935212 0.03130414278)
(0 -2.152608711 -0.07355175529)
(0 -2.014387818 -0.08254461784)
(0 -1.748488255 0.297287212)
(0 -1.646000654 0.5857081656)
(0 -1.444393064 0.9811576413)
(0 -0.8204084574 2.075377926)
(0 -0.01487514192 1.24219268)
(0 2.716828349e-11 -1.931180022e-12)
(0 1.239251833e-11 -3.701914129e-12)
(0 1.499523223e-11 -2.93589619e-12)
(0 1.508157307e-11 -1.977889907e-12)
(0 1.486094857e-11 -1.232533309e-12)
(0 1.469826401e-11 -7.173413471e-13)
(0 1.462096116e-11 -3.770095447e-13)
(0 1.460630661e-11 -1.576346824e-13)
(0 1.463181672e-11 -1.951050235e-14)
(0 1.468124914e-11 6.438388198e-14)
(0 1.474346716e-11 1.120524284e-13)
(0 1.481089015e-11 1.355259557e-13)
(0 1.487840311e-11 1.429439195e-13)
(0 1.494263914e-11 1.398843731e-13)
(0 1.500148673e-11 1.30197501e-13)
(0 1.505373064e-11 1.165335156e-13)
(0 1.509877902e-11 1.006874245e-13)
(0 1.513645286e-11 8.383382108e-14)
(0 1.516682382e-11 6.669390736e-14)
(0 1.519009144e-11 4.965902619e-14)
(0 1.520649274e-11 3.288509691e-14)
(0 1.521623833e-11 1.636708853e-14)
(0 7.609735133e-12 3.219771718e-24)
(0 1.526300104e-11 2.018973636e-11)
(0 3.287990355e-10 2.518962924e-09)
(0 6.598115075e-10 -9.963901925e-11)
(0 2.867465857e-09 -4.474401474e-10)
(0 2.999230212e-10 -8.082174917e-10)
(0 1.322116319e-09 -7.467408073e-10)
(0 5.975626704e-10 -1.153437006e-09)
(0 1.336321945e-09 -2.337907493e-09)
(0 -2.155305339 1.024443643)
(0 -2.392512775 0.5249536722)
(0 -2.372561832 0.3371411933)
(0 -2.4232504 0.3648744311)
(0 -2.373720042 0.5446884745)
(0 -2.214140876 0.8478037538)
(0 -1.86679864 1.070780695)
(0 -1.070907179 1.108924719)
(0 -0.01520875123 0.4876488947)
(0 3.119950267e-11 -1.065473755e-11)
(0 1.921812613e-11 -4.641625988e-12)
(0 1.711511902e-11 -2.49516075e-12)
(0 1.608678262e-11 -1.476767333e-12)
(0 1.546225332e-11 -8.88458769e-13)
(0 1.508333277e-11 -5.197644298e-13)
(0 1.486948765e-11 -2.834001635e-13)
(0 1.476497248e-11 -1.320454257e-13)
(0 1.473086542e-11 -3.647804437e-14)
(0 1.474063986e-11 2.217191497e-14)
(0 1.477643869e-11 5.628275637e-14)
(0 1.482629449e-11 7.40635388e-14)
(0 1.488222473e-11 8.102401113e-14)
(0 1.493896411e-11 8.09056819e-14)
(0 1.499311666e-11 7.626903668e-14)
(0 1.504257591e-11 6.886623639e-14)
(0 1.508611755e-11 5.988255868e-14)
(0 1.51231068e-11 5.00979597e-14)
(0 1.515328517e-11 3.999948495e-14)
(0 1.517661501e-11 2.986267284e-14)
(0 1.519316734e-11 1.98127618e-14)
(0 1.520304366e-11 9.872370256e-15)
(0 7.603162718e-12 1.470806819e-24)
(0 1.452561839e-11 7.640991254e-12)
(0 3.821675321e-10 1.66197984e-09)
(0 7.119381605e-10 2.366823132e-10)
(0 2.914567171e-09 1.005676564e-10)
(0 3.052966753e-10 -2.317134189e-10)
(0 1.38785073e-09 -1.915493256e-10)
(0 5.895512916e-10 -4.771222772e-10)
(0 1.342614958e-09 -1.202840934e-09)
(0 -3.258715315 0.3090108602)
(0 -2.167612688 -0.03275783917)
(0 -2.257771352 -0.1200577824)
(0 -2.070874589 -0.08014401952)
(0 -1.91976653 0.0240168374)
(0 -1.581131996 0.1355084097)
(0 -1.099020651 0.1171256782)
(0 -0.4968702521 0.064226918)
(0 5.7012765e-12 8.081607437e-12)
(0 2.422005921e-11 -2.385076345e-12)
(0 2.067693404e-11 -1.590534121e-12)
(0 1.816009089e-11 -9.262684472e-13)
(0 1.668827505e-11 -5.455622557e-13)
(0 1.581795148e-11 -3.247760181e-13)
(0 1.530332262e-11 -1.898641024e-13)
(0 1.500868017e-11 -1.047861705e-13)
(0 1.485322873e-11 -5.067158082e-14)
(0 1.478603406e-11 -1.652991882e-14)
(0 1.477400994e-11 4.497059254e-15)
(0 1.479535879e-11 1.684016426e-14)
(0 1.483563141e-11 2.34171545e-14)
(0 1.488524525e-11 2.617707919e-14)
(0 1.493788416e-11 2.643767832e-14)
(0 1.498944729e-11 2.509713548e-14)
(0 1.503734416e-11 2.276830778e-14)
(0 1.508001075e-11 1.986538961e-14)
(0 1.511656979e-11 1.666150064e-14)
(0 1.514658853e-11 1.332838015e-14)
(0 1.516990472e-11 9.964859404e-15)
(0 1.518650243e-11 6.618093265e-15)
(0 1.519642557e-11 3.299955352e-15)
(0 7.599862762e-12 -1.578897309e-25)
(0 1.575926471e-11 -5.980203548e-13)
(0 3.062344395e-10 9.961459862e-10)
(0 4.560416767e-10 5.771723821e-10)
(0 2.936733543e-09 5.853737318e-10)
(0 3.082932609e-10 4.012169234e-10)
(0 1.544817015e-09 4.192517633e-10)
(0 6.062637452e-10 3.018273031e-10)
(0 1.331338843e-09 3.967587232e-11)
)
;

boundaryField
{
    lowerWall
    {
        type            slip;
    }
    atmosphere
    {
        type            pressureInletOutletVelocity;
        tangentialVelocity uniform (0 0 0);
        value           nonuniform List<vector> 
80
(
(0 -1.940251727 -0.3508082415)
(0 -0.4847756551 -1.123538692)
(0 0.11048445 0)
(0 0.4770124767 0)
(0 0.7531734914 0)
(0 0.8689300428 0)
(0 0.7123838843 0)
(0 0.8675701902 0)
(0 0.7469262323 0)
(0 0.8236193768 0)
(0 0.3780489311 0)
(0 -0.3825867006 -0.7963472302)
(0 -1.268161098 -1.126077174)
(0 -1.764262159 -0.8959634899)
(0 -1.543114214 -0.5260605978)
(0 -0.9866418154 -0.04470263154)
(0 -0.4781297831 0.2198105098)
(0 0.1155205234 0)
(0 -0.4480298143 0.4563174784)
(0 -2.660931697 1.136448943)
(0 -3.410843734 0.677705146)
(0 -1.378162863 0.3709264397)
(0 0.5742559422 0)
(0 0.9704095327 0)
(0 0.8858638837 0)
(0 0.8024067522 0)
(0 0.7042275905 0)
(0 0.6121902947 0)
(0 0.5262338724 0)
(0 0.4498540561 0)
(0 0.3904211049 0)
(0 0.3516092245 0)
(0 0.3417436752 0)
(0 0.3431707561 0)
(0 0.3425169978 0)
(0 0.3617220691 0)
(0 0.3761561 0)
(0 0.403927795 0)
(0 0.4382665748 0)
(0 0.4943612826 0)
(0 0.5692121244 0)
(0 0.6730056563 0)
(0 0.7427907865 0)
(0 0.1744301541 0)
(0 -0.5811774172 0.1281562302)
(0 -0.1468113754 0.02398489442)
(0 0.2796 0)
(0 0.1788331556 0)
(0 -0.1939136652 -0.2147648606)
(0 -0.384008837 0.0533827705)
(0 0.3886894762 0)
(0 0.4115661735 0)
(0 0.5530935221 0)
(0 0.6775046958 0)
(0 0.7488612028 0)
(0 0.7832166418 0)
(0 0.8174818659 0)
(0 0.7898793186 0)
(0 0.7171697557 0)
(0 0.5977853441 0)
(0 0.4804751302 0)
(0 0.3320894353 0)
(0 0.2368346116 0)
(0 0.1646505798 0)
(0 0.1033271026 0)
(0 0.04076328957 0)
(0 -0.01380933404 -0.03956582383)
(0 -0.06651405072 -0.0178403888)
(0 -0.0705136839 0.01161252054)
(0 -0.01648367292 0.03300577971)
(0 0.0634109882 0)
(0 0.107570811 0)
(0 0.1200453393 0)
(0 0.06980549357 0)
(0 0.09487028351 0)
(0 0.1600931032 0)
(0 -0.2353214635 0.2352968351)
(0 -1.968173222 0.4626829006)
(0 -2.155305339 1.024443643)
(0 -3.258715315 0.3090108602)
)
;
    }
    rightWall
    {
        type            empty;
    }
    leftWall
    {
        type            empty;
    }
    frontAndBack
    {
        type            slip;
    }
}


// ************************************************************************* //
