/*--------------------------------*- C++ -*----------------------------------*\
| =========                 |                                                 |
| \\      /  F ield         | OpenFOAM: The Open Source CFD Toolbox           |
|  \\    /   O peration     | Version:  2506                                  |
|   \\  /    A nd           | Website:  www.openfoam.com                      |
|    \\/     M anipulation  |                                                 |
\*---------------------------------------------------------------------------*/
FoamFile
{
    version     2.0;
    format      ascii;
    arch        "LSB;label=32;scalar=64";
    class       surfaceScalarField;
    location    "0.004";
    object      phi;
}
// * * * * * * * * * * * * * * * * * * * * * * * * * * * * * * * * * * * * * //

dimensions      [0 3 -1 0 0 0 0];

oriented        oriented;

internalField   nonuniform List<scalar> 
6280
(
3.9943336e-09
-4.628491422e-09
5.331679795e-09
-1.337345924e-09
-7.344184812e-10
6.06610211e-09
7.901611071e-10
-1.524579405e-09
1.482362418e-09
-6.921854808e-10
3.511869485e-09
-2.029461687e-09
2.929902304e-09
5.819982273e-10
-3.841510062e-18
2.929902308e-09
4.68695085e-19
2.797943851e-19
2.980361238e-19
1.706589612e-19
2.016634537e-19
9.637252344e-20
1.468817756e-19
5.478125142e-20
1.145656415e-19
3.231549942e-20
9.459903406e-20
1.996575122e-20
8.169831038e-20
1.289967627e-20
7.304204077e-20
8.655066119e-21
6.706367271e-20
5.977021324e-21
6.28512435e-20
4.210951624e-21
5.984664937e-20
3.003011669e-21
5.769149626e-20
2.15350006e-21
5.614552754e-20
1.544279173e-21
5.504179043e-20
1.102042988e-21
5.426093913e-20
7.79183423e-22
5.371584772e-20
5.434784909e-22
5.334199888e-20
3.723175774e-22
5.309124596e-20
2.493304169e-22
5.292762784e-20
1.623326644e-22
5.282448904e-20
1.020179515e-22
5.276247106e-20
6.10865828e-23
5.272811431e-20
3.363644547e-23
5.271290663e-20
1.471703338e-23
5.27137389e-20
-2.203000745e-32
6.570048602e-20
-1.298988274e-20
8.052828837e-19
-7.459276256e-19
1.458953708e-18
-6.590335641e-19
1.979419246e-18
-5.255825159e-19
2.119530975e-18
-1.451925435e-19
1.770646013e-18
3.43809556e-19
1.086418079e-18
6.791534615e-19
1.081344478e-18
1.057742613e-08
-5.452397899e-09
1.344584752e-08
-4.20576007e-09
7.743706206e-09
1.176825005e-08
7.165052559e-09
-9.459037065e-10
1.056157209e-08
-4.088698776e-09
4.406200917e-09
4.125876459e-09
-2.02599963e-09
7.014211371e-09
-9.708316412e-19
9.039026659e-10
3.600684869e-19
6.53224235e-19
2.237496387e-19
3.069773692e-19
1.600721817e-19
1.600491995e-19
1.244160236e-19
9.043623744e-20
1.022158933e-19
5.451407099e-20
8.753295912e-20
3.46468013e-20
7.745370023e-20
2.29767765e-20
7.036399597e-20
1.574236132e-20
6.529760301e-20
1.104078021e-20
6.164330354e-20
7.862439058e-21
5.899713776e-20
5.646248887e-21
5.708227537e-20
4.065377726e-21
5.570329136e-20
2.920276042e-21
5.471893087e-20
2.083464583e-21
5.402523419e-20
1.470042015e-21
5.35446868e-20
1.021341441e-21
5.321901172e-20
6.955113144e-22
5.300424821e-20
4.618617343e-22
5.286731312e-20
2.97328973e-22
5.278355767e-20
1.841707656e-22
5.273502092e-20
1.08396466e-22
5.27091949e-20
5.864523435e-23
5.269818959e-20
2.533980287e-23
5.269719528e-20
-2.987325861e-32
4.663458404e-20
-1.32701558e-20
2.395980715e-19
-9.493319793e-19
6.372968786e-19
-1.066039208e-18
7.929195098e-19
-6.903139066e-19
9.000927507e-19
-2.614509632e-19
8.30488403e-19
4.043317586e-19
4.626188967e-19
1.037942022e-18
1.539956708e-18
4.535485229e-10
-2.390456139e-09
1.794421255e-10
-3.931640215e-09
5.178661044e-09
6.769063015e-09
9.533677502e-09
-5.300867513e-09
9.363671446e-09
-3.918630164e-09
2.100754473e-09
1.138883762e-08
-9.039026659e-10
1.001888266e-08
-1.969226706e-19
4.236650351e-19
1.40513881e-20
4.422501763e-19
7.682168972e-20
2.442067386e-19
9.045921965e-20
1.464109804e-19
8.849385715e-20
9.240057645e-20
8.234862362e-20
6.06579722e-20
7.586293432e-20
4.113088936e-20
7.021928505e-20
2.861857641e-20
6.566241486e-20
2.029715143e-20
6.211926186e-20
1.458165533e-20
5.942711337e-20
1.055215876e-20
5.741626659e-20
7.654566812e-21
5.593717368e-20
5.541888745e-21
5.48664799e-20
3.988378382e-21
5.41055083e-20
2.841879643e-21
5.357653362e-20
1.996543706e-21
5.321885668e-20
1.37667599e-21
5.298536214e-20
9.268347047e-22
5.283971545e-20
6.055460595e-22
5.275415492e-20
3.8117528e-22
5.270778337e-20
2.291174879e-22
5.268526969e-20
1.298133086e-22
5.267588947e-20
6.72865689e-23
5.267284979e-20
2.80135092e-23
5.267237987e-20
-4.08249301e-32
4.329220564e-20
-8.968275494e-21
-1.642534343e-19
-7.508647422e-19
-2.742550545e-19
-9.641233074e-19
-3.111310401e-19
-6.613662972e-19
-2.795314662e-19
-3.009630874e-19
-2.152463732e-19
3.321358532e-19
-1.153812129e-19
9.301669621e-19
1.42067292e-18
3.84868514e-09
-1.362582053e-09
2.543468463e-09
-2.626412073e-09
9.106716833e-09
2.058358752e-10
1.094470536e-08
-7.13882725e-09
1.206567869e-08
-5.039560144e-09
6.464709559e-09
1.698984796e-08
-9.678508457e-19
1.648360732e-08
-6.903539e-19
-2.286781757e-19
-1.840007223e-19
-6.410315539e-20
-2.097406855e-20
8.11796894e-20
3.644881574e-20
8.898738429e-20
5.675125291e-20
7.209712161e-20
6.282154078e-20
5.458638169e-20
6.335062137e-20
4.060024225e-20
6.189786007e-20
3.006952272e-20
5.994691876e-20
2.224605143e-20
5.808976528e-20
1.64365789e-20
5.652952142e-20
1.211003007e-20
5.530358853e-20
8.878031423e-21
5.438366332e-20
6.459294709e-21
5.371998116e-20
4.64953152e-21
5.326017236e-20
3.299190621e-21
5.29566659e-20
2.297631649e-21
5.276901539e-20
1.56203636e-21
5.26640735e-20
1.029656695e-21
5.261534467e-20
6.523619736e-22
5.260209712e-20
3.927546883e-22
5.260847919e-20
2.21351785e-22
5.262274295e-20
1.144869193e-22
5.263661641e-20
5.269799183e-23
5.264483628e-20
1.943832353e-23
5.264591009e-20
-5.460091334e-32
4.343299967e-20
-4.644214254e-21
-2.840616804e-19
-4.322892294e-19
-5.813249963e-19
-6.74821406e-19
-7.302757473e-19
-5.202281725e-19
-7.502861157e-19
-2.88751097e-19
-6.375293731e-19
2.115822073e-19
-3.693656727e-19
6.54207235e-19
1.047414443e-18
8.385663262e-10
-6.270973729e-10
-1.786378466e-09
-1.448352589e-12
-3.633627117e-09
2.053113119e-09
-7.206586161e-09
-3.565832633e-09
-5.886046454e-09
-6.360057475e-09
-1.512792937e-09
1.261663424e-08
-1.458094435e-16
1.497082563e-08
9.76915347e-20
5.554959429e-21
-3.871770097e-20
7.230590203e-20
-1.316637366e-20
5.562793636e-20
1.955855305e-20
5.626172643e-20
3.924051299e-20
5.241414028e-20
4.883540134e-20
4.499019741e-20
5.281990183e-20
3.661418116e-20
5.407438879e-20
2.881322576e-20
5.413744623e-20
2.218096276e-20
5.376321645e-20
1.680859537e-20
5.329752278e-20
1.257337243e-20
5.288485181e-20
9.288257327e-21
5.257390013e-20
6.767753425e-21
5.236964026e-20
4.851292304e-21
5.225861339e-20
3.407749769e-21
5.222107062e-20
2.332784807e-21
5.223663573e-20
1.544211108e-21
5.228677878e-20
9.774270349e-22
5.235573739e-20
5.815266709e-22
5.243069422e-20
3.161666033e-22
5.250161432e-20
1.490828195e-22
5.256095402e-20
5.411435159e-23
5.260335674e-20
9.601966197e-24
5.262539796e-20
-2.945333591e-24
5.262523057e-20
-6.423945676e-32
4.613836554e-20
-3.017492657e-21
-2.166400349e-19
-1.784113375e-19
-4.914892946e-19
-4.079211109e-19
-6.586134402e-19
-3.609056835e-19
-7.134747461e-19
-2.416774648e-19
-6.206050479e-19
1.109262715e-19
-3.703134292e-19
3.961302512e-19
6.73209092e-19
1.060336126e-09
-6.844912024e-10
4.354543776e-10
6.234539666e-10
-1.819876373e-09
4.308470893e-09
-8.932693376e-09
3.547021076e-09
-1.464489744e-08
-6.478157805e-10
-7.374376853e-09
5.346140675e-09
-3.582943213e-15
7.596461725e-09
-1.035578415e-19
3.655410189e-20
-5.539582933e-20
2.414369686e-20
-1.253258359e-20
1.276423313e-20
1.57109669e-20
2.801742815e-20
3.181657012e-20
3.63075141e-20
4.04593851e-20
3.634608698e-20
4.501894643e-20
3.205305861e-20
4.744212579e-20
2.638823419e-20
4.876507884e-20
2.085597934e-20
4.952799352e-20
1.604347146e-20
5.001240767e-20
1.208661209e-20
5.036434791e-20
8.933876845e-21
5.065743901e-20
6.472179676e-21
5.092609772e-20
4.580154483e-21
5.118364843e-20
3.147756229e-21
5.143249692e-20
2.081571654e-21
5.166985165e-20
1.304621354e-21
5.189087841e-20
7.543411869e-22
5.209037732e-20
3.801816831e-22
5.226361044e-20
1.413344491e-22
5.240664586e-20
4.729712959e-24
5.251644163e-20
-5.668714316e-23
5.259080944e-20
-6.543875834e-23
5.262834329e-20
-4.080933588e-23
5.262688493e-20
-6.825137504e-32
4.782587548e-20
-3.072977395e-21
-1.070625392e-19
-3.242124525e-20
-2.977340952e-19
-2.251972981e-19
-4.39164684e-19
-2.272757656e-19
-5.08743057e-19
-1.798858236e-19
-4.548767414e-19
4.927465128e-20
-2.792543375e-19
2.127234117e-19
3.900628734e-19
-2.359133735e-11
-6.201266858e-10
-7.559412938e-10
1.355821678e-09
-1.694208584e-09
5.246754924e-09
-3.817626308e-09
5.670462978e-09
-7.892306753e-09
3.426885441e-09
-5.157369905e-09
2.611218848e-09
6.623938728e-15
2.439091643e-09
-2.977582945e-19
-4.523576078e-20
-6.677433381e-20
-2.068404734e-19
2.720611436e-21
-5.673118904e-20
2.400105285e-20
6.736239359e-21
3.1855143e-20
2.845240445e-20
3.616635673e-20
3.203357553e-20
3.935412202e-20
2.886372922e-20
4.190987094e-20
2.383067025e-20
4.395257096e-20
1.88112438e-20
4.557113414e-20
1.442269184e-20
4.685967243e-20
1.079571837e-20
4.790265074e-20
7.888445768e-21
4.876541382e-20
5.60692823e-21
4.949369947e-20
3.849399092e-21
5.011746385e-20
2.521568731e-21
5.065554662e-20
1.541146235e-21
5.111957149e-20
8.383828188e-22
5.151671891e-20
3.551565993e-22
5.185153008e-20
4.354824922e-23
5.21270057e-20
-1.357149997e-22
5.2345229e-20
-2.147866841e-22
5.250769002e-20
-2.201324386e-22
5.261543886e-20
-1.738446631e-22
5.266915262e-20
-9.484565481e-23
5.266741678e-20
-7.049005359e-32
4.833400351e-20
-3.596737476e-21
-2.308424889e-20
3.00989029e-20
-1.387766142e-19
-1.174526203e-19
-2.437555481e-19
-1.300974954e-19
-3.114891503e-19
-1.19938949e-19
-2.897342565e-19
1.973445952e-20
-1.845227675e-19
9.972749447e-20
2.016481858e-19
-1.829211124e-08
1.867898002e-09
-2.246585581e-08
5.529579364e-09
-2.648439683e-08
9.265303917e-09
-3.098754076e-08
1.017361168e-08
-3.319850826e-08
5.637852095e-09
-2.797166339e-08
-2.615635e-09
-1.742842589e-08
-8.104162478e-09
2.116805534e-20
-1.742843942e-08
8.373715807e-20
-2.694099015e-19
6.618803984e-20
-3.918251146e-20
4.571721794e-20
2.720634569e-20
3.543631408e-20
3.87323114e-20
3.299651042e-20
3.447209953e-20
3.432106305e-20
2.75376246e-20
3.689044448e-20
2.125948196e-20
3.9564019e-20
1.613563396e-20
4.194416067e-20
1.204032841e-20
4.395239983e-20
8.785114812e-21
4.56211332e-20
6.217241323e-21
4.700788468e-20
4.217673816e-21
4.816586911e-20
2.688946903e-21
4.913704136e-20
1.547989843e-21
4.99527832e-20
7.230839362e-22
5.063634527e-20
1.526297719e-22
5.120511056e-20
-2.15623014e-22
5.167226684e-20
-4.254063459e-22
5.204793402e-20
-5.129314933e-22
5.233988325e-20
-5.080059958e-22
5.255397779e-20
-4.351923025e-22
5.269443787e-20
-3.149491324e-22
5.276399828e-20
-1.647252847e-22
5.276336973e-20
-7.01718181e-32
4.842955086e-20
-4.118718544e-21
2.507395349e-20
4.455632363e-20
-4.010485354e-20
-6.022156869e-20
-1.120751095e-19
-6.592796872e-20
-1.692650996e-19
-7.053576073e-20
-1.666471627e-19
9.331144484e-21
-1.115692099e-19
3.686503218e-20
8.61870116e-20
-1.82273172e-08
4.209566239e-09
-2.051134619e-08
7.813609004e-09
-2.009779444e-08
8.851747164e-09
-1.647355179e-08
6.54935557e-09
-9.057086881e-09
-1.778634855e-09
2.028864362e-10
-1.187564044e-08
3.379429801e-09
-1.128074305e-08
1.834181489e-14
-1.404905548e-08
2.541532957e-19
2.987499478e-20
1.325773846e-19
8.239303203e-20
5.724318365e-20
1.025399036e-19
3.117610221e-20
6.479844878e-20
2.606203549e-20
3.958493743e-20
2.804292041e-20
2.555523624e-20
3.176659649e-20
1.753404109e-20
3.546871345e-20
1.243150764e-20
3.868894707e-20
8.817888739e-21
4.138452634e-20
6.087181139e-21
4.36215657e-20
3.977719878e-21
4.547915777e-20
2.357561374e-21
4.702491205e-20
1.140718365e-21
4.831213545e-20
2.583674461e-22
4.938232904e-20
-3.494144705e-22
5.026809248e-20
-7.353061438e-22
5.099532723e-20
-9.448513764e-22
5.158474169e-20
-1.016595338e-21
5.205285951e-20
-9.825726053e-22
5.241269694e-20
-8.690883221e-22
5.267422096e-20
-6.976611077e-22
5.284466172e-20
-4.860213657e-22
5.292872356e-20
-2.491027382e-22
5.292880586e-20
-6.926684849e-32
4.839795809e-20
-4.446093485e-21
4.755838681e-20
3.649765447e-20
1.229494929e-20
-3.290597309e-20
-3.455284521e-20
-2.688099283e-20
-7.876736273e-20
-3.410813517e-20
-8.515590784e-20
7.934218378e-21
-6.142355569e-20
5.348077345e-21
2.087144587e-20
-8.509604661e-09
3.781511513e-09
-7.341225998e-09
6.645221796e-09
-4.243759809e-09
5.754263728e-09
1.180982314e-09
1.124585399e-09
5.690455862e-09
-6.288144954e-09
5.925214569e-09
-1.211044372e-08
6.357511603e-09
-1.171309157e-08
2.458012594e-09
-1.014960372e-08
1.930810297e-19
2.457999769e-09
1.280405459e-19
1.4743314e-19
1.950172879e-20
2.110782205e-19
5.962590855e-21
7.833674194e-20
1.20323343e-20
3.351405643e-20
2.002172526e-20
1.756443036e-20
2.666406303e-20
1.089001948e-20
3.185509455e-20
7.238522702e-21
3.595823947e-20
4.712576871e-21
3.927506508e-20
2.768032834e-21
4.200140719e-20
1.248893527e-21
4.426231476e-20
9.411080403e-23
4.614256113e-20
-7.420240729e-22
4.770435353e-20
-1.305835497e-21
4.899643736e-20
-1.643806704e-21
5.005854725e-20
-1.799588119e-21
5.092358326e-20
-1.811876517e-21
5.161876442e-20
-1.713540076e-21
5.21663438e-20
-1.53165762e-21
5.258412415e-20
-1.288092615e-21
5.288586071e-20
-1.000323453e-21
5.308158035e-20
-6.82359927e-22
5.31778263e-20
-3.45658288e-22
5.318026876e-20
-6.42588878e-32
4.840742377e-20
-4.530894281e-21
5.496931072e-20
2.103742988e-20
3.548282576e-20
-2.136740975e-20
5.986758326e-21
-5.185830524e-21
-2.600584587e-20
-9.902516974e-21
-3.530148671e-20
9.444293034e-21
-2.943055793e-20
-8.307547667e-21
-1.245116996e-20
-1.805793112e-09
2.047133397e-09
1.393080265e-09
3.446333997e-09
4.742534516e-09
2.404786576e-09
7.290995492e-09
-1.423907609e-09
6.796759077e-09
-5.793947128e-09
3.967281879e-09
-9.281008864e-09
1.958601639e-09
-9.704455255e-09
-2.124915832e-10
-7.978540485e-09
6.724537978e-15
2.245488432e-09
-2.654724249e-19
3.445111345e-20
-1.132397738e-19
5.884513748e-20
-3.886009466e-20
3.956329016e-21
-3.917291767e-21
-1.429779386e-21
1.334731438e-20
2.985099159e-22
2.301256626e-20
1.223177655e-21
2.932914872e-20
9.200564647e-22
3.401369543e-20
2.591637513e-23
3.775592578e-20
-9.76472746e-22
4.084662447e-20
-1.844277983e-21
4.342617988e-20
-2.48800516e-21
4.557874971e-20
-2.897114598e-21
4.736638233e-20
-3.095895568e-21
4.884065595e-20
-3.120397839e-21
5.004625885e-20
-3.007370064e-21
5.10219197e-20
-2.7895326e-21
5.180064688e-20
-2.494032613e-21
5.24099088e-20
-2.142419764e-21
5.287189331e-20
-1.751289704e-21
5.320382423e-20
-1.333167491e-21
5.341828199e-20
-8.97427245e-22
5.352348459e-20
-4.511642974e-22
5.352354872e-20
-5.852452901e-32
4.853984726e-20
-4.405033378e-21
5.437910605e-20
6.299756935e-21
4.18983536e-20
-1.683465947e-20
2.361316823e-20
5.298378117e-21
1.810700947e-21
4.112880686e-21
-7.210418699e-21
1.067975901e-20
-1.047954189e-20
-1.282320898e-20
-2.682281576e-20
3.506213848e-10
8.708177517e-10
2.620386927e-09
1.176554283e-09
4.73094208e-09
2.942114812e-10
5.424842288e-09
-2.117832577e-09
4.596964892e-09
-4.96609675e-09
3.175076932e-09
-7.859147851e-09
1.003050499e-09
-7.532455154e-09
-2.041516888e-09
-4.933996116e-09
6.290306695e-15
2.039506436e-10
-5.420974477e-19
-5.70964071e-20
-1.681286451e-19
-3.151239993e-19
-4.424620307e-20
-1.199267632e-19
-2.189002465e-21
-4.3487938e-20
1.427198211e-20
-1.616371052e-20
2.270944507e-20
-7.215795706e-21
2.843500863e-20
-4.807320118e-21
3.301130631e-20
-4.552415056e-21
3.688812054e-20
-4.855483569e-21
4.020289729e-20
-5.161474519e-21
4.301707045e-20
-5.304716299e-21
4.537996873e-20
-5.262526647e-21
4.734188005e-20
-5.060224404e-21
4.895368372e-20
-4.734501852e-21
5.026409631e-20
-4.319944726e-21
5.131741969e-20
-3.844840026e-21
5.215225973e-20
-3.330631107e-21
5.280103886e-20
-2.792692158e-21
5.329001553e-20
-2.241470053e-21
5.363956448e-20
-1.683620291e-21
5.386454493e-20
-1.123009962e-21
5.397464889e-20
-5.615667503e-22
5.397601651e-20
-5.330673916e-32
4.880068014e-20
-4.089580608e-21
5.042329935e-20
-4.221339411e-21
4.017308477e-20
-1.45325274e-20
2.865601716e-20
9.014392281e-21
1.454729514e-20
1.043445289e-20
7.046533106e-21
1.039478746e-20
-1.975967531e-22
-1.336394336e-20
-3.091255312e-20
6.608276758e-10
2.866603879e-10
1.724804374e-09
1.125679067e-10
2.671209742e-09
-6.52203153e-10
2.876386944e-09
-2.323017765e-09
2.353983949e-09
-4.443700726e-09
1.152981457e-09
-6.658152785e-09
1.04680221e-09
-7.426286979e-09
2.358648654e-10
-4.123073679e-09
-2.163363854e-12
4.419653127e-10
-1.478582704e-19
-2.172903089e-12
2.706846879e-20
-4.900510256e-19
3.219262213e-20
-1.250515223e-19
2.513522502e-20
-3.643145493e-20
2.321989693e-20
-1.424957477e-20
2.511792066e-20
-9.115266634e-21
2.868991369e-20
-8.381060261e-21
3.27082378e-20
-8.572648023e-21
3.658212959e-20
-8.731450821e-21
4.005965551e-20
-8.641325648e-21
4.30592601e-20
-8.306802573e-21
4.558227098e-20
-7.788025818e-21
4.766760261e-20
-7.147957491e-21
4.936824085e-20
-6.437419882e-21
5.073920101e-20
-5.693043063e-21
5.183162861e-20
-4.939230525e-21
5.269019868e-20
-4.190943347e-21
5.335226097e-20
-3.456234604e-21
5.384786529e-20
-2.738266529e-21
5.420017481e-20
-2.036823751e-21
5.442598815e-20
-1.349417651e-21
5.453621564e-20
-6.720880782e-22
5.453519061e-20
-4.487130666e-32
4.918424367e-20
-3.593716899e-21
4.613239463e-20
-1.006803712e-20
3.609384466e-20
-1.24421227e-20
2.827904243e-20
9.028078322e-21
1.931043958e-20
1.161584453e-20
1.33298493e-20
8.589577519e-21
4.788400654e-21
-1.260742978e-20
-3.001632053e-20
4.499808121e-10
3.502916604e-11
8.386704065e-10
-2.761224668e-10
1.108038147e-09
-9.215636643e-10
7.872575553e-10
-2.002223896e-09
-1.805030112e-10
-3.475926766e-09
-1.94025162e-09
-4.898397584e-09
-2.986369847e-09
-6.380175733e-09
-2.855185165e-09
-4.254281801e-09
1.750224644e-11
-2.430748096e-09
1.795382685e-18
1.532822144e-11
3.920694852e-19
5.725160562e-19
1.208126899e-19
1.462048487e-19
4.731710518e-20
3.706320799e-20
2.835420506e-20
4.712122334e-21
2.585212703e-20
-6.614626683e-21
2.849832593e-20
-1.102902812e-20
3.2549435e-20
-1.26255976e-20
3.667225476e-20
-1.285625312e-20
4.039417859e-20
-1.236550035e-20
4.357803685e-20
-1.149310946e-20
4.622233931e-20
-1.043481724e-20
4.837814022e-20
-9.306173203e-21
5.011261767e-20
-8.174186816e-21
5.149301355e-20
-7.075578481e-21
5.257991579e-20
-6.028090888e-21
5.342490742e-20
-5.037669008e-21
5.407022904e-20
-4.103026404e-21
5.454930807e-20
-3.218527079e-21
5.488758091e-20
-2.375980483e-21
5.510331772e-20
-1.565740042e-21
5.520830372e-20
-7.773625406e-22
5.520603408e-20
-3.835371187e-32
4.97482926e-20
-2.993463461e-21
4.31914068e-20
-1.240972951e-20
3.299129835e-20
-1.019020146e-20
2.685483766e-20
7.363349843e-21
2.071848062e-20
9.964923902e-21
1.560287909e-20
5.919317231e-21
6.849951377e-21
-1.163949773e-20
-2.705855769e-20
7.086677522e-11
-7.221269145e-11
7.219021156e-11
-2.774351552e-10
-5.785207866e-11
-7.914972464e-10
-7.38365973e-10
-1.321680133e-09
-1.702207012e-09
-2.51206229e-09
-4.072327787e-09
-2.528272259e-09
-5.594136893e-09
-4.858389378e-09
-5.94500088e-09
-3.903460021e-09
-1.530617013e-11
-8.360484003e-09
-3.892346266e-19
4.882781326e-21
-3.42407201e-20
2.175221497e-19
1.167104872e-20
1.002925165e-19
1.496601953e-20
3.376727941e-20
1.702745605e-20
2.649424267e-21
2.143772559e-20
-1.102642325e-20
2.690175645e-20
-1.649496615e-20
3.231877948e-20
-1.804456014e-20
3.716300753e-20
-1.770245107e-20
4.126656948e-20
-1.647121606e-20
4.463632906e-20
-1.486521876e-20
4.735098335e-20
-1.315189536e-20
4.95101266e-20
-1.146769587e-20
5.1211226e-20
-9.877558831e-21
5.254050114e-20
-8.406986423e-21
5.357033767e-20
-7.059882774e-21
5.435955002e-20
-5.82861228e-21
5.495472837e-20
-4.699669496e-21
5.539185466e-20
-3.656827316e-21
5.569782135e-20
-2.682822405e-21
5.589169522e-20
-1.760191114e-21
5.598566626e-20
-8.716165344e-22
5.59860654e-20
-3.475049553e-32
5.040988942e-20
-2.275099831e-21
4.205256621e-20
-1.295103092e-20
3.205693211e-20
-8.14277391e-21
2.637590538e-20
5.243167053e-21
2.127232112e-20
7.281196384e-21
1.621823554e-20
3.18750271e-21
7.48626739e-21
-1.069256208e-20
-2.34644846e-20
-1.246253565e-10
-1.109351849e-10
-2.960041765e-10
-1.060356113e-10
-4.669826398e-10
-6.204839084e-10
-1.152031028e-09
-6.365970824e-10
-1.684967392e-09
-1.979107707e-09
-2.851599374e-09
-1.361651208e-09
-4.142784281e-09
-3.567244395e-09
-5.872310048e-09
-2.173998433e-09
-1.232777649e-14
-1.423285932e-08
-4.050398255e-19
-4.53805224e-21
-1.514706463e-19
-3.604734624e-20
-5.485418841e-20
3.675497189e-21
-1.615183562e-20
-4.936001025e-21
3.351608529e-21
-1.685522434e-20
1.596918269e-20
-2.364555175e-20
2.535216246e-20
-2.587974867e-20
3.266088855e-20
-2.535517856e-20
3.839424254e-20
-2.343775415e-20
4.287256678e-20
-2.095162059e-20
4.634965246e-20
-1.834455096e-20
4.903518283e-20
-1.583976026e-20
5.110026365e-20
-1.353509495e-20
5.268179841e-20
-1.146133087e-20
5.388760479e-20
-9.614909244e-21
5.480160816e-20
-7.975835882e-21
5.548849281e-20
-6.517225792e-21
5.599757055e-20
-5.210209353e-21
5.636585958e-20
-4.026285749e-21
5.662045264e-20
-2.938284459e-21
5.67802698e-20
-1.920578954e-21
5.685728279e-20
-9.489083979e-22
5.68562594e-20
-2.899967929e-32
5.121580854e-20
-1.49205404e-21
4.242228201e-20
-1.305609743e-20
3.303469807e-20
-6.703407097e-21
2.715579267e-20
3.320868918e-21
2.192491151e-20
4.724764541e-21
1.632563527e-20
1.000869028e-21
7.525821912e-21
-9.677791573e-21
-1.983084611e-20
-3.068574513e-10
-1.737040793e-10
-6.788168634e-10
2.659493723e-10
-8.262571522e-10
-4.73009152e-10
-1.934983401e-09
4.721548426e-10
-2.355417658e-09
-1.558670999e-09
-3.972412132e-09
2.553182043e-10
-6.717923637e-09
-8.217700893e-10
-9.793025779e-09
9.010756863e-10
-2.873507032e-14
-2.402588309e-08
-1.618920815e-19
-7.450678774e-21
-1.117484233e-19
-8.619135677e-20
-6.346568663e-20
-4.46077213e-20
-2.807105894e-20
-4.033130803e-20
-3.438718885e-21
-4.148820233e-20
1.373498578e-20
-4.082052624e-20
2.587673257e-20
-3.802318125e-20
3.457831296e-20
-3.405863435e-20
4.08803761e-20
-2.974182428e-20
4.547963641e-20
-2.555301954e-20
4.885444316e-20
-2.172161024e-20
5.133984814e-20
-1.832746496e-20
5.317402772e-20
-1.537154925e-20
5.452822004e-20
-1.281772856e-20
5.552667816e-20
-1.061546743e-20
5.626021825e-20
-8.711319792e-21
5.679550925e-20
-7.054243968e-21
5.718149415e-20
-5.597655241e-21
5.745386087e-20
-4.29981983e-21
5.763815814e-20
-3.123447466e-21
5.775194036e-20
-2.034928443e-21
5.780619119e-20
-1.003436933e-21
5.780586275e-20
-2.138648707e-32
5.211351122e-20
-6.56752339e-22
4.362830761e-20
-1.346944221e-20
3.500159308e-20
-6.024881803e-21
2.866495895e-20
1.856312457e-21
2.275523748e-20
2.847184517e-21
1.633306905e-20
-3.628569256e-22
7.354536033e-21
-8.484280368e-21
-1.636846391e-20
-4.203033127e-10
-1.494243836e-10
-1.038814596e-09
8.84483236e-10
-1.441024219e-09
-7.077769257e-11
-2.949083966e-09
1.980222651e-09
-3.666726279e-09
-8.41036973e-10
-6.913664909e-09
3.502244582e-09
-1.176217582e-08
4.026742642e-09
-1.628808982e-08
5.427016331e-09
-1.000810268e-14
-4.031398096e-08
1.113083772e-20
3.972713593e-21
-7.016580288e-20
-4.894966337e-21
-5.918927336e-20
-5.55844118e-20
-2.922795324e-20
-7.029340569e-20
-2.771042787e-21
-6.794638443e-20
1.653233077e-20
-6.012538971e-20
2.984127946e-20
-5.13338731e-20
3.889512303e-20
-4.311427843e-20
4.506918084e-20
-3.591775554e-20
4.931104572e-20
-2.979691943e-20
5.224858844e-20
-2.466133194e-20
5.429576386e-20
-2.037687691e-20
5.572784841e-20
-1.680585712e-20
5.673048117e-20
-1.382253387e-20
5.743082579e-20
-1.131789619e-20
5.791729408e-20
-9.199725523e-21
5.825209797e-20
-7.390772362e-21
5.847932956e-20
-5.826346392e-21
5.863023323e-20
-4.451890047e-21
5.872667716e-20
-3.22075662e-21
5.878343187e-20
-2.092250665e-21
5.880962812e-20
-1.029913145e-21
5.881088719e-20
-1.714846238e-32
5.303308668e-20
2.636845415e-22
4.506698418e-20
-1.440182061e-20
3.709137263e-20
-5.997383872e-21
3.026053351e-20
8.860433965e-22
2.355314282e-20
1.767342208e-21
1.630919207e-20
-9.047394053e-22
7.121068154e-21
-7.081117368e-21
-1.313949998e-20
8.373019334e-11
-2.837936207e-11
1.938991264e-10
7.743276938e-10
-1.851654568e-10
3.082913996e-10
-1.456487582e-09
3.251539626e-09
-2.436501703e-09
1.389733436e-10
-1.435341288e-08
1.541916531e-08
-2.749624078e-08
1.716958215e-08
-3.260496266e-08
1.053572806e-08
-4.0757073e-10
-7.251129301e-08
-1.439028894e-20
-4.076345864e-10
-1.208236252e-19
1.015374988e-19
-7.389826725e-20
-1.02511877e-19
-2.688093198e-20
-1.173116118e-19
5.049951928e-21
-9.987842766e-20
2.532384738e-20
-8.040052467e-20
3.806087413e-20
-6.40726688e-20
4.609164591e-20
-5.114702862e-20
5.119001696e-20
-4.10181404e-20
5.44466332e-20
-3.305562237e-20
5.653304347e-20
-2.674990609e-20
5.786678366e-20
-2.171280725e-20
5.871117166e-20
-1.765242289e-20
5.923511884e-20
-1.434862434e-20
5.954899647e-20
-1.163384313e-20
5.972624724e-20
-9.378905539e-21
5.981652394e-20
-7.482767413e-21
5.985378591e-20
-5.865063445e-21
5.986136666e-20
-4.460635351e-21
5.985518312e-20
-3.215438918e-21
5.984576939e-20
-2.083407405e-21
5.983954127e-20
-1.023969603e-21
5.983907269e-20
-1.13153671e-32
5.404533085e-20
1.200103813e-21
4.644067634e-20
-1.569547958e-20
3.883863527e-20
-6.343349916e-21
3.155309212e-20
3.705730898e-22
2.414618431e-20
1.387114184e-21
1.623191594e-20
-7.762021909e-22
6.873761048e-21
-5.507819245e-21
-1.015777156e-20
-2.892780313e-10
3.095860776e-10
-9.230535283e-10
1.408103557e-09
-2.029548167e-09
1.414776577e-09
-2.464673976e-09
3.686661866e-09
-2.229984342e-09
-9.570214523e-11
-6.963274323e-09
2.015246627e-08
-2.132813521e-08
3.153444596e-08
-5.876875118e-08
4.797624063e-08
-1.18362869e-08
-1.194437201e-07
-1.108850673e-14
-1.224389717e-08
-3.241548019e-19
-7.888506838e-19
-8.869478901e-20
-3.379720375e-19
-9.447747861e-21
-1.965592513e-19
2.452785492e-20
-1.338552396e-19
4.165170325e-20
-9.752546902e-20
5.098651431e-20
-7.340904891e-20
5.622053414e-20
-5.638292578e-20
5.915253499e-20
-4.395215869e-20
6.075234948e-20
-3.4657542e-20
6.15701423e-20
-2.756984658e-20
6.192716801e-20
-2.207198315e-20
6.201497021e-20
-1.774236659e-20
6.194990005e-20
-1.428567625e-20
6.180393405e-20
-1.148993498e-20
6.162238536e-20
-9.199276331e-21
6.143422791e-20
-7.296317666e-21
6.1258214e-20
-5.690495217e-21
6.110656309e-20
-4.310143443e-21
6.098721463e-20
-3.096955555e-21
6.090520719e-20
-2.001973722e-21
6.086351087e-20
-9.825624008e-22
6.086394947e-20
-7.145555399e-33
5.502088936e-20
2.187235614e-21
4.757226825e-20
-1.714501402e-20
4.007875824e-20
-6.797684053e-21
3.241290721e-20
2.355728524e-22
2.447820317e-20
1.534840264e-21
1.608679831e-20
-1.703707143e-22
6.628486536e-21
-3.83420777e-21
-7.421216938e-21
1.721640362e-09
4.19421279e-10
3.541817136e-09
-4.120838427e-10
4.506285688e-09
4.502939078e-10
1.001196496e-08
-1.819010661e-09
1.286198614e-08
-2.945702987e-09
3.992028422e-08
-6.905864545e-09
6.465220935e-08
6.802596857e-09
-2.238652977e-08
1.350150812e-07
-1.194159788e-08
-1.298888222e-07
5.652745925e-18
-2.418548067e-08
1.249185081e-19
-2.97853537e-19
5.271508567e-20
-2.657688292e-19
5.325626383e-20
-1.971008509e-19
6.085762548e-20
-1.414574161e-19
6.576812336e-20
-1.024368566e-19
6.801263743e-20
-7.565493913e-20
6.865130123e-20
-5.702334788e-20
6.844715167e-20
-4.374999479e-20
6.784004491e-20
-3.405253036e-20
6.706800574e-20
-2.679992672e-20
6.625678457e-20
-2.126287625e-20
6.547166055e-20
-1.695936049e-20
6.474564132e-20
-1.356176995e-20
6.40945927e-20
-1.084093942e-20
6.352534403e-20
-8.631938544e-21
6.304005036e-20
-6.812718713e-21
6.263856578e-20
-5.290442988e-21
6.231975098e-20
-3.992478115e-21
6.208219647e-20
-2.860262296e-21
6.192461851e-20
-1.844970553e-21
6.184607327e-20
-9.043080926e-22
6.184581286e-20
2.248071898e-33
5.597853862e-20
3.196444629e-21
4.846857346e-20
-1.853293669e-20
4.087608776e-20
-7.152828214e-21
3.289133676e-20
4.196792142e-22
2.458647335e-20
2.052939697e-21
1.588701446e-20
7.437296489e-22
6.394970557e-21
-2.126651906e-21
-4.918043783e-21
5.512630335e-10
9.457216172e-10
-2.053421007e-09
2.192583102e-09
-7.920083807e-09
6.316941527e-09
-1.837485763e-08
8.635770705e-09
-2.599786799e-08
4.677291647e-09
-1.092518058e-08
-2.197858458e-08
5.98019368e-10
-4.72059035e-09
-1.04852216e-08
1.460982965e-07
6.316926698e-09
-1.466907124e-07
-8.990146313e-19
-1.786861357e-08
1.526604339e-19
-1.38143274e-19
1.213827343e-19
-2.344913332e-19
1.088996986e-19
-1.846187974e-19
9.9878185e-20
-1.324367062e-19
9.255004082e-20
-9.510983544e-20
8.664422869e-20
-6.97506162e-20
8.192465432e-20
-5.230557138e-20
7.814461611e-20
-3.997195918e-20
7.509264854e-20
-3.100264544e-20
7.260505621e-20
-2.431441989e-20
7.056030033e-20
-1.922020611e-20
6.88692511e-20
-1.527041957e-20
6.746647185e-20
-1.216110632e-20
6.630359358e-20
-9.680116339e-21
6.534456386e-20
-7.674814457e-21
6.456232608e-20
-6.032163919e-21
6.393653065e-20
-4.666066206e-21
6.34519668e-20
-3.509052375e-21
6.309748821e-20
-2.50663828e-21
6.286528097e-20
-1.613335619e-21
6.275038136e-20
-7.896973036e-22
6.275074845e-20
1.174956075e-32
5.684865708e-20
4.243181581e-21
4.916138418e-20
-1.974324522e-20
4.13506759e-20
-7.289467024e-21
3.309998442e-20
8.699878943e-22
2.454466515e-20
2.821767811e-21
1.566077439e-20
1.842534645e-21
6.182295941e-21
-4.323930096e-22
-2.627379941e-21
1.12858593e-09
1.245556727e-09
-5.052263975e-10
3.826384902e-09
-2.681098133e-09
8.492815959e-09
-5.460868164e-09
1.141555276e-08
-3.162423129e-09
2.37877987e-09
-4.278180701e-09
-2.086280012e-08
4.030200303e-09
-1.30289687e-08
1.564586373e-07
-6.330086957e-09
1.123381729e-08
-1.465994755e-09
-6.929584529e-18
-6.634891387e-09
5.377737202e-20
-9.882005866e-19
1.712549515e-19
-3.519688372e-19
1.610817898e-19
-1.744467812e-19
1.372050558e-19
-1.085605925e-19
1.179092601e-19
-7.581510596e-20
1.040892735e-19
-5.593214417e-20
9.425826652e-20
-4.247640532e-20
8.711392985e-20
-3.282963702e-20
8.178087409e-20
-2.567164432e-20
7.769926998e-20
-2.023486385e-20
7.451008688e-20
-1.603308961e-20
7.197856434e-20
-1.274100652e-20
6.994746183e-20
-1.013212744e-20
6.830889546e-20
-8.043608582e-21
6.69872144e-20
-6.355034881e-21
6.59284238e-20
-4.975046913e-21
6.509354448e-20
-3.832594331e-21
6.445438089e-20
-2.871016618e-21
6.399079087e-20
-2.043895129e-21
6.368891929e-20
-1.312031024e-21
6.354007867e-20
-6.411404598e-22
6.353987875e-20
1.823181062e-32
5.766341155e-20
5.261489185e-21
4.972128443e-20
-2.069830837e-20
4.163451994e-20
-7.149695072e-21
3.315494602e-20
1.549502193e-21
2.442771068e-20
3.762838653e-21
1.543825368e-20
3.047238589e-21
5.998428674e-21
1.22354686e-21
-5.203817602e-22
4.924193987e-09
1.221170387e-09
5.419378926e-09
3.331192484e-09
6.862418315e-09
7.049798109e-09
9.962794574e-09
8.315204491e-09
1.332492098e-08
-9.833548087e-10
1.226800016e-08
-1.980587797e-08
1.403496935e-08
-1.479593745e-08
1.158859941e-08
-3.883718778e-09
6.634891438e-09
3.487734055e-09
-1.281374764e-17
3.991078126e-17
6.889129754e-19
2.580782391e-19
3.4877704e-19
-1.183299705e-20
2.269679785e-19
-5.263828591e-20
1.699505423e-19
-5.15438008e-20
1.377922219e-19
-4.365790096e-20
1.175450123e-19
-3.568650997e-20
1.039050348e-19
-2.88383068e-20
9.427192255e-20
-2.319852322e-20
8.721765456e-20
-1.861938431e-20
8.190104422e-20
-1.492026712e-20
7.780216997e-20
-1.193627499e-20
7.458744342e-20
-9.528396688e-21
7.203598069e-20
-7.582792661e-21
6.999746916e-20
-6.007151296e-21
6.836720237e-20
-4.726659765e-21
6.707087638e-20
-3.680383735e-21
6.605512219e-20
-2.81823776e-21
6.528150238e-20
-2.098516005e-21
6.472265497e-20
-1.485887116e-21
6.435980985e-20
-9.497462392e-22
6.418121913e-20
-4.628277861e-22
6.418342527e-20
2.827652949e-32
5.833415232e-20
6.251844352e-21
5.014557308e-20
-2.140646074e-20
4.179675873e-20
-6.747455362e-21
3.313354882e-20
2.413083176e-21
2.42891935e-20
4.821450279e-21
1.524147634e-20
4.3106137e-21
5.848130973e-21
2.833416085e-21
1.436562335e-21
7.699392877e-09
8.401573104e-10
9.020010134e-09
2.010559262e-09
1.192459427e-08
4.145228531e-09
1.584093117e-08
4.398878251e-09
1.552558114e-08
-6.679913788e-10
4.80273006e-09
-9.083031896e-09
-3.405615665e-09
-6.587596108e-09
-3.487734019e-09
-3.801601446e-09
-4.703864365e-19
6.123567381e-20
4.197691538e-19
4.653193897e-19
4.190175561e-19
2.588298369e-19
3.079720654e-19
9.9212002e-20
2.280624636e-19
2.727083153e-20
1.778364422e-19
-1.318564975e-21
1.457636129e-19
-1.158632628e-20
1.243932155e-19
-1.431777907e-20
1.095448184e-19
-1.399180086e-20
9.885106146e-20
-1.250671579e-20
9.091677176e-20
-1.068704943e-20
8.488503635e-20
-8.890526992e-21
8.021004828e-20
-7.263357537e-21
7.653304744e-20
-5.853525624e-21
7.361162206e-20
-4.663492936e-21
7.127796069e-20
-3.675527817e-21
6.94134784e-20
-2.864048611e-21
6.793302235e-20
-2.201573091e-21
6.677484395e-20
-1.661444214e-21
6.589413127e-20
-1.218912908e-21
6.525879585e-20
-8.513829893e-22
6.48467283e-20
-5.382317466e-22
6.464404691e-20
-2.604196105e-22
6.464085615e-20
3.478123805e-32
5.884922319e-20
7.189714723e-21
5.044391161e-20
-2.189729282e-20
4.188615608e-20
-6.135791653e-21
3.308547384e-20
3.414606263e-21
2.416169747e-20
5.959959524e-21
1.508224569e-20
5.606201245e-21
5.732219663e-21
4.400447629e-21
3.277878332e-21
9.081652665e-09
4.698853787e-10
1.002742812e-08
1.064767258e-09
1.227336349e-08
1.899307484e-09
1.4903792e-08
1.76844216e-09
1.43843055e-08
-1.485062078e-10
8.386289095e-09
-3.08501755e-09
2.505199363e-09
-7.065082436e-10
5.173108969e-19
-1.296403721e-09
5.779148691e-20
3.748480323e-19
2.133804257e-19
3.097304509e-19
2.593996888e-19
2.128103159e-19
2.360308949e-19
1.2258052e-19
1.994730671e-19
6.382811323e-20
1.675686809e-19
3.058485488e-20
1.430321601e-19
1.294877865e-20
1.247191937e-19
3.993454492e-21
1.110299035e-19
-3.043709196e-22
1.006707278e-19
-2.149422953e-21
9.271329419e-20
-2.731532869e-21
8.65122058e-20
-2.691444325e-21
8.161988019e-20
-2.373136431e-21
7.772308013e-20
-1.958878926e-21
7.459958718e-20
-1.542123919e-21
7.20894399e-20
-1.167397256e-21
7.007595392e-20
-8.524065776e-22
6.847315123e-20
-6.003919358e-22
6.721737525e-20
-4.070351135e-22
6.626166119e-20
-2.642951037e-22
6.557194709e-20
-1.624897729e-22
6.512454044e-20
-9.136999306e-23
6.490446652e-20
-4.061495901e-23
6.490638113e-20
4.305279625e-32
5.915718335e-20
8.082847859e-21
5.06088567e-20
-2.224449557e-20
4.191815349e-20
-5.390603622e-21
3.303008034e-20
4.504086316e-21
2.405611287e-20
7.149218947e-21
1.496072065e-20
6.918285945e-21
5.64680449e-21
5.931928922e-21
5.034099224e-21
9.794276254e-09
1.788101345e-10
1.047403477e-08
3.849887886e-10
1.166883685e-08
7.045029691e-10
1.265523363e-08
7.820586278e-10
1.182502308e-08
6.817027275e-10
8.308900463e-09
4.31102185e-10
4.585477518e-09
3.016910615e-09
-2.210826303e-20
3.289070627e-09
-7.496672462e-21
1.256784873e-19
1.164599776e-19
1.857735431e-19
1.691698929e-19
1.60100216e-19
1.772784882e-19
1.144715708e-19
1.662298087e-19
7.487606788e-20
1.499326046e-19
4.688089245e-20
1.340768359e-19
2.880301164e-20
1.204213683e-19
1.764718609e-20
1.091848514e-19
1.093034975e-20
1.000886179e-19
6.94498549e-21
9.275338273e-20
4.601793703e-21
8.68305137e-20
3.229383426e-21
8.203413769e-20
2.421087399e-21
7.813983514e-20
1.933239105e-21
7.497431384e-20
1.621268538e-21
7.240443058e-20
1.400484364e-21
7.032796856e-20
1.222235133e-21
6.866650805e-20
1.05947084e-21
6.736011526e-20
8.980111957e-22
6.636346652e-20
7.312737923e-22
6.564306687e-20
5.571017246e-22
6.517529547e-20
3.758653863e-22
6.494508148e-20
1.893334674e-22
6.494443143e-20
5.313242012e-32
5.93153442e-20
8.854734496e-21
5.066368704e-20
-2.248760813e-20
4.190384326e-20
-4.575625427e-21
3.296768257e-20
5.642296257e-21
2.396575995e-20
8.367067654e-21
1.486634994e-20
8.23502801e-21
5.583389958e-21
7.433100897e-21
6.72727093e-21
1.015209229e-08
-1.121240991e-10
1.081869534e-08
-2.815976847e-10
1.161915392e-08
-9.596065593e-11
1.195925624e-08
4.419616059e-10
1.068343651e-08
1.957521425e-09
7.368240241e-09
3.746292853e-09
3.21052824e-09
7.174614331e-09
1.920910872e-19
6.499595515e-09
5.316735405e-20
1.671027226e-19
9.078664662e-20
1.481541665e-19
1.235412477e-19
1.273453534e-19
1.376829852e-19
1.003292927e-19
1.382346333e-19
7.432348157e-20
1.318547238e-19
5.325948727e-20
1.229210104e-19
3.773516114e-20
1.13704532e-19
2.686198852e-20
1.051994872e-19
1.943366659e-20
9.774542611e-20
1.439725071e-20
9.138097246e-20
1.096432462e-20
8.602221767e-20
8.586061531e-21
8.15462894e-20
6.894830948e-21
7.782786457e-20
5.649462242e-21
7.475352966e-20
4.693473922e-21
7.222618135e-20
3.925842242e-21
7.016520426e-20
3.281409579e-21
6.850504841e-20
2.71804896e-21
6.719337786e-20
2.208354772e-21
6.618929445e-20
1.734294448e-21
6.546183053e-20
1.283770882e-21
6.498876355e-20
8.484050019e-22
6.475574801e-20
4.220870142e-22
6.475666143e-20
5.497924254e-32
5.922655707e-20
9.530547617e-21
5.054635642e-20
-2.270135695e-20
4.179647576e-20
-3.769882426e-21
3.286449812e-20
6.777072471e-21
2.386414547e-20
9.584087804e-21
1.477798002e-20
9.53926136e-21
5.529170434e-21
8.900859456e-21
8.366637988e-21
9.927487156e-09
-3.497137221e-10
1.022906953e-08
-5.8316708e-10
1.036387713e-08
-2.307668234e-10
1.022901181e-08
5.768276437e-10
9.024905491e-09
3.161622803e-09
6.80747719e-09
5.963712549e-09
3.148627174e-09
1.083345581e-08
6.335376312e-20
9.648220284e-09
3.517572694e-20
1.274949258e-19
6.99778336e-20
1.133519519e-19
9.652518697e-20
1.007976154e-19
1.116771741e-19
8.517657512e-20
1.17170639e-19
6.882892741e-20
1.163303977e-19
5.409837692e-20
1.120478377e-19
4.201621822e-20
1.062762101e-19
3.263202707e-20
1.001630713e-19
2.554511691e-20
9.431250002e-20
2.024601571e-20
8.900270937e-20
1.627216463e-20
8.433098709e-20
1.325569041e-20
8.030092069e-20
1.092271576e-20
7.687187625e-20
9.076321602e-21
7.398589798e-20
7.577343827e-21
7.158174868e-20
6.328022438e-21
6.960184364e-20
5.259533074e-21
6.799535422e-20
4.322981749e-21
6.671931754e-20
3.483084635e-21
6.573877089e-20
2.713795738e-21
6.502646465e-20
1.99529539e-21
6.456244557e-20
1.311904512e-21
6.4333661e-20
6.506128311e-22
6.43314906e-20
5.616497591e-32
5.892460445e-20
1.008555578e-20
5.024947191e-20
-2.29192154e-20
4.156791744e-20
-3.031646786e-21
3.26856175e-20
7.862964213e-21
2.371935799e-20
1.07678235e-20
1.467043516e-20
1.08070686e-20
5.469605184e-21
1.032145795e-20
9.946895591e-21
8.969744849e-09
-3.547200213e-10
8.557407129e-09
-1.708236844e-10
7.991120737e-09
3.355186051e-10
7.891847701e-09
6.760977225e-10
6.975549333e-09
4.077915123e-09
6.174892999e-09
6.764361618e-09
3.177502758e-09
1.383084072e-08
3.119866777e-20
1.282572143e-08
2.247999712e-20
7.242375846e-20
5.742349718e-20
7.84082707e-20
8.090414673e-20
7.731646308e-20
9.532952642e-20
7.075035113e-20
1.024400885e-19
6.171724228e-20
1.04248239e-19
5.228893667e-20
1.026636466e-19
4.359939748e-20
9.91892999e-20
3.6104842e-20
9.48639701e-20
2.986874246e-20
9.033864894e-20
2.476946781e-20
8.598623515e-20
2.062257127e-20
8.199801244e-20
1.724180019e-20
7.845452654e-20
1.446403594e-20
7.537289848e-20
1.215579826e-20
7.27365766e-20
1.021159357e-20
7.051325932e-20
8.549403347e-21
6.866529232e-20
7.105747805e-21
6.715545711e-20
5.831286952e-21
6.595002864e-20
4.687229549e-21
6.502027054e-20
3.642526872e-21
6.434307378e-20
2.671722997e-21
6.390115389e-20
1.753311766e-21
6.368304817e-20
8.684627213e-22
6.368215382e-20
6.091334517e-32
5.839999792e-20
1.051515839e-20
4.975335967e-20
-2.316456894e-20
4.118275126e-20
-2.403428242e-21
3.239324506e-20
8.856958311e-21
2.349843092e-20
1.188100933e-20
1.451841545e-20
1.200687147e-20
5.390451474e-21
1.167009686e-20
1.144849337e-20
7.088889205e-09
1.160069485e-10
5.816058318e-09
1.102008119e-09
5.174223574e-09
9.773512341e-10
5.238957646e-09
6.113611031e-10
4.978857937e-09
4.338011416e-09
5.861970963e-09
5.881245422e-09
3.129780688e-09
1.656302873e-08
2.511506455e-20
1.595550132e-08
3.044696903e-20
3.172216953e-20
5.63316896e-20
5.252330369e-20
7.433803478e-20
5.930955533e-20
8.629641758e-20
5.879111584e-20
9.301178288e-20
5.500080416e-20
9.55586998e-20
4.974081309e-20
9.516909111e-20
4.398763741e-20
9.295320036e-20
3.831918817e-20
8.976469545e-20
3.305547813e-20
8.61917524e-20
2.834044694e-20
8.260546407e-20
2.420676987e-20
7.922024818e-20
2.062486051e-20
7.614628886e-20
1.753582617e-20
7.342869379e-20
1.487126217e-20
7.107438637e-20
1.256385852e-20
6.906960378e-20
1.055228176e-20
6.739083147e-20
8.782799973e-21
6.60113997e-20
7.209218643e-21
6.490532596e-20
5.79204486e-21
6.404946666e-20
4.49737759e-21
6.342466255e-20
3.295769427e-21
6.301630484e-20
2.161162816e-21
6.281458545e-20
1.069928884e-21
6.281361418e-20
6.025414481e-32
5.765270155e-20
1.081915753e-20
4.9048919e-20
-2.345163236e-20
4.061590511e-20
-1.911797117e-21
3.19578181e-20
9.720537468e-21
2.317454744e-20
1.288365025e-20
1.430099059e-20
1.310121303e-20
5.279900178e-21
1.291285806e-20
1.284007541e-20
4.882667409e-09
1.090904515e-09
2.895738603e-09
3.088935988e-09
1.769032795e-09
2.104056779e-09
6.928407649e-10
1.6875537e-09
1.682504916e-09
3.348347658e-09
5.263985232e-09
2.299765983e-09
3.069753939e-09
1.875726027e-08
4.115321775e-20
1.902525611e-08
5.380519846e-20
1.842473041e-20
6.311794125e-20
4.321028511e-20
7.381959529e-20
4.860734962e-20
8.25061059e-20
5.010380552e-20
8.775179181e-20
4.975409612e-20
8.980552412e-20
4.768590145e-20
8.950064187e-20
4.429114406e-20
8.768949031e-20
4.012874381e-20
8.504966427e-20
3.569348054e-20
8.205807533e-20
3.133002774e-20
7.902355471e-20
2.723917068e-20
7.613121384e-20
2.351503485e-20
7.348172486e-20
2.018315325e-20
7.112129013e-20
1.722958517e-20
6.906280961e-20
1.46203233e-20
6.730012199e-20
1.231309635e-20
6.581725014e-20
1.026398441e-20
6.459422592e-20
8.430773119e-21
6.361065869e-20
6.774377754e-21
6.28478585e-20
5.259185288e-21
6.229005593e-20
3.852823236e-21
6.192507091e-20
2.525645457e-21
6.174465656e-20
1.25009176e-21
6.174489682e-20
5.309665152e-32
5.673606402e-20
1.097430781e-20
4.815065693e-20
-2.375582205e-20
3.986189707e-20
-1.563327648e-21
3.136410852e-20
1.042489385e-20
2.273136899e-20
1.373684284e-20
1.400450259e-20
1.404994873e-20
5.130012698e-21
1.401009995e-20
1.408234994e-20
2.892315313e-09
2.236200251e-09
8.592954536e-10
5.121956141e-09
-4.221905481e-10
3.38554563e-09
-2.192385885e-09
3.457753037e-09
8.057991511e-10
3.50166329e-10
5.896624206e-09
-2.791054185e-09
2.915126019e-09
2.17387643e-08
1.924026241e-19
2.19403848e-08
8.176523707e-20
1.303460305e-19
6.851500434e-20
5.646024779e-20
7.53160512e-20
4.180578977e-20
8.21563965e-20
4.326270282e-20
8.568359714e-20
4.622589796e-20
8.641076672e-20
4.695749953e-20
8.533824162e-20
4.536228218e-20
8.325422704e-20
4.221115423e-20
8.068621147e-20
3.825967047e-20
7.796721828e-20
3.404702923e-20
7.529941887e-20
2.990487925e-20
7.279933225e-20
2.601298794e-20
7.052815678e-20
2.245219979e-20
6.851202826e-20
1.924363467e-20
6.675558266e-20
1.637478695e-20
6.525101006e-20
1.381583118e-20
6.398403885e-20
1.152930257e-20
6.293783056e-20
9.475540876e-21
6.209546623e-20
7.615528407e-21
6.144149645e-20
5.912174163e-21
6.096287816e-20
4.330697586e-21
6.064951721e-20
2.838505394e-21
6.04945648e-20
1.404792585e-21
6.049419974e-20
5.500352158e-32
5.558943917e-20
1.102751511e-20
4.703333826e-20
-2.408798636e-20
3.890582469e-20
-1.374900217e-21
3.060313282e-20
1.093531879e-20
2.216188174e-20
1.439971692e-20
1.362294538e-20
1.481192526e-20
4.937109917e-21
1.491985416e-20
1.513234883e-20
4.089271607e-09
2.671872089e-09
3.81823791e-09
5.392992098e-09
4.895906805e-09
2.307882074e-09
5.191591683e-09
3.16207534e-09
4.801977193e-09
7.397888364e-10
7.583629063e-09
-5.572696163e-09
3.215112773e-09
2.610729358e-08
7.261231816e-20
2.515550161e-08
1.160960348e-20
1.208878365e-19
5.386054518e-20
1.420905151e-20
7.677296424e-20
1.889289156e-20
8.511959164e-20
3.491530934e-20
8.641519871e-20
4.492936159e-20
8.481554938e-20
4.855581257e-20
8.218711368e-20
4.798921242e-20
7.930274327e-20
4.509384191e-20
7.647357023e-20
4.108696921e-20
7.38250683e-20
3.669352093e-20
7.140752756e-20
3.232033685e-20
6.92385441e-20
2.817986181e-20
6.731959165e-20
2.436905511e-20
6.564318054e-20
2.091800256e-20
6.41966269e-20
1.781939703e-20
6.296448144e-20
1.50461776e-20
6.193027715e-20
1.256188862e-20
6.107781809e-20
1.032658575e-20
6.039211198e-20
8.300036349e-21
5.986001987e-20
6.44329117e-21
5.947068596e-20
4.719287267e-21
5.92158044e-20
3.092883407e-21
5.908977222e-20
1.530570162e-21
5.908633834e-20
5.246181901e-32
5.430944733e-20
1.095472632e-20
4.575384588e-20
-2.441919714e-20
3.778266011e-20
-1.341497783e-21
2.969284098e-20
1.123413434e-20
2.147475835e-20
1.484068618e-20
1.315993127e-20
1.535104974e-20
4.70227152e-21
1.56026834e-20
1.594818034e-20
3.788357524e-09
2.284203828e-09
6.163043225e-09
3.018310099e-09
5.392633288e-09
3.078299393e-09
-2.051516023e-09
1.060623432e-08
-4.209295924e-10
-8.907846757e-10
3.970880874e-09
-9.964489977e-09
-1.532987457e-10
3.023148758e-08
-3.676194335e-19
2.500220767e-08
-9.054716552e-20
-4.100243399e-19
5.854440149e-20
-1.34882767e-19
9.279538202e-20
-1.535850926e-20
9.513364388e-20
3.257615503e-20
9.004164969e-20
5.00203754e-20
8.424894923e-20
5.434713605e-20
7.929174316e-20
5.294481203e-20
7.529587057e-20
4.908794826e-20
7.208012195e-20
4.430080325e-20
6.945188423e-20
3.931973955e-20
6.726705252e-20
3.450309574e-20
6.54277374e-20
3.001708994e-20
6.38685391e-20
2.59261875e-20
6.254457501e-20
2.223996101e-20
6.142340746e-20
1.893866214e-20
6.048019246e-20
1.598763351e-20
5.969497429e-20
1.334552172e-20
5.905126869e-20
1.096889926e-20
5.85353668e-20
8.814750077e-21
5.813601597e-20
6.841667262e-21
5.78442821e-20
5.010271924e-21
5.765349116e-20
3.283164326e-21
5.755920206e-20
1.624598624e-21
5.755770856e-20
4.806249757e-32
5.289022081e-20
1.07725495e-20
4.433540018e-20
-2.474963e-20
3.651693568e-20
-1.459428011e-21
2.865492081e-20
1.130648875e-20
2.068569513e-20
1.503413927e-20
1.262507155e-20
1.56373068e-20
4.429941998e-21
1.60243141e-20
1.649239009e-20
3.827044563e-09
3.774255252e-10
8.02076114e-09
-1.17540194e-09
7.896826113e-09
3.20224445e-09
-4.485337172e-09
2.298841026e-08
-1.153902116e-08
6.162914899e-09
-7.201164243e-09
-1.430232745e-08
-7.261228251e-09
3.029155886e-08
4.173279736e-19
1.774098283e-08
1.894060961e-19
-6.659836018e-19
1.780687092e-19
-1.235456556e-19
1.407300463e-19
2.197974439e-20
1.125778643e-19
6.072742788e-20
9.436841034e-20
6.822862809e-20
8.28466252e-20
6.586757668e-20
7.54348794e-20
6.035503262e-20
7.050872556e-20
5.401237913e-20
6.709905825e-20
4.770858439e-20
6.463524042e-20
4.178156744e-20
6.278104671e-20
3.635524835e-20
6.133683497e-20
3.145924937e-20
6.018231261e-20
2.707868268e-20
5.924327614e-20
2.317703452e-20
5.847237882e-20
1.970770069e-20
5.783808067e-20
1.662021204e-20
5.731835182e-20
1.386369551e-20
5.689711951e-20
1.138875718e-20
5.656228399e-20
9.148403343e-21
5.630462063e-20
7.098353105e-21
5.61171745e-20
5.196961421e-21
5.599492546e-20
3.404894612e-21
5.593460343e-20
1.684652507e-21
5.593395302e-20
4.286836862e-32
5.139828544e-20
1.045883159e-20
4.281999879e-20
-2.50549594e-20
3.514717708e-20
-1.72152946e-21
2.75194768e-20
1.114597166e-20
1.981641006e-20
1.496285841e-20
1.20323898e-20
1.564837842e-20
4.126961327e-21
1.615765905e-20
1.67343645e-20
-9.100622182e-09
4.698349178e-10
-4.168343926e-09
-6.107676036e-09
4.825794003e-09
-5.791884097e-09
1.162510598e-08
1.618911155e-08
-1.779785288e-09
1.956782218e-08
-1.637064198e-08
2.885377018e-10
-7.796480207e-09
2.171739617e-08
-2.750960063e-18
9.944502634e-09
7.360472314e-19
7.277998464e-19
3.235933444e-19
2.889078524e-19
1.794777298e-19
1.660949049e-19
1.200790645e-19
1.201255051e-19
9.200735893e-20
9.629917885e-20
7.733408114e-20
8.05394751e-20
6.909222591e-20
6.859534112e-20
6.420493082e-20
5.889794629e-20
6.11720413e-20
5.073960183e-20
5.920892133e-20
4.374272669e-20
5.788504772e-20
3.767711805e-20
5.695626828e-20
3.238601772e-20
5.628066444e-20
2.775230356e-20
5.577394231e-20
2.368183937e-20
5.538489018e-20
2.00949375e-20
5.508156415e-20
1.69218547e-20
5.484341349e-20
1.410031649e-20
5.465676567e-20
1.157404438e-20
5.451223375e-20
9.291757094e-21
5.440322895e-20
7.206377887e-21
5.43251077e-20
5.274319765e-21
5.427468335e-20
3.454792456e-21
5.424995093e-20
1.709110837e-21
5.425064047e-20
3.892791111e-32
4.978950604e-20
1.007025754e-20
4.120894208e-20
-2.535626239e-20
3.369323856e-20
-2.13920743e-21
2.631258406e-20
1.073994323e-20
1.888952249e-20
1.46130877e-20
1.139766991e-20
1.536878601e-20
3.801342047e-21
1.598340271e-20
1.66515072e-20
-1.126938348e-08
3.229413079e-09
-1.580810231e-08
-1.568951592e-09
-1.5556142e-08
-6.043833696e-09
-2.032159618e-09
2.665140757e-09
-2.272854105e-09
1.980852364e-08
-1.545101581e-08
1.346669939e-08
-8.152746633e-09
1.441912698e-08
-9.939747359e-18
1.791756013e-09
2.995117331e-19
7.086053736e-19
2.00780389e-19
3.87638899e-19
1.3350833e-19
2.333662889e-19
9.625273822e-20
1.573801507e-19
7.624765518e-20
1.163030627e-19
6.538994715e-20
9.139581264e-20
5.939483108e-20
7.458890548e-20
5.604658636e-20
6.224446429e-20
5.417516617e-20
5.260916888e-20
5.314331269e-20
4.477265235e-20
5.259394739e-20
3.822451945e-20
5.232255412e-20
3.265544307e-20
5.221020025e-20
2.786271892e-20
5.218704044e-20
2.370312529e-20
5.221180738e-20
2.006839363e-20
5.226002593e-20
1.687198219e-20
5.231714139e-20
1.404169017e-20
5.237447838e-20
1.151535656e-20
5.242685454e-20
9.238206623e-21
5.247117083e-20
7.161082049e-21
5.250558039e-20
5.239145484e-21
5.252900173e-20
3.430841429e-21
5.254084009e-20
1.696997145e-21
5.254333969e-20
4.03785364e-32
4.817569598e-20
9.588072934e-21
3.957763788e-20
-2.563822874e-20
3.221148812e-20
-2.70481887e-21
2.507396499e-20
1.009237477e-20
1.793266878e-20
1.398313778e-20
1.073887261e-20
1.479271701e-20
3.462003948e-21
1.549126299e-20
1.623013947e-20
3.564638058e-09
2.341925408e-09
-1.958775653e-09
3.954465752e-09
-1.065617667e-08
2.653577358e-09
-1.277680519e-08
4.785774497e-09
-6.400936769e-09
1.343265785e-08
-4.819708826e-09
1.188547146e-08
-1.791756011e-09
1.139117416e-08
-2.771081234e-19
3.917168124e-19
-2.094605206e-20
4.524433034e-19
4.65084844e-20
3.201838555e-19
5.752219181e-20
2.223519895e-19
5.517565031e-20
1.597257563e-19
5.134040508e-20
1.201371684e-19
4.858303999e-20
9.415184163e-20
4.70503899e-20
7.6120016e-20
4.641129095e-20
6.288185603e-20
4.633864964e-20
5.267999048e-20
4.65951798e-20
4.451423527e-20
4.702487101e-20
3.779290689e-20
4.752982997e-20
3.214855806e-20
4.805060661e-20
2.734004385e-20
4.855230879e-20
2.319958554e-20
4.901539593e-20
1.960355902e-20
4.942973392e-20
1.645601034e-20
4.979080778e-20
1.367911652e-20
5.009732844e-20
1.120749045e-20
5.034972997e-20
8.984634539e-21
5.054923426e-20
6.960602299e-21
5.069727633e-20
5.090342749e-21
5.079515745e-20
3.332434094e-21
5.084384294e-20
1.648041238e-21
5.084596507e-20
3.002568537e-32
4.656651561e-20
9.018358845e-21
3.795546993e-20
-2.590529776e-20
3.073407197e-20
-3.413473923e-21
2.383350669e-20
9.209505526e-21
1.696974583e-20
1.30773061e-20
1.007256774e-20
1.392168009e-20
3.117471146e-21
1.46789969e-20
1.546509818e-20
2.762468047e-09
1.672024155e-09
2.285721243e-09
4.431214688e-09
-1.490499265e-09
6.429805162e-09
-7.155012357e-09
1.045029155e-08
-6.960614257e-09
1.323826138e-08
1.16843051e-09
3.756427185e-09
-6.896403668e-18
1.255960585e-08
-3.580117837e-19
8.984121479e-19
-1.532936985e-19
2.477251711e-19
-5.132338155e-20
2.182131633e-19
-5.104041394e-21
1.761319364e-19
1.558706234e-20
1.390337108e-19
2.535507836e-20
1.103680279e-19
3.055121436e-20
8.895437172e-20
3.381222993e-20
7.28574701e-20
3.62094254e-20
6.048298212e-20
3.817289442e-20
5.071474322e-20
3.987385141e-20
4.281143519e-20
4.138052218e-20
3.628435591e-20
4.272131576e-20
3.080587578e-20
4.39101483e-20
2.614934597e-20
4.495628227e-20
2.215164174e-20
4.586784726e-20
1.869026713e-20
4.665284009e-20
1.566939572e-20
4.731918171e-20
1.301127999e-20
4.787447253e-20
1.065085604e-20
4.832569773e-20
8.532242127e-21
4.867897471e-20
6.606356577e-21
4.893936768e-20
4.829198142e-21
4.911076459e-20
3.160520635e-21
4.919580171e-20
1.562743527e-21
4.919656693e-20
2.414450379e-32
4.498661932e-20
8.382390703e-21
3.6371099e-20
-2.616589422e-20
2.928948588e-20
-4.260136763e-21
2.261715938e-20
8.10012264e-21
1.602198078e-20
1.190460802e-20
9.413957041e-21
1.276320611e-20
2.775765022e-21
1.355154289e-20
1.43592417e-20
4.952089451e-09
1.590721583e-09
4.602601473e-09
4.780705286e-09
3.734502384e-09
7.297909368e-09
1.055880462e-09
1.312891787e-08
1.033834131e-09
1.326030886e-08
-2.245401119e-10
5.014803459e-09
-5.841962369e-16
1.233506668e-08
-3.332413036e-19
2.083611257e-20
-1.828064345e-19
9.729009998e-20
-9.340460846e-20
1.288108763e-19
-4.220226696e-20
1.24928886e-19
-1.307862057e-20
1.099091548e-19
3.941422191e-21
9.334686532e-20
1.445431273e-20
7.844014876e-20
2.143774195e-20
6.58725316e-20
2.64411865e-20
5.547789804e-20
3.026958639e-20
4.688460964e-20
3.334677214e-20
3.973244809e-20
3.590204205e-20
3.37272425e-20
3.806478595e-20
2.864127503e-20
3.991244407e-20
2.429984937e-20
4.149490766e-20
2.056739003e-20
4.284697586e-20
1.733648807e-20
4.399472436e-20
1.452003511e-20
4.495875776e-20
1.204575591e-20
4.575585862e-20
9.852413811e-21
4.639981218e-20
7.88712568e-21
4.690181628e-20
6.103392311e-21
4.727069017e-20
4.459584699e-21
4.751298748e-20
2.917720329e-21
4.763305818e-20
1.442423768e-21
4.762988685e-20
2.908358787e-32
4.3512457e-20
7.657056428e-21
3.487123894e-20
-2.639873305e-20
2.791250214e-20
-5.227846126e-21
2.145102658e-20
6.78170106e-21
1.510954619e-20
1.048001029e-20
8.777555758e-21
1.133048902e-20
2.444674487e-21
1.212056478e-20
1.292322017e-20
6.776080987e-09
1.796238992e-09
6.493217302e-09
5.063571694e-09
6.925625004e-09
6.865503847e-09
8.94303124e-09
1.111151594e-08
8.846408773e-09
1.335693441e-08
4.654096294e-10
1.339580642e-08
-9.146369261e-16
1.280047904e-08
-2.103232042e-19
-1.69523048e-20
-1.512856993e-19
3.8252376e-20
-9.728659875e-20
7.481131335e-20
-5.722199821e-20
8.486361038e-20
-2.964091004e-20
8.232717351e-20
-1.096529437e-20
7.467013306e-20
1.886695572e-21
6.558684392e-20
1.104310839e-20
5.671464647e-20
1.78478981e-20
4.867151403e-20
2.311742484e-20
4.161339197e-20
2.734156655e-20
3.550654164e-20
3.081607457e-20
3.025092264e-20
3.372336029e-20
2.573216017e-20
3.617998474e-20
2.184140984e-20
3.826400569e-20
1.848160066e-20
4.00305229e-20
1.556827706e-20
4.152044515e-20
1.302851497e-20
4.276541567e-20
1.079930556e-20
4.379057049e-20
8.825926231e-21
4.461607881e-20
7.060463451e-21
4.525800866e-20
5.46051371e-21
4.57288258e-20
3.988042079e-21
4.603769092e-20
2.608367115e-21
4.619063441e-20
1.289241521e-21
4.61897654e-20
2.337206247e-32
4.21060643e-20
6.897849013e-21
3.345465299e-20
-2.661922846e-20
2.661393854e-20
-6.311693915e-21
2.035247267e-20
5.26511336e-21
1.424973859e-20
8.818514524e-21
8.177003402e-21
9.640362442e-21
2.13185092e-21
1.04037001e-20
1.11753253e-20
9.717922384e-09
1.876890185e-09
9.695918546e-09
5.085579235e-09
1.004753053e-08
6.513895804e-09
1.144713161e-08
9.711919507e-09
9.116300357e-09
1.568776942e-08
4.988671863e-10
2.201324142e-08
-1.121815298e-15
1.329935064e-08
-1.205200438e-19
3.473517769e-21
-1.147265452e-19
3.245865571e-20
-8.723430173e-20
4.731863162e-20
-5.975843508e-20
5.738708085e-20
-3.729795049e-20
5.986579814e-20
-2.004858351e-20
5.741966348e-20
-6.985501877e-21
5.252248142e-20
2.999975953e-21
4.672774088e-20
1.078977604e-20
4.088016273e-20
1.701057451e-20
3.539093865e-20
2.208594755e-20
3.042943364e-20
2.629731211e-20
2.603777305e-20
2.983260996e-20
2.219505803e-20
3.282017557e-20
1.885205058e-20
3.535068209e-20
1.594934489e-20
3.749076081e-20
1.342652445e-20
3.929123574e-20
1.122646365e-20
4.079203634e-20
9.297046395e-21
4.202510771e-20
7.591541292e-21
4.301612907e-20
6.068305252e-21
4.378553703e-20
4.690173172e-21
4.434915084e-20
3.423718878e-21
4.471856533e-20
2.238479259e-21
4.490139289e-20
1.106183128e-21
4.490019083e-20
1.636277707e-32
4.087881654e-20
6.077369425e-21
3.218937898e-20
-2.679952875e-20
2.543919437e-20
-7.484117167e-21
1.935158082e-20
3.576562503e-21
1.346424135e-20
6.94351201e-21
7.627672591e-21
7.715962282e-21
1.845621863e-21
8.425626308e-21
9.142170011e-21
1.287634164e-08
1.877589315e-09
1.260188774e-08
5.360033245e-09
1.162911289e-08
7.486671953e-09
1.135446751e-08
9.986567088e-09
8.991833353e-09
1.805040745e-08
1.289989353e-09
2.971508876e-08
-6.121712176e-17
1.45893422e-08
-1.364093558e-19
7.394221725e-21
-9.986615279e-20
-4.084753479e-21
-7.71658525e-20
2.461790253e-20
-5.727971779e-20
3.750028473e-20
-3.974408515e-20
4.232928631e-20
-2.494576557e-20
4.262027119e-20
-1.278024242e-20
4.035571852e-20
-2.847602196e-21
3.679371369e-20
5.300551966e-21
3.273049134e-20
1.20490695e-20
2.864079321e-20
1.769428696e-20
2.478250388e-20
2.245459708e-20
2.127570043e-20
2.648960251e-20
1.815827091e-20
2.991746987e-20
1.542240908e-20
3.282786165e-20
1.303722111e-20
3.529070001e-20
1.096203205e-20
3.736181848e-20
9.153794057e-21
3.908653124e-20
7.570903897e-21
4.050187167e-20
6.174915599e-21
4.163799699e-20
4.931068073e-21
4.251908274e-20
3.808176041e-21
4.316391122e-20
2.778198992e-21
4.35862692e-20
1.815661775e-21
4.379520976e-20
8.970177165e-22
4.379507753e-20
1.847970403e-32
3.982504662e-20
5.205599721e-21
3.108949888e-20
-2.693148801e-20
2.440755378e-20
-8.722783963e-21
1.846956521e-20
1.7403509e-21
1.277218793e-20
4.880497857e-21
7.144306123e-21
5.584822385e-21
1.594223709e-21
6.217528675e-21
6.858608235e-21
1.687290187e-08
1.522070145e-09
1.700508024e-08
5.22785655e-09
1.57794878e-08
8.712266246e-09
1.575759143e-08
1.0008467e-08
1.195771236e-08
2.185029086e-08
1.42904599e-09
4.024375867e-08
-1.428406257e-15
1.601839165e-08
-7.350156101e-20
-2.565977861e-20
-7.116455701e-20
-6.421955455e-21
-6.428347029e-20
1.77363911e-20
-5.245071622e-20
2.566687918e-20
-3.945310028e-20
2.933081551e-20
-2.721031823e-20
3.037645199e-20
-1.634224725e-20
2.948644356e-20
-6.910824547e-21
2.736093378e-20
1.210853835e-21
2.46073195e-20
8.190780171e-21
2.165925926e-20
1.418748351e-20
1.878410693e-20
1.933716756e-20
1.612427534e-20
2.375374069e-20
1.373993982e-20
2.75322819e-20
1.164211445e-20
3.075267259e-20
9.815115313e-21
3.348246202e-20
8.230606839e-21
3.577892832e-20
6.855801081e-21
3.769054294e-20
5.657889857e-21
3.925802414e-20
4.606180974e-21
4.051510496e-20
3.672904322e-21
4.148910569e-20
2.833287824e-21
4.2201374e-20
2.065257868e-21
4.266762514e-20
1.348963538e-21
4.289819205e-20
6.662307162e-22
4.289841375e-20
1.611559412e-32
3.896118644e-20
4.301791153e-21
3.017314192e-20
-2.700865272e-20
2.354101512e-20
-1.000924916e-20
1.772818498e-20
-2.190271321e-22
1.219248515e-20
2.65780006e-21
6.741294484e-21
3.27898231e-21
1.385616803e-21
3.817013223e-21
4.367454275e-21
2.093241546e-08
4.57119875e-10
2.13256499e-08
4.83462424e-09
1.794360073e-08
1.209431791e-08
1.313612327e-08
1.481594828e-08
9.83398478e-10
3.40030198e-08
-6.425280223e-09
4.76524408e-08
-6.666862655e-16
9.593114698e-09
4.506988967e-20
-4.489596751e-20
-4.700475869e-20
8.565249563e-20
-5.635298221e-20
2.708419587e-20
-4.878677989e-20
1.810004528e-20
-3.840746379e-20
1.895067355e-20
-2.810032667e-20
2.006830838e-20
-1.846775703e-20
1.985269616e-20
-9.664438819e-21
1.855627976e-20
-1.737206412e-21
1.667861451e-20
5.315627843e-21
1.460484013e-20
1.152765192e-20
1.257041204e-20
1.695283204e-20
1.069738193e-20
2.165591532e-20
9.035131075e-21
2.570528276e-20
7.591024098e-21
2.916816412e-20
6.350543722e-21
3.210765626e-20
5.289501354e-21
3.45810171e-20
4.380938772e-21
3.663883406e-20
3.598703072e-21
3.832474749e-20
2.919045396e-21
3.967548846e-20
2.321109246e-21
4.072107573e-20
1.786836729e-21
4.148507967e-20
1.300598599e-21
4.198489232e-20
8.487143042e-22
4.223196133e-20
4.189454564e-22
4.223087899e-20
9.497553378e-33
3.832959415e-20
3.366323364e-21
2.947421323e-20
-2.701617681e-20
2.286895157e-20
-1.132051238e-20
1.715174598e-20
-2.272018942e-21
1.174411923e-20
3.090468409e-22
6.432146544e-21
8.359440029e-22
1.226942059e-21
1.268042869e-21
1.718655071e-21
2.264144415e-08
-1.513952009e-09
2.742392307e-08
5.214679567e-11
3.360258294e-08
5.915661279e-09
4.146856928e-08
6.94996478e-09
6.19779429e-08
1.349365017e-08
7.236794354e-08
3.726244441e-08
-1.196757813e-18
8.196105996e-08
-2.124502977e-19
8.825731433e-20
-1.055734572e-19
-2.122453891e-20
-6.53371328e-20
-1.315253207e-20
-4.793615162e-20
6.984544016e-22
-3.728982897e-20
8.303549795e-21
-2.831593889e-20
1.1093435e-20
-1.976417342e-20
1.129977478e-20
-1.154210407e-20
1.033289716e-20
-3.810980788e-21
8.946046935e-21
3.281199754e-21
7.511109471e-21
9.654621805e-21
6.195352895e-21
1.529058118e-20
5.059747834e-21
2.021180835e-20
4.112223611e-21
2.446480238e-20
3.336352842e-21
2.810712175e-20
2.706574537e-21
3.119909368e-20
2.195950725e-21
3.37987814e-20
1.779781578e-21
3.595917638e-20
1.436969969e-21
3.772681134e-20
1.150219113e-21
3.914121594e-20
9.056780712e-22
4.02348376e-20
6.923733871e-22
4.103319538e-20
5.016011815e-22
4.155512347e-20
3.263584674e-22
4.181301587e-20
1.608400534e-22
4.181315278e-20
9.710271067e-33
3.793547324e-20
2.405864461e-21
2.901184864e-20
-2.695312495e-20
2.241459565e-20
-1.26376818e-20
1.676175252e-20
-4.387321961e-21
1.144348575e-20
-2.127019878e-21
6.227671923e-21
-1.701208947e-21
1.123462897e-21
-1.37988029e-21
-1.032589342e-21
2.536550949e-08
-4.732645317e-09
2.482185761e-08
5.957992299e-10
2.203223143e-08
8.70529012e-09
1.053026536e-08
1.845193343e-08
-9.268059721e-09
3.329197726e-08
-3.002872204e-08
5.802310892e-08
-7.178843837e-16
5.193233953e-08
-3.046477865e-19
-2.809431756e-19
-9.750585229e-20
-2.283666614e-19
-5.148614632e-20
-5.917262754e-20
-4.033105623e-20
-1.045722724e-20
-3.449994377e-20
2.471656272e-21
-2.810959911e-20
4.702128609e-21
-2.073105104e-20
3.920096229e-21
-1.29289543e-20
2.529517369e-21
-5.245918251e-21
1.261606091e-21
1.965443177e-21
2.982454281e-22
8.519016744e-21
-3.598154431e-22
1.434305696e-20
-7.659241922e-22
1.943593758e-20
-9.822885039e-22
2.383502408e-20
-1.064358375e-21
2.759649794e-20
-1.056498216e-21
3.078292453e-20
-9.920088574e-22
3.345596979e-20
-8.946930947e-22
3.567242552e-20
-7.80788356e-22
3.74822703e-20
-6.607855292e-22
3.892791126e-20
-5.409628196e-22
4.00440654e-20
-4.246016262e-22
4.085795266e-20
-3.129113882e-22
4.138960505e-20
-2.057136387e-22
4.165217582e-20
-1.019404354e-22
4.165267975e-20
8.369066558e-33
3.779425157e-20
1.426659462e-21
2.880236711e-20
-2.681944226e-20
2.219858298e-20
-1.394621214e-20
1.657578639e-20
-6.530598823e-21
1.130216446e-20
-4.605668548e-21
6.133955607e-21
-4.283906362e-21
1.077375846e-21
-4.073373543e-21
-3.828888769e-21
-3.530502184e-08
5.329528844e-09
-5.129096815e-08
1.658174687e-08
-6.872305002e-08
2.613737375e-08
-8.233022698e-08
3.205911286e-08
-8.251737236e-08
3.347912482e-08
-5.21415317e-08
2.764727069e-08
6.727234515e-19
-2.091911202e-10
2.808676178e-19
8.912937134e-20
7.169199858e-20
-1.919122385e-20
-2.770746016e-21
1.528973861e-20
-2.740217272e-20
1.417362678e-20
-3.226947143e-20
7.338196118e-21
-2.889163149e-20
1.323353983e-21
-2.21216299e-20
-2.851002633e-21
-1.419686558e-20
-5.39649436e-21
-6.209278914e-21
-6.727340291e-21
1.307382306e-21
-7.21986643e-21
8.112907995e-21
-7.166891009e-21
1.412669265e-20
-6.781301168e-21
1.935386771e-20
-6.211054047e-21
2.384288424e-20
-5.554953732e-21
2.76609873e-20
-4.876151193e-21
3.088024029e-20
-4.212747303e-21
3.356987453e-20
-3.585714085e-21
3.579242835e-20
-3.004607992e-21
3.760209301e-20
-2.471578944e-21
3.904427245e-20
-1.984116667e-21
4.015575564e-20
-1.536886002e-21
4.096515041e-20
-1.12291786e-21
4.149337826e-20
-7.343531781e-22
4.175411626e-20
-3.628842855e-22
4.17527686e-20
3.380287043e-33
3.789912706e-20
4.47092981e-22
2.885478129e-20
-2.663092743e-20
2.223163193e-20
-1.52332652e-20
1.660196456e-20
-8.664917422e-21
1.132304962e-20
-7.076950564e-21
6.149862668e-21
-6.859553283e-21
1.086604327e-21
-6.758116153e-21
-6.614924374e-21
-7.015956034e-08
1.707188424e-08
-7.885010206e-08
2.527229064e-08
-7.592052063e-08
2.32077938e-08
-5.752124874e-08
1.365984226e-08
-2.69748033e-08
2.932680714e-09
6.13185144e-10
5.928311641e-11
6.248526503e-19
4.039936532e-10
4.776017912e-19
2.363802302e-19
1.061734584e-19
3.522369284e-19
-3.886857851e-21
1.253497031e-19
-3.423760337e-20
4.452383144e-20
-3.828431357e-20
1.138417987e-20
-3.306598811e-20
-3.895871507e-21
-2.466712163e-20
-1.125092608e-20
-1.552771151e-20
-1.453711543e-20
-6.701805053e-21
-1.555455741e-20
1.360357727e-21
-1.528342545e-20
8.498497836e-21
-1.430652762e-20
1.469693977e-20
-1.298128877e-20
2.000996802e-20
-1.152563146e-20
2.452168678e-20
-1.006820939e-20
2.832439119e-20
-8.680360384e-21
3.150727351e-20
-7.397069484e-21
3.415098062e-20
-6.230766066e-21
3.63254574e-20
-5.180314545e-21
3.808955528e-20
-4.236775571e-21
3.949150312e-20
-3.387014508e-21
4.056972378e-20
-2.615888935e-21
4.135371509e-20
-1.907507394e-21
4.186484715e-20
-1.245888379e-21
4.211700054e-20
-6.152388909e-22
4.211755525e-20
2.275477044e-33
3.8289062e-20
-5.58590478e-22
2.91809848e-20
-2.637629941e-20
2.251737142e-20
-1.647773712e-20
1.683634995e-20
-1.074578438e-20
1.149776191e-20
-9.486469125e-21
6.265671385e-21
-9.374215913e-21
1.144337774e-21
-9.382709391e-21
-9.342189176e-21
-5.207390103e-08
2.154921179e-08
-5.187867378e-08
2.507706398e-08
-4.134336092e-08
1.267248178e-08
-2.489642245e-08
-2.787095687e-09
-1.043455305e-08
-1.152918896e-08
-8.615544459e-10
-9.513716342e-09
8.527618671e-10
-1.310323665e-09
-2.357603476e-19
8.527618441e-10
-1.207521917e-19
2.372285744e-19
-8.471272953e-20
8.930996119e-20
-6.737725495e-20
2.718786119e-20
-5.356436494e-20
-2.429397702e-21
-4.042104268e-20
-1.704005338e-20
-2.795331098e-20
-2.371966427e-20
-1.654515349e-20
-2.594644426e-20
-6.430673094e-21
-2.567028807e-20
2.337255559e-21
-2.40526871e-20
9.823736682e-21
-2.179443599e-20
1.615259708e-20
-1.931162794e-20
2.146739009e-20
-1.684191576e-20
2.590953578e-20
-1.451183954e-20
2.960768209e-20
-1.237995999e-20
3.267357693e-20
-1.046435441e-20
3.520143214e-20
-8.759921325e-21
3.726899637e-20
-7.249070565e-21
3.893931635e-20
-5.908163056e-21
4.026262869e-20
-4.711251634e-21
4.127810532e-20
-3.632128105e-21
4.201533411e-20
-2.6453199e-21
4.249549664e-20
-1.726444307e-21
4.273223943e-20
-8.521774488e-22
4.27296689e-20
-2.025861063e-33
3.887073068e-20
-1.529351811e-21
2.972829083e-20
-2.608491419e-20
2.301769801e-20
-1.767310604e-20
1.725163601e-20
-1.273955729e-20
1.180421276e-20
-1.178508994e-20
6.46344802e-21
-1.177814063e-20
1.239868943e-21
-1.19029983e-20
-1.197289759e-20
-1.867956372e-08
1.917130583e-08
-1.45052149e-08
2.090271538e-08
-1.000338871e-08
8.170655479e-09
-9.166890301e-09
-3.62359467e-09
-1.014673976e-08
-1.054934052e-08
-6.951619053e-09
-1.270883952e-08
-5.788979734e-10
-7.683046808e-09
1.684415939e-15
2.738592935e-10
-2.685101202e-19
-1.548929434e-19
-1.468334251e-19
-3.2366989e-20
-9.699451384e-20
-2.265150044e-20
-6.817502062e-20
-3.124953572e-20
-4.710065357e-20
-3.811523282e-20
-3.018009097e-20
-4.06411679e-20
-1.626899729e-20
-3.985866609e-20
-4.813072126e-21
-3.712740496e-20
4.595506666e-21
-3.346253934e-20
1.230654473e-20
-2.950683181e-20
1.862230927e-20
-2.562879742e-20
2.37974663e-20
-2.201849694e-20
2.804141534e-20
-1.875721282e-20
3.152328767e-20
-1.586322863e-20
3.437801002e-20
-1.332041306e-20
3.67122829e-20
-1.109544605e-20
3.860990388e-20
-9.14784216e-21
4.013622777e-20
-7.435520182e-21
4.134175222e-20
-5.917672795e-21
4.226491352e-20
-4.55602962e-21
4.29342097e-20
-3.315182948e-21
4.33697635e-20
-2.162379839e-21
4.358441688e-20
-1.067020154e-21
4.358580084e-20
-8.090508758e-33
3.971183014e-20
-2.487896289e-21
3.051071681e-20
-2.573251798e-20
2.372114384e-20
-1.878737023e-20
1.782446757e-20
-1.460065767e-20
1.221847625e-20
-1.392309585e-20
6.723749553e-21
-1.402605808e-20
1.362065053e-21
-1.428314063e-20
-1.448040277e-20
-2.15164656e-10
1.421490361e-08
5.953034143e-09
1.473451684e-08
6.563327332e-09
7.560362049e-09
3.634427371e-09
-6.94695867e-10
-5.904701099e-10
-6.324444993e-09
-2.265005701e-09
-1.103430756e-08
-3.937621856e-10
-9.554295233e-09
9.590280187e-16
-1.199074891e-10
-1.458952423e-19
-1.808730496e-20
-1.371182682e-19
-4.114417649e-20
-1.055925491e-19
-5.417763064e-20
-7.504071772e-20
-6.180196719e-20
-4.962658865e-20
-6.353012779e-20
-2.939758915e-20
-6.087104341e-20
-1.353773616e-20
-5.571960258e-20
-1.148206507e-21
-4.951808903e-20
8.551214194e-21
-4.316319743e-20
1.618457912e-20
-3.714151178e-20
2.223260975e-20
-3.167818374e-20
2.705875042e-20
-2.684601163e-20
3.093539953e-20
-2.263523596e-20
3.406610323e-20
-1.899527746e-20
3.660297703e-20
-1.585857266e-20
3.865988679e-20
-1.315356066e-20
4.032222586e-20
-1.081129003e-20
4.165407516e-20
-8.768366372e-21
4.270339539e-20
-6.967858813e-21
4.35057602e-20
-5.359109253e-21
4.408701281e-20
-3.896982819e-21
4.446512318e-20
-2.540858204e-21
4.465143703e-20
-1.253515841e-21
4.46495551e-20
-9.334653217e-33
4.074364665e-20
-3.412594263e-21
3.148763658e-20
-2.532287259e-20
2.458628605e-20
-1.978777352e-20
1.852034287e-20
-1.629043421e-20
1.271469334e-20
-1.585940614e-20
7.029403527e-21
-1.608138411e-20
1.502429772e-21
-1.64959711e-20
-1.684654866e-20
4.758285388e-09
9.634132459e-09
9.525410197e-09
9.967391952e-09
9.539125133e-09
7.546646826e-09
5.38975829e-09
3.454670321e-09
1.455012731e-09
-2.389701161e-09
-1.263244866e-10
-9.452973207e-09
2.400688481e-11
-9.704629735e-09
6.160928673e-16
-9.590171058e-11
-1.690319163e-19
7.188837397e-22
-1.50150958e-19
-6.002532494e-20
-1.132168857e-19
-9.111207657e-20
-7.676887832e-20
-9.825053352e-20
-4.696750427e-20
-9.333223282e-20
-2.424614832e-20
-8.359322536e-20
-7.336222612e-21
-7.263054872e-20
5.206685088e-21
-6.206212519e-20
1.457289985e-20
-5.253061511e-20
2.164790716e-20
-4.421778145e-20
2.706478187e-20
-3.709635619e-20
3.126952609e-20
-3.105207496e-20
3.457535802e-20
-2.594238956e-20
3.720280803e-20
-2.162402114e-20
3.930798903e-20
-1.796498977e-20
4.100215741e-20
-1.484888761e-20
4.236514952e-20
-1.217534879e-20
4.345458272e-20
-9.858758555e-21
4.431214495e-20
-7.82625349e-21
4.496788663e-20
-6.015537698e-21
4.544313743e-20
-4.372758847e-21
4.575246554e-20
-2.850538909e-21
4.590495288e-20
-1.406176782e-21
4.590604245e-20
-1.256324416e-32
4.198280016e-20
-4.318853782e-21
3.263488258e-20
-2.481900273e-20
2.558074405e-20
-2.063334405e-20
1.930940797e-20
-1.777279925e-20
1.327288246e-20
-1.756282836e-20
7.370865418e-21
-1.791798186e-20
1.658073285e-21
-1.852099093e-20
-1.905607108e-20
2.24367972e-09
7.572430808e-09
4.210852058e-09
8.000220219e-09
3.85178002e-09
7.905719212e-09
1.721120695e-09
5.585329636e-09
2.998018935e-10
-9.683834228e-10
-2.063014328e-09
-7.090158623e-09
-1.992248323e-09
-9.775396574e-09
2.847344241e-16
-2.08815046e-09
-2.295793465e-19
8.449647041e-20
-1.812379526e-19
-1.08366892e-19
-1.203553426e-19
-1.519950278e-19
-7.185057761e-20
-1.467558147e-19
-3.722849681e-20
-1.27954998e-19
-1.328347168e-20
-1.075390599e-19
3.232200916e-21
-8.91471227e-20
1.473819516e-20
-7.356914821e-20
2.288573351e-20
-6.067927676e-20
2.876933242e-20
-5.010256428e-20
3.31090631e-20
-4.143730979e-20
3.637921149e-20
-3.432347421e-20
3.889372644e-20
-2.845816257e-20
4.08618394e-20
-2.359336772e-20
4.242409119e-20
-1.952842213e-20
4.367569624e-20
-1.610160096e-20
4.468173975e-20
-1.318241357e-20
4.548708778e-20
-1.066502459e-20
4.612286075e-20
-8.462822598e-21
4.661066548e-20
-6.503998524e-21
4.696535736e-20
-4.727951935e-21
4.719682767e-20
-3.082345248e-21
4.731112966e-20
-1.520643832e-21
4.73122495e-20
-1.94021298e-32
4.331524089e-20
-5.147808298e-21
3.388166099e-20
-2.422720094e-20
2.665322227e-20
-2.130258575e-20
2.01607316e-20
-1.903205132e-20
1.387880657e-20
-1.90188938e-20
7.74627663e-21
-1.952210888e-20
1.831383707e-21
-2.034195509e-20
-2.109132163e-20
-1.345937035e-09
7.120512046e-09
-1.130962033e-09
7.785246262e-09
-1.065551213e-09
7.84030969e-09
-1.21703849e-09
5.73681801e-09
-2.780318923e-09
5.948974054e-10
-6.803241404e-09
-3.067236612e-09
-4.123006824e-09
-1.245563099e-08
1.092441077e-15
-6.211160726e-09
-4.226900163e-19
-2.821435805e-19
-2.248640884e-19
-3.061929766e-19
-1.151161295e-19
-2.617432857e-19
-5.304976093e-20
-2.088227121e-19
-1.681255868e-20
-1.641927679e-19
5.108465533e-21
-1.29460858e-19
1.881017541e-20
-1.028497223e-19
2.762806661e-20
-8.238804142e-20
3.346244599e-20
-6.651473556e-20
3.74345869e-20
-5.407582976e-20
4.022289868e-20
-4.422678054e-20
4.224452313e-20
-3.634628584e-20
4.375852129e-20
-2.997335526e-20
4.492678499e-20
-2.47628028e-20
4.585091236e-20
-2.045367159e-20
4.659488363e-20
-1.684662706e-20
4.719912873e-20
-1.378763123e-20
4.768928977e-20
-1.115605937e-20
4.808168482e-20
-8.855974521e-21
4.838671207e-20
-6.80964883e-21
4.861096405e-20
-4.952679547e-21
4.875852909e-20
-3.230229057e-21
4.883177349e-20
-1.594044708e-21
4.883178028e-20
-2.602861515e-32
4.477634475e-20
-5.918735261e-21
3.52369345e-20
-2.352736321e-20
2.779874646e-20
-2.176008315e-20
2.106518848e-20
-2.004828587e-20
1.4527299e-20
-2.021706088e-20
8.157068022e-21
-2.088661267e-20
2.025195071e-21
-2.194402351e-20
-2.293182292e-20
-3.137459167e-09
7.024432135e-09
-3.011341251e-09
7.659129789e-09
-2.530849873e-09
7.359820053e-09
-1.604808067e-09
4.810777763e-09
-2.16568258e-09
1.155772833e-09
-3.386003895e-09
-1.846916129e-09
-2.208074265e-09
-1.36335614e-08
1.441512031e-15
-8.41923511e-09
-4.479676606e-19
-8.081027381e-19
-1.804180341e-19
-5.737427152e-19
-6.219555595e-20
-3.799659724e-19
-8.41981679e-21
-2.625990101e-19
1.791935128e-20
-1.905325804e-19
3.171960122e-20
-1.432618366e-19
3.927185626e-20
-1.104028363e-19
4.350137247e-20
-8.661852248e-20
4.59013518e-20
-6.891575305e-20
4.728363612e-20
-5.545919379e-20
4.810339338e-20
-4.504764967e-20
4.861745371e-20
-3.686148246e-20
4.896907375e-20
-3.032611415e-20
4.92359162e-20
-2.503075863e-20
4.945795688e-20
-2.067677765e-20
4.965387945e-20
-1.704355094e-20
4.983070059e-20
-1.396537495e-20
4.998937463e-20
-1.1315561e-20
5.012801051e-20
-8.995326109e-21
5.024368135e-20
-6.925908189e-21
5.033341454e-20
-5.042861906e-21
5.039471344e-20
-3.291829174e-21
5.04258182e-20
-1.625297408e-21
5.042493014e-20
-2.794987566e-32
4.632069625e-20
-6.640276139e-21
3.667555307e-20
-2.271959276e-20
2.900196531e-20
-2.198025272e-20
2.200949095e-20
-2.080372473e-20
1.52033406e-20
-2.114509378e-20
8.589864111e-21
-2.200600093e-20
2.23037525e-21
-2.331660896e-20
-2.456623723e-20
-2.635487115e-09
6.716215716e-09
-1.643939904e-09
6.667584243e-09
-8.601022018e-10
6.575984007e-09
-1.39521832e-09
5.345894865e-09
-3.951596957e-09
3.712151301e-09
-8.163393179e-09
2.364882178e-09
-5.09184518e-09
-1.670510853e-08
1.111678636e-17
-1.351108001e-08
-2.143622132e-19
-2.079551389e-18
1.335911818e-20
-8.014641698e-19
5.517140632e-20
-4.217785329e-19
6.364661297e-20
-2.710746543e-19
6.519009505e-20
-1.92076641e-19
6.457860157e-20
-1.426509984e-19
6.305617006e-20
-1.088812233e-19
6.12041419e-20
-8.476740535e-20
5.935791105e-20
-6.707049314e-20
5.769518024e-20
-5.379747676e-20
5.628956059e-20
-4.364308157e-20
5.515282201e-20
-3.572582158e-20
5.426442928e-20
-2.943880072e-20
5.358989719e-20
-2.43572807e-20
5.309118359e-20
-2.017907275e-20
5.273205544e-20
-1.668537075e-20
5.248051455e-20
-1.371470647e-20
5.230960952e-20
-1.114543697e-20
5.219742843e-20
-8.883819059e-21
5.212672764e-20
-6.855761028e-21
5.208444727e-20
-5.00100417e-21
5.20612452e-20
-3.268910883e-21
5.205111561e-20
-1.615307298e-21
5.205199441e-20
-3.120867479e-32
4.784676747e-20
-7.260150719e-21
3.814780688e-20
-2.18559251e-20
3.023787098e-20
-2.1962198e-20
2.296727143e-20
-2.127919646e-20
1.586483955e-20
-2.177501974e-20
8.995739426e-21
-2.286794555e-20
2.411045588e-21
-2.446217272e-20
-2.601910461e-20
-1.64672899e-09
6.620260723e-09
-2.227923844e-09
7.248780296e-09
-4.666879791e-09
9.014941245e-09
-1.049629269e-08
1.117530806e-08
-2.295052339e-08
1.616638478e-08
-3.198233836e-08
1.139670045e-08
-7.793475643e-09
-4.089397206e-08
1.572792643e-18
-2.130455564e-08
1.060454013e-18
5.879733371e-19
3.930445138e-19
-1.340548605e-19
2.058752849e-19
-2.346095623e-19
1.426446263e-19
-2.078444275e-19
1.146157377e-19
-1.64048302e-19
9.834837665e-20
-1.263842393e-19
8.7169988e-20
-9.770357636e-20
7.890105411e-20
-7.649930789e-20
7.263092743e-20
-6.080126476e-20
6.784957543e-20
-4.901707306e-20
6.420682059e-20
-4.000131842e-20
6.143984287e-20
-3.295986217e-20
5.934594929e-20
-2.734592608e-20
5.776810514e-20
-2.278043149e-20
5.658488559e-20
-1.899680582e-20
5.570271973e-20
-1.580410035e-20
5.504978404e-20
-1.306259398e-20
5.457122743e-20
-1.066761575e-20
5.422548646e-20
-8.538711474e-21
5.398148449e-20
-6.612278764e-21
5.381654056e-20
-4.836457121e-21
5.371484879e-20
-3.167485983e-21
5.36664229e-20
-1.567012619e-21
5.366665096e-20
-3.674755448e-32
4.938213822e-20
-7.798609366e-21
3.967656232e-20
-2.098358978e-20
3.151180781e-20
-2.168751272e-20
2.390442808e-20
-2.141610079e-20
1.643271548e-20
-2.203388917e-20
9.276088887e-21
-2.344059479e-20
2.494463277e-21
-2.540904123e-20
-2.738770291e-20
2.985022884e-11
6.736344192e-09
-7.335557381e-10
8.012185612e-09
-9.641466547e-10
9.245530232e-09
4.380210829e-10
9.77314046e-09
4.817339906e-09
1.178706862e-08
1.284221258e-08
3.371831664e-09
4.703604463e-09
-3.275536531e-08
1.828953462e-19
-1.660095329e-08
3.33551244e-19
2.662024908e-19
2.924897539e-19
-9.299353361e-20
2.326404197e-19
-1.747604716e-19
1.864407517e-19
-1.616451238e-19
1.522798004e-19
-1.298878387e-19
1.270290396e-19
-1.011341129e-19
1.083742565e-19
-7.904952746e-20
9.459909725e-20
-6.272495393e-20
8.441511913e-20
-5.061814243e-20
7.686533006e-20
-4.146818587e-20
7.124827685e-20
-3.438520689e-20
6.705377896e-20
-2.876632795e-20
6.391144388e-20
-2.420455262e-20
6.155173081e-20
-2.042165679e-20
5.977759106e-20
-1.722356504e-20
5.84442261e-20
-1.447158054e-20
5.744476228e-20
-1.206390635e-20
5.67001317e-20
-9.923677326e-21
5.615191917e-20
-7.991094094e-21
5.575730614e-20
-6.218153696e-21
5.54855117e-20
-4.565035502e-21
5.531532215e-20
-2.997547417e-21
5.523343552e-20
-1.485249324e-21
5.523167668e-20
-3.912728934e-32
5.086222395e-20
-8.247245251e-21
4.124336867e-20
-2.019600424e-20
3.279651082e-20
-2.112897016e-20
2.475110709e-20
-2.111326793e-20
1.677976185e-20
-2.179141345e-20
9.280365335e-21
-2.366876531e-20
2.371449045e-21
-2.622691483e-20
-2.887848904e-20
2.033469002e-09
6.854670315e-09
7.105924364e-10
9.33506243e-09
3.27435874e-10
9.628687882e-09
1.568670785e-09
8.531911535e-09
8.412909512e-09
4.942832437e-09
1.980909142e-08
-8.024349003e-09
8.077967806e-09
-2.102424472e-08
-7.282794864e-19
-8.522987502e-09
-2.909415774e-20
-3.834898632e-19
2.107227465e-19
-3.328105723e-19
2.457557675e-19
-2.097937007e-19
2.181980368e-19
-1.340877997e-19
1.810335262e-19
-9.27237662e-20
1.49113625e-19
-6.921479004e-20
1.2469883e-19
-5.463540104e-20
1.067059087e-19
-4.473277276e-20
9.356507568e-20
-3.747810859e-20
8.394830905e-20
-3.185227046e-20
7.686715579e-20
-2.730494411e-20
7.161555429e-20
-2.3515636e-20
6.769433971e-20
-2.028424452e-20
6.474982256e-20
-1.747802446e-20
6.252957556e-20
-1.500416638e-20
6.085190028e-20
-1.279470296e-20
5.958499131e-20
-1.079772948e-20
5.863271493e-20
-8.972053097e-21
5.792485957e-20
-7.283798975e-21
5.741042433e-20
-5.704177713e-21
5.705299978e-20
-4.207962041e-21
5.682762024e-20
-2.772404414e-21
5.671868485e-20
-1.376430124e-21
5.671894742e-20
-4.37662992e-32
5.225265208e-20
-8.601637645e-21
4.283696229e-20
-1.960969584e-20
3.405097802e-20
-2.022960146e-20
2.540928129e-20
-2.021249304e-20
1.674098687e-20
-2.085034086e-20
8.822754919e-21
-2.347645685e-20
1.909081629e-21
-2.703839106e-20
-3.083084821e-20
3.686178118e-09
6.672653678e-09
3.408788763e-09
9.612450748e-09
3.957302961e-09
9.080170857e-09
6.31386085e-09
6.175355802e-09
1.203427539e-08
-7.775799176e-10
1.555867927e-08
-1.154875026e-08
5.877802493e-09
-1.134337215e-08
-3.966131055e-10
-2.248572925e-09
2.155515705e-20
-3.966131059e-10
3.337388099e-19
-6.449943556e-19
3.214616685e-19
-1.975166438e-19
2.595620704e-19
-7.218847876e-20
2.045425024e-19
-3.770460694e-20
1.63693014e-19
-2.836583106e-20
1.346014583e-19
-2.55444625e-20
1.139605729e-19
-2.409257511e-20
9.919091381e-20
-2.270919965e-20
8.84956354e-20
-2.115779513e-20
8.06564639e-20
-1.946661228e-20
7.484694578e-20
-1.770697447e-20
7.050055977e-20
-1.593871259e-20
6.722368064e-20
-1.42019802e-20
6.473903898e-20
-1.252032592e-20
6.284887377e-20
-1.090529118e-20
6.141066768e-20
-9.360214663e-21
6.032096905e-20
-7.882970085e-21
5.950448083e-20
-6.467839686e-21
5.890664e-20
-5.10677072e-21
5.848855741e-20
-3.790211375e-21
5.822359454e-20
-2.507665296e-21
5.809511497e-20
-1.248060577e-21
5.809620314e-20
-4.514478737e-32
5.356239241e-20
-8.888308292e-21
4.446247189e-20
-1.933733974e-20
3.522604395e-20
-1.887816121e-20
2.575626624e-20
-1.848205224e-20
1.611885617e-20
-1.893857589e-20
7.69258842e-21
-2.277453899e-20
9.582265183e-22
-2.802760527e-20
-3.373330817e-20
3.105875267e-09
5.674018936e-09
4.931195317e-09
7.787131603e-09
6.819297716e-09
7.192070888e-09
9.123159347e-09
3.871500388e-09
1.100902494e-08
-2.663449487e-09
8.111991984e-09
-8.651714126e-09
1.39501415e-09
-4.626394955e-09
-1.588417958e-09
7.348584612e-10
2.551276594e-18
-1.985031066e-09
7.811280953e-19
1.828638187e-19
4.46789953e-19
1.368213228e-19
2.940459422e-19
8.055525608e-20
2.138812782e-19
4.245966069e-20
1.665143825e-19
1.900057005e-20
1.360533457e-19
4.915998188e-21
1.153439484e-19
-3.383823789e-21
1.007423183e-19
-8.108278243e-21
9.018681825e-20
-1.060305382e-20
8.241610171e-20
-1.169668707e-20
7.661520766e-20
-1.190688729e-20
7.223729216e-20
-1.156160313e-20
6.890533492e-20
-1.087081247e-20
6.635407371e-20
-9.969823007e-21
6.439395029e-20
-8.94588079e-21
6.288791226e-20
-7.85483075e-21
6.173609945e-20
-6.731740041e-21
6.08655498e-20
-5.597791217e-21
6.022319935e-20
-4.464831844e-21
5.977110349e-20
-3.338430738e-21
5.948319925e-20
-2.219973691e-21
5.934317555e-20
-1.108141648e-21
5.934193714e-20
-4.445737382e-32
5.469527285e-20
-9.058959817e-21
4.609037534e-20
-1.955827831e-20
3.623731493e-20
-1.690854455e-20
2.562014592e-20
-1.560269386e-20
1.464819153e-20
-1.569075682e-20
5.616115891e-21
-2.146530781e-20
-6.739417339e-22
-2.9459618e-20
-3.826722367e-20
9.618965917e-10
3.674964399e-09
4.122573541e-09
4.626453008e-09
6.71844848e-09
4.59619519e-09
8.473304999e-09
2.116642612e-09
7.854249702e-09
-2.044394218e-09
4.39564548e-09
-5.193106356e-09
3.835783414e-09
-4.066532445e-09
1.281134236e-09
3.289506524e-09
1.83586369e-18
-7.03896831e-10
7.345207005e-19
1.270713089e-18
3.90524012e-19
4.808178895e-19
2.559503468e-19
2.15128676e-19
1.904221876e-19
1.079874605e-19
1.524298107e-19
5.699249156e-20
1.277535237e-19
2.959174739e-20
1.106194939e-19
1.374959698e-20
9.824754275e-20
4.26300238e-21
8.909318499e-20
-1.449413001e-21
8.220590149e-20
-4.810150122e-21
7.696049182e-20
-6.662239585e-21
7.292808282e-20
-7.529957464e-21
6.980632439e-20
-7.74980341e-21
6.737801593e-20
-7.542234794e-21
6.548500033e-20
-7.05354232e-21
6.401100297e-20
-6.381454615e-21
6.287004828e-20
-5.591339247e-21
6.199850917e-20
-4.726729113e-21
6.134960045e-20
-3.816315396e-21
6.088956053e-20
-2.87869156e-21
6.05950313e-20
-1.925647442e-21
6.04513172e-20
-9.645278533e-22
6.045118635e-20
-4.61990824e-32
5.572541945e-20
-9.149882211e-21
4.777472568e-20
-2.043176866e-20
3.699874957e-20
-1.401455192e-20
2.473690017e-20
-1.107720358e-20
1.189879553e-20
-1.057534819e-20
2.139462338e-21
-1.942738281e-20
-3.306306366e-21
-3.17344844e-20
-4.543282867e-20
2.749378388e-10
1.920560711e-09
2.923523149e-09
1.97786695e-09
5.373400173e-09
2.146326173e-09
6.925084862e-09
5.64955684e-10
6.784799223e-09
-1.904108385e-09
4.917788242e-09
-3.326094598e-09
5.176556852e-09
-4.325301835e-09
5.110891923e-09
3.355169384e-09
-9.001098701e-19
4.40699414e-09
-5.577833986e-20
3.88561508e-19
1.248346906e-19
3.002047452e-19
1.488091313e-19
1.911540085e-19
1.394272187e-19
1.173690375e-19
1.250290665e-19
7.13902161e-20
1.119113733e-19
4.270893303e-20
1.011328993e-19
2.452749402e-20
9.253512737e-20
1.286013878e-20
8.573244787e-20
5.352588168e-21
8.035381203e-20
5.677794124e-22
7.609277394e-20
-2.40192385e-21
7.270823687e-20
-4.146146024e-21
7.0013893e-20
-5.056173246e-21
6.78667084e-20
-5.395736661e-21
6.615708803e-20
-5.344567511e-21
6.480111834e-20
-5.026077556e-21
6.373465841e-20
-4.525408357e-21
6.290892289e-20
-3.901449843e-21
6.228722429e-20
-3.194992466e-21
6.184260465e-20
-2.434360141e-21
6.155615089e-20
-1.639388306e-21
6.141584505e-20
-8.243184212e-22
6.141650612e-20
-4.735191045e-32
5.660737088e-20
-9.156596018e-21
4.948619153e-20
-2.213321356e-20
3.727744932e-20
-9.686404599e-21
2.2606501e-20
-4.141248524e-21
7.112805915e-21
-2.802983118e-21
-3.535828647e-21
-1.64987921e-20
-7.492581646e-21
-3.549700677e-20
-5.678406956e-20
9.666126401e-10
9.575917478e-10
2.198338278e-09
7.461388951e-10
3.549987785e-09
7.946826902e-10
4.222409408e-09
-1.074673446e-10
4.111522887e-09
-1.793221319e-09
3.082513085e-09
-2.297085388e-09
1.224136391e-09
-2.466927937e-09
6.199920541e-10
3.959311024e-09
-4.714019851e-19
5.026985536e-09
-1.432555721e-19
2.876847961e-20
1.57838197e-20
1.411652477e-19
7.50241603e-20
1.319134543e-19
9.344839727e-20
9.894448318e-20
9.634778344e-20
6.849042376e-20
9.372993427e-20
4.532629975e-20
8.94655441e-20
2.879133697e-20
8.502757676e-20
1.729750324e-20
8.094763912e-20
9.431882167e-21
7.738410877e-20
4.130638625e-21
7.434855176e-20
6.329454232e-22
7.179820965e-20
-1.596495794e-21
6.967432959e-20
-2.932974332e-21
6.791787755e-20
-3.639940305e-21
6.647557799e-20
-3.902885256e-21
6.530178754e-20
-3.852854703e-21
6.435861693e-20
-3.582745327e-21
6.361538027e-20
-3.158651601e-21
6.304785661e-20
-2.627830146e-21
6.263757649e-20
-2.024357323e-21
6.237122077e-20
-1.373219904e-21
6.224016347e-20
-6.933540419e-22
6.223955083e-20
-4.728463758e-32
5.734920986e-20
-9.080630899e-21
5.109869328e-20
-2.470384974e-20
3.658288826e-20
-3.049872982e-21
1.836272949e-20
6.345188609e-21
-9.034398049e-22
8.74313634e-21
-1.263260305e-20
-1.24883897e-20
-1.406092431e-20
-4.178668243e-20
-7.470305263e-20
1.497101402e-09
4.377226442e-10
2.07525815e-09
1.679798647e-10
2.793397484e-09
7.654715556e-11
3.163069736e-09
-4.771406852e-10
2.785638431e-09
-1.415791605e-09
2.053361173e-09
-1.564810463e-09
6.347362168e-10
-1.048305401e-09
-1.312967559e-10
4.725341761e-09
5.580922969e-20
4.895687934e-09
-2.98786589e-20
1.006035009e-19
6.532021278e-21
1.047544679e-19
4.205518917e-20
9.639008187e-20
6.299433784e-20
7.800503245e-20
7.318365942e-20
5.830071602e-20
7.71949715e-20
4.131452905e-20
7.797171036e-20
2.801407905e-20
7.716195569e-20
1.810668501e-20
7.564639558e-20
1.094682828e-20
7.388641556e-20
5.88997674e-21
7.211911055e-20
2.399591998e-21
7.046173111e-20
6.022146206e-23
6.896736361e-20
-1.439258399e-21
6.76549326e-20
-2.328136787e-21
6.652560854e-20
-2.774152947e-21
6.557189691e-20
-2.899688391e-21
6.478271065e-20
-2.794047755e-21
6.414620172e-20
-2.522565408e-21
6.365132944e-20
-2.133306505e-21
6.328871391e-20
-1.662009369e-21
6.305108663e-20
-1.13577337e-21
6.293351751e-20
-5.758746508e-22
6.2931901e-20
-4.610196863e-32
5.800006712e-20
-8.962791351e-21
5.224798183e-20
-2.777155168e-20
3.398334759e-20
7.336731689e-21
1.069178197e-20
2.190423262e-20
-1.370376943e-20
2.541983998e-20
-2.6620037e-20
-7.289681939e-21
-2.396436497e-20
-5.215915521e-20
-1.025249185e-19
1.453899641e-09
1.6088589e-10
1.751009519e-09
-1.29131538e-10
2.123347529e-09
-2.957880492e-10
2.401353896e-09
-7.55147628e-10
2.10897431e-09
-1.123412838e-09
2.323726327e-09
-1.779565235e-09
2.064158174e-09
-7.887397507e-10
1.006123669e-09
5.783374049e-09
-1.377785632e-20
5.901810468e-09
-2.492967941e-20
9.898376672e-20
-1.832361072e-21
8.165705375e-20
2.367013974e-20
7.08873849e-20
4.329002141e-20
5.838486309e-20
5.619747246e-20
4.539289778e-20
6.389452149e-20
3.361704423e-20
6.806431632e-20
2.384379011e-20
7.000209896e-20
1.616835523e-20
7.058954404e-20
1.035879339e-20
7.039603082e-20
6.082871398e-21
6.977974001e-20
3.015248286e-21
6.896225125e-20
8.770733338e-22
6.807848523e-20
-5.561179596e-22
6.720891644e-20
-1.459170418e-21
6.64000731e-20
-1.965878539e-21
6.567753755e-20
-2.177678241e-21
6.5054193e-20
-2.171174912e-21
6.453546062e-20
-2.004241526e-21
6.412262657e-20
-1.720809451e-21
6.381494991e-20
-1.354591274e-21
6.361098535e-20
-9.319834225e-22
6.350939216e-20
-4.743681663e-22
6.350596435e-20
-4.449435673e-32
5.848598419e-20
-8.753066594e-21
5.212644234e-20
-3.023051446e-20
2.794884763e-20
2.363744638e-20
-2.108545089e-21
4.423022606e-20
-3.287270838e-20
4.84662739e-20
-4.673478938e-20
-1.144045073e-21
-3.791187331e-20
-6.86977584e-20
-1.442937773e-19
1.400771968e-09
6.111456508e-13
1.614293909e-09
-3.426537487e-10
1.847260431e-09
-5.28751285e-10
2.191168827e-09
-1.099056634e-09
2.10863447e-09
-1.040881057e-09
2.637714549e-09
-2.308647919e-09
2.568303244e-09
-7.193317589e-10
1.35574364e-09
6.995930847e-09
-6.682182123e-20
7.257552885e-09
-4.122673822e-20
5.010784266e-20
-1.260202852e-20
5.30322521e-20
1.116761793e-20
4.711755078e-20
3.02980561e-20
3.92541516e-20
4.442161891e-20
3.126898526e-20
5.412126737e-20
2.39169806e-20
6.038888144e-20
1.757570333e-20
6.419253712e-20
1.236417491e-20
6.631362205e-20
8.237140607e-21
6.732840771e-20
5.067488293e-21
6.764156506e-20
2.701478007e-21
6.752905996e-20
9.889643059e-22
6.717543277e-20
-2.030931901e-22
6.670220832e-20
-9.865261996e-22
6.618827339e-20
-1.452492346e-21
6.568404088e-20
-1.673953252e-21
6.522112638e-20
-1.708716568e-21
6.48188927e-20
-1.602403009e-21
6.448884475e-20
-1.391087431e-21
6.423755776e-20
-1.103554228e-21
6.406860061e-20
-7.631949647e-22
6.398376033e-20
-3.896116298e-22
6.39815932e-20
-4.477538557e-32
5.890259601e-20
-8.486563382e-21
4.958595508e-20
-2.973120361e-20
1.65275702e-20
4.8820007e-20
-2.18170786e-20
7.484452524e-20
-5.951917117e-20
7.845167832e-20
-7.336462827e-20
4.985999296e-21
-5.590337779e-20
-9.387366915e-20
-2.040536711e-19
1.08714533e-09
-1.040461171e-10
1.230582629e-09
-4.860913519e-10
1.407765754e-09
-7.059329314e-10
1.772428379e-09
-1.463719358e-09
1.914027039e-09
-1.182483177e-09
2.628442215e-09
-3.023066055e-09
2.10157717e-09
-1.924702376e-10
1.203038256e-09
7.894466924e-09
-1.639120422e-20
8.460590033e-09
-3.702947021e-20
5.545713614e-20
-1.851673163e-20
3.451942595e-20
3.304218756e-21
2.529642169e-20
2.231288976e-20
2.024522112e-20
3.706961426e-20
1.651192664e-20
4.777999009e-20
1.320620833e-20
5.517735303e-20
1.017788686e-20
6.006550281e-20
7.475522001e-21
6.314396973e-20
5.158129275e-21
6.496239742e-20
3.248486173e-21
6.592905136e-20
1.734233656e-21
6.633700246e-20
5.804214691e-22
6.639199976e-20
-2.58671184e-22
6.623624218e-20
-8.313286376e-22
6.596681249e-20
-1.183593091e-21
6.564927756e-20
-1.356909421e-21
6.532743994e-20
-1.387320438e-21
6.503020828e-20
-1.305553673e-21
6.477637795e-20
-1.137572227e-21
6.457791702e-20
-9.053347684e-22
6.444218394e-20
-6.276247429e-22
6.437337196e-20
-3.208804346e-22
6.437450399e-20
-4.139903707e-32
5.920434504e-20
-8.130015358e-21
4.324948082e-20
-2.259257536e-20
-2.132184467e-21
8.632681643e-20
-4.970122249e-20
1.146841552e-19
-9.371868502e-20
1.147533883e-19
-1.055258776e-19
9.078717075e-21
-7.684482345e-20
-1.30268443e-19
-2.847545828e-19
8.284886754e-10
-2.073681615e-10
9.409195039e-10
-5.985218424e-10
1.135212073e-09
-9.002259375e-10
1.354998888e-09
-1.683507493e-09
1.848061037e-09
-1.675548571e-09
1.714688408e-09
-2.889696076e-09
5.609167282e-10
9.612986239e-10
7.32345866e-10
7.723035224e-09
-4.687547228e-20
9.192935225e-09
-5.648885819e-20
5.226438403e-20
-2.773973611e-20
5.770220122e-21
-1.74698182e-21
-6.965023598e-22
1.857959528e-20
-8.160236475e-23
3.376389595e-20
1.327302694e-21
4.475166863e-20
2.218053604e-21
5.247498816e-20
2.454129256e-21
5.774811008e-20
2.201912438e-21
6.123432663e-20
1.671386639e-21
6.344814491e-20
1.034114068e-21
6.477523917e-20
4.065706943e-22
6.549790981e-20
-1.428191665e-22
6.58193423e-20
-5.80663767e-22
6.588397772e-20
-8.96505222e-22
6.579349616e-20
-1.093624833e-21
6.561886655e-20
-1.182755239e-21
6.540920671e-20
-1.178087809e-21
6.519818972e-20
-1.094906317e-21
6.500861541e-20
-9.483022709e-22
6.485562705e-20
-7.525794288e-22
6.474892825e-20
-5.21082991e-22
6.469425239e-20
-2.662824118e-22
6.469379571e-20
-4.249946601e-32
5.939626781e-20
-7.642047048e-21
3.212242528e-20
-4.134007364e-21
-2.879364053e-20
1.393689096e-19
-8.578455316e-20
1.639465497e-19
-1.341000015e-19
1.55353957e-19
-1.407033186e-19
7.968419834e-21
-9.847028932e-20
-1.802143342e-19
-3.870805699e-19
3.784550592e-10
-3.24527311e-10
4.114252397e-10
-6.314927011e-10
6.042021337e-10
-1.093004038e-09
6.141001991e-10
-1.693407102e-09
1.392057335e-09
-2.453507756e-09
-4.20537012e-10
-1.077102999e-09
-1.880291318e-09
2.421051542e-09
6.490146169e-10
5.193727551e-09
-3.053959869e-19
9.841949874e-09
-1.014581698e-19
-1.594136962e-19
-3.420645828e-20
-6.148157141e-20
-1.132081825e-21
-3.377104203e-20
1.998850034e-20
-2.120242042e-20
3.465464686e-20
-1.333916256e-20
4.498774428e-20
-8.115428521e-21
5.222277135e-20
-4.781330793e-21
5.721758429e-20
-2.793376325e-21
6.059705406e-20
-1.708594089e-21
6.282060153e-20
-1.189969718e-21
6.422584931e-20
-9.992264585e-22
6.506006521e-20
-9.775852673e-22
6.550350085e-20
-1.024640567e-21
6.568685811e-20
-1.080386117e-21
6.570436575e-20
-1.111629478e-21
6.562353398e-20
-1.102383598e-21
6.54923882e-20
-1.047355046e-21
6.534479377e-20
-9.476687955e-22
6.520433825e-20
-8.081403294e-22
6.508712348e-20
-6.355892522e-22
6.500372883e-20
-4.378396003e-22
6.496053481e-20
-2.231632938e-22
6.49584935e-20
-3.929720559e-32
5.947270194e-20
-6.965032628e-21
1.61354587e-20
3.038888423e-20
-6.250184409e-20
2.101330237e-19
-1.287278471e-19
2.224447941e-19
-1.783028784e-19
1.97214875e-19
-1.757068412e-19
-2.340466788e-21
-1.181182493e-19
-2.45515023e-19
-5.090541729e-19
-5.946465799e-11
-5.1799757e-10
1.458029479e-11
-7.055389525e-10
2.980963283e-10
-1.376520758e-09
-5.100099062e-11
-1.344309949e-09
-3.181891752e-09
6.773826347e-10
-1.019734378e-08
5.938349311e-09
-1.203018708e-08
4.253894462e-09
-4.351442181e-09
-2.485016965e-09
1.323746311e-19
5.490508299e-09
-1.529241881e-21
-8.27753191e-22
-6.495933338e-21
-5.651495599e-20
1.143653978e-20
-5.170367186e-20
2.785175821e-20
-3.761787499e-20
3.98783809e-20
-2.536608147e-20
4.832184201e-20
-1.655925519e-20
5.421072581e-20
-1.067063416e-20
5.830236652e-20
-6.885478574e-21
6.111567843e-20
-4.52240146e-21
6.301134479e-20
-3.08615559e-21
6.42474905e-20
-2.235903585e-21
6.501300991e-20
-1.743636788e-21
6.54477553e-20
-1.459909822e-21
6.565561475e-20
-1.288752852e-21
6.571361163e-20
-1.1701077e-21
6.567856253e-20
-1.06777957e-21
6.559207445e-20
-9.612658383e-22
6.548432224e-20
-8.40260803e-22
6.537688933e-20
-7.009902958e-22
6.528487314e-20
-5.437893272e-22
6.521840514e-20
-3.715171914e-22
6.51836981e-20
-1.885283144e-22
6.518596817e-20
-3.366256283e-32
5.948446122e-20
-6.07582177e-21
-4.235337726e-21
8.529507872e-20
-1.021708376e-19
3.001960411e-19
-1.780386701e-19
2.905855459e-19
-2.256819946e-19
2.371447598e-19
-2.094649371e-19
-2.626970074e-20
-1.348839308e-19
-3.278074539e-19
-6.477931686e-19
-4.879339624e-10
-7.129806046e-10
-6.8514791e-10
-5.083258289e-10
-2.02045169e-09
-4.121655231e-11
-6.794983338e-09
3.430222923e-09
-1.644268728e-08
1.032508752e-08
-2.529727165e-08
1.479293499e-08
-2.202281701e-08
9.79440361e-10
-5.482135836e-09
-1.902569576e-08
-1.849988503e-19
8.373707715e-12
-5.622305573e-20
-1.177513126e-19
-1.684646591e-21
-1.110534406e-19
2.552233665e-20
-7.891076821e-20
4.010355173e-20
-5.21993095e-20
4.868520717e-20
-3.39480276e-20
5.421046304e-20
-2.208486373e-20
5.79958814e-20
-1.445645711e-20
6.066544364e-20
-9.555487427e-21
6.25519243e-20
-6.409362555e-21
6.38615968e-20
-4.396331623e-21
6.47397573e-20
-3.114578729e-21
6.529673687e-20
-2.301131834e-21
6.561891227e-20
-1.782593111e-21
6.57742599e-20
-1.444592336e-21
6.581593976e-20
-1.212253736e-21
6.578507626e-20
-1.037346349e-21
6.571307949e-20
-8.896540129e-22
6.562359274e-20
-7.511058585e-22
6.55340903e-20
-6.117603178e-22
6.545714527e-20
-4.670525334e-22
6.540139401e-20
-3.159060835e-22
6.537222641e-20
-1.594300754e-22
6.536960227e-20
-3.375479286e-32
5.960089009e-20
-5.115938833e-21
-3.134596925e-20
1.674290181e-19
-1.535859728e-19
4.145641651e-19
-2.409785499e-19
3.70251642e-19
-2.819056502e-19
2.703590126e-19
-2.459769431e-19
-6.990999413e-20
-1.510724546e-19
-4.304227827e-19
-8.027204515e-19
-1.261928828e-09
-9.616453734e-10
-1.300156969e-09
-4.700976941e-10
-2.488089231e-09
1.146716923e-09
-5.884263901e-09
6.826399358e-09
-1.036102738e-08
1.480185241e-08
-1.220092776e-08
1.663283731e-08
-1.024434478e-08
-9.77139296e-10
-1.482474354e-09
-2.778756327e-08
-3.372843169e-19
-1.47410015e-09
-4.963091996e-20
-4.054047094e-19
3.045802625e-20
-1.911424624e-19
5.223379536e-20
-1.00686687e-19
5.835483363e-20
-5.832057081e-20
6.054837104e-20
-3.614185639e-20
6.183886966e-20
-2.337571074e-20
6.289685108e-20
-1.551483394e-20
6.381156851e-20
-1.047064029e-20
6.456495523e-20
-7.163216988e-21
6.514334969e-20
-4.975215242e-21
6.555320419e-20
-3.524932647e-21
6.581527559e-20
-2.563703603e-21
6.595691305e-20
-1.924723752e-21
6.60065985e-20
-1.494755077e-21
6.599084715e-20
-1.196953978e-21
6.59327686e-20
-9.796837939e-22
6.585162764e-20
-8.088846438e-22
6.576293828e-20
-6.627364864e-22
6.567879808e-20
-5.27882774e-22
6.560829172e-20
-3.967468827e-22
6.555787002e-20
-2.656194782e-22
6.553165649e-20
-1.332834414e-22
6.552924813e-20
-2.775262176e-32
5.961673187e-20
-4.011479501e-21
-7.568649377e-20
2.939198992e-19
-2.369171997e-19
5.679234925e-19
-3.380514573e-19
4.636599172e-19
-3.60282178e-19
2.848773883e-19
-2.918579549e-19
-1.460452948e-19
-1.688080857e-19
-5.611829913e-19
-9.753831689e-19
-4.826117661e-10
-1.173511675e-09
3.959659315e-10
-1.348675046e-09
6.836969283e-10
8.589867032e-10
3.121127151e-09
4.388970305e-09
9.391185205e-09
8.531795237e-09
2.575988772e-08
2.641359846e-10
2.680530908e-08
-2.022557636e-09
-8.217602804e-10
-1.604923253e-10
5.065567145e-19
-2.295860431e-09
1.642302783e-19
-3.721406923e-19
1.2091377e-19
-1.478260068e-19
9.459991152e-20
-7.43729727e-20
8.053354805e-20
-4.425442609e-20
7.331451669e-20
-2.892311135e-20
6.969974647e-20
-1.976128151e-20
6.794104472e-20
-1.375651924e-20
6.711899181e-20
-9.64901394e-21
6.675295698e-20
-6.797639253e-21
6.659363229e-20
-4.816367225e-21
6.651443324e-20
-3.446219678e-21
6.645425545e-20
-2.504012824e-21
6.638688172e-20
-1.857829899e-21
6.63043996e-20
-1.41273672e-21
6.620811733e-20
-1.101109636e-21
6.610356775e-20
-8.755368675e-22
6.59977758e-20
-7.034519388e-22
6.5897792e-20
-5.630618785e-22
6.580993397e-20
-4.402785276e-22
6.573941913e-20
-3.264259798e-22
6.569020606e-20
-2.165369952e-22
6.566493993e-20
-1.080820666e-22
6.566573293e-20
-2.180588007e-32
5.881882462e-20
-1.974647663e-21
-1.473588869e-19
4.912857266e-19
-3.616328823e-19
7.743265345e-19
-4.70036595e-19
5.643380455e-19
-4.546424187e-19
2.617712754e-19
-3.389083215e-19
-2.694900517e-19
-1.806575768e-19
-7.271436634e-19
-1.159895216e-18
-2.192054784e-09
-1.142349638e-09
-2.457894052e-09
-1.082835522e-09
-2.716943856e-09
1.118036719e-09
-1.838520589e-09
3.510548178e-09
1.733325598e-09
4.959950632e-09
4.041514474e-09
-2.044049739e-09
1.787632944e-09
2.313271201e-10
1.301979653e-09
3.251610706e-10
5.900443437e-19
-9.938807785e-10
3.879164642e-19
2.568238183e-19
1.943671083e-19
4.572328791e-20
1.247184581e-19
-4.724470544e-21
9.58648628e-20
-1.54010522e-20
8.247634653e-20
-1.553487997e-20
7.570450873e-20
-1.29897799e-20
7.204855003e-20
-1.010094152e-20
6.99703665e-20
-7.571249558e-21
6.873422901e-20
-5.561949431e-21
6.796377983e-20
-4.046383752e-21
6.745664009e-20
-2.939554511e-21
6.710043837e-20
-2.148286541e-21
6.68319749e-20
-1.589834505e-21
6.661602668e-20
-1.197240099e-21
6.64336901e-20
-9.191986734e-22
6.627565267e-20
-7.1789023e-22
6.613816586e-20
-5.663135341e-22
6.602057535e-20
-4.457712057e-22
6.592378652e-20
-3.43735842e-22
6.584930811e-20
-2.521357332e-22
6.579866099e-20
-1.660166391e-22
6.5773022e-20
-8.250607053e-23
6.577326641e-20
-2.028037863e-32
5.645769011e-20
2.531275708e-21
-2.125058191e-19
7.514377097e-19
-4.428775407e-19
9.968276467e-19
-5.23608787e-19
6.373440054e-19
-4.565611171e-19
1.870119831e-19
-3.088118398e-19
-4.249496808e-19
-1.470974604e-19
-8.965676719e-19
-1.310847043e-18
-1.95662141e-09
-9.194874914e-10
-1.970670709e-09
-1.068786092e-09
-1.111748499e-09
2.591154352e-10
1.169945231e-09
1.228855923e-09
5.062024535e-09
1.067873667e-09
2.378987282e-09
6.389888771e-10
6.687197343e-10
1.941596668e-09
9.938807793e-10
3.308826901e-17
9.799455287e-20
2.15768582e-19
1.765663285e-19
1.782520426e-19
1.439190774e-19
7.837044881e-20
1.140418765e-19
2.515256837e-20
9.573103503e-20
2.90956332e-21
8.50214466e-20
-4.825574132e-21
7.859334711e-20
-6.562012824e-21
7.457824199e-20
-6.086212895e-21
7.197966663e-20
-4.973087028e-21
7.024979469e-20
-3.832516871e-21
6.907060907e-20
-2.867654503e-21
6.824790806e-20
-2.117318498e-21
6.765889041e-20
-1.559734632e-21
6.722456931e-20
-1.155971436e-21
6.689406811e-20
-8.67180075e-22
6.663499855e-20
-6.605442895e-22
6.642722937e-20
-5.10501945e-22
6.625870819e-20
-3.981318816e-22
6.612261071e-20
-3.099659947e-22
6.601538663e-20
-2.367517688e-22
6.593542721e-20
-1.723598595e-22
6.588217156e-20
-1.128847469e-22
6.585552807e-20
-5.592424751e-23
6.585433011e-20
-1.064224659e-32
5.488322826e-20
8.693424154e-21
-1.362047226e-19
9.337143889e-19
-2.12136433e-19
1.064888993e-18
-1.921402134e-19
6.09622674e-19
-8.656578691e-20
7.372615005e-20
6.504429536e-21
-5.257300145e-19
3.336763384e-20
-9.311402808e-19
-1.281333711e-18
-2.807849322e-09
-3.234359061e-10
-3.426767898e-09
-4.498682998e-10
-3.142695036e-09
-2.49566134e-11
-2.495741881e-09
5.819034532e-10
-1.65222593e-09
2.243610425e-10
-9.528380664e-10
-6.039679718e-11
-3.234819014e-17
9.887605118e-10
2.14977919e-19
5.139510336e-19
5.342405873e-20
3.773224423e-19
7.668492415e-20
1.549911344e-19
9.070119695e-20
6.435407124e-20
9.179887142e-20
2.405472282e-20
8.799589758e-20
6.712308237e-21
8.32850079e-20
-1.149657621e-22
7.906914704e-20
-2.34648177e-21
7.569136785e-20
-2.708806288e-21
7.312023678e-20
-2.402363003e-21
7.121465705e-20
-1.927369394e-21
6.982094508e-20
-1.474391353e-21
6.880549193e-20
-1.102322813e-21
6.80626536e-20
-8.173543786e-22
6.751336067e-20
-6.071285037e-22
6.710070389e-20
-4.549561952e-22
6.678504089e-20
-3.452883337e-22
6.653959943e-20
-2.654338501e-22
6.634687407e-20
-2.057394394e-22
6.619582494e-20
-1.592035645e-22
6.607977854e-20
-1.209409175e-22
6.599490232e-20
-8.766385648e-23
6.593913206e-20
-5.723609515e-23
6.591145232e-20
-2.830527843e-23
6.590892403e-20
-1.088023563e-33
5.813792228e-20
1.165673542e-20
2.310198195e-19
7.520220421e-19
6.253290354e-19
6.627102361e-19
7.800320079e-19
4.471953852e-19
8.639362206e-19
-1.788871037e-20
7.713951166e-19
-4.408982839e-19
4.199769577e-19
-5.874307866e-19
-8.652104205e-19
-1.25980996e-09
-1.709678293e-09
-1.73463386e-09
-1.152728464e-09
-9.283653677e-10
-9.88760512e-10
-1.02596142e-18
-5.462656423e-19
-1.689432217e-19
-1.3952139e-20
5.040184853e-20
7.445645684e-20
8.116862358e-20
8.10534919e-20
7.870682253e-20
7.599781114e-20
7.359523039e-20
7.166763509e-20
7.019301362e-20
6.909046036e-20
6.827287948e-20
6.766553298e-20
6.721037176e-20
6.686489537e-20
6.659929384e-20
6.639340995e-20
6.623408758e-20
6.61130556e-20
6.602533008e-20
6.596806287e-20
6.593975759e-20
6.593952971e-20
7.278748921e-20
8.208086928e-19
1.479650821e-18
1.922990627e-18
1.90124751e-18
1.456494914e-18
8.652104205e-19
)
;

boundaryField
{
    lowerWall
    {
        type            calculated;
        value           uniform 0;
    }
    atmosphere
    {
        type            calculated;
        value           nonuniform List<scalar> 
80
(
6.341578237e-10
-9.75351551e-09
-3.515486616e-09
-4.87655475e-09
-1.574043377e-09
-1.002935396e-09
-4.076719015e-11
1.580409015e-08
1.58856483e-08
8.937656437e-09
3.540165772e-09
8.256886927e-10
-7.667484072e-11
-1.983514539e-10
3.637771057e-11
1.633552338e-10
3.696374117e-10
3.96035444e-10
-2.047658201e-10
-4.868342205e-11
-1.831477453e-09
-1.077569596e-09
-1.428428079e-09
-4.899819152e-09
-7.318398312e-09
-8.711399085e-09
-9.503214417e-09
-9.861153913e-09
-9.689904068e-09
-8.964741304e-09
-7.559616063e-09
-5.857565284e-09
-4.037611524e-09
-4.52494305e-09
-3.400688262e-09
-1.920265141e-09
9.008213899e-09
8.509806485e-09
-2.677151014e-09
-2.092567758e-09
-4.870787805e-09
-6.981599661e-09
-9.798572913e-09
-1.28770409e-08
-1.65173809e-08
-1.986746356e-08
-2.067037184e-08
-2.214681587e-08
2.524284839e-08
5.841720463e-08
4.759657278e-08
2.105747009e-08
5.171566859e-09
-1.775146813e-10
-1.819781644e-10
1.797855913e-09
3.233539545e-09
2.943704265e-09
1.74268464e-09
-1.459333874e-10
-2.151794307e-09
-3.504161571e-09
-2.107241812e-09
1.037156191e-09
1.479464724e-09
-3.646405386e-12
-9.772402316e-10
-1.177069953e-09
-1.240500156e-09
-9.824881619e-10
-7.251653325e-10
-2.612950293e-10
2.529355632e-10
6.829175359e-10
1.510594068e-09
6.944786717e-10
2.160893328e-09
1.733759472e-09
2.211797427e-09
9.363743425e-10
)
;
    }
    rightWall
    {
        type            empty;
    }
    leftWall
    {
        type            empty;
    }
    frontAndBack
    {
        type            calculated;
        value           nonuniform List<scalar> 
80
(
0
0
0
1.203706215e-35
0
0
0
0
0
0
0
0
0
0
0
0
0
0
0
0
0
0
0
0
0
0
0
0
0
0
0
0
0
0
0
0
0
0
0
0
-1.504632769e-36
0
0
0
0
0
0
1.175494351e-38
0
0
0
0
0
0
0
0
0
0
0
0
0
0
0
0
0
0
0
0
0
0
0
0
0
0
0
0
0
0
0
0
)
;
    }
}


// ************************************************************************* //
