/*--------------------------------*- C++ -*----------------------------------*\
| =========                 |                                                 |
| \\      /  F ield         | OpenFOAM: The Open Source CFD Toolbox           |
|  \\    /   O peration     | Version:  2506                                  |
|   \\  /    A nd           | Website:  www.openfoam.com                      |
|    \\/     M anipulation  |                                                 |
\*---------------------------------------------------------------------------*/
FoamFile
{
    version     2.0;
    format      ascii;
    arch        "LSB;label=32;scalar=64";
    class       volVectorField;
    location    "0.004";
    object      U;
}
// * * * * * * * * * * * * * * * * * * * * * * * * * * * * * * * * * * * * * //

dimensions      [0 1 -1 0 0 0 0];

internalField   nonuniform List<vector> 
3200
(
(0 -0.06131341611 -0.418218141)
(0 0.8585432748 0.002823201946)
(0 -0.1623869255 -0.8891904746)
(0 0.05796277895 -0.971897725)
(0 0.04801595377 -0.02332555496)
(0 0.1364240159 -0.482756401)
(0 0.5060905962 -0.3498214449)
(0 -0.001287085669 0.3496703543)
(0 2.109055787e-11 1.124990426e-11)
(0 3.065803231e-11 6.826358446e-12)
(0 1.998799004e-11 3.854900938e-12)
(0 1.394180917e-11 2.191250057e-12)
(0 1.045789668e-11 1.292619977e-12)
(0 8.366587023e-12 7.986300487e-13)
(0 7.051893778e-12 5.159870508e-13)
(0 6.189614046e-12 3.462026448e-13)
(0 5.604228539e-12 2.39080853e-13)
(0 5.196596648e-12 1.68438065e-13)
(0 4.907915715e-12 1.201204668e-13)
(0 4.701525825e-12 8.614000241e-14)
(0 4.553480952e-12 6.177116691e-14)
(0 4.447492719e-12 4.40817195e-14)
(0 4.372109182e-12 3.116733692e-14)
(0 4.319071474e-12 2.173913964e-14)
(0 4.282313864e-12 1.48927031e-14)
(0 4.257329794e-12 9.973216677e-15)
(0 4.240754952e-12 6.493306576e-15)
(0 4.230084675e-12 4.080718061e-15)
(0 4.223478404e-12 2.443463312e-15)
(0 4.219623415e-12 1.345457819e-15)
(0 4.217640838e-12 5.886813351e-16)
(0 2.108516265e-12 -8.986650515e-25)
(0 9.317974446e-12 -5.458468924e-13)
(0 1.717780868e-11 -3.328543789e-11)
(0 1.6828212e-10 -3.236322271e-11)
(0 6.192758093e-14 -2.36522921e-11)
(0 3.570555586e-10 -6.977374599e-12)
(0 -5.820226448e-12 1.49753212e-11)
(0 2.42769772e-10 3.206757899e-11)
(0 -2.901619663e-11 4.991886587e-11)
(0 0.7760851107 -0.3765080485)
(0 1.046351789 -0.2579152189)
(0 0.9575850806 1.592241748)
(0 0.2143456182 0.6693532719)
(0 1.09694915 -0.1168541114)
(0 0.8159772821 0.06732861935)
(0 -0.2933939711 0.4283237711)
(0 -0.001636838756 0.1409446672)
(0 2.156959792e-11 3.731639533e-11)
(0 2.335250972e-11 1.910545322e-11)
(0 1.535288165e-11 1.025686892e-11)
(0 1.137952821e-11 5.808699555e-12)
(0 9.065276676e-12 3.473182816e-12)
(0 7.589954097e-12 2.184502101e-12)
(0 6.599466374e-12 1.435058111e-12)
(0 5.912707848e-12 9.758970976e-13)
(0 5.426463959e-12 6.807120615e-13)
(0 5.077636262e-12 4.829356273e-13)
(0 4.825617652e-12 3.459704223e-13)
(0 4.643176525e-12 2.487551115e-13)
(0 4.511422669e-12 1.785822086e-13)
(0 4.416888889e-12 1.274203028e-13)
(0 4.349766602e-12 8.996901753e-14)
(0 4.30279684e-12 6.259279727e-14)
(0 4.270547941e-12 4.271315567e-14)
(0 4.248930397e-12 2.844768605e-14)
(0 4.234862453e-12 1.83864655e-14)
(0 4.226034832e-12 1.144754868e-14)
(0 4.220743143e-12 6.779321953e-15)
(0 4.217768633e-12 3.691267193e-15)
(0 4.21629538e-12 1.60227345e-15)
(0 2.107927584e-12 -2.100699633e-24)
(0 9.352629577e-12 -1.102478678e-12)
(0 1.339207327e-11 -7.675174842e-11)
(0 1.067225782e-10 -7.954246483e-11)
(0 -8.571820316e-11 -5.496975471e-11)
(0 2.668619664e-10 -1.900948777e-11)
(0 -1.008499143e-10 3.313570748e-11)
(0 1.735243617e-10 7.793095017e-11)
(0 -4.913838e-11 1.193479661e-10)
(0 0.2885266873 -0.4053153195)
(0 -0.2507694966 -0.3780651384)
(0 0.3009629089 0.686523474)
(0 0.4337846678 -0.7596021286)
(0 1.212190311 -0.4515101085)
(0 0.4122199891 0.7230817358)
(0 -0.1490739252 0.7462557836)
(0 6.94735802e-12 4.133100968e-11)
(0 -7.330471147e-12 4.380995437e-11)
(0 3.634569673e-12 2.204736431e-11)
(0 6.691236375e-12 1.225840719e-11)
(0 7.158123072e-12 7.313472555e-12)
(0 6.833699231e-12 4.606881728e-12)
(0 6.328462317e-12 3.031107627e-12)
(0 5.843288775e-12 2.063814117e-12)
(0 5.435267997e-12 1.44158051e-12)
(0 5.111267069e-12 1.024897422e-12)
(0 4.861855009e-12 7.365839128e-13)
(0 4.673735199e-12 5.32032628e-13)
(0 4.534137611e-12 3.842906588e-13)
(0 4.432146143e-12 2.763461769e-13)
(0 4.358879528e-12 1.97013769e-13)
(0 4.307281677e-12 1.386634288e-13)
(0 4.271815612e-12 9.592069725e-14)
(0 4.248168753e-12 6.489384076e-14)
(0 4.233003104e-12 4.269631175e-14)
(0 4.223754815e-12 2.714017012e-14)
(0 4.218477531e-12 1.653153014e-14)
(0 4.215722122e-12 9.528390984e-15)
(0 4.214446366e-12 5.03727213e-15)
(0 4.21394957e-12 2.134132483e-15)
(0 2.106913992e-12 -2.833967439e-24)
(0 9.393724826e-12 -9.149752453e-13)
(0 1.162724798e-11 -7.439637255e-11)
(0 4.868102645e-11 -8.61775059e-11)
(0 -1.709123029e-10 -5.775824029e-11)
(0 1.732402754e-10 -2.384768706e-11)
(0 -1.952882276e-10 3.289551138e-11)
(0 1.025190863e-10 8.477005917e-11)
(0 -7.254784683e-11 1.277107731e-10)
(0 0.3911814162 -0.03508002064)
(0 0.1761522959 -0.2216415136)
(0 0.2864694207 0.2807714772)
(0 1.114652352 -0.1840049706)
(0 0.7494504725 -0.1904288969)
(0 1.066657716 0.9815919961)
(0 -0.0006343575782 0.8172921921)
(0 -2.521979928e-11 7.78487826e-12)
(0 -3.497038268e-11 1.512588512e-11)
(0 -8.198990406e-12 1.301545712e-11)
(0 6.189898876e-13 9.415934586e-12)
(0 3.728002746e-12 6.579907922e-12)
(0 4.782911747e-12 4.609774155e-12)
(0 5.046886486e-12 3.269245264e-12)
(0 5.009939258e-12 2.347523965e-12)
(0 4.873791153e-12 1.701728115e-12)
(0 4.721467362e-12 1.240729369e-12)
(0 4.584771468e-12 9.06487553e-13)
(0 4.473324398e-12 6.613039294e-13)
(0 4.387490074e-12 4.800473382e-13)
(0 4.324145779e-12 3.455163961e-13)
(0 4.279206141e-12 2.456428105e-13)
(0 4.248673531e-12 1.717670142e-13)
(0 4.229027252e-12 1.17548494e-13)
(0 4.217323555e-12 7.8259656e-14)
(0 4.211176727e-12 5.031632132e-14)
(0 4.208697672e-12 3.095719873e-14)
(0 4.208423053e-12 1.801877092e-14)
(0 4.209248885e-12 9.772009113e-15)
(0 4.210374374e-12 4.799382429e-15)
(0 4.211258108e-12 1.898073309e-15)
(0 2.105793451e-12 -3.812773434e-24)
(0 9.401618629e-12 -5.453310107e-13)
(0 1.130029997e-11 -4.933870649e-11)
(0 3.06883782e-11 -6.735272994e-11)
(0 -2.018151386e-10 -4.85215391e-11)
(0 1.36589809e-10 -2.425654013e-11)
(0 -2.327872786e-10 2.303256431e-11)
(0 7.217025901e-11 6.532932469e-11)
(0 -8.273301613e-11 1.008887249e-10)
(0 0.1300650696 -0.1493276116)
(0 -0.02845659321 -0.2060700692)
(0 -0.2128449073 -0.2444863375)
(0 -0.3451535458 -0.9446489218)
(0 -0.8765882355 -0.7402484634)
(0 -0.1809992206 1.58704916)
(0 0.001455329172 1.596829442)
(0 3.587280898e-12 -8.879477153e-12)
(0 2.361711551e-12 3.281098657e-13)
(0 -2.075369221e-12 5.47230503e-12)
(0 2.556871756e-13 5.809964429e-12)
(0 2.351962642e-12 4.980450475e-12)
(0 3.523036573e-12 3.983063164e-12)
(0 4.066212127e-12 3.088576936e-12)
(0 4.275771625e-12 2.355309939e-12)
(0 4.328473401e-12 1.777080568e-12)
(0 4.316026507e-12 1.329806971e-12)
(0 4.282429569e-12 9.873361e-13)
(0 4.247294984e-12 7.2665155e-13)
(0 4.218350078e-12 5.290819254e-13)
(0 4.197741616e-12 3.80032953e-13)
(0 4.185130146e-12 2.682776156e-13)
(0 4.17918736e-12 1.852166582e-13)
(0 4.178308254e-12 1.242498987e-13)
(0 4.18093658e-12 8.028334921e-14)
(0 4.185700646e-12 4.935554578e-14)
(0 4.191457264e-12 2.835685166e-14)
(0 4.197292342e-12 1.481738418e-14)
(0 4.202502734e-12 6.744050834e-15)
(0 4.20657243e-12 2.491998321e-15)
(0 4.209150188e-12 6.597195974e-16)
(0 2.105015918e-12 -4.747203283e-24)
(0 9.390835602e-12 -2.955339894e-13)
(0 1.192997513e-11 -2.33008858e-11)
(0 3.880717212e-11 -4.259808294e-11)
(0 -1.951699436e-10 -3.50485982e-11)
(0 1.407990651e-10 -2.146612299e-11)
(0 -2.300593411e-10 1.243166069e-11)
(0 7.183352293e-11 4.104359698e-11)
(0 -8.232073162e-11 6.729810232e-11)
(0 0.08084619179 0.03119679883)
(0 0.07362338979 0.207823068)
(0 0.004177261876 0.5495061043)
(0 -0.282110359 0.363721219)
(0 -1.128388975 -0.1543645954)
(0 -1.251495566 0.5994631675)
(0 0.001986096897 0.932271615)
(0 -4.093248763e-12 1.685315802e-12)
(0 -6.376107359e-12 3.857983956e-12)
(0 -2.717143825e-12 2.735686779e-12)
(0 1.271353326e-13 3.371166183e-12)
(0 1.901101481e-12 3.548866175e-12)
(0 2.891038209e-12 3.253451375e-12)
(0 3.419133261e-12 2.746689591e-12)
(0 3.698442889e-12 2.208058398e-12)
(0 3.848288185e-12 1.721477684e-12)
(0 3.931722894e-12 1.314082673e-12)
(0 3.981616048e-12 9.863993808e-13)
(0 4.015070223e-12 7.288853669e-13)
(0 4.040871477e-12 5.29597324e-13)
(0 4.063341469e-12 3.772578715e-13)
(0 4.084389846e-12 2.622202399e-13)
(0 4.104645814e-12 1.765742585e-13)
(0 4.124093943e-12 1.139532985e-13)
(0 4.142429203e-12 6.927072887e-14)
(0 4.159250229e-12 3.846833416e-14)
(0 4.17415951e-12 1.830004209e-14)
(0 4.186810252e-12 6.152501298e-15)
(0 4.1969235e-12 -1.029116626e-16)
(0 4.204290043e-12 -2.233471686e-15)
(0 4.208766109e-12 -1.750186779e-15)
(0 2.105133732e-12 -5.296520499e-24)
(0 9.378650374e-12 -2.337163415e-13)
(0 1.253662675e-11 -6.756548758e-12)
(0 5.305663325e-11 -2.37231041e-11)
(0 -1.778299748e-10 -2.26886599e-11)
(0 1.580140128e-10 -1.675141266e-11)
(0 -2.139518845e-10 5.68894239e-12)
(0 8.214942894e-11 2.279324023e-11)
(0 -7.798958227e-11 4.041280212e-11)
(0 0.004522018647 -0.1297819194)
(0 -0.01197849381 -0.1232993635)
(0 -0.09104872688 0.1749304999)
(0 -0.1772079303 0.2343255556)
(0 -0.4000155925 0.05196111676)
(0 -0.9024996799 0.2445972795)
(0 0.005223190761 0.4043378328)
(0 -1.189254699e-11 -3.425110698e-13)
(0 -1.458933096e-11 -7.30788152e-12)
(0 -2.56215791e-12 -1.758678237e-12)
(0 1.068866572e-12 1.390146701e-12)
(0 2.234247834e-12 2.590396742e-12)
(0 2.720859989e-12 2.7351865e-12)
(0 3.02081915e-12 2.436671513e-12)
(0 3.250559718e-12 2.008756178e-12)
(0 3.434497676e-12 1.586688926e-12)
(0 3.580948204e-12 1.218646532e-12)
(0 3.697232263e-12 9.152932181e-13)
(0 3.790492927e-12 6.728929045e-13)
(0 3.866722582e-12 4.831643162e-13)
(0 3.930364532e-12 3.37182143e-13)
(0 3.984446533e-12 2.267729984e-13)
(0 4.030920419e-12 1.449087156e-13)
(0 4.071004724e-12 8.572016693e-14)
(0 4.105451616e-12 4.437991145e-14)
(0 4.13472996e-12 1.694919729e-14)
(0 4.159141431e-12 2.247779764e-16)
(0 4.178889388e-12 -8.402278844e-15)
(0 4.194116761e-12 -1.107278327e-14)
(0 4.204925155e-12 -9.571336859e-15)
(0 4.21138366e-12 -5.426199628e-15)
(0 2.106766105e-12 -5.548932958e-24)
(0 9.375809677e-12 -2.607518518e-13)
(0 1.288229742e-11 1.149905303e-12)
(0 6.411404683e-11 -1.224596185e-11)
(0 -1.629455371e-10 -1.337638716e-11)
(0 1.740269697e-10 -1.167601841e-11)
(0 -1.981952244e-10 2.365477282e-12)
(0 9.284080432e-11 1.132015164e-11)
(0 -7.351577242e-11 2.194706811e-11)
(0 -1.264634192 0.01854923433)
(0 -1.68924436 0.3413835752)
(0 -1.921993035 0.6472511081)
(0 -2.278511485 0.7109656345)
(0 -2.612766008 0.5320025026)
(0 -2.71331077 0.1900451015)
(0 -2.532701346 -0.09191050483)
(0 4.569716727e-13 -2.403413305e-12)
(0 4.25607429e-12 -1.898715501e-11)
(0 5.981018378e-12 -3.83654802e-12)
(0 4.476210311e-12 1.357703402e-12)
(0 3.246141281e-12 2.687388634e-12)
(0 2.73731298e-12 2.660227002e-12)
(0 2.692702939e-12 2.256054153e-12)
(0 2.848460301e-12 1.803606088e-12)
(0 3.058178539e-12 1.39787511e-12)
(0 3.260327187e-12 1.05852081e-12)
(0 3.43586242e-12 7.832333271e-13)
(0 3.582941322e-12 5.642274837e-13)
(0 3.705160715e-12 3.929840818e-13)
(0 3.806950152e-12 2.615338398e-13)
(0 3.892116419e-12 1.62782343e-13)
(0 3.963592982e-12 9.056920684e-14)
(0 4.023565139e-12 3.964050363e-14)
(0 4.073658233e-12 5.581343411e-15)
(0 4.115095096e-12 -1.527432387e-14)
(0 4.148808034e-12 -2.594585972e-14)
(0 4.175512691e-12 -2.891170719e-14)
(0 4.195754442e-12 -2.621298965e-14)
(0 4.209936627e-12 -1.955175182e-14)
(0 4.218337446e-12 -1.038283758e-14)
(0 2.110559931e-12 -5.626639603e-24)
(0 9.386887125e-12 -3.05466581e-13)
(0 1.30509104e-11 3.784256471e-12)
(0 7.052426498e-11 -6.086202388e-12)
(0 -1.532555808e-10 -7.092765323e-12)
(0 1.852099434e-10 -7.265048941e-12)
(0 -1.865678425e-10 9.996438451e-13)
(0 1.009738088e-10 4.700342635e-12)
(0 -7.002418783e-11 1.028300477e-11)
(0 -1.270329266 0.3000695728)
(0 -1.614745774 0.5835770482)
(0 -1.68953165 0.8341804734)
(0 -1.571368011 0.8231689309)
(0 -1.100883579 0.2680747188)
(0 -0.4185835032 -0.6689795358)
(0 0.4705322551 -1.049788667)
(0 0.004361209933 -2.421351096)
(0 1.016034096e-11 -9.706196772e-12)
(0 1.546821475e-11 1.728421493e-12)
(0 7.592803222e-12 5.189849973e-12)
(0 3.536771434e-12 4.141230407e-12)
(0 2.289525508e-12 2.962281478e-12)
(0 2.164198236e-12 2.123714434e-12)
(0 2.392380676e-12 1.551740922e-12)
(0 2.689412397e-12 1.142685664e-12)
(0 2.966306421e-12 8.343286862e-13)
(0 3.202938937e-12 5.94891838e-13)
(0 3.400243682e-12 4.07798448e-13)
(0 3.564028939e-12 2.630094076e-13)
(0 3.700162793e-12 1.531866107e-13)
(0 3.8134819e-12 7.225429157e-14)
(0 3.907778579e-12 1.494677863e-14)
(0 3.986016861e-12 -2.330705487e-14)
(0 4.050536788e-12 -4.641897562e-14)
(0 4.103202757e-12 -5.768006736e-14)
(0 4.145504048e-12 -5.982016395e-14)
(0 4.178622258e-12 -5.508377271e-14)
(0 4.203476716e-12 -4.531413641e-14)
(0 4.220755307e-12 -3.203881992e-14)
(0 4.230935411e-12 -1.655312092e-14)
(0 2.117148943e-12 -5.578013979e-24)
(0 9.413001883e-12 -3.412842865e-13)
(0 1.312311103e-11 3.679973876e-12)
(0 7.355228501e-11 -3.123823058e-12)
(0 -1.477552307e-10 -3.183321427e-12)
(0 1.920442985e-10 -3.876667558e-12)
(0 -1.789465896e-10 6.359469344e-13)
(0 1.064705186e-10 1.216818814e-12)
(0 -6.757817501e-11 3.468841576e-12)
(0 -0.7137856749 0.3718135929)
(0 -0.6641560376 0.6378424943)
(0 -0.5067383947 0.5944529572)
(0 -0.2139799254 0.2719761083)
(0 0.4194584122 -0.5102804241)
(0 0.4594717243 -1.135566966)
(0 0.5580823092 -0.9088684311)
(0 0.3946989483 -0.5069451606)
(0 7.637109374e-12 1.28894369e-12)
(0 1.287332544e-11 9.190192209e-12)
(0 5.902435309e-12 1.254472496e-11)
(0 1.018572786e-12 5.725407629e-12)
(0 7.197970061e-13 2.923959754e-12)
(0 1.282162382e-12 1.724786664e-12)
(0 1.867431532e-12 1.136962423e-12)
(0 2.340766303e-12 7.868012138e-13)
(0 2.712533361e-12 5.412186244e-13)
(0 3.009332182e-12 3.542085589e-13)
(0 3.251058891e-12 2.090645362e-13)
(0 3.450548878e-12 9.806688711e-14)
(0 3.616195036e-12 1.594777167e-14)
(0 3.753876586e-12 -4.189872202e-14)
(0 3.868031636e-12 -7.972884696e-14)
(0 3.962199384e-12 -1.013957705e-13)
(0 4.03928522e-12 -1.102691157e-13)
(0 4.101693907e-12 -1.092054166e-13)
(0 4.151404329e-12 -1.00569209e-13)
(0 4.190018718e-12 -8.628723747e-14)
(0 4.218799394e-12 -6.791938244e-14)
(0 4.238697642e-12 -4.673525171e-14)
(0 4.250376266e-12 -2.379044105e-14)
(0 2.127113052e-12 -5.34153496e-24)
(0 9.456061259e-12 -3.588389326e-13)
(0 1.316108628e-11 2.470776692e-12)
(0 7.456471799e-11 -1.870461498e-12)
(0 -1.450140367e-10 -9.39250129e-13)
(0 1.957990064e-10 -1.518782865e-12)
(0 -1.743322217e-10 6.955354547e-13)
(0 1.099109325e-10 -3.905646147e-13)
(0 -6.598122755e-11 -1.619690834e-13)
(0 -0.282056043 0.2223272201)
(0 -0.02159372885 0.4121364813)
(0 0.2384334 0.3296164424)
(0 0.4999404622 -0.07087345677)
(0 0.6661841126 -0.4809868109)
(0 0.3818397513 -0.7978389638)
(0 0.3057741103 -0.8785091561)
(0 -0.02534506452 -0.9850589336)
(0 -0.00127469991 0.3507908428)
(0 -1.061658966e-11 7.280846761e-12)
(0 -1.514837613e-11 1.079693432e-11)
(0 -6.083993667e-12 3.291722838e-12)
(0 -1.711095457e-12 1.283371082e-12)
(0 3.772009044e-13 7.145176111e-13)
(0 1.454395225e-12 4.845278854e-13)
(0 2.093668599e-12 3.263431667e-13)
(0 2.533713766e-12 1.895397299e-13)
(0 2.870784848e-12 7.166240353e-14)
(0 3.14410201e-12 -2.381537825e-14)
(0 3.370912174e-12 -9.575577426e-14)
(0 3.560197184e-12 -1.455655468e-13)
(0 3.717805281e-12 -1.760692426e-13)
(0 3.848281531e-12 -1.905681817e-13)
(0 3.955476592e-12 -1.922783273e-13)
(0 4.042727142e-12 -1.840563647e-13)
(0 4.112902663e-12 -1.683029076e-13)
(0 4.168422227e-12 -1.469630954e-13)
(0 4.211272085e-12 -1.215752927e-13)
(0 4.243028702e-12 -9.333963775e-14)
(0 4.264884249e-12 -6.319148688e-14)
(0 4.277670663e-12 -3.187290342e-14)
(0 2.140939384e-12 -4.911807225e-24)
(0 9.516752967e-12 -3.577216868e-13)
(0 1.320173178e-11 1.098702127e-12)
(0 7.449808453e-11 -1.413705613e-12)
(0 -1.439337551e-10 2.091244588e-13)
(0 1.975861136e-10 -5.981112591e-14)
(0 -1.717608878e-10 8.29701076e-13)
(0 1.119018628e-10 -9.882095326e-13)
(0 -6.500745256e-11 -1.852658708e-12)
(0 -0.06539828642 0.09998312746)
(0 0.1152441515 0.1494353321)
(0 0.3118244213 0.07079310309)
(0 0.4253421344 -0.1601591531)
(0 0.4623715476 -0.4326707114)
(0 0.2299852434 -0.6873545979)
(0 0.3383205234 -0.6606663991)
(0 -0.2269782207 -0.3714619248)
(0 -0.01379370839 0.123967183)
(0 -2.166446336e-11 -9.070802895e-13)
(0 -2.841099534e-11 -1.025115449e-11)
(0 -8.494990142e-12 -4.638817367e-12)
(0 -1.857408221e-12 -1.796708696e-12)
(0 4.83319186e-13 -6.346080243e-13)
(0 1.479257087e-12 -2.39704722e-13)
(0 2.045778148e-12 -1.554905461e-13)
(0 2.457852598e-12 -1.810599472e-13)
(0 2.795977074e-12 -2.332782526e-13)
(0 3.083640713e-12 -2.802301001e-13)
(0 3.32879871e-12 -3.117088584e-13)
(0 3.535881567e-12 -3.263856498e-13)
(0 3.708873952e-12 -3.262447989e-13)
(0 3.851822551e-12 -3.141959877e-13)
(0 3.968711201e-12 -2.930925916e-13)
(0 4.06326064e-12 -2.65374905e-13)
(0 4.138787177e-12 -2.329865488e-13)
(0 4.198131944e-12 -1.974044769e-13)
(0 4.243642176e-12 -1.597103903e-13)
(0 4.2771832e-12 -1.206715112e-13)
(0 4.300164377e-12 -8.081748827e-14)
(0 4.313567753e-12 -4.050924191e-14)
(0 2.158985956e-12 -4.473708542e-24)
(0 9.597022845e-12 -3.402486614e-13)
(0 1.326195074e-11 1.271649194e-14)
(0 7.397204928e-11 -1.240135939e-12)
(0 -1.437269901e-10 6.795218385e-13)
(0 1.98244673e-10 6.886987439e-13)
(0 -1.70470838e-10 8.682476148e-13)
(0 1.129465407e-10 -1.116806068e-12)
(0 -6.445788858e-11 -2.453829934e-12)
(0 0.006497379464 0.03819383229)
(0 0.09321063735 0.03511668562)
(0 0.1834569848 -0.02895078507)
(0 0.233408138 -0.1886007929)
(0 0.2453933809 -0.3818669281)
(0 0.09939790965 -0.586346943)
(0 0.1185204915 -0.5925902557)
(0 0.02365876343 -0.3891669278)
(0 0.002808485231 -0.1257218616)
(0 -5.923718807e-12 -6.083583589e-12)
(0 -4.829768035e-12 -3.220704755e-11)
(0 2.370452147e-12 -9.799131419e-12)
(0 2.293113886e-12 -3.196775717e-12)
(0 1.934204878e-12 -1.216531412e-12)
(0 1.933512703e-12 -6.532424936e-13)
(0 2.152313374e-12 -5.275352151e-13)
(0 2.455926059e-12 -5.250025232e-13)
(0 2.771614695e-12 -5.434773756e-13)
(0 3.065671404e-12 -5.521120067e-13)
(0 3.324756624e-12 -5.444607549e-13)
(0 3.545661243e-12 -5.220220986e-13)
(0 3.729994943e-12 -4.883272758e-13)
(0 3.881433738e-12 -4.468768693e-13)
(0 4.004297674e-12 -4.005195115e-13)
(0 4.102833185e-12 -3.51362822e-13)
(0 4.180873091e-12 -3.008629781e-13)
(0 4.241698386e-12 -2.499570705e-13)
(0 4.28800505e-12 -1.991894633e-13)
(0 4.321921604e-12 -1.488177616e-13)
(0 4.345046518e-12 -9.889710453e-14)
(0 4.358488151e-12 -4.934619314e-14)
(0 2.181448626e-12 -3.927513291e-24)
(0 9.69648464e-12 -3.077763412e-13)
(0 1.335175662e-11 -6.562513387e-13)
(0 7.338915543e-11 -1.104023812e-12)
(0 -1.438527095e-10 7.651503612e-13)
(0 1.983655578e-10 9.341522713e-13)
(0 -1.699050531e-10 7.71337512e-13)
(0 1.134260158e-10 -1.072395949e-12)
(0 -6.417569527e-11 -2.502208087e-12)
(0 0.0161746683 0.008205445912)
(0 0.05144383596 -0.01585645052)
(0 0.0831534455 -0.07441194204)
(0 0.08243855153 -0.1832441551)
(0 0.06186781229 -0.3265799813)
(0 -0.1004756033 -0.4816187574)
(0 -0.1592625055 -0.5647289645)
(0 -0.3977140329 -0.260500553)
(0 0.001776412416 0.2317804567)
(0 2.780101794e-06 0.0009514798364)
(0 1.567410783e-11 3.298694408e-12)
(0 2.051528159e-11 8.461330587e-13)
(0 6.725191786e-12 2.527012229e-14)
(0 3.02685241e-12 -3.814980973e-13)
(0 2.168253284e-12 -6.291957327e-13)
(0 2.174018118e-12 -7.764035353e-13)
(0 2.441910437e-12 -8.479298249e-13)
(0 2.76886759e-12 -8.635081575e-13)
(0 3.082657334e-12 -8.4027304e-13)
(0 3.358888618e-12 -7.919964812e-13)
(0 3.592015046e-12 -7.289137225e-13)
(0 3.784019181e-12 -6.581652278e-13)
(0 3.939630315e-12 -5.844642679e-13)
(0 4.064225249e-12 -5.107448617e-13)
(0 4.162917174e-12 -4.386928565e-13)
(0 4.240192928e-12 -3.691444942e-13)
(0 4.299805458e-12 -3.023704403e-13)
(0 4.344781484e-12 -2.382717443e-13)
(0 4.377475559e-12 -1.765121693e-13)
(0 4.399635945e-12 -1.166063077e-13)
(0 4.412464857e-12 -5.797802475e-14)
(0 2.208332149e-12 -3.329365535e-24)
(0 9.815623999e-12 -2.638268577e-13)
(0 1.34851399e-11 -9.647630457e-13)
(0 7.297108436e-11 -9.339068358e-13)
(0 -1.43988359e-10 6.620193299e-13)
(0 1.983191351e-10 8.74830002e-13)
(0 -1.696917026e-10 5.75550201e-13)
(0 1.136041852e-10 -9.892241677e-13)
(0 -6.404819481e-11 -2.306862915e-12)
(0 -0.002157620298 -0.002565696954)
(0 0.008013776372 -0.02609850681)
(0 0.009734121006 -0.07048285183)
(0 -0.02226887532 -0.1326485303)
(0 -0.0744027838 -0.2290554268)
(0 -0.2400865815 -0.2790270217)
(0 -0.323945645 -0.4360235846)
(0 -0.718556901 -0.4008124496)
(0 -0.03090739186 -0.5839475538)
(0 -1.553432376e-11 6.013200807e-12)
(0 -1.694181067e-11 3.16014816e-11)
(0 -9.02785837e-13 9.859894612e-12)
(0 1.06548273e-12 2.833219496e-12)
(0 1.279739023e-12 2.94461864e-13)
(0 1.538607265e-12 -7.056419973e-13)
(0 1.933579282e-12 -1.100959771e-12)
(0 2.368821437e-12 -1.22680631e-12)
(0 2.77927148e-12 -1.222348168e-12)
(0 3.13718308e-12 -1.153468656e-12)
(0 3.436115942e-12 -1.054333129e-12)
(0 3.679492496e-12 -9.434685041e-13)
(0 3.874444398e-12 -8.309547631e-13)
(0 4.028854104e-12 -7.220698259e-13)
(0 4.150069086e-12 -6.193025962e-13)
(0 4.244433552e-12 -5.235189465e-13)
(0 4.317195508e-12 -4.346512515e-13)
(0 4.372571136e-12 -3.52107836e-13)
(0 4.413863321e-12 -2.750141758e-13)
(0 4.44358704e-12 -2.023521155e-13)
(0 4.463580663e-12 -1.330372463e-13)
(0 4.475094459e-12 -6.5959163e-14)
(0 2.23942665e-12 -2.924537196e-24)
(0 9.953645371e-12 -2.109830428e-13)
(0 1.365142059e-11 -1.051556092e-12)
(0 7.278080303e-11 -7.509917328e-13)
(0 -1.440009498e-10 4.921087711e-13)
(0 1.982892728e-10 6.760246752e-13)
(0 -1.696152717e-10 3.461643023e-13)
(0 1.136443424e-10 -9.084832244e-13)
(0 -6.400176351e-11 -2.026266601e-12)
(0 -0.01168380319 -0.008499301237)
(0 -0.01479012304 -0.01567713001)
(0 -0.02112883174 -0.05648889197)
(0 -0.07148060371 -0.06511576473)
(0 -0.07935999472 -0.1624624461)
(0 -0.2407117108 -0.1013923057)
(0 -0.1289754482 -0.3092873319)
(0 -0.6784145078 -0.1844578749)
(0 -0.03578107162 -0.8553873163)
(0 -1.616243164e-11 1.788229488e-14)
(0 -2.226227141e-11 7.258992166e-12)
(0 -8.252980633e-12 4.15872055e-12)
(0 -2.840240961e-12 1.153251136e-12)
(0 -5.120090836e-13 -5.68232003e-13)
(0 7.728316487e-13 -1.386879e-12)
(0 1.652853806e-12 -1.694988593e-12)
(0 2.32052204e-12 -1.735989548e-12)
(0 2.842205244e-12 -1.645608209e-12)
(0 3.250672373e-12 -1.496913466e-12)
(0 3.56888877e-12 -1.328390789e-12)
(0 3.815393412e-12 -1.159666225e-12)
(0 4.005417859e-12 -1.000111633e-12)
(0 4.151282482e-12 -8.535555882e-13)
(0 4.262776128e-12 -7.208758267e-13)
(0 4.347568518e-12 -6.014287463e-13)
(0 4.411604039e-12 -4.938335229e-13)
(0 4.459442534e-12 -3.96395154e-13)
(0 4.494537205e-12 -3.073245226e-13)
(0 4.519452489e-12 -2.248442745e-13)
(0 4.536028898e-12 -1.472308027e-13)
(0 4.545502104e-12 -7.282099729e-14)
(0 2.274291312e-12 -2.550344086e-24)
(0 1.010791339e-11 -1.508839256e-13)
(0 1.385537777e-11 -1.054038704e-12)
(0 7.277878885e-11 -6.000839623e-13)
(0 -1.43890063e-10 3.241485842e-13)
(0 1.983262444e-10 4.550929567e-13)
(0 -1.695759539e-10 1.431917076e-13)
(0 1.136332194e-10 -8.284697761e-13)
(0 -6.399333023e-11 -1.729997668e-12)
(0 -0.02651723625 -0.009941429767)
(0 -0.039813042 -0.008313765927)
(0 -0.04007282813 -0.05642063796)
(0 -0.1291126153 -0.06281055906)
(0 -0.1179128408 -0.1965256536)
(0 -0.3373452598 -0.1634269953)
(0 -0.1761852066 -0.3371531314)
(0 -1.128487286 -0.2076288714)
(0 -0.06118422541 -1.499505639)
(0 -6.405542641e-12 -4.77734889e-13)
(0 -1.095014708e-11 -4.88954812e-12)
(0 -7.00852669e-12 -1.637288964e-12)
(0 -3.661469822e-12 -1.810692362e-12)
(0 -1.260391113e-12 -2.333737067e-12)
(0 4.118506756e-13 -2.57864312e-12)
(0 1.584468734e-12 -2.556117197e-12)
(0 2.418201821e-12 -2.376552517e-12)
(0 3.018347563e-12 -2.127183137e-12)
(0 3.454400501e-12 -1.860185605e-12)
(0 3.773363183e-12 -1.602646448e-12)
(0 4.007771652e-12 -1.366689009e-12)
(0 4.180555035e-12 -1.156265768e-12)
(0 4.30808991e-12 -9.711623773e-13)
(0 4.402195928e-12 -8.09215067e-13)
(0 4.471475856e-12 -6.67486227e-13)
(0 4.5222291e-12 -5.428587904e-13)
(0 4.559080136e-12 -4.323145838e-13)
(0 4.585414201e-12 -3.330442232e-13)
(0 4.60368076e-12 -2.42469277e-13)
(0 4.61560394e-12 -1.582202959e-13)
(0 4.622325262e-12 -7.809381323e-14)
(0 2.312247648e-12 -2.015859547e-24)
(0 1.027610051e-11 -8.616300656e-14)
(0 1.408544851e-11 -1.061987419e-12)
(0 7.287909322e-11 -5.088751013e-13)
(0 -1.437179957e-10 1.895009585e-13)
(0 1.984094445e-10 2.76888007e-13)
(0 -1.695434888e-10 1.74123533e-15)
(0 1.13608125e-10 -7.379511859e-13)
(0 -6.400066536e-11 -1.443705293e-12)
(0 -0.02855458802 -0.01660718822)
(0 -0.05911179778 0.06512546551)
(0 -0.07082790788 0.001152392322)
(0 -0.2095559654 0.1679211863)
(0 -0.1813796752 0.005545606691)
(0 -0.5082013594 0.2316883805)
(0 -0.4081536545 0.2650585499)
(0 -1.881904678 0.3984846217)
(0 -0.09934981153 -2.220121102)
(0 5.333412543e-13 -1.476069999e-13)
(0 -2.363987731e-12 -3.643670714e-12)
(0 -5.174124585e-12 -4.007685324e-12)
(0 -3.536689064e-12 -4.424988549e-12)
(0 -1.279959841e-12 -4.377383471e-12)
(0 5.504515191e-13 -4.037836638e-12)
(0 1.854944409e-12 -3.574282174e-12)
(0 2.7494561e-12 -3.086916511e-12)
(0 3.358572155e-12 -2.626383193e-12)
(0 3.775209062e-12 -2.213997559e-12)
(0 4.062385366e-12 -1.855317687e-12)
(0 4.261774092e-12 -1.548173675e-12)
(0 4.400944491e-12 -1.287096255e-12)
(0 4.498333183e-12 -1.065610497e-12)
(0 4.566452278e-12 -8.773345451e-13)
(0 4.613924795e-12 -7.164418126e-13)
(0 4.646775682e-12 -5.778006532e-13)
(0 4.669257101e-12 -4.569600653e-13)
(0 4.684382512e-12 -3.500683951e-13)
(0 4.694276416e-12 -2.537681634e-13)
(0 4.700404361e-12 -1.650871643e-13)
(0 4.7037224e-12 -8.133400311e-14)
(0 2.352385125e-12 -1.541824686e-24)
(0 1.045407902e-11 -1.598357507e-14)
(0 1.432775569e-11 -1.111857793e-12)
(0 7.300521637e-11 -4.792562471e-13)
(0 -1.43548099e-10 9.563608859e-14)
(0 1.985015085e-10 1.631736428e-13)
(0 -1.695170817e-10 -6.99304504e-14)
(0 1.135810475e-10 -6.309800033e-13)
(0 -6.401357362e-11 -1.175247062e-12)
(0 0.02310816277 -0.005542067253)
(0 -0.02318847029 0.04083396109)
(0 0.07611646875 -0.02378780249)
(0 -0.1283288551 0.06898276727)
(0 -0.03502538635 -0.1970521739)
(0 -0.4436659473 0.2283499151)
(0 -1.579984587 0.2202982244)
(0 -3.565007335 0.712385347)
(0 -0.3299879507 -3.748394115)
(0 -2.556986757e-13 2.44848511e-13)
(0 -5.400449676e-12 3.868609409e-12)
(0 -7.789844513e-12 -6.323851551e-12)
(0 -4.031167969e-12 -7.504200699e-12)
(0 -8.732392021e-13 -6.712992484e-12)
(0 1.214951972e-12 -5.621036575e-12)
(0 2.535388861e-12 -4.616261676e-12)
(0 3.366100802e-12 -3.770452282e-12)
(0 3.891266515e-12 -3.077435838e-12)
(0 4.225466006e-12 -2.514101672e-12)
(0 4.439187067e-12 -2.056449521e-12)
(0 4.575993085e-12 -1.683587367e-12)
(0 4.663118213e-12 -1.3783312e-12)
(0 4.71785162e-12 -1.126846328e-12)
(0 4.751364612e-12 -9.180695728e-13)
(0 4.771009748e-12 -7.431452425e-13)
(0 4.781710847e-12 -5.94941591e-13)
(0 4.786812394e-12 -4.676563935e-13)
(0 4.788606103e-12 -3.565010159e-13)
(0 4.788661991e-12 -2.574478215e-13)
(0 4.7880381e-12 -1.670263228e-13)
(0 4.787412426e-12 -8.215530992e-14)
(0 2.393581651e-12 -1.138973562e-24)
(0 1.063667421e-11 5.823349174e-14)
(0 1.45882435e-11 -1.201974986e-12)
(0 7.311721152e-11 -4.934095078e-13)
(0 -1.434154154e-10 3.989509252e-14)
(0 1.985769846e-10 1.108062763e-13)
(0 -1.695013791e-10 -8.074915171e-14)
(0 1.135543914e-10 -5.086044533e-13)
(0 -6.402777424e-11 -9.265333304e-13)
(0 0.007456699145 0.001698056732)
(0 -0.07167460813 0.1233338404)
(0 -0.03442905932 0.09915679687)
(0 -0.3651346429 0.5727139412)
(0 0.08243413702 0.2445088744)
(0 -0.5936244829 2.518925258)
(0 -0.05263436173 3.083064289)
(0 -4.570158277 0.8981881849)
(0 -2.68456964 -7.53605465)
(0 0.02472429947 -0.07743920271)
(0 -1.314359626e-11 -2.743279736e-11)
(0 -1.654558204e-11 -1.761935658e-11)
(0 -3.925829997e-12 -1.255483452e-11)
(0 6.032042826e-13 -9.349346689e-12)
(0 2.647182327e-12 -7.117039747e-12)
(0 3.705528702e-12 -5.499268708e-12)
(0 4.288281938e-12 -4.301198176e-12)
(0 4.614922765e-12 -3.398811964e-12)
(0 4.796195379e-12 -2.708526575e-12)
(0 4.892899671e-12 -2.172790107e-12)
(0 4.939892413e-12 -1.751391616e-12)
(0 4.957685529e-12 -1.415791579e-12)
(0 4.958594811e-12 -1.145372024e-12)
(0 4.950153364e-12 -9.249511242e-13)
(0 4.937052777e-12 -7.431272748e-13)
(0 4.922264531e-12 -5.911634031e-13)
(0 4.907697676e-12 -4.622223465e-13)
(0 4.894591084e-12 -3.508311518e-13)
(0 4.883751109e-12 -2.524957789e-13)
(0 4.875696873e-12 -1.634152451e-13)
(0 4.870748722e-12 -8.026128015e-14)
(0 2.434540435e-12 -7.388793793e-25)
(0 1.081850114e-11 1.351320191e-13)
(0 1.484453433e-11 -1.314375743e-12)
(0 7.319808242e-11 -5.274763828e-13)
(0 -1.433298036e-10 1.682129034e-14)
(0 1.986265505e-10 1.068761335e-13)
(0 -1.694980504e-10 -4.624502629e-14)
(0 1.135283302e-10 -3.758615329e-13)
(0 -6.404153945e-11 -6.977585542e-13)
(0 0.1537866627 0.04170402125)
(0 0.05791996077 0.04028178423)
(0 0.6176663381 0.05813430448)
(0 -0.04512573964 -0.1549938365)
(0 1.951075254 -0.3030910692)
(0 -0.1811775065 0.3199991647)
(0 7.506451675 1.132603843)
(0 0.6514011115 8.144653453)
(0 -2.680759438 -11.72821116)
(0 0.002061565316 -1.960054825)
(0 4.680846392e-12 -4.352686769e-11)
(0 7.078283803e-12 -2.414963467e-11)
(0 4.238841922e-12 -1.574640409e-11)
(0 4.564555572e-12 -1.101250623e-11)
(0 5.065029953e-12 -7.998493025e-12)
(0 5.351230432e-12 -5.962559522e-12)
(0 5.466557547e-12 -4.536250946e-12)
(0 5.483938116e-12 -3.508086139e-12)
(0 5.451487863e-12 -2.748402894e-12)
(0 5.396322026e-12 -2.174790932e-12)
(0 5.332991612e-12 -1.733394376e-12)
(0 5.269137805e-12 -1.388069083e-12)
(0 5.208692075e-12 -1.113897848e-12)
(0 5.153609361e-12 -8.932349761e-13)
(0 5.104797469e-12 -7.13248595e-13)
(0 5.062615775e-12 -5.643614551e-13)
(0 5.027144645e-12 -4.392375282e-13)
(0 4.99833267e-12 -3.321048623e-13)
(0 4.976077898e-12 -2.38288714e-13)
(0 4.960272599e-12 -1.53877771e-13)
(0 4.950827671e-12 -7.547481974e-14)
(0 2.473842931e-12 -1.963324444e-25)
(0 1.099288957e-11 2.149655067e-13)
(0 1.509506029e-11 -1.430053748e-12)
(0 7.325175616e-11 -5.614581008e-13)
(0 -1.432843485e-10 2.089251077e-14)
(0 1.986525809e-10 1.374992763e-13)
(0 -1.695049267e-10 1.841013654e-14)
(0 1.135033018e-10 -2.385172346e-13)
(0 -6.40541097e-11 -4.883453141e-13)
(0 0.08842026179 0.03583505645)
(0 -0.0268716834 -0.07037785673)
(0 -0.2662725155 0.06102620582)
(0 -0.9240124221 0.00537431776)
(0 -2.583913559 -0.01900519398)
(0 -0.9213209555 -1.26045231)
(0 -0.8350938036 0.05926407719)
(0 -0.2662761246 18.20031991)
(0 0.2708858131 -13.57227341)
(0 -0.0003327177053 -1.825011422)
(0 5.889885563e-12 -1.746779698e-11)
(0 1.097483133e-11 -2.001040649e-11)
(0 9.211298445e-12 -1.526878593e-11)
(0 8.351115345e-12 -1.095576489e-11)
(0 7.697129033e-12 -7.901867681e-12)
(0 7.167770781e-12 -5.816222213e-12)
(0 6.74275532e-12 -4.37315677e-12)
(0 6.402770817e-12 -3.348878159e-12)
(0 6.129490586e-12 -2.602207032e-12)
(0 5.90790819e-12 -2.044573865e-12)
(0 5.726614261e-12 -1.619323295e-12)
(0 5.577182057e-12 -1.289191202e-12)
(0 5.453428918e-12 -1.028915051e-12)
(0 5.350802617e-12 -8.208422304e-13)
(0 5.265926298e-12 -6.522701201e-13)
(0 5.196275598e-12 -5.137953053e-13)
(0 5.139954269e-12 -3.982603678e-13)
(0 5.095539898e-12 -3.000612196e-13)
(0 5.0619782e-12 -2.14676023e-13)
(0 5.038510767e-12 -1.383322469e-13)
(0 5.024626493e-12 -6.776021585e-14)
(0 2.510015255e-12 5.595437417e-25)
(0 1.115378614e-11 2.972107066e-13)
(0 1.532596797e-11 -1.535039294e-12)
(0 7.328629026e-11 -5.818600977e-13)
(0 -1.432673232e-10 4.778472844e-14)
(0 1.986620131e-10 1.916680181e-13)
(0 -1.695180997e-10 1.015191839e-13)
(0 1.134801794e-10 -1.011148349e-13)
(0 -6.406509839e-11 -2.969703145e-13)
(0 0.1170085122 0.09977831767)
(0 0.03906508595 0.3490724801)
(0 -0.1065810591 0.7807399501)
(0 -0.2514105415 1.106975619)
(0 -0.7037199679 0.5592390913)
(0 -0.1279794237 -1.972392139)
(0 -0.2237069086 -0.838965702)
(0 0.8307099598 -0.4660281149)
(0 10.43196104 -2.675263375)
(0 -0.002607570819 -0.9875859918)
(0 4.604647804e-12 -4.50738352e-11)
(0 9.002729639e-12 -2.345840681e-11)
(0 1.329348352e-11 -1.436262314e-11)
(0 1.193147382e-11 -9.63989195e-12)
(0 1.020457263e-11 -6.836997656e-12)
(0 8.879941343e-12 -5.027310415e-12)
(0 7.933901601e-12 -3.791279068e-12)
(0 7.254887855e-12 -2.912063848e-12)
(0 6.755792157e-12 -2.26697159e-12)
(0 6.379205763e-12 -1.78197135e-12)
(0 6.088374275e-12 -1.410131829e-12)
(0 5.859546049e-12 -1.120457043e-12)
(0 5.677041047e-12 -8.917293505e-13)
(0 5.530254292e-12 -7.089489968e-13)
(0 5.411844394e-12 -5.611939735e-13)
(0 5.316625528e-12 -4.402884333e-13)
(0 5.240878731e-12 -3.399464215e-13)
(0 5.181917015e-12 -2.552027597e-13)
(0 5.13780687e-12 -1.820213364e-13)
(0 5.107188406e-12 -1.170146657e-13)
(0 5.089159918e-12 -5.723351054e-14)
(0 2.541603147e-12 1.199018525e-24)
(0 1.12942169e-11 3.798448132e-13)
(0 1.553746989e-11 -1.62163222e-12)
(0 7.331238544e-11 -5.815671552e-13)
(0 -1.432671232e-10 9.420316915e-14)
(0 1.986622966e-10 2.618178679e-13)
(0 -1.695335748e-10 1.952736741e-13)
(0 1.134599335e-10 3.36116099e-14)
(0 -6.407429455e-11 -1.215958015e-13)
(0 0.3931921766 0.1085834095)
(0 0.369240499 0.3203850117)
(0 0.5430516458 0.695871525)
(0 0.5282745284 0.8774478979)
(0 1.104166884 -0.1048938665)
(0 0.8358664889 -1.738187398)
(0 1.501146545 -1.206510529)
(0 0.3167294386 -0.4853049602)
(0 1.272246893 0.5397158643)
(0 -0.002293578524 -0.001984710966)
(0 3.427704185e-11 -2.916072508e-11)
(0 4.150834713e-11 -1.455207337e-11)
(0 2.302981331e-11 -9.083402683e-12)
(0 1.587674083e-11 -6.404175734e-12)
(0 1.230971057e-11 -4.778920277e-12)
(0 1.021348937e-11 -3.664746165e-12)
(0 8.858001887e-12 -2.852588485e-12)
(0 7.927078295e-12 -2.24112641e-12)
(0 7.259583084e-12 -1.771641145e-12)
(0 6.764747951e-12 -1.406205239e-12)
(0 6.388128568e-12 -1.118774584e-12)
(0 6.095584535e-12 -8.907761282e-13)
(0 5.864936964e-12 -7.08596804e-13)
(0 5.681337994e-12 -5.620303951e-13)
(0 5.534586861e-12 -4.432677858e-13)
(0 5.41752315e-12 -3.462172259e-13)
(0 5.325039943e-12 -2.660332836e-13)
(0 5.253464983e-12 -1.987813049e-13)
(0 5.200166294e-12 -1.411912898e-13)
(0 5.163298593e-12 -9.047109054e-14)
(0 5.141641159e-12 -4.415872984e-14)
(0 2.567248765e-12 1.860178719e-24)
(0 1.140854902e-11 4.602448316e-13)
(0 1.571284988e-11 -1.687410476e-12)
(0 7.333458207e-11 -5.58943228e-13)
(0 -1.43276318e-10 1.570713612e-13)
(0 1.986587749e-10 3.429718644e-13)
(0 -1.695484435e-10 2.949489632e-13)
(0 1.134432191e-10 1.64541646e-13)
(0 -6.40816367e-11 4.034986387e-14)
(0 0.5862975683 0.08219965175)
(0 0.6235945607 0.2088642646)
(0 0.8535934647 0.4468039462)
(0 1.038614682 0.4969872269)
(0 1.40883181 -0.07178603366)
(0 0.9617066434 -1.15113544)
(0 -0.09332898921 -1.066745984)
(0 -0.5440272642 -0.1935297809)
(0 -3.904451519e-11 1.022198751e-11)
(0 -1.234133604e-12 1.940920167e-11)
(0 3.355237498e-11 2.067642547e-11)
(0 2.907959613e-11 3.495160198e-12)
(0 2.144138116e-11 -1.014698175e-12)
(0 1.623595623e-11 -2.114494631e-12)
(0 1.29440022e-11 -2.20976909e-12)
(0 1.080627313e-11 -2.000171562e-12)
(0 9.357521357e-12 -1.713204306e-12)
(0 8.335835194e-12 -1.42820956e-12)
(0 7.590713329e-12 -1.17225735e-12)
(0 7.032072324e-12 -9.524317644e-13)
(0 6.603803385e-12 -7.679853013e-13)
(0 6.269723829e-12 -6.152768925e-13)
(0 6.00578678e-12 -4.898514239e-13)
(0 5.79558331e-12 -3.873071645e-13)
(0 5.627657564e-12 -3.03628335e-13)
(0 5.49386003e-12 -2.35278273e-13)
(0 5.388314652e-12 -1.791872789e-13)
(0 5.306759009e-12 -1.326971565e-13)
(0 5.246117085e-12 -9.349080419e-14)
(0 5.204220966e-12 -5.951911943e-14)
(0 5.179631009e-12 -2.892989586e-14)
(0 2.585761876e-12 2.522232091e-24)
(0 1.149072514e-11 5.374435063e-13)
(0 1.58462738e-11 -1.734141433e-12)
(0 7.335689974e-11 -5.169856489e-13)
(0 -1.432900586e-10 2.327548238e-13)
(0 1.986548038e-10 4.31661866e-13)
(0 -1.695610076e-10 3.978545688e-13)
(0 1.134302326e-10 2.916765599e-13)
(0 -6.408720737e-11 1.916809608e-13)
(0 0.6974118814 0.05060674842)
(0 0.7429922772 0.1136956549)
(0 0.8760810735 0.211638092)
(0 1.085911014 0.1893579588)
(0 1.23462101 -0.02229216503)
(0 1.067469867 -0.4073822916)
(0 0.3652634905 -0.1330413581)
(0 0.0002855751089 -0.3616648864)
(0 2.050514535e-12 1.607134028e-11)
(0 1.085152661e-11 3.099888143e-11)
(0 1.891120305e-11 1.886561868e-11)
(0 1.981722335e-11 8.87170088e-12)
(0 1.742015848e-11 3.64395779e-12)
(0 1.468166992e-11 1.170651596e-12)
(0 1.242403364e-11 5.44980947e-14)
(0 1.071005415e-11 -4.129729832e-13)
(0 9.429963888e-12 -5.718468711e-13)
(0 8.468025252e-12 -5.862455495e-13)
(0 7.73536088e-12 -5.367432918e-13)
(0 7.16902e-12 -4.632788527e-13)
(0 6.72528344e-12 -3.854597587e-13)
(0 6.373718413e-12 -3.12496182e-13)
(0 6.092906692e-12 -2.482246742e-13)
(0 5.867561083e-12 -1.937170029e-13)
(0 5.686615753e-12 -1.486582075e-13)
(0 5.541964206e-12 -1.120786011e-13)
(0 5.427621059e-12 -8.273917309e-14)
(0 5.339161458e-12 -5.932832048e-14)
(0 5.273344331e-12 -4.055491049e-14)
(0 5.227859501e-12 -2.518406959e-14)
(0 5.201160278e-12 -1.204138278e-14)
(0 2.596178661e-12 3.113434984e-24)
(0 1.153787503e-11 6.10762591e-13)
(0 1.592732797e-11 -1.766120012e-12)
(0 7.338031607e-11 -4.612153532e-13)
(0 -1.433062477e-10 3.173654334e-13)
(0 1.986516482e-10 5.253709715e-13)
(0 -1.695708755e-10 5.025095665e-13)
(0 1.134205964e-10 4.156024148e-13)
(0 -6.409125578e-11 3.350978107e-13)
(0 0.7605505924 0.02528961888)
(0 0.7996558969 0.05766698917)
(0 0.8744011504 0.09527140028)
(0 0.9743019516 0.08693967555)
(0 1.027637732 -0.001700572882)
(0 0.8199217074 -0.1068082937)
(0 0.6438219548 0.02955034043)
(0 5.104262175e-05 0.135548979)
(0 -3.595997016e-13 2.002162073e-11)
(0 4.369487812e-12 1.982017104e-11)
(0 1.142519454e-11 1.491642128e-11)
(0 1.385793524e-11 9.482083632e-12)
(0 1.374033188e-11 5.548167244e-12)
(0 1.264649653e-11 3.098629893e-12)
(0 1.136037762e-11 1.670071611e-12)
(0 1.017992817e-11 8.656256233e-13)
(0 9.18424879e-12 4.250391533e-13)
(0 8.370938774e-12 1.918225015e-13)
(0 7.713680025e-12 7.481043335e-14)
(0 7.183355857e-12 2.151756404e-14)
(0 6.754586056e-12 1.918038721e-15)
(0 6.406958913e-12 -1.025592847e-15)
(0 6.124565959e-12 3.165784774e-15)
(0 5.895149777e-12 9.323484308e-15)
(0 5.709295965e-12 1.479314223e-14)
(0 5.559779064e-12 1.836315616e-14)
(0 5.441064933e-12 1.963904329e-14)
(0 5.348943271e-12 1.867914754e-14)
(0 5.280261336e-12 1.578447807e-14)
(0 5.232734494e-12 1.137981573e-14)
(0 5.204815078e-12 5.948740336e-15)
(0 2.597803259e-12 3.847626252e-24)
(0 1.154535576e-11 6.774457933e-13)
(0 1.596163589e-11 -1.78826623e-12)
(0 7.340671939e-11 -3.973306069e-13)
(0 -1.433243012e-10 4.074227445e-13)
(0 1.986489471e-10 6.222249564e-13)
(0 -1.695787974e-10 6.079974596e-13)
(0 1.134133707e-10 5.369655458e-13)
(0 -6.409419862e-11 4.728000136e-13)
(0 0.7890836118 0.002868732866)
(0 0.8305327898 0.002815052793)
(0 0.8899098354 0.01471851678)
(0 0.9582415046 0.03367821942)
(0 0.9251901579 0.1015544793)
(0 0.805720397 0.1716670785)
(0 0.4602492697 0.4260858078)
(0 2.24871111e-05 0.3958662684)
(0 2.089218504e-12 1.171120187e-11)
(0 5.765355855e-12 1.335710839e-11)
(0 8.57311565e-12 1.149782278e-11)
(0 1.044896932e-11 8.59203454e-12)
(0 1.103670474e-11 5.967981978e-12)
(0 1.080357428e-11 4.005615189e-12)
(0 1.019102937e-11 2.661526911e-12)
(0 9.465021694e-12 1.780366984e-12)
(0 8.756160766e-12 1.214560654e-12)
(0 8.117796532e-12 8.536894481e-13)
(0 7.565055943e-12 6.226447328e-13)
(0 7.096127605e-12 4.726177983e-13)
(0 6.702740283e-12 3.726367339e-13)
(0 6.374966159e-12 3.033080539e-13)
(0 6.103255769e-12 2.525896984e-13)
(0 5.87918844e-12 2.130530642e-13)
(0 5.695655424e-12 1.801457885e-13)
(0 5.546810107e-12 1.51100792e-13)
(0 5.427937051e-12 1.242546387e-13)
(0 5.335306893e-12 9.862272959e-14)
(0 5.266045e-12 7.363490427e-14)
(0 5.218023764e-12 4.897081553e-14)
(0 5.189780463e-12 2.445681926e-14)
(0 2.590229921e-12 4.324757592e-24)
(0 1.151216691e-11 7.354343916e-13)
(0 1.593317192e-11 -1.805421347e-12)
(0 7.343132035e-11 -3.311426849e-13)
(0 -1.433469426e-10 4.993143831e-13)
(0 1.986443037e-10 7.2027321e-13)
(0 -1.695866966e-10 7.132803292e-13)
(0 1.134070763e-10 6.559500728e-13)
(0 -6.409660897e-11 6.061046569e-13)
(0 0.7753447402 -0.02025120072)
(0 0.8065730684 -0.04737009552)
(0 0.8178605769 -0.02873386518)
(0 0.8419044539 0.03702764312)
(0 0.7593552666 0.213766525)
(0 0.7211900101 0.4159906203)
(0 0.4486572518 0.7337968089)
(0 2.337290853e-05 0.6456779769)
(0 1.366396675e-12 1.178322375e-11)
(0 4.213046819e-12 1.046024474e-11)
(0 6.660120696e-12 9.12571875e-12)
(0 8.328094444e-12 7.420234712e-12)
(0 9.153912525e-12 5.726096359e-12)
(0 9.340041467e-12 4.294314568e-12)
(0 9.135129417e-12 3.190055174e-12)
(0 8.732961912e-12 2.379760623e-12)
(0 8.257571254e-12 1.79915134e-12)
(0 7.779022853e-12 1.385730657e-12)
(0 7.332608376e-12 1.08945957e-12)
(0 6.933347858e-12 8.736700776e-13)
(0 6.585276311e-12 7.127018682e-13)
(0 6.286911878e-12 5.890313538e-13)
(0 6.034310969e-12 4.9083271e-13)
(0 5.822705867e-12 4.101545872e-13)
(0 5.647343693e-12 3.416377061e-13)
(0 5.503887915e-12 2.816412284e-13)
(0 5.38858687e-12 2.276575763e-13)
(0 5.298323537e-12 1.779236074e-13)
(0 5.230609422e-12 1.311626509e-13)
(0 5.183556409e-12 8.641238055e-14)
(0 5.155844263e-12 4.290799381e-14)
(0 2.57334644e-12 4.44615228e-24)
(0 1.143740205e-11 7.847398203e-13)
(0 1.584605615e-11 -1.821830054e-12)
(0 7.345226e-11 -2.683749452e-13)
(0 -1.433767577e-10 5.890377357e-13)
(0 1.986348905e-10 8.170350492e-13)
(0 -1.695969084e-10 8.16747201e-13)
(0 1.134000234e-10 7.719167618e-13)
(0 -6.409912375e-11 7.35185657e-13)
(0 0.717318348 -0.03560497802)
(0 0.7111283947 -0.04935515674)
(0 0.6410306443 -0.01135918444)
(0 0.6614551136 0.04810725807)
(0 0.5557497054 0.2753188662)
(0 0.6092596201 0.5123851913)
(0 0.4517660268 0.989261205)
(0 2.47385821e-05 0.8992196067)
(0 8.525378505e-13 7.995915945e-12)
(0 3.202864876e-12 7.670408906e-12)
(0 5.533105623e-12 7.124563138e-12)
(0 7.049346926e-12 6.23707705e-12)
(0 7.910784597e-12 5.221846788e-12)
(0 8.267533099e-12 4.255492544e-12)
(0 8.276475423e-12 3.424624628e-12)
(0 8.074117859e-12 2.749474763e-12)
(0 7.7621308e-12 2.216554375e-12)
(0 7.408104762e-12 1.800619341e-12)
(0 7.052995363e-12 1.475789436e-12)
(0 6.719369903e-12 1.219899624e-12)
(0 6.418101559e-12 1.015470068e-12)
(0 6.153097001e-12 8.492847945e-13)
(0 5.924379003e-12 7.115574959e-13)
(0 5.729993437e-12 5.950970314e-13)
(0 5.567142066e-12 4.946112351e-13)
(0 5.432829977e-12 4.06170748e-13)
(0 5.32421943e-12 3.268125674e-13)
(0 5.238811967e-12 2.542529044e-13)
(0 5.174533773e-12 1.866807355e-13)
(0 5.129769106e-12 1.226086511e-13)
(0 5.103368082e-12 6.07630221e-14)
(0 2.547321927e-12 4.683581253e-24)
(0 1.132233156e-11 8.241896545e-13)
(0 1.569884328e-11 -1.839957442e-12)
(0 7.346633923e-11 -2.130037747e-13)
(0 -1.434166363e-10 6.730445299e-13)
(0 1.986177554e-10 9.09712981e-13)
(0 -1.696118181e-10 9.161712335e-13)
(0 1.133905515e-10 8.83310984e-13)
(0 -6.410236242e-11 8.590196804e-13)
(0 0.6048436105 -0.0178109801)
(0 0.5266590144 0.02422056282)
(0 0.3866455199 0.07116413566)
(0 0.4735688563 0.06861174986)
(0 0.3128382972 0.3933305183)
(0 0.5445090757 0.5936043168)
(0 0.447806131 1.226471425)
(0 2.504978124e-05 1.153289912)
(0 1.163960363e-12 4.165061544e-12)
(0 3.477512564e-12 5.237262976e-12)
(0 5.22678884e-12 5.465040736e-12)
(0 6.425378094e-12 5.181658679e-12)
(0 7.172328018e-12 4.668721858e-12)
(0 7.542819307e-12 4.08118999e-12)
(0 7.629111636e-12 3.503481396e-12)
(0 7.524891659e-12 2.976961207e-12)
(0 7.308715832e-12 2.516968823e-12)
(0 7.038257914e-12 2.12439659e-12)
(0 6.751888659e-12 1.793173646e-12)
(0 6.47302849e-12 1.514666428e-12)
(0 6.214661482e-12 1.279994484e-12)
(0 5.982999306e-12 1.081082417e-12)
(0 5.780123206e-12 9.110180836e-13)
(0 5.605759606e-12 7.640674043e-13)
(0 5.45841741e-12 6.355419111e-13)
(0 5.336089247e-12 5.216202238e-13)
(0 5.236669027e-12 4.191709764e-13)
(0 5.158191705e-12 3.255961785e-13)
(0 5.098965168e-12 2.38699697e-13)
(0 5.057638695e-12 1.565789833e-13)
(0 5.033235612e-12 7.75356642e-14)
(0 2.512583418e-12 4.847232808e-24)
(0 1.116828983e-11 8.535880099e-13)
(0 1.549254963e-11 -1.861087928e-12)
(0 7.347109413e-11 -1.678369177e-13)
(0 -1.434687619e-10 7.480259613e-13)
(0 1.985905245e-10 9.95156342e-13)
(0 -1.696333982e-10 1.008735608e-12)
(0 1.133772882e-10 9.877277111e-13)
(0 -6.410684189e-11 9.755023333e-13)
(0 0.4682649418 0.03377664456)
(0 0.3349667897 0.1457601846)
(0 0.1036389236 0.07291259789)
(0 0.2053461255 0.01966177041)
(0 -0.1168777806 0.272291628)
(0 0.4302822276 0.3378613453)
(0 0.4403751095 1.414197231)
(0 2.52621237e-05 1.402705943)
(0 2.090606149e-12 2.005029078e-12)
(0 4.682780789e-12 3.829343552e-12)
(0 5.477501326e-12 4.316676198e-12)
(0 6.253028048e-12 4.355796855e-12)
(0 6.810315908e-12 4.190196011e-12)
(0 7.102292637e-12 3.897068582e-12)
(0 7.17224664e-12 3.531151259e-12)
(0 7.087605287e-12 3.137917279e-12)
(0 6.909566183e-12 2.749958347e-12)
(0 6.684309584e-12 2.386818987e-12)
(0 6.443265201e-12 2.057837622e-12)
(0 6.206190742e-12 1.765595814e-12)
(0 5.984517548e-12 1.508759177e-12)
(0 5.7841206e-12 1.284033894e-12)
(0 5.60736399e-12 1.087367273e-12)
(0 5.454517264e-12 9.146151242e-13)
(0 5.324694885e-12 7.618713754e-13)
(0 5.216459042e-12 6.255996705e-13)
(0 5.128195385e-12 5.026569046e-13)
(0 5.058340688e-12 3.902625151e-13)
(0 5.005516577e-12 2.859437065e-13)
(0 4.968605074e-12 1.874723309e-13)
(0 4.946789099e-12 9.280082577e-14)
(0 2.469786263e-12 4.534589067e-24)
(0 1.097859222e-11 8.719993926e-13)
(0 1.523588063e-11 -1.884890061e-12)
(0 7.34659804e-11 -1.340153675e-13)
(0 -1.435340772e-10 8.11348427e-13)
(0 1.9855181e-10 1.070186418e-12)
(0 -1.69662915e-10 1.091282287e-12)
(0 1.13359321e-10 1.082153634e-12)
(0 -6.411291741e-11 1.081721351e-12)
(0 0.322764202 0.1492859478)
(0 0.1554339681 0.3649405624)
(0 -0.03133428059 0.2868601941)
(0 -0.02154665694 0.2722866482)
(0 -0.3707591879 0.3000015056)
(0 0.5291252279 0.04566097273)
(0 0.4189592066 1.640236121)
(0 1.478287062e-05 1.644906654)
(0 3.230177612e-12 5.952926771e-12)
(0 6.016315281e-12 3.986821316e-12)
(0 5.753242143e-12 3.616525576e-12)
(0 6.298897908e-12 3.734660334e-12)
(0 6.713599745e-12 3.839199763e-12)
(0 6.883774554e-12 3.785736039e-12)
(0 6.869960334e-12 3.58613705e-12)
(0 6.743698747e-12 3.293595922e-12)
(0 6.55761754e-12 2.95812604e-12)
(0 6.34613719e-12 2.615082279e-12)
(0 6.130665486e-12 2.285761997e-12)
(0 5.923950045e-12 1.981120911e-12)
(0 5.733099561e-12 1.705414122e-12)
(0 5.561607402e-12 1.458928794e-12)
(0 5.410704437e-12 1.23980441e-12)
(0 5.280263709e-12 1.045157101e-12)
(0 5.169401956e-12 8.717314792e-13)
(0 5.076874776e-12 7.162525598e-13)
(0 5.001331871e-12 5.755962464e-13)
(0 4.941478507e-12 4.468543781e-13)
(0 4.896174984e-12 3.273408329e-13)
(0 4.864495815e-12 2.14566034e-13)
(0 4.845763281e-12 1.061953738e-13)
(0 2.419782592e-12 4.324569553e-24)
(0 1.075658555e-11 8.803707394e-13)
(0 1.492296531e-11 -1.910626495e-12)
(0 7.344814377e-11 -1.124784697e-13)
(0 -1.436132647e-10 8.604141267e-13)
(0 1.985009958e-10 1.131531976e-12)
(0 -1.697009238e-10 1.160478802e-12)
(0 1.133362358e-10 1.163240827e-12)
(0 -6.412076356e-11 1.174292305e-12)
(0 0.3619468226 0.1982869948)
(0 0.3124705572 0.4302606722)
(0 0.2608347618 0.2184775702)
(0 0.5776934491 0.2399464298)
(0 0.1831883652 -0.263480763)
(0 0.6723681482 -0.4887346893)
(0 0.4819109913 1.820168183)
(0 6.268276138e-06 1.86466156)
(0 4.461292436e-13 1.00457264e-11)
(0 2.624145294e-12 2.826771972e-12)
(0 5.225340344e-12 2.427947253e-12)
(0 6.475702235e-12 3.127120486e-12)
(0 6.861391614e-12 3.646210382e-12)
(0 6.849229924e-12 3.820532484e-12)
(0 6.680106522e-12 3.734059784e-12)
(0 6.459594278e-12 3.492199846e-12)
(0 6.23105254e-12 3.173865587e-12)
(0 6.011945541e-12 2.829622006e-12)
(0 5.809303834e-12 2.489008644e-12)
(0 5.625842866e-12 2.16771399e-12)
(0 5.46232543e-12 1.872850196e-12)
(0 5.318510888e-12 1.606465489e-12)
(0 5.193592297e-12 1.367767359e-12)
(0 5.086444333e-12 1.154480351e-12)
(0 4.995790344e-12 9.636476473e-13)
(0 4.92032381e-12 7.92085065e-13)
(0 4.858797203e-12 6.366225902e-13)
(0 4.810085274e-12 4.942186133e-13)
(0 4.773228233e-12 3.619993941e-13)
(0 4.747459615e-12 2.37255552e-13)
(0 4.732223065e-12 1.174145099e-13)
(0 2.363590889e-12 4.299200768e-24)
(0 1.050680521e-11 8.796171486e-13)
(0 1.457039517e-11 -1.93741279e-12)
(0 7.34204614e-11 -1.037095551e-13)
(0 -1.437044232e-10 8.930629062e-13)
(0 1.984390467e-10 1.176220085e-12)
(0 -1.697469964e-10 1.213163185e-12)
(0 1.133081903e-10 1.227659191e-12)
(0 -6.413035886e-11 1.249737628e-12)
(0 0.271751195 0.2198693245)
(0 0.3429614812 0.4506001628)
(0 0.6032882705 0.1801375225)
(0 0.2982754299 0.3188834734)
(0 -0.5847417217 0.4174676139)
(0 0.5032788437 -0.4265973476)
(0 0.002246447785 2.446448196)
(0 0.000126357585 2.148393156)
(0 -4.085658315e-12 -1.155142946e-11)
(0 -1.281469809e-12 -4.826948621e-12)
(0 6.053590657e-12 1.413752918e-13)
(0 7.517161036e-12 2.699658575e-12)
(0 7.407011743e-12 3.79798948e-12)
(0 6.971623957e-12 4.116117945e-12)
(0 6.541627696e-12 4.037360978e-12)
(0 6.183504549e-12 3.767271607e-12)
(0 5.895039701e-12 3.415510898e-12)
(0 5.661280247e-12 3.040530419e-12)
(0 5.46875747e-12 2.672937304e-12)
(0 5.307791597e-12 2.32787807e-12)
(0 5.17185106e-12 2.011809705e-12)
(0 5.056524565e-12 1.726318543e-12)
(0 4.958719299e-12 1.470322367e-12)
(0 4.876143997e-12 1.241352444e-12)
(0 4.80700667e-12 1.036296413e-12)
(0 4.749849719e-12 8.518194002e-13)
(0 4.70346542e-12 6.84591457e-13)
(0 4.666855311e-12 5.313983373e-13)
(0 4.639211923e-12 3.891823676e-13)
(0 4.61991093e-12 2.550419093e-13)
(0 4.608507729e-12 1.262067514e-13)
(0 2.302368082e-12 4.021602514e-24)
(0 1.023516847e-11 8.694413917e-13)
(0 1.418102437e-11 -1.964105226e-12)
(0 7.338363692e-11 -1.072344164e-13)
(0 -1.438055745e-10 9.080627562e-13)
(0 1.983674941e-10 1.201972038e-12)
(0 -1.698001488e-10 1.246666196e-12)
(0 1.132757333e-10 1.272416444e-12)
(0 -6.414153691e-11 1.304826203e-12)
(0 0.1543161797 0.1685664589)
(0 0.4427814173 0.04831255737)
(0 0.8403827969 0.350105555)
(0 0.3847223988 1.42967433)
(0 -1.028524673 -0.581934961)
(0 -0.6967025917 -1.294157537)
(0 -0.8212949892 2.516381601)
(0 0.0005043106555 1.757575322)
(0 4.268295198e-12 -4.302300262e-11)
(0 1.46936893e-11 -1.03371369e-11)
(0 1.275194754e-11 2.648494051e-13)
(0 1.013231642e-11 3.732143316e-12)
(0 8.277850984e-12 4.72996014e-12)
(0 7.088601422e-12 4.808588509e-12)
(0 6.331260184e-12 4.531993786e-12)
(0 5.837744198e-12 4.124013096e-12)
(0 5.504311352e-12 3.680375505e-12)
(0 5.269371947e-12 3.24405228e-12)
(0 5.096651485e-12 2.834333764e-12)
(0 4.964715267e-12 2.459053572e-12)
(0 4.860765903e-12 2.120194807e-12)
(0 4.77702355e-12 1.816679821e-12)
(0 4.708626199e-12 1.545854513e-12)
(0 4.65241838e-12 1.304313822e-12)
(0 4.6062573e-12 1.088368689e-12)
(0 4.568618853e-12 8.943062576e-13)
(0 4.53837614e-12 7.185261368e-13)
(0 4.514676185e-12 5.576008147e-13)
(0 4.496871805e-12 4.082893338e-13)
(0 4.484483998e-12 2.675223575e-13)
(0 4.477181156e-12 1.323700452e-13)
(0 2.237384137e-12 3.637838546e-24)
(0 9.94655483e-12 8.496221322e-13)
(0 1.376790686e-11 -1.989782266e-12)
(0 7.334022566e-11 -1.22513732e-13)
(0 -1.439140453e-10 9.046375017e-13)
(0 1.982884209e-10 1.207101809e-12)
(0 -1.698589672e-10 1.258890617e-12)
(0 1.132396932e-10 1.295036137e-12)
(0 -6.415402737e-11 1.336802042e-12)
(0 -0.7215258262 -0.1185153114)
(0 -0.6471253664 -0.2436750344)
(0 -0.07397681706 0.1000624175)
(0 0.7524093017 2.060853836)
(0 1.366293401 1.511975036)
(0 -1.732559745 -0.8805341475)
(0 -1.080611431 2.123944841)
(0 -0.005167535891 1.211488362)
(0 4.86229885e-11 2.514790274e-12)
(0 4.238361059e-11 6.614487874e-12)
(0 2.012287088e-11 7.522985972e-12)
(0 1.198227177e-11 7.234117319e-12)
(0 8.483456936e-12 6.581112278e-12)
(0 6.773657603e-12 5.856282071e-12)
(0 5.857052282e-12 5.158014949e-12)
(0 5.331886269e-12 4.516413017e-12)
(0 5.015078885e-12 3.937927449e-12)
(0 4.815238505e-12 3.420971765e-12)
(0 4.683758762e-12 2.961294656e-12)
(0 4.59365264e-12 2.553810684e-12)
(0 4.529477309e-12 2.19323945e-12)
(0 4.48218427e-12 1.874354955e-12)
(0 4.4463533e-12 1.592105527e-12)
(0 4.418658173e-12 1.34168267e-12)
(0 4.396999106e-12 1.11856048e-12)
(0 4.380007166e-12 9.185120627e-13)
(0 4.366759977e-12 7.376064175e-13)
(0 4.356618508e-12 5.721892397e-13)
(0 4.349133466e-12 4.188512474e-13)
(0 4.343991642e-12 2.743874827e-13)
(0 4.340985371e-12 1.357505338e-13)
(0 2.169998037e-12 3.272421262e-24)
(0 9.647360931e-12 8.215406627e-13)
(0 1.332908473e-11 -2.014247144e-12)
(0 7.328996408e-11 -1.497848712e-13)
(0 -1.440277484e-10 8.819688102e-13)
(0 1.982039036e-10 1.190342221e-12)
(0 -1.699218963e-10 1.248309519e-12)
(0 1.132010272e-10 1.293648282e-12)
(0 -6.416750503e-11 1.343519577e-12)
(0 -0.6806370627 0.2041356831)
(0 -1.053244586 -0.7235445376)
(0 -1.529014858 -1.003959472)
(0 -1.201580603 0.4114733606)
(0 0.9800677683 1.738956292)
(0 -1.400384058 0.9477943399)
(0 -1.185114202 1.371990481)
(0 -0.005284999515 0.2899596544)
(0 3.4363154e-11 5.741474115e-11)
(0 2.001044407e-11 2.706187006e-11)
(0 1.337157698e-11 1.597844775e-11)
(0 9.190442729e-12 1.110022623e-11)
(0 6.900015736e-12 8.504089664e-12)
(0 5.665504093e-12 6.87741151e-12)
(0 4.991391129e-12 5.727369864e-12)
(0 4.617656698e-12 4.845696423e-12)
(0 4.408870101e-12 4.133950828e-12)
(0 4.292739154e-12 3.540615162e-12)
(0 4.229490403e-12 3.0360655e-12)
(0 4.19666006e-12 2.601658432e-12)
(0 4.181310175e-12 2.224600899e-12)
(0 4.175889628e-12 1.895398586e-12)
(0 4.175953913e-12 1.606533245e-12)
(0 4.178873332e-12 1.351753475e-12)
(0 4.183086693e-12 1.125680266e-12)
(0 4.187664791e-12 9.235760376e-13)
(0 4.192053317e-12 7.411985487e-13)
(0 4.195921015e-12 5.746983974e-13)
(0 4.199070049e-12 4.205386099e-13)
(0 4.201383285e-12 2.754253554e-13)
(0 4.202793673e-12 1.362443193e-13)
(0 2.101633604e-12 3.172858999e-24)
(0 9.343659171e-12 7.867127226e-13)
(0 1.288459544e-11 -2.037630772e-12)
(0 7.323741053e-11 -1.893059183e-13)
(0 -1.441431216e-10 8.396599729e-13)
(0 1.981166072e-10 1.151062434e-12)
(0 -1.699871233e-10 1.214073387e-12)
(0 1.13160804e-10 1.267071635e-12)
(0 -6.418160668e-11 1.323527064e-12)
(0 0.2127568847 0.2789717243)
(0 0.3413130094 0.4518035806)
(0 -0.6740273438 0.08274410004)
(0 -1.263082249 0.1105536259)
(0 -0.5143273746 1.322995822)
(0 -0.5373414829 1.198259609)
(0 -0.2803132548 1.004287484)
(0 -1.919184307e-11 1.905221816e-11)
(0 -1.190423273e-11 4.642415104e-11)
(0 1.01891767e-12 2.831291018e-11)
(0 4.161227048e-12 1.822873113e-11)
(0 4.507913685e-12 1.268423628e-11)
(0 4.260642216e-12 9.457609244e-12)
(0 3.996937803e-12 7.421906171e-12)
(0 3.825337196e-12 6.028356859e-12)
(0 3.738467234e-12 5.005052813e-12)
(0 3.709997623e-12 4.211566374e-12)
(0 3.717353177e-12 3.571475505e-12)
(0 3.744802032e-12 3.040697054e-12)
(0 3.782188039e-12 2.592160045e-12)
(0 3.823217464e-12 2.208110511e-12)
(0 3.864116616e-12 1.876108433e-12)
(0 3.902708189e-12 1.586878106e-12)
(0 3.937805194e-12 1.333119701e-12)
(0 3.968821668e-12 1.108832268e-12)
(0 3.995525449e-12 9.089138802e-13)
(0 4.017882337e-12 7.289136465e-13)
(0 4.035958569e-12 5.648673739e-13)
(0 4.049860424e-12 4.131795293e-13)
(0 4.059697351e-12 2.705310209e-13)
(0 4.065560016e-12 1.338015353e-13)
(0 2.033753718e-12 2.816714139e-24)
(0 9.042125684e-12 7.446337834e-13)
(0 1.24405447e-11 -2.059763901e-12)
(0 7.318399354e-11 -2.404435529e-13)
(0 -1.442576726e-10 7.782211923e-13)
(0 1.980287506e-10 1.089439778e-12)
(0 -1.700530075e-10 1.156054872e-12)
(0 1.131200331e-10 1.214830655e-12)
(0 -6.419597849e-11 1.276084841e-12)
(0 0.1660245291 0.1258048037)
(0 0.3130852785 0.2456360418)
(0 0.01012624808 0.3540240585)
(0 -0.1525296051 0.5727572571)
(0 -1.175873883 0.9347319191)
(0 0.1373553141 0.8034988156)
(0 0.004956811659 0.7327701061)
(0 -3.125521552e-11 5.161345944e-11)
(0 -2.04531849e-11 2.800670077e-11)
(0 -8.184688488e-12 2.153588075e-11)
(0 -2.257096918e-12 1.593935704e-11)
(0 4.193208378e-13 1.195037868e-11)
(0 1.637685628e-12 9.22020785e-12)
(0 2.236251709e-12 7.324248534e-12)
(0 2.574537771e-12 5.959099444e-12)
(0 2.800866213e-12 4.934593526e-12)
(0 2.975292793e-12 4.135789348e-12)
(0 3.121869834e-12 3.493026818e-12)
(0 3.250174944e-12 2.963090512e-12)
(0 3.364073518e-12 2.518177353e-12)
(0 3.465258563e-12 2.139575593e-12)
(0 3.554657223e-12 1.814049091e-12)
(0 3.632965181e-12 1.531753046e-12)
(0 3.700827494e-12 1.285016243e-12)
(0 3.758880872e-12 1.06761586e-12)
(0 3.80774617e-12 8.743338596e-13)
(0 3.848006811e-12 7.006750666e-13)
(0 3.880186898e-12 5.426783551e-13)
(0 3.904733696e-12 3.967816357e-13)
(0 3.922005291e-12 2.597181892e-13)
(0 3.932262652e-12 1.284313906e-13)
(0 1.967832068e-12 2.167351299e-24)
(0 8.749211648e-12 6.963932933e-13)
(0 1.200482222e-11 -2.080975859e-12)
(0 7.31310757e-11 -3.029143965e-13)
(0 -1.443692845e-10 6.982394625e-13)
(0 1.97942276e-10 1.00602447e-12)
(0 -1.701180581e-10 1.074637405e-12)
(0 1.130796573e-10 1.137051003e-12)
(0 -6.421028152e-11 1.201111419e-12)
(0 0.3895272277 0.126904144)
(0 0.3814605505 0.40633432)
(0 0.3276636011 0.6324573677)
(0 0.2304770236 1.089169102)
(0 0.01618515433 1.047101247)
(0 0.04363173539 -0.141106371)
(0 -0.02143657883 1.082392674)
(0 -1.33314728e-11 3.675857091e-11)
(0 -2.064066196e-11 1.380061084e-11)
(0 -1.104841772e-11 1.388096158e-11)
(0 -5.424275017e-12 1.20424329e-11)
(0 -2.211235501e-12 9.957714624e-12)
(0 -3.654879352e-13 8.148595729e-12)
(0 7.35829397e-13 6.695780819e-12)
(0 1.435682187e-12 5.549200068e-12)
(0 1.915157138e-12 4.638435206e-12)
(0 2.268430916e-12 3.903974114e-12)
(0 2.544654341e-12 3.301755331e-12)
(0 2.769952567e-12 2.800463937e-12)
(0 2.95867312e-12 2.377886032e-12)
(0 3.119089201e-12 2.017967813e-12)
(0 3.256294069e-12 1.708761271e-12)
(0 3.373675341e-12 1.441070208e-12)
(0 3.473668009e-12 1.207577233e-12)
(0 3.558139285e-12 1.002281436e-12)
(0 3.628584655e-12 8.201307942e-13)
(0 3.686226832e-12 6.567747123e-13)
(0 3.732065138e-12 5.083899555e-13)
(0 3.766900258e-12 3.715513137e-13)
(0 3.791347106e-12 2.431296386e-13)
(0 3.805841827e-12 1.202066918e-13)
(0 1.905322327e-12 2.129618423e-24)
(0 8.471178975e-12 6.419204162e-13)
(0 1.159226463e-11 -2.100940787e-12)
(0 7.308120504e-11 -3.757425124e-13)
(0 -1.444757669e-10 6.008245599e-13)
(0 1.978590368e-10 9.018196605e-13)
(0 -1.701808546e-10 9.706782077e-13)
(0 1.130405878e-10 1.034410676e-12)
(0 -6.422418183e-11 1.099152462e-12)
(0 0.5585868824 0.1361724423)
(0 0.5021708025 0.3963514749)
(0 0.5512914228 0.5734601913)
(0 0.5030655437 1.014338625)
(0 1.063023981 1.102983544)
(0 0.1556515846 0.8611609379)
(0 -0.02421075332 1.090222273)
(0 -8.389773999e-12 1.537828184e-13)
(0 -1.446397907e-11 5.421699039e-12)
(0 -9.94286636e-12 8.144887587e-12)
(0 -6.180343879e-12 8.391699857e-12)
(0 -3.47451633e-12 7.689453132e-12)
(0 -1.624248176e-12 6.720679935e-12)
(0 -3.631439519e-13 5.761079707e-12)
(0 5.171921585e-13 4.903487123e-12)
(0 1.15564026e-12 4.165976483e-12)
(0 1.638612918e-12 3.539920064e-12)
(0 2.018359656e-12 3.009559589e-12)
(0 2.326305645e-12 2.559126606e-12)
(0 2.581577394e-12 2.174937408e-12)
(0 2.796133801e-12 1.845650368e-12)
(0 2.977759617e-12 1.561959628e-12)
(0 3.131781144e-12 1.316190605e-12)
(0 3.262038722e-12 1.101942003e-12)
(0 3.371434433e-12 9.138024585e-13)
(0 3.462239446e-12 7.471336017e-13)
(0 3.536265972e-12 5.979035652e-13)
(0 3.594963499e-12 4.625562409e-13)
(0 3.639473379e-12 3.379050711e-13)
(0 3.670660669e-12 2.210434978e-13)
(0 3.689133013e-12 1.092666116e-13)
(0 1.847625376e-12 2.098658064e-24)
(0 8.21517392e-12 5.825100945e-13)
(0 1.120178086e-11 -2.119331725e-12)
(0 7.303371844e-11 -4.581181943e-13)
(0 -1.445758827e-10 4.870636531e-13)
(0 1.977805253e-10 7.780008956e-13)
(0 -1.702401e-10 8.453717762e-13)
(0 1.130037087e-10 9.080771548e-13)
(0 -6.423734503e-11 9.713590155e-13)
(0 0.784135061 0.1474567716)
(0 0.7463691883 0.3999594567)
(0 0.8230398381 0.5034686884)
(0 0.7330281845 0.7601278533)
(0 1.198441924 1.026027094)
(0 0.1333724788 1.346679109)
(0 -0.01268393424 0.9950438664)
(0 -4.809014147e-12 -5.376477519e-13)
(0 -9.409469715e-12 2.828441268e-12)
(0 -8.078417012e-12 4.885197799e-12)
(0 -5.879709472e-12 5.690027649e-12)
(0 -3.882255423e-12 5.687718866e-12)
(0 -2.29386136e-12 5.283591861e-12)
(0 -1.081363416e-12 4.724373013e-12)
(0 -1.59421037e-13 4.137695494e-12)
(0 5.515900799e-13 3.58206707e-12)
(0 1.112014022e-12 3.080173225e-12)
(0 1.563860882e-12 2.637439011e-12)
(0 1.935330386e-12 2.251547827e-12)
(0 2.245196883e-12 1.917088728e-12)
(0 2.506111421e-12 1.627738417e-12)
(0 2.726834306e-12 1.377237822e-12)
(0 2.913657716e-12 1.15979206e-12)
(0 3.071279862e-12 9.701991449e-13)
(0 3.203330883e-12 8.038540781e-13)
(0 3.312685762e-12 6.566987009e-13)
(0 3.401649471e-12 5.251507481e-13)
(0 3.472066644e-12 4.060274753e-13)
(0 3.525387515e-12 2.964704383e-13)
(0 3.562708647e-12 1.93873855e-13)
(0 3.584798329e-12 9.581698595e-14)
(0 1.796055716e-12 1.58981007e-24)
(0 7.986320928e-12 5.192852785e-13)
(0 1.085288551e-11 -2.135531384e-12)
(0 7.299263116e-11 -5.487833699e-13)
(0 -1.446669875e-10 3.584099895e-13)
(0 1.977087599e-10 6.360828352e-13)
(0 -1.702942883e-10 7.003053148e-13)
(0 1.129699916e-10 7.597344357e-13)
(0 -6.424940951e-11 8.195181141e-13)
(0 1.030440347 0.1546957974)
(0 1.009393736 0.4183461715)
(0 1.014327037 0.5475192664)
(0 0.7874342443 0.8121205764)
(0 1.125191257 1.575869285)
(0 0.229289614 2.241394245)
(0 -0.0001628617119 1.063461799)
(0 -5.460711729e-12 4.293993539e-13)
(0 -9.448825559e-12 1.134956089e-12)
(0 -7.08128002e-12 2.877461366e-12)
(0 -5.377822812e-12 3.795494624e-12)
(0 -3.880952118e-12 4.087803378e-12)
(0 -2.587594029e-12 4.001597386e-12)
(0 -1.509040319e-12 3.715127998e-12)
(0 -6.251137845e-13 3.340858183e-12)
(0 9.811799084e-14 2.944426163e-12)
(0 6.939848587e-13 2.561269274e-12)
(0 1.189734258e-12 2.208477501e-12)
(0 1.605955362e-12 1.892538939e-12)
(0 1.957767984e-12 1.614133157e-12)
(0 2.256282895e-12 1.370978387e-12)
(0 2.509813261e-12 1.15946264e-12)
(0 2.724742467e-12 9.755422599e-13)
(0 2.90610074e-12 8.152103084e-13)
(0 3.057933989e-12 6.747180117e-13)
(0 3.183536116e-12 5.506582756e-13)
(0 3.285594746e-12 4.39974933e-13)
(0 3.366283189e-12 3.399339685e-13)
(0 3.427319758e-12 2.480767148e-13)
(0 3.470007217e-12 1.621656414e-13)
(0 3.495259158e-12 8.012803378e-14)
(0 1.751808391e-12 1.394030743e-24)
(0 7.790203863e-12 4.515525096e-13)
(0 1.054825743e-11 -2.14828786e-12)
(0 7.295852057e-11 -6.455671851e-13)
(0 -1.447474342e-10 2.169821629e-13)
(0 1.976454242e-10 4.780644785e-13)
(0 -1.703420114e-10 5.375198481e-13)
(0 1.1294039e-10 5.916197246e-13)
(0 -6.426001375e-11 6.460884808e-13)
(0 1.321705217 0.1420233718)
(0 1.360897896 0.4572100443)
(0 1.345479784 0.6490991251)
(0 1.178780012 0.751088131)
(0 1.36955219 1.130037574)
(0 0.3680606385 2.36396537)
(0 -0.032152217 1.57523443)
(0 -2.902309701e-12 -7.164678635e-13)
(0 -5.788615021e-12 -4.202683574e-13)
(0 -5.417878578e-12 1.694171745e-12)
(0 -4.66936746e-12 2.526686557e-12)
(0 -3.67615266e-12 2.866404073e-12)
(0 -2.666536741e-12 2.919868927e-12)
(0 -1.742102619e-12 2.793686483e-12)
(0 -9.301228718e-13 2.566185899e-12)
(0 -2.279988285e-13 2.293512434e-12)
(0 3.760653602e-13 2.012002099e-12)
(0 8.951305472e-13 1.742664432e-12)
(0 1.340986043e-12 1.495999031e-12)
(0 1.72363633e-12 1.275928429e-12)
(0 2.051440904e-12 1.082580941e-12)
(0 2.33139818e-12 9.14093457e-13)
(0 2.569405384e-12 7.677055555e-13)
(0 2.770455614e-12 6.403838055e-13)
(0 2.93877885e-12 5.291517502e-13)
(0 3.077942683e-12 4.312438629e-13)
(0 3.190925164e-12 3.441588958e-13)
(0 3.280168426e-12 2.656585546e-13)
(0 3.347619188e-12 1.937382744e-13)
(0 3.394759966e-12 1.265850125e-13)
(0 3.422632687e-12 6.252993731e-14)
(0 1.715927682e-12 1.384083225e-24)
(0 7.63149243e-12 3.804796072e-13)
(0 1.029310255e-11 -2.156821967e-12)
(0 7.29325447e-11 -7.469085553e-13)
(0 -1.44815503e-10 6.469156507e-14)
(0 1.975921964e-10 3.060703863e-13)
(0 -1.703818878e-10 3.593826661e-13)
(0 1.129158279e-10 4.064814367e-13)
(0 -6.426880934e-11 4.541833255e-13)
(0 1.590411609 0.08773555994)
(0 1.698700219 0.3222928065)
(0 1.700407691 0.7162343923)
(0 1.06732607 0.8969532758)
(0 1.234434793 2.760717485)
(0 -1.122828326 4.505944338)
(0 0.007979558689 0.2912145)
(0 1.826485476e-12 -2.848097583e-12)
(0 -8.214478267e-14 3.169221607e-12)
(0 -4.134325398e-12 1.792823479e-12)
(0 -4.205590484e-12 1.750676979e-12)
(0 -3.487769747e-12 1.931259562e-12)
(0 -2.660311619e-12 2.017790415e-12)
(0 -1.862723348e-12 1.973565588e-12)
(0 -1.125287834e-12 1.836688541e-12)
(0 -4.560658092e-13 1.65143736e-12)
(0 1.431368572e-13 1.450563976e-12)
(0 6.737311904e-13 1.254180759e-12)
(0 1.139219358e-12 1.072866291e-12)
(0 1.544349895e-12 9.110028356e-13)
(0 1.894447923e-12 7.693255419e-13)
(0 2.194937875e-12 6.466263614e-13)
(0 2.451032815e-12 5.408043277e-13)
(0 2.667546934e-12 4.494695941e-13)
(0 2.848794046e-12 3.702637171e-13)
(0 2.998543262e-12 3.010090548e-13)
(0 3.120009438e-12 2.397605427e-13)
(0 3.215862568e-12 1.848049822e-13)
(0 3.288246216e-12 1.346342587e-13)
(0 3.338798879e-12 8.790711369e-14)
(0 3.368674146e-12 4.340704691e-14)
(0 1.689278453e-12 1.024735414e-24)
(0 7.513718374e-12 3.068538422e-13)
(0 1.009592393e-11 -2.160273846e-12)
(0 7.291687639e-11 -8.51128769e-13)
(0 -1.448691436e-10 -9.632849073e-14)
(0 1.975508303e-10 1.225459449e-13)
(0 -1.704125871e-10 1.686557554e-13)
(0 1.128971424e-10 2.075846704e-13)
(0 -6.427548919e-11 2.475350675e-13)
(0 1.652875257 0.0001162052333)
(0 2.028512404 0.5685662706)
(0 2.254321004 1.349293791)
(0 3.455468215 1.456123704)
(0 2.778627445 1.932087471)
(0 9.2539564 2.172202552)
(0 0.001420663266 1.735827113)
(0 -1.05988414e-11 1.753933388e-12)
(0 -1.275386441e-11 2.577118269e-12)
(0 -6.836424024e-12 5.572665521e-13)
(0 -4.530931377e-12 7.519399874e-13)
(0 -3.409039224e-12 1.090168934e-12)
(0 -2.624230715e-12 1.246469735e-12)
(0 -1.923204493e-12 1.246098837e-12)
(0 -1.2522511e-12 1.155567077e-12)
(0 -6.141233944e-13 1.024986458e-12)
(0 -2.119124135e-14 8.846379842e-13)
(0 5.174328623e-13 7.506305975e-13)
(0 9.978081195e-13 6.302851906e-13)
(0 1.420095581e-12 5.258941874e-13)
(0 1.787064429e-12 4.370950776e-13)
(0 2.102876965e-12 3.622847304e-13)
(0 2.372248617e-12 2.994180832e-13)
(0 2.599915003e-12 2.46428814e-13)
(0 2.790318311e-12 2.014269216e-13)
(0 2.947439509e-12 1.627705804e-13)
(0 3.074721091e-12 1.290714927e-13)
(0 3.175042142e-12 9.916840466e-14)
(0 3.250721319e-12 7.208799124e-14)
(0 3.303532754e-12 4.700291086e-14)
(0 3.334725574e-12 2.319142039e-14)
(0 1.672520635e-12 7.684403494e-25)
(0 7.440262288e-12 2.309581751e-13)
(0 9.959556775e-12 -2.158019192e-12)
(0 7.291292136e-11 -9.565189314e-13)
(0 -1.449065326e-10 -2.636503481e-13)
(0 1.975228863e-10 -6.963726572e-14)
(0 -1.704330078e-10 -3.145039541e-14)
(0 1.128849605e-10 -1.315580222e-15)
(0 -6.427983548e-11 3.039431654e-14)
(0 1.776475281 -0.2883217354)
(0 2.030506594 -0.5969443574)
(0 1.917447761 -0.548474217)
(0 1.664790135 -0.3169612597)
(0 -0.00494713767 0.7914731572)
(0 -2.14410109 4.867435232)
(0 -0.6140125045 9.689475223)
(0 -1.158071171e-11 -7.6927776e-12)
(0 -1.608712845e-11 -9.983648012e-12)
(0 -5.959505052e-12 -2.893006385e-12)
(0 -3.672688102e-12 -3.903509135e-13)
(0 -2.99324e-12 4.310082427e-13)
(0 -2.504381715e-12 6.318225442e-13)
(0 -1.953626006e-12 6.087948402e-13)
(0 -1.346400213e-12 5.144965812e-13)
(0 -7.26994902e-13 4.08306121e-13)
(0 -1.31219003e-13 3.12374196e-13)
(0 4.193783968e-13 2.334214981e-13)
(0 9.144829482e-13 1.717529457e-13)
(0 1.351159782e-12 1.251974043e-13)
(0 1.730838466e-12 9.087977868e-14)
(0 2.057260881e-12 6.600305283e-14)
(0 2.335176899e-12 4.815767472e-14)
(0 2.569555773e-12 3.540353933e-14)
(0 2.765135812e-12 2.624726451e-14)
(0 2.926187833e-12 1.957734337e-14)
(0 3.056407262e-12 1.458861006e-14)
(0 3.158879066e-12 1.071087043e-14)
(0 3.236080722e-12 7.547591736e-15)
(0 3.289902309e-12 4.82579315e-15)
(0 3.321671235e-12 2.35598472e-15)
(0 1.666087033e-12 7.232082966e-25)
(0 7.412780415e-12 1.533104226e-13)
(0 9.887488884e-12 -2.150053062e-12)
(0 7.292209734e-11 -1.061751586e-12)
(0 -1.449260997e-10 -4.346729249e-13)
(0 1.975095619e-10 -2.671550063e-13)
(0 -1.704424579e-10 -2.372648154e-13)
(0 1.128795607e-10 -2.160653388e-13)
(0 -6.428177312e-11 -1.926641907e-13)
(0 -2.023784725 -0.3837972375)
(0 -3.604512492 0.7306815448)
(0 -4.768266968 2.021446541)
(0 -6.10472032 3.055561659)
(0 -7.412430491 3.834152029)
(0 -7.066064708 3.444031078)
(0 -0.005640335314 -0.02480038129)
(0 1.178249348e-11 -7.689558819e-12)
(0 1.409739483e-11 -9.90231541e-12)
(0 2.756868459e-12 -1.755315557e-12)
(0 -1.206916749e-12 1.486559815e-13)
(0 -2.386865766e-12 3.923940956e-13)
(0 -2.446444117e-12 2.410193037e-13)
(0 -2.040530456e-12 4.276374382e-14)
(0 -1.452739819e-12 -1.146790796e-13)
(0 -8.162457796e-13 -2.18629368e-13)
(0 -1.960758643e-13 -2.768648401e-13)
(0 3.76811612e-13 -3.010682581e-13)
(0 8.895840257e-13 -3.018890144e-13)
(0 1.339222414e-12 -2.87733702e-13)
(0 1.727870078e-12 -2.647724843e-13)
(0 2.060154861e-12 -2.373059764e-13)
(0 2.341649104e-12 -2.081902464e-13)
(0 2.578004593e-12 -1.792162872e-13)
(0 2.774492115e-12 -1.514158539e-13)
(0 2.935780854e-12 -1.252945789e-13)
(0 3.065854618e-12 -1.010031795e-13)
(0 3.168001124e-12 -7.845950513e-14)
(0 3.244836242e-12 -5.743316991e-14)
(0 3.298341147e-12 -3.760267267e-14)
(0 3.329899781e-12 -1.859298884e-14)
(0 1.67016465e-12 4.699610711e-25)
(0 7.432123109e-12 7.48943095e-14)
(0 9.87960758e-12 -2.136955863e-12)
(0 7.294499603e-11 -1.16584571e-12)
(0 -1.449270211e-10 -6.065705717e-13)
(0 1.975113198e-10 -4.662042815e-13)
(0 -1.704409076e-10 -4.447031644e-13)
(0 1.128807275e-10 -4.322916179e-13)
(0 -6.428141883e-11 -4.170400987e-13)
(0 -4.688326434 1.153378211)
(0 -6.325883168 1.979109834)
(0 -6.372039415 2.420972443)
(0 -5.680229723 2.382061296)
(0 -3.717658711 1.869456999)
(0 0.003033148435 0.9179006284)
(0 2.519473039e-11 -5.904695225e-13)
(0 4.40955796e-11 1.296609484e-11)
(0 2.335086573e-11 1.332172891e-11)
(0 4.091464021e-12 5.62557767e-12)
(0 -1.524978449e-12 2.347898329e-12)
(0 -2.900876678e-12 7.488950394e-13)
(0 -2.854012067e-12 -1.02900701e-13)
(0 -2.309324389e-12 -5.640771484e-13)
(0 -1.607793325e-12 -7.973443915e-13)
(0 -8.891806624e-13 -8.912759079e-13)
(0 -2.13657893e-13 -9.001316752e-13)
(0 3.943542225e-13 -8.58936745e-13)
(0 9.278175042e-13 -7.905035975e-13)
(0 1.388276312e-12 -7.094674201e-13)
(0 1.781266192e-12 -6.249265248e-13)
(0 2.113843119e-12 -5.422604631e-13)
(0 2.393266588e-12 -4.643926715e-13)
(0 2.626330165e-12 -3.92659206e-13)
(0 2.819057521e-12 -3.273969015e-13)
(0 2.976600507e-12 -2.683341806e-13)
(0 3.103242336e-12 -2.14845247e-13)
(0 3.202449076e-12 -1.661109975e-13)
(0 3.276937555e-12 -1.212170102e-13)
(0 3.32874249e-12 -7.920966229e-14)
(0 3.359273908e-12 -3.912492706e-14)
(0 1.684680022e-12 2.260998093e-25)
(0 7.498165077e-12 -4.582087251e-15)
(0 9.941484309e-12 -2.11918566e-12)
(0 7.29823371e-11 -1.267390062e-12)
(0 -1.449094283e-10 -7.759899415e-13)
(0 1.975276295e-10 -6.625117113e-13)
(0 -1.704291423e-10 -6.494183166e-13)
(0 1.128876921e-10 -6.4568199e-13)
(0 -6.427909445e-11 -6.384879252e-13)
(0 -3.805643769 1.695565613)
(0 -4.612436661 1.960610907)
(0 -3.884825004 1.07803362)
(0 -2.576887841 -0.3232299312)
(0 -1.263785421 -1.318226262)
(0 -0.3066607566 -0.871366053)
(0 0.1344476783 0.06368963726)
(0 -9.095241622e-12 9.639851116e-12)
(0 -1.430355975e-11 2.357514536e-11)
(0 -8.216957698e-12 8.586386573e-12)
(0 -6.083599379e-12 2.868467705e-12)
(0 -4.837664796e-12 3.581912866e-13)
(0 -3.759416305e-12 -8.374369955e-13)
(0 -2.734974146e-12 -1.398823614e-12)
(0 -1.779938579e-12 -1.619342387e-12)
(0 -9.190330632e-13 -1.648993819e-12)
(0 -1.637367014e-13 -1.573444502e-12)
(0 4.864396896e-13 -1.444038544e-12)
(0 1.039053351e-12 -1.291716668e-12)
(0 1.504799487e-12 -1.134701888e-12)
(0 1.895077035e-12 -9.832019573e-13)
(0 2.220688715e-12 -8.424128149e-13)
(0 2.491250361e-12 -7.144569558e-13)
(0 2.715000363e-12 -5.996274956e-13)
(0 2.89881714e-12 -4.971754044e-13)
(0 3.048332509e-12 -4.057975451e-13)
(0 3.168077802e-12 -3.239306457e-13)
(0 3.26162936e-12 -2.499206816e-13)
(0 3.331737577e-12 -1.821130918e-13)
(0 3.38043323e-12 -1.188933074e-13)
(0 3.409109443e-12 -5.869665359e-14)
(0 1.709289577e-12 9.732341095e-27)
(0 7.608975197e-12 -8.370674869e-14)
(0 1.005952396e-11 -2.097452464e-12)
(0 7.303007444e-11 -1.365410379e-12)
(0 -1.448756923e-10 -9.3982458e-13)
(0 1.975565828e-10 -8.51890203e-13)
(0 -1.704088023e-10 -8.472011009e-13)
(0 1.128992138e-10 -8.52359038e-13)
(0 -6.427528074e-11 -8.535073256e-13)
(0 -1.671772567 1.715661393)
(0 -1.51436411 1.945998566)
(0 -0.9232428396 0.825020814)
(0 -0.5784504434 -0.2046253278)
(0 -0.79754312 -0.7408531441)
(0 -0.8633077494 -0.8354955519)
(0 -0.1455875697 -0.3128458154)
(0 0.01017977429 0.11186527)
(0 -1.0748378e-11 3.301830384e-12)
(0 -1.661457979e-11 2.277718887e-12)
(0 -9.753173735e-12 1.814544297e-13)
(0 -6.606781378e-12 -1.347157337e-12)
(0 -4.611026967e-12 -2.206211448e-12)
(0 -3.091229781e-12 -2.574433287e-12)
(0 -1.85796353e-12 -2.632204414e-12)
(0 -8.432827768e-13 -2.511907721e-12)
(0 -8.702618426e-15 -2.300609057e-12)
(0 6.76082056e-13 -2.052050712e-12)
(0 1.23715416e-12 -1.797617014e-12)
(0 1.696791023e-12 -1.554416508e-12)
(0 2.073555266e-12 -1.330762095e-12)
(0 2.38258812e-12 -1.129727545e-12)
(0 2.636051907e-12 -9.513906989e-13)
(0 2.843611717e-12 -7.942146949e-13)
(0 3.012887471e-12 -6.55876509e-13)
(0 3.149845266e-12 -5.337473295e-13)
(0 3.2591192e-12 -4.251569771e-13)
(0 3.34426663e-12 -3.27526309e-13)
(0 3.407964929e-12 -2.384201139e-13)
(0 3.452158928e-12 -1.555529658e-13)
(0 3.478167215e-12 -7.67679041e-14)
(0 1.743376675e-12 -4.049609151e-25)
(0 7.762469407e-12 -1.609440377e-13)
(0 1.024203542e-11 -2.071939402e-12)
(0 7.308839834e-11 -1.458453875e-12)
(0 -1.448275476e-10 -1.094929951e-12)
(0 1.975961715e-10 -1.030356044e-12)
(0 -1.703816936e-10 -1.034211109e-12)
(0 1.129139978e-10 -1.04911418e-12)
(0 -6.427046686e-11 -1.05954573e-12)
(0 -0.4013365 1.329892693)
(0 0.3403944876 1.510957879)
(0 0.5983245673 0.6295647293)
(0 0.5044919638 -0.2826618222)
(0 0.1204842024 -0.8009866185)
(0 -0.2161681981 -1.055941091)
(0 -0.1003151864 -0.8070531265)
(0 0.007465332038 -0.0371785507)
(0 -5.837908615e-12 -6.925286411e-12)
(0 -1.132245972e-11 -2.94044662e-12)
(0 -9.708475604e-12 -3.073165243e-12)
(0 -7.225330674e-12 -3.722060117e-12)
(0 -4.986692255e-12 -4.065814425e-12)
(0 -3.160967112e-12 -4.060488452e-12)
(0 -1.717413013e-12 -3.823130747e-12)
(0 -5.874377068e-13 -3.465819759e-12)
(0 2.961203075e-13 -3.065029471e-12)
(0 9.894317327e-13 -2.665933744e-12)
(0 1.536687555e-12 -2.292279247e-12)
(0 1.971654407e-12 -1.954580343e-12)
(0 2.319765998e-12 -1.655697951e-12)
(0 2.60006011e-12 -1.394340244e-12)
(0 2.826763211e-12 -1.167159429e-12)
(0 3.010514553e-12 -9.699602683e-13)
(0 3.159284506e-12 -7.983652877e-13)
(0 3.279052041e-12 -6.481554622e-13)
(0 3.374298822e-12 -5.154212643e-13)
(0 3.448366224e-12 -3.966055549e-13)
(0 3.50371092e-12 -2.884866307e-13)
(0 3.54208544e-12 -1.881295217e-13)
(0 3.564662409e-12 -9.28214398e-14)
(0 1.786057481e-12 -6.973839409e-25)
(0 7.953682858e-12 -2.363340085e-13)
(0 1.047790177e-11 -2.041898155e-12)
(0 7.315362994e-11 -1.54381715e-12)
(0 -1.447679933e-10 -1.237821898e-12)
(0 1.976439828e-10 -1.194181269e-12)
(0 -1.703495584e-10 -1.207119085e-12)
(0 1.129310338e-10 -1.233450506e-12)
(0 -6.426500247e-11 -1.254905307e-12)
(0 0.01988467747 0.904335975)
(0 0.6682525037 0.9096610219)
(0 0.846146812 0.5651460365)
(0 0.6715905954 0.1623976754)
(0 0.2229964239 -0.2599769934)
(0 0.02811041774 -0.7796995211)
(0 -0.03291466841 -0.7866975197)
(0 0.01350311094 0.001432481427)
(0 -6.775908856e-12 -6.935181834e-13)
(0 -1.2767022e-11 -4.046780057e-12)
(0 -1.053478723e-11 -5.811588289e-12)
(0 -7.59943056e-12 -6.402100028e-12)
(0 -4.949455303e-12 -6.274494424e-12)
(0 -2.848546103e-12 -5.778570751e-12)
(0 -1.263294837e-12 -5.134006052e-12)
(0 -8.518150096e-14 -4.463208569e-12)
(0 7.911833974e-13 -3.827752502e-12)
(0 1.44883228e-12 -3.254371729e-12)
(0 1.948507561e-12 -2.750981597e-12)
(0 2.333372318e-12 -2.315923463e-12)
(0 2.633795364e-12 -1.943105021e-12)
(0 2.871126642e-12 -1.624771944e-12)
(0 3.060431883e-12 -1.352942497e-12)
(0 3.212405858e-12 -1.120097931e-12)
(0 3.334692277e-12 -9.194655529e-13)
(0 3.432789289e-12 -7.450849971e-13)
(0 3.510669107e-12 -5.917644921e-13)
(0 3.571201263e-12 -4.54985878e-13)
(0 3.616440962e-12 -3.307896666e-13)
(0 3.647824119e-12 -2.156558845e-13)
(0 3.666296737e-12 -1.063877049e-13)
(0 1.836198115e-12 -8.763833745e-25)
(0 8.178810851e-12 -3.09624232e-13)
(0 1.076635095e-11 -2.005980793e-12)
(0 7.322380913e-11 -1.618420645e-12)
(0 -1.446997209e-10 -1.365391096e-12)
(0 1.976979762e-10 -1.340382709e-12)
(0 -1.703135605e-10 -1.363369427e-12)
(0 1.129499531e-10 -1.403506175e-12)
(0 -6.425896673e-11 -1.438379073e-12)
(0 0.01654466715 0.6451897007)
(0 0.3108130499 0.6487035037)
(0 0.3608920994 0.6001107527)
(0 0.2642346854 0.3943899591)
(0 -0.00848985515 -0.1063170552)
(0 0.0702090157 -0.6818457462)
(0 -0.4013699606 -0.777948709)
(0 0.01094193474 -0.0008027217278)
(0 -9.172602337e-12 3.423036123e-12)
(0 -1.644009663e-11 -6.735688678e-12)
(0 -1.206379558e-11 -9.724284175e-12)
(0 -7.688236809e-12 -9.80025393e-12)
(0 -4.363162977e-12 -8.851489234e-12)
(0 -2.020478739e-12 -7.645291411e-12)
(0 -4.020508304e-13 -6.471106857e-12)
(0 7.188158431e-13 -5.425250936e-12)
(0 1.504957147e-12 -4.528395675e-12)
(0 2.066202637e-12 -3.772813829e-12)
(0 2.475135821e-12 -3.141346639e-12)
(0 2.779530984e-12 -2.615021967e-12)
(0 3.010917517e-12 -2.176022085e-12)
(0 3.190222634e-12 -1.808695554e-12)
(0 3.331437224e-12 -1.499736476e-12)
(0 3.443991497e-12 -1.238019543e-12)
(0 3.53429744e-12 -1.014310495e-12)
(0 3.606753101e-12 -8.209513259e-13)
(0 3.664397941e-12 -6.515630435e-13)
(0 3.709341049e-12 -5.007814489e-13)
(0 3.743040914e-12 -3.640284313e-13)
(0 3.766487401e-12 -2.373153663e-13)
(0 3.780318293e-12 -1.170728246e-13)
(0 1.892445186e-12 -1.27917954e-24)
(0 8.430666277e-12 -3.79071133e-13)
(0 1.108863791e-11 -1.962813257e-12)
(0 7.329405546e-11 -1.679740194e-12)
(0 -1.446258369e-10 -1.475609907e-12)
(0 1.977564308e-10 -1.467175317e-12)
(0 -1.702742741e-10 -1.501396001e-12)
(0 1.129710028e-10 -1.557868307e-12)
(0 -6.425219314e-11 -1.6087443e-12)
(0 -0.1429964476 0.5769252473)
(0 -0.09264816187 0.623984879)
(0 -0.08307514141 0.6374689556)
(0 -0.08624296684 0.4579591382)
(0 -0.1340215214 -0.05680936303)
(0 -0.2507740089 -0.4216547092)
(0 -0.837400286 -0.8534679146)
(0 0.02410042944 -0.4412245381)
(0 -1.689983351e-11 -7.912402456e-12)
(0 -2.591360336e-11 -1.658239474e-11)
(0 -1.359935248e-11 -1.654953254e-11)
(0 -6.726635619e-12 -1.422314107e-11)
(0 -2.794492784e-12 -1.168591064e-11)
(0 -4.681637257e-13 -9.479996715e-12)
(0 9.567456376e-13 -7.679873799e-12)
(0 1.857529681e-12 -6.238287585e-12)
(0 2.443620504e-12 -5.087760493e-12)
(0 2.835881316e-12 -4.167135761e-12)
(0 3.106299423e-12 -3.426563613e-12)
(0 3.298696873e-12 -2.826790402e-12)
(0 3.440121777e-12 -2.337260713e-12)
(0 3.547412251e-12 -1.934246821e-12)
(0 3.631107894e-12 -1.599283749e-12)
(0 3.697831839e-12 -1.317929121e-12)
(0 3.751760495e-12 -1.078801792e-12)
(0 3.79553674e-12 -8.728433587e-13)
(0 3.830838984e-12 -6.927518848e-13)
(0 3.858735876e-12 -5.325458942e-13)
(0 3.879907045e-12 -3.872252593e-13)
(0 3.894779726e-12 -2.525029722e-13)
(0 3.903612103e-12 -1.245875416e-13)
(0 1.95327094e-12 -1.817791968e-24)
(0 8.702931589e-12 -4.430895879e-13)
(0 1.144626845e-11 -1.911492155e-12)
(0 7.336524205e-11 -1.725548782e-12)
(0 -1.445471732e-10 -1.567195285e-12)
(0 1.978187208e-10 -1.573724768e-12)
(0 -1.702318557e-10 -1.620468191e-12)
(0 1.129945395e-10 -1.695296932e-12)
(0 -6.424452594e-11 -1.764398999e-12)
(0 -0.2582957258 0.5706857146)
(0 -0.2612525908 0.6347582561)
(0 -0.2142686793 0.6266272514)
(0 -0.1708313266 0.478609691)
(0 -0.1116618092 0.1693549263)
(0 -0.2277660617 -0.1604223518)
(0 -0.311723373 -1.075314502)
(0 -0.0003031638936 -0.6806221238)
(0 -1.793258381e-11 -4.362141668e-11)
(0 -2.513461261e-11 -3.519742767e-11)
(0 -9.704541902e-12 -2.566837032e-11)
(0 -2.824614909e-12 -1.885686889e-11)
(0 3.799813796e-13 -1.418901393e-11)
(0 1.9855581e-12 -1.090890778e-11)
(0 2.839658299e-12 -8.530102342e-12)
(0 3.310929149e-12 -6.760262556e-12)
(0 3.576108971e-12 -5.417219544e-12)
(0 3.727399517e-12 -4.381400942e-12)
(0 3.81548118e-12 -3.570977208e-12)
(0 3.868833884e-12 -2.928310732e-12)
(0 3.903461098e-12 -2.411978777e-12)
(0 3.928199598e-12 -1.991742457e-12)
(0 3.947754924e-12 -1.645217969e-12)
(0 3.964473454e-12 -1.35560712e-12)
(0 3.979383202e-12 -1.110120247e-12)
(0 3.992803009e-12 -8.98864815e-13)
(0 4.004695406e-12 -7.140520252e-13)
(0 4.014867675e-12 -5.494222808e-13)
(0 4.023083836e-12 -3.998216581e-13)
(0 4.029125119e-12 -2.608823293e-13)
(0 4.032821265e-12 -1.287736847e-13)
(0 2.017032728e-12 -2.159737354e-24)
(0 8.988068683e-12 -5.027891399e-13)
(0 1.182894505e-11 -1.851397186e-12)
(0 7.343676467e-11 -1.753163064e-12)
(0 -1.444647604e-10 -1.638700673e-12)
(0 1.978837774e-10 -1.659320773e-12)
(0 -1.701875712e-10 -1.720209337e-12)
(0 1.130196236e-10 -1.814639685e-12)
(0 -6.423641462e-11 -1.903686547e-12)
(0 -0.2349830099 0.5523664298)
(0 -0.2064608134 0.5722353149)
(0 -0.07537354576 0.5267647573)
(0 -0.0256170304 0.3046966581)
(0 -0.2733631095 -0.03064511469)
(0 -0.1916858024 -0.01367801933)
(0 -0.9914971935 -0.9985636401)
(0 0.002726675056 -0.4227730805)
(0 -1.30825006e-11 -1.154168735e-10)
(0 -8.04971316e-12 -5.50082754e-11)
(0 2.741206301e-12 -3.206978021e-11)
(0 4.752720771e-12 -2.134694658e-11)
(0 5.153468321e-12 -1.530436885e-11)
(0 5.190747865e-12 -1.14365134e-11)
(0 5.105390865e-12 -8.771362383e-12)
(0 4.970412478e-12 -6.855437113e-12)
(0 4.822482118e-12 -5.439449847e-12)
(0 4.682123652e-12 -4.370266822e-12)
(0 4.559389633e-12 -3.54762925e-12)
(0 4.457695304e-12 -2.903492162e-12)
(0 4.376690052e-12 -2.390596595e-12)
(0 4.314173058e-12 -1.975521573e-12)
(0 4.267243231e-12 -1.634234016e-12)
(0 4.232929561e-12 -1.349156868e-12)
(0 4.2085028e-12 -1.107203257e-12)
(0 4.191604963e-12 -8.984399188e-13)
(0 4.180281518e-12 -7.151658067e-13)
(0 4.172966243e-12 -5.512667687e-13)
(0 4.168446996e-12 -4.01754643e-13)
(0 4.165827699e-12 -2.624296023e-13)
(0 4.164494432e-12 -1.296241883e-13)
(0 2.082044624e-12 -2.366961872e-24)
(0 9.278883958e-12 -5.564250269e-13)
(0 1.221785164e-11 -1.784337149e-12)
(0 7.350712261e-11 -1.761752882e-12)
(0 -1.443802245e-10 -1.689049478e-12)
(0 1.979490165e-10 -1.722786906e-12)
(0 -1.701454544e-10 -1.800134331e-12)
(0 1.130423547e-10 -1.915334862e-12)
(0 -6.422962436e-11 -2.026463992e-12)
(0 -0.1387332661 0.5246075492)
(0 -0.1459153914 0.5247061072)
(0 -0.2296280606 0.5953937335)
(0 -0.4696674153 0.6419597654)
(0 -1.156808193 0.7686111114)
(0 -3.189393731 0.2708165576)
(0 -1.185531631 -1.679915303)
(0 0.000984079051 -1.641411158)
(0 3.491936005e-11 -5.976763643e-11)
(0 5.813861777e-11 -3.742076121e-11)
(0 2.395678692e-11 -2.625552381e-11)
(0 1.394079645e-11 -1.915676327e-11)
(0 1.029041456e-11 -1.424499772e-11)
(0 8.518564572e-12 -1.076140951e-11)
(0 7.420734586e-12 -8.263391987e-12)
(0 6.642841685e-12 -6.45066853e-12)
(0 6.061279262e-12 -5.114870316e-12)
(0 5.619220114e-12 -4.112581993e-12)
(0 5.282255841e-12 -3.345776e-12)
(0 5.025866539e-12 -2.74742735e-12)
(0 4.831431687e-12 -2.271389072e-12)
(0 4.684562177e-12 -1.885508488e-12)
(0 4.574119629e-12 -1.567035143e-12)
(0 4.491504213e-12 -1.299578844e-12)
(0 4.430100151e-12 -1.071092018e-12)
(0 4.384840459e-12 -8.725221086e-13)
(0 4.351868556e-12 -6.969012213e-13)
(0 4.328278838e-12 -5.387215917e-13)
(0 4.311921002e-12 -3.934984516e-13)
(0 4.301255574e-12 -2.574558746e-13)
(0 4.295250868e-12 -1.272927967e-13)
(0 2.146656916e-12 -2.718825443e-24)
(0 9.567584634e-12 -6.027158386e-13)
(0 1.261282612e-11 -1.714283029e-12)
(0 7.357968076e-11 -1.750853978e-12)
(0 -1.442946818e-10 -1.715585723e-12)
(0 1.980099395e-10 -1.760536991e-12)
(0 -1.701134189e-10 -1.858674041e-12)
(0 1.13054742e-10 -1.998295915e-12)
(0 -6.422771859e-11 -2.136776839e-12)
(0 0.01350785391 0.5335303612)
(0 -0.01038887933 0.5876334846)
(0 -0.09492086258 0.7415659138)
(0 -0.02023062298 0.9506932321)
(0 0.07502253138 1.45277057)
(0 0.8342370288 1.302494238)
(0 0.8927339534 -3.984056026)
(0 0.000518119021 -1.761480821)
(0 1.091704955e-11 3.414368198e-11)
(0 2.50460542e-11 -9.081935765e-12)
(0 2.100520424e-11 -1.637480136e-11)
(0 1.676324686e-11 -1.477958205e-11)
(0 1.354882209e-11 -1.175744563e-11)
(0 1.11723536e-11 -9.100734086e-12)
(0 9.416131842e-12 -7.070124153e-12)
(0 8.118934149e-12 -5.568970473e-12)
(0 7.160568655e-12 -4.456776287e-12)
(0 6.451217968e-12 -3.619410357e-12)
(0 5.924544276e-12 -2.975461013e-12)
(0 5.532082232e-12 -2.469047605e-12)
(0 5.238608914e-12 -2.062019148e-12)
(0 5.018526987e-12 -1.728083531e-12)
(0 4.853172875e-12 -1.448814834e-12)
(0 4.728872686e-12 -1.211027236e-12)
(0 4.635559535e-12 -1.005060013e-12)
(0 4.565795759e-12 -8.236517229e-13)
(0 4.514082035e-12 -6.611922227e-13)
(0 4.476369012e-12 -5.132172984e-13)
(0 4.449712713e-12 -3.760597049e-13)
(0 4.432033354e-12 -2.46601336e-13)
(0 4.421950307e-12 -1.220904777e-13)
(0 2.209337421e-12 -3.035524199e-24)
(0 9.847478224e-12 -6.421353909e-13)
(0 1.300081598e-11 -1.647252072e-12)
(0 7.365494196e-11 -1.718889936e-12)
(0 -1.442117776e-10 -1.712230615e-12)
(0 1.980588094e-10 -1.764707925e-12)
(0 -1.701037245e-10 -1.892375521e-12)
(0 1.130447572e-10 -2.067123027e-12)
(0 -6.423600626e-11 -2.246039824e-12)
(0 0.1735644388 0.5491361167)
(0 0.1347939938 0.6942863362)
(0 -0.02817551981 0.7675050647)
(0 0.09538397888 0.7415463108)
(0 0.1062350208 0.6606898187)
(0 1.452634995 -0.5900502425)
(0 1.384437313 -1.996362648)
(0 -2.478518296e-05 -0.9799423929)
(0 -1.097049439e-12 -4.725154588e-12)
(0 7.279466388e-12 -1.703215946e-11)
(0 1.825914064e-11 -1.538216689e-11)
(0 1.855815218e-11 -1.182931694e-11)
(0 1.596926252e-11 -8.904464195e-12)
(0 1.320588605e-11 -6.813956117e-12)
(0 1.09524982e-11 -5.34739714e-12)
(0 9.25618955e-12 -4.298309068e-12)
(0 8.010839377e-12 -3.523850041e-12)
(0 7.100535389e-12 -2.932818253e-12)
(0 6.432618593e-12 -2.46760604e-12)
(0 5.939308403e-12 -2.091278558e-12)
(0 5.57239576e-12 -1.779551885e-12)
(0 5.297766491e-12 -1.51598725e-12)
(0 5.091175925e-12 -1.289109257e-12)
(0 4.935259034e-12 -1.09065134e-12)
(0 4.817475664e-12 -9.14465433e-13)
(0 4.72870825e-12 -7.558292169e-13)
(0 4.66230298e-12 -6.109957228e-13)
(0 4.613411356e-12 -4.768932564e-13)
(0 4.578536964e-12 -3.509199017e-13)
(0 4.555224801e-12 -2.307980732e-13)
(0 4.541852204e-12 -1.144671779e-13)
(0 2.268747394e-12 -3.316186412e-24)
(0 1.01128829e-11 -6.741788896e-13)
(0 1.337299184e-11 -1.59175802e-12)
(0 7.37335752e-11 -1.663096674e-12)
(0 -1.44137227e-10 -1.669064839e-12)
(0 1.980852573e-10 -1.722454646e-12)
(0 -1.701318348e-10 -1.895974831e-12)
(0 1.129978323e-10 -2.129389917e-12)
(0 -6.426092589e-11 -2.375699111e-12)
(0 0.2809301391 0.5333651574)
(0 0.3000191714 0.7936072974)
(0 0.2449863359 0.779872618)
(0 0.4193093464 0.6093721726)
(0 0.5354629043 0.1323331031)
(0 1.528439495 -0.8360882125)
(0 0.9414039045 -1.391592026)
(0 -0.06319091715 -0.3869459122)
(0 3.872840627e-13 -3.58129911e-11)
(0 1.421733734e-11 -3.910848013e-11)
(0 2.620804676e-11 -1.629241378e-11)
(0 2.324094955e-11 -8.25105114e-12)
(0 1.856418291e-11 -5.217134926e-12)
(0 1.472942065e-11 -3.903224844e-12)
(0 1.193177889e-11 -3.207194541e-12)
(0 9.942481248e-12 -2.753013915e-12)
(0 8.526059469e-12 -2.407492329e-12)
(0 7.507461968e-12 -2.120402624e-12)
(0 6.766083972e-12 -1.870862256e-12)
(0 6.220136387e-12 -1.648904419e-12)
(0 5.813900222e-12 -1.448918284e-12)
(0 5.508969616e-12 -1.267200186e-12)
(0 5.278508785e-12 -1.100979692e-12)
(0 5.10351651e-12 -9.479997656e-13)
(0 4.970381658e-12 -8.063177655e-13)
(0 4.86926547e-12 -6.742009273e-13)
(0 4.793017996e-12 -5.500655465e-13)
(0 4.736444833e-12 -4.324379373e-13)
(0 4.695807896e-12 -3.199269366e-13)
(0 4.668486078e-12 -2.112027884e-13)
(0 4.65274838e-12 -1.04979628e-13)
(0 2.323804599e-12 -3.556836073e-24)
(0 1.035870764e-11 -6.99732421e-13)
(0 1.372718988e-11 -1.557568385e-12)
(0 7.381717283e-11 -1.577401858e-12)
(0 -1.440786609e-10 -1.571222303e-12)
(0 1.980766187e-10 -1.615511807e-12)
(0 -1.702157995e-10 -1.862978896e-12)
(0 1.128978341e-10 -2.197356703e-12)
(0 -6.430971662e-11 -2.558443212e-12)
(0 0.1681949726 0.5296667486)
(0 0.3416302484 0.7582566753)
(0 0.4492411032 0.696398268)
(0 0.6376511823 0.4076926966)
(0 0.8047292033 -0.2445314965)
(0 1.014077367 -0.9314596652)
(0 0.4310048651 -0.4581573696)
(0 -0.2745386821 0.04675155155)
(0 0.0009125000288 -0.05807388698)
(0 2.693277427e-11 -1.847454348e-11)
(0 4.911656963e-11 -2.427812841e-12)
(0 2.963343103e-11 3.346710929e-13)
(0 2.031708882e-11 1.902021499e-13)
(0 1.521582643e-11 -3.746104404e-13)
(0 1.210270913e-11 -8.251385723e-13)
(0 1.005589176e-11 -1.099055956e-12)
(0 8.643450668e-12 -1.232699116e-12)
(0 7.637165463e-12 -1.270433958e-12)
(0 6.904116798e-12 -1.246531974e-12)
(0 6.361252375e-12 -1.18455447e-12)
(0 5.954099993e-12 -1.100012629e-12)
(0 5.645705083e-12 -1.002911707e-12)
(0 5.410376345e-12 -8.996059569e-13)
(0 5.22992096e-12 -7.94046879e-13)
(0 5.091274502e-12 -6.886018165e-13)
(0 4.984960469e-12 -5.84588405e-13)
(0 4.90406597e-12 -4.826252361e-13)
(0 4.843549966e-12 -3.828641026e-13)
(0 4.799772113e-12 -2.851456845e-13)
(0 4.77017211e-12 -1.891055595e-13)
(0 4.753054992e-12 -9.4248089e-14)
(0 2.373727022e-12 -3.584402832e-24)
(0 1.058109065e-11 -7.1793148e-13)
(0 1.404721914e-11 -1.556760921e-12)
(0 7.390496565e-11 -1.452144989e-12)
(0 -1.440472579e-10 -1.398392893e-12)
(0 1.98015689e-10 -1.419848778e-12)
(0 -1.703795113e-10 -1.786636802e-12)
(0 1.127241167e-10 -2.288937577e-12)
(0 -6.43918304e-11 -2.839774785e-12)
(0 -0.08330978016 0.3945060401)
(0 0.2425829354 0.5084074631)
(0 0.429228974 0.4796351885)
(0 0.632050291 0.2320704671)
(0 0.7279833417 -0.1987922116)
(0 0.4602373692 -0.5099030719)
(0 0.3573741116 -0.2717256492)
(0 0.1714136249 0.05419647635)
(0 0.001839938671 -0.2936514302)
(0 1.963334057e-11 5.810168826e-11)
(0 4.500239442e-11 2.470556849e-11)
(0 2.585896455e-11 1.182735728e-11)
(0 1.785490138e-11 6.017884846e-12)
(0 1.371407993e-11 3.039722465e-12)
(0 1.120733338e-11 1.380309823e-12)
(0 9.534920705e-12 4.146309278e-13)
(0 8.354681467e-12 -1.538110345e-13)
(0 7.49362911e-12 -4.820986727e-13)
(0 6.851963459e-12 -6.602734878e-13)
(0 6.366655732e-12 -7.42765075e-13)
(0 5.995542985e-12 -7.636624238e-13)
(0 5.709376288e-12 -7.448246353e-13)
(0 5.487373613e-12 -7.00482312e-13)
(0 5.31452065e-12 -6.399769244e-13)
(0 5.179840132e-12 -5.694514146e-13)
(0 5.07524205e-12 -4.929231715e-13)
(0 4.994742298e-12 -4.129808132e-13)
(0 4.933924385e-12 -3.312458896e-13)
(0 4.88956644e-12 -2.486848919e-13)
(0 4.859383673e-12 -1.658248453e-13)
(0 4.84185394e-12 -8.290678006e-14)
(0 2.418052688e-12 -3.62646841e-24)
(0 1.077857205e-11 -7.283035505e-13)
(0 1.434151623e-11 -1.60372703e-12)
(0 7.400113342e-11 -1.270821781e-12)
(0 -1.440589278e-10 -1.120913234e-12)
(0 1.978748584e-10 -1.102425228e-12)
(0 -1.706622075e-10 -1.659881209e-12)
(0 1.124423058e-10 -2.430317038e-12)
(0 -6.45230419e-11 -3.283723828e-12)
(0 -0.1181966127 0.1967308559)
(0 0.1587586226 0.2240167446)
(0 0.3240245108 0.2434097829)
(0 0.5129705329 0.09484935831)
(0 0.6140565801 -0.1279695002)
(0 0.4313658026 -0.2796724437)
(0 0.3631848278 -0.4235074118)
(0 0.6433890951 0.3659487087)
(0 0.001027974805 0.1966020018)
(0 -5.991616601e-12 6.638614496e-11)
(0 2.769736358e-12 3.124090539e-11)
(0 1.094574739e-11 1.625130738e-11)
(0 1.1529454e-11 9.01425992e-12)
(0 1.057825141e-11 5.135308307e-12)
(0 9.477617592e-12 2.892027217e-12)
(0 8.521770905e-12 1.53108364e-12)
(0 7.746721068e-12 6.849256463e-13)
(0 7.13070301e-12 1.561270067e-13)
(0 6.643450396e-12 -1.696948284e-13)
(0 6.257863439e-12 -3.625665374e-13)
(0 5.952040432e-12 -4.670441395e-13)
(0 5.708885195e-12 -5.122390663e-13)
(0 5.515224056e-12 -5.175188582e-13)
(0 5.360951857e-12 -4.959243932e-13)
(0 5.238328255e-12 -4.563012868e-13)
(0 5.14143107e-12 -4.046699042e-13)
(0 5.065743252e-12 -3.451271582e-13)
(0 5.007845887e-12 -2.804523145e-13)
(0 4.965193158e-12 -2.125220681e-13)
(0 4.935950222e-12 -1.426014299e-13)
(0 4.918879837e-12 -7.155385098e-14)
(0 2.456633802e-12 -3.742191647e-24)
(0 1.095038446e-11 -7.321302844e-13)
(0 1.460266962e-11 -1.713903884e-12)
(0 7.410112943e-11 -1.004095953e-12)
(0 -1.44145134e-10 -6.920302467e-13)
(0 1.976042081e-10 -6.139207784e-13)
(0 -1.711325364e-10 -1.473575585e-12)
(0 1.119920031e-10 -2.66228482e-12)
(0 -6.473074408e-11 -3.98729942e-12)
(0 0.0006204547437 0.1051050091)
(0 0.1442379182 0.08749859593)
(0 0.2201891935 0.09631379325)
(0 0.3331305822 0.0005790403105)
(0 0.353900055 -0.1739997449)
(0 0.2810755445 -0.2640107361)
(0 0.1813036998 -0.2827908937)
(0 0.06777558661 0.2872687064)
(0 2.252911201e-05 0.4735358028)
(0 -5.79879337e-12 1.670972068e-11)
(0 -5.097033799e-12 1.765479972e-11)
(0 3.632319077e-12 1.292269851e-11)
(0 6.738902303e-12 8.652540828e-12)
(0 7.591847228e-12 5.595225595e-12)
(0 7.603108708e-12 3.521409311e-12)
(0 7.327819135e-12 2.13275324e-12)
(0 6.979724834e-12 1.206305681e-12)
(0 6.639008635e-12 5.913788134e-13)
(0 6.333269915e-12 1.879367215e-13)
(0 6.069306421e-12 -7.075913709e-14)
(0 5.845870456e-12 -2.297056727e-13)
(0 5.658901569e-12 -3.195659031e-13)
(0 5.503688286e-12 -3.614270786e-13)
(0 5.375738222e-12 -3.698981107e-13)
(0 5.271094621e-12 -3.551572903e-13)
(0 5.186416179e-12 -3.243261474e-13)
(0 5.118959888e-12 -2.824040578e-13)
(0 5.066529475e-12 -2.329129045e-13)
(0 5.027417324e-12 -1.783486986e-13)
(0 5.00035189e-12 -1.205043284e-13)
(0 4.98445537e-12 -6.070689853e-14)
(0 2.489606539e-12 -3.785500914e-24)
(0 1.109688489e-11 -7.293215422e-13)
(0 1.483094619e-11 -1.898477795e-12)
(0 7.418502709e-11 -6.003140772e-13)
(0 -1.443640995e-10 -3.834345647e-14)
(0 1.971219681e-10 1.197048116e-13)
(0 -1.718963849e-10 -1.215013837e-12)
(0 1.112823528e-10 -3.051031369e-12)
(0 -6.505581683e-11 -5.102960346e-12)
(0 0.07851091425 0.04627376314)
(0 0.1488977776 0.02915254426)
(0 0.1953040959 0.02637332305)
(0 0.2368741146 -0.0199047777)
(0 0.2822340284 -0.122433427)
(0 0.1481471245 -0.1144095422)
(0 0.1570286745 -0.1193050593)
(0 -0.02947919767 0.3218992059)
(0 -1.473641171e-05 0.3586142408)
(0 -1.139253033e-12 5.167814087e-12)
(0 -9.345510584e-13 9.836788622e-12)
(0 1.943488496e-12 9.132141448e-12)
(0 4.20198108e-12 7.077980625e-12)
(0 5.447119891e-12 5.071645591e-12)
(0 6.015145237e-12 3.465633152e-12)
(0 6.206667274e-12 2.272216641e-12)
(0 6.205346642e-12 1.41616753e-12)
(0 6.112334051e-12 8.151484177e-13)
(0 5.981312446e-12 4.008246146e-13)
(0 5.840221044e-12 1.213014968e-13)
(0 5.703233666e-12 -6.145097329e-14)
(0 5.577163789e-12 -1.748893092e-13)
(0 5.464891849e-12 -2.387230837e-13)
(0 5.367221646e-12 -2.670815281e-13)
(0 5.283900218e-12 -2.701017237e-13)
(0 5.214184303e-12 -2.550717233e-13)
(0 5.157156495e-12 -2.272486804e-13)
(0 5.111901246e-12 -1.90445466e-13)
(0 5.077601734e-12 -1.474546677e-13)
(0 5.053592022e-12 -1.003597309e-13)
(0 5.039384166e-12 -5.076914771e-14)
(0 2.5173407e-12 -3.735491398e-24)
(0 1.12199275e-11 -7.216035197e-13)
(0 1.503225763e-11 -2.146191818e-12)
(0 7.419987228e-11 3.344795154e-14)
(0 -1.448135367e-10 9.497346686e-13)
(0 1.963144961e-10 1.200928191e-12)
(0 -1.73085573e-10 -8.705799899e-13)
(0 1.102091865e-10 -3.700128237e-12)
(0 -6.554525676e-11 -6.858554905e-12)
(0 0.09436265229 0.02185100662)
(0 0.1287348724 -0.001416363135)
(0 0.1599330416 -0.01390986888)
(0 0.1706400391 -0.0533510475)
(0 0.2215315782 -0.1016868503)
(0 0.1055589948 -0.1386123951)
(0 0.2581195946 -0.05287766895)
(0 0.1260102905 0.414821416)
(0 1.252514624e-05 0.4094735558)
(0 -1.035285767e-12 7.980833649e-12)
(0 -1.068725401e-12 7.456460864e-12)
(0 8.735110797e-13 6.691098671e-12)
(0 2.678406446e-12 5.455595821e-12)
(0 3.979499755e-12 4.147744552e-12)
(0 4.803679758e-12 2.997262932e-12)
(0 5.278353512e-12 2.074314766e-12)
(0 5.522656611e-12 1.37100161e-12)
(0 5.62366572e-12 8.522248668e-13)
(0 5.639422994e-12 4.789139255e-13)
(0 5.607030833e-12 2.165936113e-13)
(0 5.54967965e-12 3.749179184e-14)
(0 5.481629459e-12 -7.981505433e-14)
(0 5.411496067e-12 -1.514922882e-13)
(0 5.344359582e-12 -1.896012594e-13)
(0 5.283104426e-12 -2.030946653e-13)
(0 5.229269222e-12 -1.986089067e-13)
(0 5.183586145e-12 -1.810722774e-13)
(0 5.146323488e-12 -1.541646382e-13)
(0 5.117503059e-12 -1.206640257e-13)
(0 5.09703741e-12 -8.271027168e-14)
(0 5.084815101e-12 -4.200971269e-14)
(0 2.540375687e-12 -3.623880001e-24)
(0 1.132224527e-11 -7.086508697e-13)
(0 1.519459989e-11 -2.394208261e-12)
(0 7.403892817e-11 1.051363392e-12)
(0 -1.456363773e-10 2.416963554e-12)
(0 1.950520611e-10 2.748519371e-12)
(0 -1.748230133e-10 -4.395786271e-13)
(0 1.086969077e-10 -4.759711991e-12)
(0 -6.623436233e-11 -9.559638239e-12)
(0 0.0993853177 0.004591766911)
(0 0.1169787879 -0.01978121629)
(0 0.1477447837 -0.03459794465)
(0 0.1421045538 -0.07129178863)
(0 0.2112520819 -0.08323669255)
(0 0.1217198553 -0.1534230494)
(0 0.2917101081 -0.07470359511)
(0 0.1768678044 0.5137994607)
(0 2.294084733e-05 0.5305379921)
(0 -1.720794092e-12 5.964787385e-12)
(0 -2.150819141e-12 5.387572234e-12)
(0 -5.737654689e-14 4.720197427e-12)
(0 1.658626961e-12 3.905560588e-12)
(0 2.988787001e-12 3.066475322e-12)
(0 3.941715451e-12 2.301360993e-12)
(0 4.580405952e-12 1.656779738e-12)
(0 4.983256742e-12 1.141301206e-12)
(0 5.220246367e-12 7.4383736e-13)
(0 5.34568119e-12 4.460143877e-13)
(0 5.398798911e-12 2.286690517e-13)
(0 5.406825001e-12 7.464150559e-14)
(0 5.388179709e-12 -3.036844599e-14)
(0 5.355105644e-12 -9.782786471e-14)
(0 5.315619269e-12 -1.367348354e-13)
(0 5.274892571e-12 -1.540652597e-13)
(0 5.23620669e-12 -1.551956592e-13)
(0 5.201600763e-12 -1.442657814e-13)
(0 5.172309498e-12 -1.244758753e-13)
(0 5.1490561e-12 -9.832582009e-14)
(0 5.132246335e-12 -6.780713549e-14)
(0 5.122094438e-12 -3.455919185e-14)
(0 2.559350413e-12 -3.570801076e-24)
(0 1.14067094e-11 -6.898967464e-13)
(0 1.532848697e-11 -2.491147881e-12)
(0 7.355139719e-11 2.683369518e-12)
(0 -1.470017819e-10 4.52724726e-12)
(0 1.932210322e-10 4.867529302e-12)
(0 -1.771762809e-10 4.533144464e-14)
(0 1.067502431e-10 -6.419286829e-12)
(0 -6.712474282e-11 -1.355256246e-11)
(0 0.07868317081 -0.004535640489)
(0 0.09015489629 -0.03564871454)
(0 0.1102891098 -0.0510300978)
(0 0.1168139718 -0.1070258429)
(0 0.1586097941 -0.08234900516)
(0 0.1615945332 -0.2203870022)
(0 0.2316046688 -0.04863606447)
(0 0.1566313695 0.5957145677)
(0 9.686987994e-06 0.6334253806)
(0 -1.505543722e-12 4.222951293e-12)
(0 -2.219736364e-12 3.502067122e-12)
(0 -6.085005668e-13 2.896558899e-12)
(0 1.024684341e-12 2.379974909e-12)
(0 2.375300161e-12 1.911236476e-12)
(0 3.393984174e-12 1.484927557e-12)
(0 4.118293725e-12 1.110143608e-12)
(0 4.609714234e-12 7.935878766e-13)
(0 4.928378902e-12 5.358107953e-13)
(0 5.124254686e-12 3.326389787e-13)
(0 5.235657951e-12 1.774284665e-13)
(0 5.290642153e-12 6.2775431e-14)
(0 5.309160089e-12 -1.847057496e-14)
(0 5.305129677e-12 -7.271419349e-14)
(0 5.288122187e-12 -1.054434175e-13)
(0 5.264643602e-12 -1.212345069e-13)
(0 5.2390687e-12 -1.238414802e-13)
(0 5.214305929e-12 -1.163182673e-13)
(0 5.192263449e-12 -1.011463863e-13)
(0 5.174171799e-12 -8.035555987e-14)
(0 5.160804039e-12 -5.56327883e-14)
(0 5.152622236e-12 -2.841968258e-14)
(0 2.574934878e-12 -3.447108057e-24)
(0 1.147660944e-11 -6.653956816e-13)
(0 1.542385061e-11 -2.170922617e-12)
(0 7.257308168e-11 5.225920939e-12)
(0 -1.490542231e-10 7.428830966e-12)
(0 1.907690385e-10 7.606858802e-12)
(0 -1.801154188e-10 5.022264856e-13)
(0 1.044947959e-10 -8.875967455e-12)
(0 -6.816727856e-11 -1.914759579e-11)
(0 0.05807141438 -0.0120552512)
(0 0.07133235903 -0.04298158693)
(0 0.07757075061 -0.06402723149)
(0 0.1119485437 -0.1295522878)
(0 0.09254221837 -0.1126105699)
(0 0.2222496595 -0.2641193611)
(0 0.02333609472 0.02420509167)
(0 0.09241979146 0.6780690862)
(0 8.022894292e-06 0.725465163)
(0 -2.27879052e-12 4.312475202e-12)
(0 -3.368011852e-12 1.611585843e-12)
(0 -1.17946876e-12 9.839967733e-13)
(0 6.733045385e-13 8.0654475e-13)
(0 2.093739649e-12 7.135691733e-13)
(0 3.140622583e-12 6.169704774e-13)
(0 3.889066272e-12 5.052806448e-13)
(0 4.40892393e-12 3.870973776e-13)
(0 4.759297469e-12 2.731806366e-13)
(0 4.987298861e-12 1.713040096e-13)
(0 5.128935363e-12 8.563217399e-14)
(0 5.210925959e-12 1.75040921e-14)
(0 5.252690084e-12 -3.357339804e-14)
(0 5.268132801e-12 -6.911335439e-14)
(0 5.267098955e-12 -9.108871696e-14)
(0 5.256494508e-12 -1.015865864e-13)
(0 5.24112293e-12 -1.026163299e-13)
(0 5.224295857e-12 -9.60183996e-14)
(0 5.208272205e-12 -8.34349799e-14)
(0 5.194569698e-12 -6.631656789e-14)
(0 5.184182212e-12 -4.594830936e-14)
(0 5.177727226e-12 -2.348651386e-14)
(0 2.587770096e-12 -3.356236493e-24)
(0 1.153446271e-11 -6.320276863e-13)
(0 1.547776489e-11 -1.067111458e-12)
(0 7.100713735e-11 8.991970643e-12)
(0 -1.518342877e-10 1.121962383e-11)
(0 1.877501675e-10 1.093847541e-11)
(0 -1.834930587e-10 8.192522024e-13)
(0 1.0218256e-10 -1.225903212e-11)
(0 -6.926125037e-11 -2.649982037e-11)
(0 0.02095572047 -0.02070158897)
(0 0.0379973565 -0.05419636504)
(0 0.0250427985 -0.08033260903)
(0 0.07816285214 -0.1393821884)
(0 0.01270032204 -0.1514293288)
(0 0.2292295943 -0.2174366304)
(0 -0.3166324948 0.1120869393)
(0 0.07556210799 0.4876059679)
(0 1.032925447e-05 0.7365152721)
(0 -4.082028562e-12 -4.295689179e-12)
(0 -5.424802361e-12 -2.228454051e-12)
(0 -1.41354166e-12 -1.378701776e-12)
(0 7.542567406e-13 -8.513609115e-13)
(0 2.185725888e-12 -4.804743945e-13)
(0 3.185695646e-12 -2.358949967e-13)
(0 3.888420625e-12 -9.308806147e-14)
(0 4.377614225e-12 -2.365855547e-14)
(0 4.712585534e-12 -1.488297999e-15)
(0 4.936706224e-12 -6.234226011e-15)
(0 5.081858034e-12 -2.370623057e-14)
(0 5.171436581e-12 -4.481617735e-14)
(0 5.222542642e-12 -6.421217338e-14)
(0 5.247614358e-12 -7.907565356e-14)
(0 5.255648955e-12 -8.821017244e-14)
(0 5.253115989e-12 -9.14055535e-14)
(0 5.244636887e-12 -8.901771421e-14)
(0 5.233487279e-12 -8.170300452e-14)
(0 5.221965281e-12 -7.025770401e-14)
(0 5.21165847e-12 -5.552674724e-14)
(0 5.203634093e-12 -3.835690365e-14)
(0 5.198570545e-12 -1.957782822e-14)
(0 2.598421392e-12 -3.272281126e-24)
(0 1.158318462e-11 -5.855594096e-13)
(0 1.548797471e-11 1.169709966e-12)
(0 6.888692437e-11 1.416198484e-11)
(0 -1.552387092e-10 1.587139911e-11)
(0 1.843097501e-10 1.470915187e-11)
(0 -1.870996147e-10 8.443682334e-13)
(0 1.00111531e-10 -1.657482797e-11)
(0 -7.029342296e-11 -3.549341808e-11)
(0 -0.02019951466 -0.03153049333)
(0 0.01102240598 -0.0431492801)
(0 -0.009220263194 -0.09587124013)
(0 0.0615277942 -0.1398795871)
(0 -0.07252391157 -0.2598025307)
(0 -0.3969009076 0.07032720801)
(0 -1.377212164 0.3150458067)
(0 -0.6051820062 0.3361194761)
(0 -2.276113743e-05 0.8750608694)
(0 6.313200875e-15 -6.359621601e-12)
(0 -3.278578371e-13 -4.719861096e-12)
(0 1.976243798e-13 -3.418988556e-12)
(0 1.57153192e-12 -2.352811817e-12)
(0 2.709205564e-12 -1.548209761e-12)
(0 3.528008916e-12 -9.869873486e-13)
(0 4.101302713e-12 -6.18078598e-13)
(0 4.500523693e-12 -3.871541959e-13)
(0 4.776721798e-12 -2.492398219e-13)
(0 4.965080929e-12 -1.710450123e-13)
(0 5.090353412e-12 -1.294052017e-13)
(0 5.170420016e-12 -1.088488822e-13)
(0 5.218430608e-12 -9.938201557e-14)
(0 5.244134802e-12 -9.476555874e-14)
(0 5.254769055e-12 -9.126948713e-14)
(0 5.255686966e-12 -8.680652673e-14)
(0 5.250825479e-12 -8.034483537e-14)
(0 5.243055867e-12 -7.151718394e-14)
(0 5.234448463e-12 -6.036522501e-14)
(0 5.226470499e-12 -4.717514317e-14)
(0 5.220131131e-12 -3.237427167e-14)
(0 5.216084129e-12 -1.646766433e-14)
(0 2.607347924e-12 -2.918633178e-24)
(0 1.162518343e-11 -5.228786212e-13)
(0 1.546328251e-11 4.636688829e-12)
(0 6.628032256e-11 2.051746912e-11)
(0 -1.591851338e-10 2.099261847e-11)
(0 1.804810208e-10 1.831716027e-11)
(0 -1.908801275e-10 4.631010609e-14)
(0 9.840664582e-11 -2.195517098e-11)
(0 -7.123468493e-11 -4.583265739e-11)
(0 -0.05448003387 -0.04985304667)
(0 -0.02890147351 -0.07462238391)
(0 -0.08143095783 -0.1175974855)
(0 -0.2295795248 -0.05690329808)
(0 -0.8104677718 0.3856244782)
(0 -1.880367466 0.8860760184)
(0 -2.475558711 0.4322469768)
(0 -0.8508843569 -0.6118963605)
(0 -3.14864308e-06 0.00131585505)
(0 -2.249617806e-12 -4.783476775e-12)
(0 -2.322380745e-12 -6.702735864e-12)
(0 9.535076196e-13 -5.224577603e-12)
(0 2.625035535e-12 -3.59268738e-12)
(0 3.551550356e-12 -2.372564363e-12)
(0 4.115826809e-12 -1.545764757e-12)
(0 4.488253778e-12 -1.005083651e-12)
(0 4.746453001e-12 -6.5763864e-13)
(0 4.928694717e-12 -4.372705606e-13)
(0 5.056540844e-12 -2.992994885e-13)
(0 5.144054164e-12 -2.140192926e-13)
(0 5.201459767e-12 -1.617907449e-13)
(0 5.236625966e-12 -1.297001173e-13)
(0 5.255726887e-12 -1.093338075e-13)
(0 5.263607987e-12 -9.529445744e-14)
(0 5.264040641e-12 -8.420503674e-14)
(0 5.25992623e-12 -7.403679405e-14)
(0 5.253466889e-12 -6.365466646e-14)
(0 5.246307322e-12 -5.251002454e-14)
(0 5.239649423e-12 -4.043367442e-14)
(0 5.234341571e-12 -2.7496931e-14)
(0 5.230944817e-12 -1.391833559e-14)
(0 2.614889057e-12 -2.69681379e-24)
(0 1.166134384e-11 -4.501355791e-13)
(0 1.542542458e-11 9.286239821e-12)
(0 6.278548667e-11 2.766984646e-11)
(0 -1.64229671e-10 2.594675189e-11)
(0 1.756968018e-10 2.053207981e-11)
(0 -1.952216178e-10 -2.929425099e-12)
(0 9.685293994e-11 -2.921695858e-11)
(0 -7.219228253e-11 -5.74899316e-11)
(0 -0.1207482786 -0.06383054045)
(0 -0.08726557781 0.0008434241568)
(0 -0.1143397466 0.1126275343)
(0 -0.282325578 0.6021778634)
(0 -0.5915299997 1.233858672)
(0 -1.073607014 1.450136148)
(0 -1.128601561 -0.3249719957)
(0 -0.2636294375 -3.324971975)
(0 -1.352234276e-11 -1.053630443e-11)
(0 -1.546355013e-11 -2.091174496e-11)
(0 -7.686933183e-13 -1.208783612e-11)
(0 3.307672864e-12 -7.183898207e-12)
(0 4.42354516e-12 -4.420795212e-12)
(0 4.756128187e-12 -2.803595359e-12)
(0 4.895489628e-12 -1.818422979e-12)
(0 4.98942883e-12 -1.198851642e-12)
(0 5.068336783e-12 -8.010451088e-13)
(0 5.13506095e-12 -5.429031817e-13)
(0 5.188332197e-12 -3.748618746e-13)
(0 5.227862155e-12 -2.65580455e-13)
(0 5.254739192e-12 -1.945934175e-13)
(0 5.270887546e-12 -1.482926745e-13)
(0 5.278540462e-12 -1.175738965e-13)
(0 5.279897826e-12 -9.636830856e-14)
(0 5.27694463e-12 -8.06812057e-14)
(0 5.271375849e-12 -6.794154627e-14)
(0 5.264582637e-12 -5.65536938e-14)
(0 5.257669455e-12 -4.558572367e-14)
(0 5.251483592e-12 -3.455197664e-14)
(0 5.24664647e-12 -2.326102247e-14)
(0 5.24358106e-12 -1.170854067e-14)
(0 2.62126626e-12 -2.461710905e-24)
(0 1.169444403e-11 -3.717854306e-13)
(0 1.531669088e-11 1.617683713e-11)
(0 5.69039358e-11 3.669689557e-11)
(0 -1.721255614e-10 3.144119833e-11)
(0 1.685070303e-10 2.116075681e-11)
(0 -2.008985172e-10 -8.879975131e-12)
(0 9.518089739e-11 -3.925797651e-11)
(0 -7.323318502e-11 -7.075704091e-11)
(0 -0.0549659801 -0.08811338169)
(0 -0.03186351618 -0.08644071754)
(0 0.104543375 0.05660122527)
(0 -0.000621216715 0.4395867588)
(0 0.5625437073 1.036117307)
(0 0.8897303149 0.987842578)
(0 3.798347905 0.1044653714)
(0 -0.1209121437 -0.08884856583)
(0 -0.0002371403514 -0.2331838576)
(0 7.576035386e-12 -3.11208045e-11)
(0 1.14054585e-11 -1.355873877e-11)
(0 8.620548529e-12 -7.002386387e-12)
(0 7.005338383e-12 -4.102999876e-12)
(0 6.15392259e-12 -2.602598709e-12)
(0 5.720570526e-12 -1.72547969e-12)
(0 5.505631648e-12 -1.170854127e-12)
(0 5.402401461e-12 -8.047861693e-13)
(0 5.354877952e-12 -5.584342496e-13)
(0 5.333863571e-12 -3.916632987e-13)
(0 5.324322621e-12 -2.78846093e-13)
(0 5.318747547e-12 -2.027086571e-13)
(0 5.313645487e-12 -1.51302146e-13)
(0 5.307651253e-12 -1.162996719e-13)
(0 5.300500677e-12 -9.192254457e-14)
(0 5.292467403e-12 -7.420882645e-14)
(0 5.284053742e-12 -6.04934633e-14)
(0 5.275822712e-12 -4.90319346e-14)
(0 5.268309039e-12 -3.872645206e-14)
(0 5.261974124e-12 -2.89269145e-14)
(0 5.257185007e-12 -1.928625894e-14)
(0 5.25420584e-12 -9.654620319e-15)
(0 2.626597597e-12 -1.987275195e-24)
(0 1.172618937e-11 -2.496045979e-13)
(0 1.499166962e-11 2.900756366e-11)
(0 4.751860735e-11 5.142440471e-11)
(0 -1.83262006e-10 4.01627136e-11)
(0 1.591765261e-10 2.190278932e-11)
(0 -2.072584427e-10 -1.658129965e-11)
(0 9.408972003e-11 -5.161896657e-11)
(0 -7.40179785e-11 -8.556019925e-11)
(0 -0.1727273623 -0.1002748801)
(0 -0.186912336 -0.1120761729)
(0 -0.1982804068 0.09255363495)
(0 -0.251566175 0.3093081457)
(0 -0.0628766284 0.4290389332)
(0 0.3915283988 -0.9031392686)
(0 0.1570313736 -0.3005813339)
(0 0.1806615626 0.05844464156)
(0 0.002032965621 -0.158381734)
(0 5.770646799e-12 -4.618397894e-12)
(0 2.329151491e-11 -4.084108757e-12)
(0 1.276341176e-11 -3.16389773e-12)
(0 8.823332837e-12 -2.386219132e-12)
(0 7.133648373e-12 -1.778319653e-12)
(0 6.32723421e-12 -1.310042456e-12)
(0 5.91012235e-12 -9.542984306e-13)
(0 5.680756661e-12 -6.888105399e-13)
(0 5.54818382e-12 -4.943835474e-13)
(0 5.467920354e-12 -3.545100391e-13)
(0 5.416816797e-12 -2.554309676e-13)
(0 5.382283139e-12 -1.860919746e-13)
(0 5.357296531e-12 -1.379065762e-13)
(0 5.337920063e-12 -1.043990728e-13)
(0 5.321988671e-12 -8.081233237e-14)
(0 5.308373711e-12 -6.37370839e-14)
(0 5.296552741e-12 -5.079061892e-14)
(0 5.286349648e-12 -4.035332337e-14)
(0 5.277774475e-12 -3.136057479e-14)
(0 5.270923785e-12 -2.314246852e-14)
(0 5.265918764e-12 -1.530214537e-14)
(0 5.262867319e-12 -7.623525484e-15)
(0 2.63092088e-12 -1.689614563e-24)
(0 1.175212711e-11 2.04486012e-14)
(0 1.442980448e-11 5.076400425e-11)
(0 3.978306534e-11 7.286008445e-11)
(0 -1.890487949e-10 5.069523712e-11)
(0 1.570629806e-10 2.045530416e-11)
(0 -2.064303221e-10 -2.690791687e-11)
(0 9.831969199e-11 -6.55698445e-11)
(0 -7.300396877e-11 -1.004817149e-10)
(0 -0.1385228882 -0.08709937332)
(0 -0.1862857645 -0.07464798133)
(0 -0.1134159046 0.07417048428)
(0 -0.0745741825 0.2136546533)
(0 0.2855237731 0.2927863791)
(0 0.4451452967 0.4721198804)
(0 -0.03634354644 0.3101014519)
(0 0.1590075108 -0.000377102632)
(0 4.491005487e-12 5.291634967e-12)
(0 1.076023449e-11 1.741319394e-11)
(0 1.281941296e-11 4.963749469e-12)
(0 1.031843815e-11 8.171239131e-13)
(0 8.39091646e-12 -4.996595553e-13)
(0 7.230099265e-12 -8.144181641e-13)
(0 6.544591748e-12 -7.820717091e-13)
(0 6.126863564e-12 -6.474861766e-13)
(0 5.862316345e-12 -5.017734634e-13)
(0 5.689178452e-12 -3.757786521e-13)
(0 5.57281615e-12 -2.765615302e-13)
(0 5.492740685e-12 -2.022749203e-13)
(0 5.436271939e-12 -1.483208469e-13)
(0 5.395338389e-12 -1.098322377e-13)
(0 5.364745497e-12 -8.257680697e-14)
(0 5.341162666e-12 -6.318971852e-14)
(0 5.322489117e-12 -4.9135687e-14)
(0 5.307437502e-12 -3.857781663e-14)
(0 5.295252756e-12 -3.022948802e-14)
(0 5.285519894e-12 -2.321950443e-14)
(0 5.278032553e-12 -1.697982371e-14)
(0 5.27270395e-12 -1.115605544e-14)
(0 5.269507985e-12 -5.537212721e-15)
(0 2.634221123e-12 -1.234941673e-24)
(0 1.17580526e-11 4.720434904e-13)
(0 1.440562835e-11 7.393708941e-11)
(0 5.21748294e-11 8.941478821e-11)
(0 -1.648266321e-10 5.447093764e-11)
(0 1.863698838e-10 1.119072509e-11)
(0 -1.77894946e-10 -4.085911369e-11)
(0 1.205295157e-10 -7.712018487e-11)
(0 -6.627499287e-11 -1.094791493e-10)
(0 -0.1770000174 -0.05562516751)
(0 -0.2684350233 -0.08410363247)
(0 -0.2751925837 -0.02658514885)
(0 -0.2411533616 0.005801423733)
(0 -0.1440819961 -0.09169983615)
(0 -0.1472568795 -0.326529912)
(0 -2.60129671e-09 1.396070145e-10)
(0 5.846696777e-12 2.129363483e-11)
(0 1.072642502e-11 2.378302185e-11)
(0 5.204361639e-12 1.332971618e-11)
(0 6.695444844e-12 5.708980802e-12)
(0 7.300002735e-12 1.968291648e-12)
(0 7.19179076e-12 3.848748623e-13)
(0 6.851236219e-12 -1.976215958e-13)
(0 6.494166198e-12 -3.563397838e-13)
(0 6.190420596e-12 -3.518007673e-13)
(0 5.952464186e-12 -2.950180013e-13)
(0 5.773395753e-12 -2.303954506e-13)
(0 5.641424085e-12 -1.736818343e-13)
(0 5.54505748e-12 -1.287856524e-13)
(0 5.474725821e-12 -9.508356043e-14)
(0 5.423040571e-12 -7.052399761e-14)
(0 5.384562582e-12 -5.288545081e-14)
(0 5.355429791e-12 -4.023330493e-14)
(0 5.332985613e-12 -3.10374318e-14)
(0 5.31545894e-12 -2.415485284e-14)
(0 5.30170796e-12 -1.876678237e-14)
(0 5.291024139e-12 -1.430770745e-14)
(0 5.282987234e-12 -1.040094864e-14)
(0 5.277361375e-12 -6.804833682e-15)
(0 5.274023375e-12 -3.369181038e-15)
(0 2.636458093e-12 -4.438133907e-25)
(0 1.172697209e-11 8.660279498e-13)
(0 1.602517105e-11 7.66365033e-11)
(0 1.055232027e-10 7.959664433e-11)
(0 -8.681750805e-11 4.547784256e-11)
(0 2.659310704e-10 -6.808703658e-13)
(0 -1.061771411e-10 -4.587738533e-11)
(0 1.696070635e-10 -6.992105903e-11)
(0 -5.179038414e-11 -9.638750346e-11)
(0 -0.07493973271 0.001982612283)
(0 -0.1272902183 0.006212214865)
(0 -0.1362716011 0.02103976401)
(0 -0.1545502446 0.07481206061)
(0 -0.01745346869 0.1169015183)
(0 -0.1457276498 0.3081595744)
(0 -2.844045937e-05 0.1573110849)
(0 -2.185264565e-11 2.056516249e-11)
(0 -2.86071042e-11 1.509308219e-11)
(0 -7.315814354e-12 6.199645377e-12)
(0 1.457988381e-12 2.57416285e-12)
(0 4.994332215e-12 9.621889127e-13)
(0 6.225003217e-12 2.684923295e-13)
(0 6.488884619e-12 -4.598630484e-15)
(0 6.390412577e-12 -9.385927082e-14)
(0 6.188185347e-12 -1.083522515e-13)
(0 5.983721661e-12 -9.609452012e-14)
(0 5.810514619e-12 -7.709477577e-14)
(0 5.674425949e-12 -5.897565414e-14)
(0 5.571338959e-12 -4.409291252e-14)
(0 5.494533594e-12 -3.269417514e-14)
(0 5.437536498e-12 -2.428514015e-14)
(0 5.395036189e-12 -1.819824781e-14)
(0 5.363010685e-12 -1.381153335e-14)
(0 5.338567569e-12 -1.0617354e-14)
(0 5.319708152e-12 -8.229577576e-15)
(0 5.305099901e-12 -6.368142582e-15)
(0 5.293885727e-12 -4.8376367e-15)
(0 5.285535427e-12 -3.506554259e-15)
(0 5.279735718e-12 -2.289443806e-15)
(0 5.276312819e-12 -1.132211137e-15)
(0 2.637590304e-12 -2.329767268e-26)
(0 1.168753591e-11 4.9356966e-13)
(0 1.925745513e-11 3.360189555e-11)
(0 1.703390585e-10 3.180912385e-11)
(0 6.004064841e-13 1.855227106e-11)
(0 3.473233216e-10 -2.184358687e-12)
(0 -3.120394142e-11 -2.063541928e-11)
(0 2.184066506e-10 -2.831687506e-11)
(0 -4.004941079e-11 -3.955132626e-11)
)
;

boundaryField
{
    lowerWall
    {
        type            slip;
    }
    atmosphere
    {
        type            pressureInletOutletVelocity;
        tangentialVelocity uniform (0 0 0);
        value           nonuniform List<vector> 
80
(
(0 -0.06131341611 -0.418218141)
(0 0.7760851107 0)
(0 0.2885266873 0)
(0 0.3911814162 0)
(0 0.1300650696 0)
(0 0.08084619179 0)
(0 0.004522018647 0)
(0 -1.264634192 0.01854923433)
(0 -1.270329266 0.3000695728)
(0 -0.7137856749 0.3718135929)
(0 -0.282056043 0.2223272201)
(0 -0.06539828642 0.09998312746)
(0 0.006497379464 0)
(0 0.0161746683 0)
(0 -0.002157620298 -0.002565696954)
(0 -0.01168380319 -0.008499301237)
(0 -0.02651723625 -0.009941429767)
(0 -0.02855458802 -0.01660718822)
(0 0.02310816277 0)
(0 0.007456699145 0)
(0 0.1537866627 0)
(0 0.08842026179 0)
(0 0.1170085122 0)
(0 0.3931921766 0)
(0 0.5862975683 0)
(0 0.6974118814 0)
(0 0.7605505924 0)
(0 0.7890836118 0)
(0 0.7753447402 0)
(0 0.717318348 0)
(0 0.6048436105 0)
(0 0.4682649418 0)
(0 0.322764202 0)
(0 0.3619468226 0)
(0 0.271751195 0)
(0 0.1543161797 0)
(0 -0.7215258262 -0.1185153114)
(0 -0.6806370627 0.2041356831)
(0 0.2127568847 0)
(0 0.1660245291 0)
(0 0.3895272277 0)
(0 0.5585868824 0)
(0 0.784135061 0)
(0 1.030440347 0)
(0 1.321705217 0)
(0 1.590411609 0)
(0 1.652875257 0)
(0 1.776475281 0)
(0 -2.023784725 -0.3837972375)
(0 -4.688326434 1.153378211)
(0 -3.805643769 1.695565613)
(0 -1.671772567 1.715661393)
(0 -0.4013365 1.329892693)
(0 0.01988467747 0)
(0 0.01654466715 0)
(0 -0.1429964476 0.5769252473)
(0 -0.2582957258 0.5706857146)
(0 -0.2349830099 0.5523664298)
(0 -0.1387332661 0.5246075492)
(0 0.01350785391 0)
(0 0.1735644388 0)
(0 0.2809301391 0)
(0 0.1681949726 0)
(0 -0.08330978016 0.3945060401)
(0 -0.1181966127 0.1967308559)
(0 0.0006204547437 0)
(0 0.07851091425 0)
(0 0.09436265229 0)
(0 0.0993853177 0)
(0 0.07868317081 0)
(0 0.05807141438 0)
(0 0.02095572047 0)
(0 -0.02019951466 -0.03153049333)
(0 -0.05448003387 -0.04985304667)
(0 -0.1207482786 -0.06383054045)
(0 -0.0549659801 -0.08811338169)
(0 -0.1727273623 -0.1002748801)
(0 -0.1385228882 -0.08709937332)
(0 -0.1770000174 -0.05562516751)
(0 -0.07493973271 0.001982612283)
)
;
    }
    rightWall
    {
        type            empty;
    }
    leftWall
    {
        type            empty;
    }
    frontAndBack
    {
        type            slip;
    }
}


// ************************************************************************* //
