/*--------------------------------*- C++ -*----------------------------------*\
| =========                 |                                                 |
| \\      /  F ield         | OpenFOAM: The Open Source CFD Toolbox           |
|  \\    /   O peration     | Version:  2506                                  |
|   \\  /    A nd           | Website:  www.openfoam.com                      |
|    \\/     M anipulation  |                                                 |
\*---------------------------------------------------------------------------*/
FoamFile
{
    version     2.0;
    format      ascii;
    arch        "LSB;label=32;scalar=64";
    class       surfaceScalarField;
    location    "0.001";
    object      phi;
}
// * * * * * * * * * * * * * * * * * * * * * * * * * * * * * * * * * * * * * //

dimensions      [0 3 -1 0 0 0 0];

oriented        oriented;

internalField   nonuniform List<scalar> 
6280
(
2.811684853e-09
3.149457064e-11
2.701185216e-09
1.104998124e-10
2.480184475e-09
2.209964636e-10
2.124043424e-09
3.561331331e-10
1.537021331e-09
5.870123552e-10
9.159650707e-10
6.210448486e-10
-3.643366885e-11
9.523856191e-10
7.341189562e-15
-3.64543857e-11
-1.67911128e-19
-1.217500874e-23
-1.569013442e-19
-1.100978382e-20
-1.372249898e-19
-1.967360641e-20
-1.123542462e-19
-2.486456631e-20
-8.563637362e-20
-2.670852438e-20
-5.960378835e-20
-2.602025558e-20
-3.583012132e-20
-2.375851132e-20
-1.508262939e-20
-2.072973974e-20
2.436529342e-21
-1.749906886e-20
1.686858291e-20
-1.440994645e-20
2.853271291e-20
-1.164037431e-20
3.781724416e-20
-9.259496088e-21
4.511491663e-20
-7.271759532e-21
5.078850853e-20
-5.647249641e-21
5.51555233e-20
-4.340791343e-21
5.848408226e-20
-3.303074512e-21
6.099483119e-20
-2.486585019e-21
6.286556281e-20
-1.848370108e-21
6.423666373e-20
-1.350959378e-21
6.521642884e-20
-9.622520971e-22
6.588578327e-20
-6.548695177e-22
6.630219131e-20
-4.052906555e-22
6.650271326e-20
-1.93004576e-22
6.650862997e-20
-5.247417292e-33
7.498515437e-21
5.900877382e-20
3.207544378e-18
-3.202980848e-18
5.780229741e-18
-2.575265989e-18
3.148853806e-18
2.628923233e-18
6.678378362e-18
-3.531961721e-18
5.089766115e-18
1.586175176e-18
3.885925118e-18
1.201402915e-18
3.883486605e-18
2.918218744e-09
5.036749255e-11
2.833099069e-09
1.956110529e-10
2.637956261e-09
4.161264435e-10
2.298420691e-09
6.956526828e-10
1.686594098e-09
1.198820569e-09
1.020654017e-09
1.286964442e-09
-4.457649613e-11
2.017594064e-09
1.097896361e-15
-8.104875983e-11
-1.789129953e-19
-2.571641958e-23
-1.65565191e-19
-2.435212287e-20
-1.424159497e-19
-4.281144408e-20
-1.141982042e-19
-5.306516761e-20
-8.494810482e-20
-5.593618766e-20
-5.734204409e-20
-5.359897293e-20
-3.280134974e-20
-4.826732268e-20
-1.185195851e-20
-4.164318708e-20
5.525651753e-21
-3.483720261e-20
1.963815505e-20
-2.848008953e-20
3.091359113e-20
-2.287131392e-20
3.980498071e-20
-1.810501394e-20
4.673942653e-20
-1.415980312e-20
5.209496683e-20
-1.095678489e-20
5.619324013e-20
-8.394422763e-21
5.930057175e-20
-6.368072641e-21
6.16330461e-20
-4.779917129e-21
6.336297354e-20
-3.543164931e-21
6.462537101e-20
-2.582995344e-21
6.552381142e-20
-1.835783115e-21
6.613536213e-20
-1.247512482e-21
6.651447739e-20
-7.718818751e-22
6.669571784e-20
-3.683330538e-22
6.669888151e-20
-3.266985186e-33
1.030699779e-19
1.969708994e-20
-1.44500985e-18
-1.659834575e-18
1.619287589e-19
-4.186677262e-18
-4.195124862e-19
3.205993829e-18
-4.395241104e-19
-3.516312472e-18
-6.770167442e-19
1.819303672e-18
-2.662404867e-19
7.862615252e-19
3.615319737e-18
3.040731447e-09
4.44923517e-11
3.021465348e-09
2.148728702e-10
2.910355844e-09
5.272304984e-10
2.643040226e-09
9.629623425e-10
2.015839687e-09
1.826015195e-09
1.282070863e-09
2.020727013e-09
-4.381454508e-11
3.343472852e-09
-1.841789431e-15
-1.248660882e-10
-2.032493361e-19
-3.912608123e-23
-1.840245695e-19
-4.357239688e-20
-1.526696733e-19
-7.415685485e-20
-1.170692243e-19
-8.865121131e-20
-8.261089009e-20
-9.037552198e-20
-5.201039383e-20
-8.417617301e-20
-2.617721414e-20
-7.407320147e-20
-5.045974035e-21
-6.274356162e-20
1.188276483e-20
-5.173192756e-20
2.524693067e-20
-4.180763349e-20
3.567989111e-20
-3.326575995e-20
4.375019153e-20
-2.613562636e-20
4.994244476e-20
-2.031186563e-20
5.465732896e-20
-1.563165136e-20
5.821959025e-20
-1.191761755e-20
6.088872726e-20
-8.999976742e-21
6.28697983e-20
-6.726474611e-21
6.432314312e-20
-4.965508988e-21
6.537258324e-20
-3.605615862e-21
6.611208205e-20
-2.553191444e-21
6.661099274e-20
-1.729494147e-21
6.691802621e-20
-1.067467164e-21
6.706405089e-20
-5.086180016e-22
6.706780407e-20
3.388359374e-34
-2.335930059e-21
8.674565141e-20
-2.328152942e-18
6.616986867e-19
-2.552074881e-18
-3.966641448e-18
-1.974210676e-18
2.624325408e-18
-2.060551649e-18
-3.433771221e-18
-1.89699622e-18
1.651946421e-18
-1.058991496e-18
-5.554593299e-20
2.554451929e-18
3.316629847e-09
-1.745433307e-11
3.418765731e-09
1.127374605e-10
3.458321859e-09
4.876771122e-10
3.295961183e-09
1.12532767e-09
2.617962524e-09
2.504019273e-09
1.667313464e-09
2.971380161e-09
-9.332516866e-11
5.104112753e-09
-1.904047988e-15
-2.181927607e-10
-2.468005794e-19
-5.631022066e-23
-2.146091322e-19
-7.575946063e-20
-1.671640297e-19
-1.215927438e-19
-1.18793535e-19
-1.370077253e-19
-7.641154112e-20
-1.327390559e-19
-4.19074223e-20
-1.18657626e-19
-1.484757429e-20
-1.011064312e-19
5.965660026e-21
-8.352663647e-20
2.180705891e-20
-6.754001965e-20
3.378880421e-20
-5.375345469e-20
4.281002469e-20
-4.224916758e-20
4.957395226e-20
-3.286059694e-20
5.462265904e-20
-2.53211222e-20
5.837136276e-20
-1.93410573e-20
6.113723106e-20
-1.464511414e-20
6.316222939e-20
-1.098842099e-20
6.463076392e-20
-8.161154832e-21
6.568303625e-20
-5.987393376e-21
6.642500765e-20
-4.321294163e-21
6.693577935e-20
-3.042278749e-21
6.727301972e-20
-2.050078025e-21
6.747687537e-20
-1.260024632e-21
6.757266889e-20
-5.987125156e-22
6.757900168e-20
-3.10772234e-33
8.006366254e-20
7.198774423e-20
-1.055408707e-18
1.792963303e-18
-1.654279619e-18
-3.371596956e-18
-1.03734249e-18
2.003639479e-18
-1.534725204e-18
-2.940133579e-18
-1.306208666e-18
1.41968274e-18
-9.763838429e-19
-3.891186852e-19
1.576196464e-18
3.353662929e-09
-1.556686478e-10
3.651910038e-09
-1.855040609e-10
3.998359185e-09
1.412370461e-10
4.129697526e-09
9.93999778e-10
3.562465112e-09
3.071260868e-09
2.506936457e-09
4.02691385e-09
-8.896710462e-11
7.700015017e-09
-5.550409745e-17
-3.071711492e-10
-3.225306968e-19
3.076628532e-21
-2.604426538e-19
-1.378431969e-19
-1.825790112e-19
-1.994473558e-19
-1.145248656e-19
-2.050481572e-19
-6.233011117e-20
-1.849156641e-19
-2.435622747e-20
-1.566091152e-19
2.732220402e-21
-1.281685773e-19
2.195227684e-20
-1.027169323e-19
3.559362387e-20
-8.114841404e-20
4.529309131e-20
-6.341722438e-20
5.219859533e-20
-4.911699549e-20
5.7113427e-20
-3.773664704e-20
6.060272394e-20
-2.877124207e-20
6.306730592e-20
-2.176669087e-20
6.479392421e-20
-1.633374299e-20
6.598949555e-20
-1.214781807e-20
6.680452538e-20
-8.942681658e-21
6.734913546e-20
-6.501918755e-21
6.770402307e-20
-4.650131474e-21
6.792798007e-20
-3.244730931e-21
6.806307312e-20
-2.168638206e-21
6.813818749e-20
-1.323921564e-21
6.817138141e-20
-6.262525423e-22
6.817457173e-20
-9.488188042e-33
9.554798829e-20
4.235819704e-20
-1.851917825e-19
2.069503763e-18
-8.767357192e-19
-2.683873737e-18
-3.123675554e-19
1.435527617e-18
-1.029367853e-18
-2.22687332e-18
-7.298001045e-19
1.116372915e-18
-6.910729438e-19
-4.315886345e-19
8.832523499e-19
3.618194729e-09
-4.861051182e-10
4.343437163e-09
-9.107385578e-10
5.350089734e-09
-8.654066065e-10
6.038592673e-09
3.055033324e-10
5.508349593e-09
3.601506254e-09
3.441977145e-09
6.093283524e-09
-4.782305366e-10
1.162021425e-08
4.308180598e-15
-7.85420613e-10
-4.634702362e-19
1.454195235e-20
-3.220472475e-19
-2.792619652e-19
-1.881798126e-19
-3.33305993e-19
-9.439237253e-20
-2.988221907e-19
-3.402356225e-20
-2.452668172e-19
4.084310432e-21
-1.9469502e-19
2.818386542e-20
-1.522421401e-19
4.352079508e-20
-1.180245454e-19
5.332481353e-20
-9.09199627e-20
5.95933202e-20
-6.965040899e-20
6.357894378e-20
-5.306519386e-20
6.607883197e-20
-4.019799092e-20
6.760727513e-20
-3.026081876e-20
6.850025381e-20
-2.262111028e-20
6.897984913e-20
-1.677577486e-20
6.919463197e-20
-1.232684218e-20
6.924528828e-20
-8.960206661e-21
6.920092274e-20
-6.427780586e-21
6.910942361e-20
-4.532832543e-21
6.900407279e-20
-3.118070228e-21
6.890778976e-20
-2.0559706e-21
6.883585651e-20
-1.240878963e-21
6.879763395e-20
-5.824430916e-22
6.879826591e-20
-1.339877677e-32
9.049386473e-20
1.840786226e-20
3.152431196e-19
1.840555907e-18
-3.509936019e-19
-2.021457522e-18
7.069281201e-20
1.010097699e-18
-6.473289095e-19
-1.512591293e-18
-3.629881743e-19
8.282905349e-19
-4.389757315e-19
-3.593433806e-19
4.424055164e-19
2.998642933e-09
-1.019311587e-09
4.243523993e-09
-2.155614506e-09
6.096693717e-09
-2.71857582e-09
7.661633946e-09
-1.259443165e-09
7.939096444e-09
3.32403245e-09
6.183843385e-09
7.848526344e-09
-3.60974967e-10
1.816502638e-08
8.904501899e-15
-1.146398109e-09
-7.574386739e-19
-1.52878973e-19
-3.76092369e-19
-6.606041572e-19
-1.536960103e-19
-5.556939723e-19
-4.083699903e-20
-4.116682482e-19
1.654823501e-20
-3.02635104e-19
4.653719026e-20
-2.246628863e-19
6.240146021e-20
-1.680811005e-19
7.062537773e-20
-1.262199849e-19
7.459436724e-20
-9.485736544e-20
7.617853534e-20
-7.119999782e-20
7.644614672e-20
-5.32959538e-20
7.601600414e-20
-3.972976188e-20
7.524698361e-20
-2.945334806e-20
7.434558922e-20
-2.168158282e-20
7.34287818e-20
-1.582184954e-20
7.256126749e-20
-1.142401238e-20
7.177771436e-20
-8.143934432e-21
7.109587078e-20
-5.716526905e-21
7.052418593e-20
-3.935655119e-21
7.006617242e-20
-2.63900068e-21
6.97228814e-20
-1.69649811e-21
6.949429238e-20
-1.0013312e-21
6.938007704e-20
-4.627315704e-22
6.938225542e-20
-1.371040035e-32
8.02077873e-20
5.330378668e-21
4.846037743e-19
1.431960802e-18
-9.894677213e-20
-1.441727768e-18
2.033247851e-19
7.040823584e-19
-3.752344984e-19
-9.377718358e-19
-1.493738583e-19
5.986882267e-19
-2.60834965e-19
-2.516245359e-19
1.796994689e-19
2.279597499e-09
-2.09191454e-09
5.120127093e-09
-4.996147814e-09
9.215761595e-09
-6.814224205e-09
1.390863596e-08
-5.952339092e-09
1.540628836e-08
1.826360295e-09
1.176288551e-08
1.149192329e-08
8.796836153e-10
2.904824152e-08
4.099074418e-17
-2.667056213e-10
-1.265316129e-18
-4.161481703e-18
-2.711803247e-19
-1.654736016e-18
-9.67028623e-21
-8.171964983e-19
6.819614518e-20
-4.895226752e-19
9.452045273e-20
-3.289430646e-19
1.03118976e-19
-2.332410468e-19
1.042625759e-19
-1.69199852e-19
1.019879971e-19
-1.239177347e-19
9.825173486e-20
-9.109052837e-20
9.408257936e-20
-6.699717419e-20
9.001233864e-20
-4.918963847e-20
8.629241795e-20
-3.597241581e-20
8.301874885e-20
-2.614179626e-20
8.02053225e-20
-1.883054033e-20
7.782661896e-20
-1.340653079e-20
7.584134544e-20
-9.403918066e-21
7.420512189e-20
-6.475463114e-21
7.287674257e-20
-4.359167871e-21
7.182084037e-20
-2.854639474e-21
7.100867499e-20
-1.80610227e-21
7.041804831e-20
-1.089952001e-21
7.003289201e-20
-6.054085966e-22
6.984280861e-20
-2.672631667e-22
6.984713092e-20
-1.232342883e-32
7.369126696e-20
-7.715136979e-22
4.792308052e-19
1.022221502e-18
8.000887008e-21
-9.743189916e-19
2.13474985e-19
4.948642525e-19
-1.986061366e-19
-5.294306795e-19
-3.460330714e-20
4.309436607e-19
-1.40010403e-19
-1.499597192e-19
3.781796861e-20
-5.956837103e-10
-3.338043063e-09
1.698252217e-09
-7.290098076e-09
5.189490713e-09
-1.030549239e-08
1.289559857e-08
-1.365846989e-08
2.006231682e-08
-5.34036501e-09
3.497109261e-09
2.805714097e-08
-1.582617206e-08
4.837155243e-08
-3.897976034e-18
-1.609289177e-08
1.241873673e-18
-9.445081898e-18
5.663592637e-19
-9.792186695e-19
3.180035369e-19
-5.6883389e-19
2.287757558e-19
-4.002837545e-19
1.902224705e-19
-2.903742567e-19
1.671601708e-19
-2.10159186e-19
1.495446932e-19
-1.515596554e-19
1.348152035e-19
-1.091608248e-19
1.22345089e-19
-7.859047912e-20
1.118901151e-19
-5.650934023e-20
1.032295613e-19
-4.049382798e-20
9.61230375e-20
-2.882921837e-20
9.033000479e-20
-2.031154593e-20
8.562933204e-20
-1.409285744e-20
8.182923168e-20
-9.570397748e-21
7.876980039e-20
-6.310236115e-21
7.632141713e-20
-3.995378222e-21
7.438127097e-20
-2.390546846e-21
7.286937757e-20
-1.318083214e-21
7.172482526e-20
-6.412038313e-22
7.090259171e-20
-2.521121796e-22
7.037103744e-20
-6.331445156e-23
7.011007178e-20
-1.038420696e-24
7.011348308e-20
-1.104961275e-32
7.029988816e-20
-3.21454425e-21
4.089855278e-19
6.793355391e-19
5.362102447e-20
-6.227761073e-19
1.831065094e-19
3.616344695e-19
-8.962532383e-20
-2.604390043e-19
2.174938207e-20
3.158270963e-19
-6.25893459e-20
-6.936334046e-20
-2.664253468e-20
-8.639796059e-09
-1.443160484e-09
-1.067408324e-08
-5.255835417e-09
-4.385480711e-09
-1.659412788e-08
1.268819614e-08
-3.073216182e-08
3.392207933e-08
-2.65742622e-08
3.356870976e-08
2.841053348e-08
1.830571662e-08
6.36345771e-08
3.083200202e-09
-8.703150326e-10
3.2705887e-18
3.083199933e-09
9.766753802e-19
1.115702891e-18
4.865534903e-19
-7.870650641e-20
3.386852535e-19
-2.524051473e-19
2.704375412e-19
-2.221116524e-19
2.257597014e-19
-1.654623178e-19
1.919435237e-19
-1.177191979e-19
1.653855492e-19
-8.25755384e-20
1.444262279e-19
-5.760130599e-20
1.279056273e-19
-3.995623297e-20
1.148941709e-19
-2.744770902e-20
1.046407099e-19
-1.853976371e-20
9.654869328e-20
-1.218298407e-20
9.015179173e-20
-7.659600087e-21
8.508939332e-20
-4.472616372e-21
8.108465828e-20
-2.271892853e-21
7.792624851e-20
-8.058831745e-22
7.54537346e-20
1.098719646e-22
7.354625695e-20
6.135485791e-22
7.211391691e-20
8.110464913e-22
7.109138944e-20
7.856714118e-22
7.043331347e-20
6.05051993e-22
7.01111102e-20
3.262896498e-22
7.011513744e-20
-6.297936845e-33
6.822010681e-20
-3.576194711e-21
3.193727072e-19
4.239818304e-19
6.389160985e-20
-3.711171543e-19
1.438976592e-19
2.778838205e-19
-2.787849989e-20
-9.240322844e-20
4.486865639e-20
2.393379002e-19
-1.662695218e-20
-1.161022876e-20
-4.514076203e-20
-1.992832709e-08
2.284567203e-09
-1.948874158e-08
-5.695448277e-09
-1.182054903e-08
-2.426235583e-08
-6.550676015e-10
-4.189765901e-08
2.029840102e-08
-4.752771262e-08
4.032582276e-08
8.383151646e-09
3.163112947e-08
7.232926897e-08
2.816000716e-09
2.794474966e-08
-4.2286632e-18
5.899237808e-09
-2.174215566e-19
-1.589101381e-18
3.128549988e-19
-6.08978316e-19
3.689787484e-19
-3.085186058e-19
3.270868759e-19
-1.802061226e-19
2.735028213e-19
-1.118594801e-19
2.270871832e-19
-7.128073887e-20
1.903597816e-19
-4.582226119e-20
1.62071301e-19
-2.928388363e-20
1.404141513e-19
-1.82672933e-20
1.238021162e-19
-1.080174087e-20
1.109974896e-19
-5.699878271e-21
1.010720773e-19
-2.221740797e-21
9.333877545e-20
1.093525256e-22
8.729011684e-20
1.610717342e-21
8.255066796e-20
2.500464183e-21
7.884200364e-20
2.93319818e-21
7.595741121e-20
3.021754693e-21
7.374375486e-20
2.850812947e-21
7.208854183e-20
2.485704232e-21
7.091077002e-20
1.978328152e-21
7.015455113e-20
1.371300297e-21
6.978482055e-20
7.010081252e-22
6.978757392e-20
-2.252541438e-33
6.689308728e-20
-2.936732042e-21
2.324953925e-19
2.54177704e-19
5.44831416e-20
-1.969276439e-19
1.07087588e-19
2.21534318e-19
3.617393785e-21
7.326222207e-21
5.055692241e-20
1.886560307e-19
7.763820292e-21
2.744010412e-20
-3.924841853e-20
-1.225230454e-08
3.423597891e-09
-1.392465945e-08
-4.023118407e-09
-1.892495696e-08
-1.926210077e-08
-2.524679608e-08
-3.557578904e-08
-2.065655318e-08
-5.211793005e-08
1.205828114e-08
-2.433167355e-08
2.426251653e-08
6.012503236e-08
5.575212903e-09
4.663193117e-08
-2.933575983e-18
1.147446977e-08
7.638843193e-19
-9.707130822e-19
6.133153869e-19
-4.584053242e-19
4.972912316e-19
-1.924845209e-19
3.954335184e-19
-7.833761647e-20
3.140815625e-19
-3.048913626e-20
2.525456609e-19
-9.722413416e-21
2.068981592e-19
-1.494472907e-22
1.730878913e-19
4.554736543e-21
1.478797037e-19
6.972007341e-21
1.289039788e-19
8.207162485e-21
1.14475627e-19
8.762966871e-21
1.034031706e-19
8.885795459e-21
9.484014027e-20
8.707284166e-21
8.817986368e-20
8.304916631e-21
8.298340196e-20
7.729096509e-21
7.893056016e-20
7.015760309e-21
7.578646947e-20
6.192499957e-21
7.337864615e-20
5.281682398e-21
7.158116575e-20
4.302152564e-21
7.030374216e-20
3.2702589e-21
6.948425896e-20
2.200549843e-21
6.908381243e-20
1.106307473e-21
6.908777912e-20
1.676112837e-33
6.576852723e-20
-1.873800225e-21
1.59941376e-19
1.558020665e-19
3.859281294e-20
-7.94024651e-20
7.627396576e-20
1.801075487e-19
1.72579895e-20
6.260095397e-20
4.765687277e-20
1.545143627e-19
1.867511713e-20
5.2678672e-20
-2.244507174e-20
3.029151117e-09
2.80346301e-09
-5.469448436e-10
-4.470598014e-10
-1.093446331e-08
-8.874576434e-09
-2.575601058e-08
-2.075421494e-08
-3.737356927e-08
-4.050041021e-08
-2.685109893e-08
-3.485412226e-08
-8.844978915e-09
4.21189657e-08
5.368677345e-10
3.725012928e-08
-1.724032351e-16
1.201133782e-08
1.278486091e-18
-7.041433426e-19
8.792347554e-19
-5.915187049e-20
6.114381361e-19
7.532249374e-20
4.432819986e-19
8.983135996e-20
3.348482853e-19
7.796275413e-20
2.62118627e-19
6.302894639e-20
2.11602343e-19
5.039161758e-20
1.755051621e-19
4.067975383e-20
1.491148589e-19
3.339277669e-20
1.294597832e-19
2.789467783e-20
1.145984556e-19
2.365802657e-20
1.032246593e-19
2.029390615e-20
9.443777273e-20
1.752829683e-20
8.760404355e-20
1.51717921e-20
8.227006576e-20
1.309449262e-20
7.81072998e-20
1.120754416e-20
7.487565191e-20
9.450166373e-21
7.239911632e-20
7.780704324e-21
7.054927209e-20
6.170491305e-21
6.923403311e-20
4.59963168e-21
6.839001659e-20
3.054074686e-21
6.797750495e-20
1.523541595e-21
6.79793571e-20
6.65007329e-33
6.447662435e-20
-6.273143189e-22
1.063601246e-19
1.097147626e-19
2.523952151e-20
-2.106015316e-21
5.290871978e-20
1.486921234e-19
2.206239473e-20
8.97054641e-20
4.14455143e-20
1.313879039e-19
2.208534078e-20
6.829510195e-20
-2.231866454e-21
7.919339658e-09
4.999021255e-10
9.969072881e-09
-2.496810579e-09
8.599456638e-09
-7.504973197e-09
-3.611588492e-09
-8.543202294e-09
-3.289778162e-08
-1.121424213e-08
-5.634914537e-08
-1.140272468e-08
-2.010479889e-08
5.874630912e-09
-4.778072424e-09
2.192340305e-08
-6.215416847e-16
7.233264927e-09
1.926881315e-18
1.887612759e-18
1.013708543e-18
8.540199452e-19
6.259470023e-19
4.630907913e-19
4.314133927e-19
2.843781459e-19
3.199144776e-19
1.89479296e-19
2.494812982e-19
1.334831431e-19
2.018904793e-19
9.800671321e-20
1.682181849e-19
7.437934977e-20
1.4361676e-19
5.802401497e-20
1.252231319e-19
4.632002506e-20
1.112343352e-19
3.767981049e-20
1.0045905e-19
3.110274069e-20
9.2081268e-20
2.593942187e-20
8.552674407e-20
2.175868238e-20
8.03831173e-20
1.826879099e-20
7.634992202e-20
1.526906705e-20
7.320618986e-20
1.26192953e-20
7.07889033e-20
1.02199312e-20
6.897841246e-20
7.999015785e-21
6.768847611e-20
5.903339722e-21
6.68594835e-20
3.892326981e-21
6.645396336e-20
1.933660206e-21
6.645569041e-20
9.44161148e-33
6.298262734e-20
5.897172309e-22
7.212431687e-20
9.636822769e-20
1.907510555e-20
4.711806992e-20
3.773941652e-20
1.262807136e-19
2.339667109e-20
1.003056325e-19
3.480486248e-20
1.162356469e-19
2.165538988e-20
7.770010288e-20
1.755094411e-20
4.268762704e-09
-2.021072087e-10
3.998608564e-09
-2.226683528e-09
1.318313471e-09
-4.824701387e-09
4.330221853e-10
-7.657901082e-09
-1.069445883e-09
-9.711749753e-09
-7.501781851e-09
-4.970483494e-09
-1.053194249e-08
8.9048228e-09
-7.233265347e-09
1.862472657e-08
1.197571284e-18
4.723987755e-18
8.950755867e-19
2.190108455e-18
6.227807552e-19
1.126318597e-18
4.472343568e-19
6.386461063e-19
3.365145429e-19
3.95111643e-19
2.639183247e-19
2.620927641e-19
2.140048684e-19
1.834172034e-19
1.782631158e-19
1.337723318e-19
1.518628501e-19
1.008063881e-19
1.319127701e-19
7.800327095e-20
1.165829174e-19
6.168090645e-20
1.046572654e-19
4.963772581e-20
9.529573116e-20
4.049706657e-20
8.790052851e-20
3.33671893e-20
8.203685269e-20
2.765395626e-20
7.738339336e-20
2.29521945e-20
7.370015027e-20
1.897996991e-20
7.080682575e-20
1.553741625e-20
6.856798789e-20
1.24801822e-20
6.68827364e-20
9.70185656e-21
6.567746337e-20
7.122036637e-21
6.490081672e-20
4.677995942e-21
6.452030315e-20
2.318655014e-21
6.45233965e-20
1.289325285e-32
6.12558736e-20
1.598562828e-21
5.426345989e-20
9.915436781e-20
2.025522118e-20
7.730010023e-20
3.016109966e-20
1.12626606e-19
2.393066257e-20
1.027924557e-19
2.917789887e-20
1.072433751e-19
1.960100094e-20
8.353158495e-20
3.527880996e-20
2.082435983e-09
-3.227719393e-10
1.524934964e-09
-1.669183082e-09
-3.067624609e-10
-2.993019065e-09
-3.481220435e-09
-4.483469498e-09
-8.385610643e-09
-4.807327736e-09
-6.787558519e-09
-6.568492788e-09
-2.981201737e-09
5.098377009e-09
-1.040111779e-16
1.564355751e-08
-1.256985016e-18
9.716403819e-19
-1.687279832e-19
1.101852345e-18
1.351082644e-19
8.224871223e-19
2.036998936e-19
5.700642374e-19
2.034956639e-19
3.95329433e-19
1.85242764e-19
2.803626254e-19
1.643599968e-19
2.043203012e-19
1.452971721e-19
1.528586453e-19
1.29059733e-19
1.170700852e-19
1.155904056e-19
9.150117201e-20
1.045397367e-19
7.276194895e-20
9.551660617e-20
5.869241522e-20
8.816585389e-20
4.787986186e-20
8.218729547e-20
3.937754601e-20
7.733509093e-20
3.253701049e-20
7.341116877e-20
2.690535829e-20
7.025759662e-20
2.216055847e-20
6.77495917e-20
1.806963852e-20
6.578966224e-20
1.446101583e-20
6.430291648e-20
1.120576346e-20
6.323342268e-20
8.20462092e-21
6.254147579e-20
5.378739156e-21
6.220164814e-20
2.66285316e-21
6.220067334e-20
1.504478797e-32
5.927333503e-20
2.27181202e-21
4.721868382e-20
1.070010829e-19
2.545934667e-20
9.523199873e-20
2.793066033e-20
1.064058703e-19
2.43888774e-20
1.025894273e-19
2.496583857e-20
1.029202021e-19
1.709031149e-20
8.76605431e-20
5.049530936e-20
1.37641541e-09
-2.924014773e-10
7.846058182e-10
-1.077362062e-09
-4.883793414e-10
-1.720056648e-09
-2.422469965e-09
-2.549360154e-09
-6.163872269e-09
-1.065894878e-09
-1.221662451e-08
-5.156917071e-10
-1.020356422e-08
3.085364788e-09
-1.297551045e-16
5.440028842e-09
-1.123917437e-18
-9.30832312e-20
-4.480878659e-19
4.260250682e-19
-1.173146205e-19
4.917199935e-19
2.896508925e-20
4.237944596e-19
8.852885629e-20
3.357790529e-19
1.092004398e-19
2.597078395e-19
1.128983408e-19
2.006424927e-19
1.095086121e-19
1.562714814e-19
1.034908198e-19
1.231136418e-19
9.685118254e-20
9.816881746e-20
9.0470203e-20
7.917267257e-20
8.47040528e-20
6.448942941e-20
7.966353804e-20
5.295167761e-20
7.534675995e-20
4.372536961e-20
7.170343873e-20
3.621045383e-20
6.866636894e-20
2.997098948e-20
6.616667666e-20
2.468664303e-20
6.414096902e-20
2.011899987e-20
6.253440988e-20
1.608798358e-20
6.130177394e-20
1.245514544e-20
6.040754091e-20
9.111623583e-21
5.98255898e-20
5.969270907e-21
5.953879498e-20
2.953913428e-21
5.954046049e-20
1.533609418e-32
5.688946322e-20
2.664209346e-21
4.516889159e-20
1.145120629e-19
3.082886455e-20
1.057430382e-19
2.824348841e-20
1.052404621e-19
2.458797749e-20
1.024987626e-19
2.193097327e-20
1.018296258e-19
1.463803486e-20
9.120555696e-20
6.32587448e-20
2.68654574e-10
-1.912371706e-10
-1.938121612e-10
-6.148798615e-10
-1.050063877e-09
-8.638016494e-10
-2.570148868e-09
-1.029248256e-09
-3.586958793e-09
-4.900927289e-11
-4.860623127e-09
7.579916378e-10
-3.871353089e-09
2.096125065e-09
-7.496466905e-15
1.568686727e-09
-6.04192319e-19
-1.863953084e-20
-3.823900522e-19
2.042256777e-19
-1.852401544e-19
2.945765123e-19
-5.90503175e-20
2.976145239e-19
1.24576429e-20
2.642844142e-19
5.013509297e-20
2.220470647e-19
6.852732949e-20
1.822700901e-19
7.635077253e-20
1.484707614e-19
7.854599541e-20
1.209437134e-19
7.785503765e-20
9.888723944e-20
7.578695984e-20
8.12698696e-20
7.316630101e-20
6.714025385e-20
7.043723003e-20
5.571130904e-20
6.783184418e-20
4.636105874e-20
6.546397438e-20
3.860773307e-20
6.338202249e-20
3.208083551e-20
6.159903351e-20
2.649540881e-20
6.010995272e-20
2.163117674e-20
5.890157173e-20
1.731628404e-20
5.795825208e-20
1.341480446e-20
5.726518824e-20
9.817145903e-21
5.681023232e-20
6.432600245e-21
5.658488155e-20
3.183429196e-21
5.659073443e-20
1.510113688e-32
5.40981229e-20
2.894548213e-21
4.442545162e-20
1.199731729e-19
3.425913915e-20
1.120785615e-19
2.896353544e-20
1.067836647e-19
2.426612802e-20
1.034484151e-19
1.965209824e-20
1.026945019e-19
1.244305345e-20
9.466511317e-20
7.382630937e-20
1.250885507e-10
-1.164274373e-10
-1.481446937e-10
-3.416799268e-10
-5.671145042e-10
-4.448554193e-10
-1.168810031e-09
-4.275587633e-10
-1.456017357e-09
2.382350813e-10
-1.732226836e-09
1.034211334e-09
-1.101821458e-09
1.465713671e-09
-1.148013263e-15
4.668457467e-10
-3.812550589e-19
2.210112965e-22
-2.920376265e-19
1.150112506e-19
-1.822021427e-19
1.847474341e-19
-9.238042722e-20
2.078027042e-19
-2.977970658e-20
2.016969692e-19
1.035811833e-20
1.819257505e-19
3.472800084e-20
1.579197528e-19
4.882372447e-20
1.343973803e-19
5.648952148e-20
1.13302751e-19
6.023766781e-20
9.516600776e-20
6.16573441e-20
7.987866975e-20
6.173735619e-20
6.708969342e-20
6.108697974e-20
5.639150035e-20
6.007851851e-20
4.739908376e-20
5.893707682e-20
3.977787472e-20
5.779659579e-20
3.324854237e-20
5.673480144e-20
2.758235976e-20
5.579506002e-20
2.259345196e-20
5.500009215e-20
1.813068113e-20
5.436059352e-20
1.407023923e-20
5.388064258e-20
1.03092505e-20
5.356106127e-20
6.76035398e-21
5.340145235e-20
3.347105903e-21
5.340443471e-20
1.550288037e-32
5.106863169e-20
2.970558505e-21
4.339498888e-20
1.234330155e-19
3.535402804e-20
1.162867888e-19
2.903278314e-20
1.093506424e-19
2.336758324e-20
1.053640388e-19
1.777058445e-20
1.045405553e-19
1.055171351e-20
9.813272037e-20
8.250154532e-20
-1.843652631e-10
-5.801303804e-11
-3.794246518e-10
-1.466448298e-10
-6.623069124e-10
-1.619980562e-10
-1.013687755e-09
-7.619078674e-11
-1.053707051e-09
2.782669457e-10
-7.758620668e-10
7.563821215e-10
-2.526423421e-10
9.425134987e-10
-1.158993929e-16
2.142173691e-10
-2.664451281e-19
1.199130511e-22
-2.223010753e-19
7.087020332e-20
-1.591468726e-19
1.215996417e-19
-9.848616216e-20
1.471518789e-19
-4.955092529e-20
1.527749005e-19
-1.364787939e-20
1.460389954e-19
1.12056284e-20
1.330854821e-19
2.772909509e-20
1.178958697e-19
3.835277828e-20
1.027034236e-19
4.49503298e-20
8.859478705e-20
4.886836776e-20
7.598843034e-20
5.103916312e-20
6.494761156e-20
5.209456315e-20
5.536515651e-20
5.245730947e-20
4.706515238e-20
5.240774446e-20
3.98554177e-20
5.213041319e-20
3.355241403e-20
5.174589364e-20
2.799139736e-20
5.133228919e-20
2.302901326e-20
5.093965025e-20
1.854225107e-20
5.05996048e-20
1.442581628e-20
5.033174605e-20
1.058896095e-20
5.014781319e-20
6.952261884e-21
5.005434645e-20
3.444544855e-21
5.005435323e-20
1.397531806e-32
4.780072894e-20
2.963308638e-21
4.152881674e-20
1.254886558e-19
3.457705542e-20
1.194037209e-19
2.819187286e-20
1.119795202e-19
2.200155633e-20
1.078027694e-19
1.606548843e-20
1.067236981e-19
8.944700329e-21
1.015002835e-19
8.956869783e-20
-1.936878535e-10
-2.591602923e-11
-2.875966967e-10
-5.272991634e-11
-4.136558407e-10
-3.59337755e-11
-5.609326612e-10
7.108272587e-11
-5.652967537e-10
2.826360421e-10
-3.715416758e-10
5.626278471e-10
-8.843878282e-11
6.594159428e-10
1.393268016e-15
1.257818524e-10
-1.956777927e-19
6.972716902e-23
-1.715716137e-19
4.676703372e-20
-1.335946354e-19
8.362906649e-20
-9.286314052e-20
1.064301897e-19
-5.628683041e-20
1.162115836e-19
-2.660139273e-20
1.163695927e-19
-3.983983967e-21
1.104869807e-19
1.253664892e-20
1.013967732e-19
2.424414178e-20
9.101975732e-20
3.234397309e-20
8.052064834e-20
3.782754898e-20
7.053193091e-20
4.145670807e-20
6.134639722e-20
4.379455901e-20
5.305557969e-20
4.524757479e-20
4.564017805e-20
4.61047408e-20
3.902547797e-20
4.656939652e-20
3.311358071e-20
4.678350954e-20
2.780113384e-20
4.684552699e-20
2.298835305e-20
4.682321547e-20
1.858298194e-20
4.676274947e-20
1.450140381e-20
4.669504699e-20
1.066821237e-20
4.664009616e-20
7.014990963e-21
4.66098016e-20
3.47871577e-21
4.661162752e-20
1.261558461e-32
4.441360438e-20
2.898107161e-21
3.891493341e-20
1.267684449e-19
3.260024565e-20
1.218812623e-19
2.657973739e-20
1.142415071e-19
2.033216048e-20
1.102965946e-19
1.443846983e-20
1.088623273e-19
7.581963445e-21
1.046014454e-19
9.527198248e-20
-2.427098173e-10
-4.608964234e-12
-2.969736718e-10
1.543257842e-12
-3.648983351e-10
3.201199587e-11
-4.099220667e-10
1.161180182e-10
-3.652795126e-10
2.380021583e-10
-2.0115738e-10
3.985041253e-10
-1.664236685e-11
4.748968614e-10
3.015559827e-15
1.091337802e-10
-1.489646494e-19
5.488039895e-23
-1.347095444e-19
3.251493476e-20
-1.107935122e-19
5.971937429e-20
-8.308174663e-20
7.872808492e-20
-5.612882127e-20
8.927143413e-20
-3.248400474e-20
9.274052415e-20
-1.307419145e-20
9.109570117e-20
2.159633015e-21
8.618400231e-20
1.37450328e-20
7.945758471e-20
2.235525565e-20
7.193541799e-20
2.86420153e-20
6.427147836e-20
3.316589054e-20
5.684966066e-20
3.637915737e-20
4.986976861e-20
3.863287471e-20
4.341368757e-20
4.019284354e-20
3.749193828e-20
4.125694965e-20
3.207453424e-20
4.197072876e-20
2.711049751e-20
4.244015587e-20
2.253965558e-20
4.274163734e-20
1.829939056e-20
4.292955803e-20
1.432818502e-20
4.304182558e-20
1.056718614e-20
4.310382097e-20
6.960574118e-21
4.313108582e-20
3.455228901e-21
4.31308515e-20
1.092566043e-32
4.095366749e-20
2.811932808e-21
3.578413507e-20
1.277162709e-19
2.998998089e-20
1.238357435e-19
2.446711905e-20
1.160033848e-19
1.851799541e-20
1.124895919e-19
1.286902816e-20
1.107539237e-19
6.423595198e-21
1.072892639e-19
9.981571321e-20
-2.139621231e-10
5.300467356e-12
-2.392812589e-10
2.686568337e-11
-2.674348745e-10
6.017530369e-11
-2.781204473e-10
1.268054249e-10
-2.421993961e-10
2.020803285e-10
-1.412404142e-10
2.975368944e-10
-1.420643011e-11
3.478516431e-10
4.139796034e-15
9.491449576e-11
-1.164921592e-19
4.421614072e-23
-1.075051041e-19
2.353085234e-20
-9.178480161e-20
4.400530276e-20
-7.253839742e-20
5.949115968e-20
-5.265973125e-20
6.94052928e-20
-3.412882772e-20
7.422503252e-20
-1.798589031e-20
7.497085384e-20
-4.566784587e-21
7.278538721e-20
6.222866079e-21
6.869048738e-20
1.469131602e-20
6.349120002e-20
2.12201976e-20
5.776808545e-20
2.618599849e-20
5.191014618e-20
2.992307633e-20
4.61592778e-20
3.271112541e-20
4.0651995e-20
3.47754395e-20
3.54531991e-20
3.629291292e-20
3.058130551e-20
3.739988683e-20
2.602591725e-20
3.819989085e-20
2.175972262e-20
3.877043181e-20
1.774618958e-20
3.916855915e-20
1.394432625e-20
3.943521356e-20
1.031145601e-20
3.959847575e-20
6.804683765e-21
3.967585692e-20
3.381522352e-21
3.967985398e-20
8.15160322e-33
3.754632345e-20
2.676963536e-21
3.247226206e-20
1.285654748e-19
2.716431459e-20
1.253013579e-19
2.213574516e-20
1.172684065e-19
1.669055613e-20
1.141761487e-19
1.138053523e-20
1.123041276e-19
5.438301873e-21
1.094714893e-19
1.033729169e-19
-1.971552925e-10
1.015914966e-11
-2.064261572e-10
3.613747364e-11
-2.13748276e-10
6.749724027e-11
-2.048272522e-10
1.178741956e-10
-1.68389366e-10
1.656312939e-10
-9.60445182e-11
2.251786521e-10
-1.119434068e-11
2.629866381e-10
4.216086137e-15
8.370410751e-11
-9.299206322e-20
3.519726596e-23
-8.703065707e-20
1.757236202e-20
-7.629894468e-20
3.327968856e-20
-6.26242643e-20
4.582574727e-20
-4.783999153e-20
5.463324599e-20
-3.33830064e-20
5.978305314e-20
-2.017135694e-20
6.177676851e-20
-8.661684411e-21
6.12955628e-20
1.02357872e-21
5.9027036e-20
8.968201446e-21
5.556999197e-20
1.536225833e-20
5.139864568e-20
2.043513011e-20
4.686265185e-20
2.441579354e-20
4.220426992e-20
2.751232952e-20
3.75808794e-20
2.99035459e-20
3.308664058e-20
3.173752466e-20
2.877070219e-20
3.31336922e-20
2.465135112e-20
3.418635781e-20
2.072643723e-20
3.496856848e-20
1.698074488e-20
3.553568891e-20
1.339102273e-20
3.592844131e-20
9.929296172e-21
3.617531434e-20
6.564964363e-21
3.629433457e-20
3.266065722e-21
3.629503092e-20
6.395470932e-33
3.418316989e-20
2.521420922e-21
2.916996614e-20
1.293506299e-19
2.438831517e-20
1.262378365e-19
1.981219342e-20
1.180783147e-19
1.494749178e-20
1.152796127e-19
1.001241749e-20
1.134768366e-19
4.605201673e-21
1.111162088e-19
1.060957485e-19
-1.682043586e-10
1.163067387e-11
-1.692997537e-10
3.722968582e-11
-1.669078334e-10
6.509832253e-11
-1.526696987e-10
1.0362056e-10
-1.231904647e-10
1.361366977e-10
-7.31208337e-11
1.75094335e-10
-1.214524356e-11
2.019961948e-10
3.355398665e-15
7.154408524e-11
-7.544415512e-20
2.78158534e-23
-7.132333149e-20
1.34543861e-20
-6.375288598e-20
2.571518837e-20
-5.381676557e-20
3.589864338e-20
-4.269018438e-20
4.351852882e-20
-3.138929103e-20
4.849668284e-20
-2.065256266e-20
5.105700159e-20
-1.093021122e-20
5.159234884e-20
-2.433465306e-21
5.055130102e-20
4.796855152e-21
4.836221279e-20
1.08262645e-20
4.53929223e-20
1.577674818e-20
4.193657067e-20
1.979240302e-20
3.821326897e-20
2.301809069e-20
3.437960698e-20
2.558760751e-20
3.054080242e-20
2.76181736e-20
2.67625903e-20
2.92087783e-20
2.308151408e-20
3.044066547e-20
1.951320635e-20
3.137884633e-20
1.605872859e-20
3.207396235e-20
1.270924826e-20
3.25641095e-20
9.449389412e-21
3.28764157e-20
6.259577337e-21
3.302826885e-20
3.117654907e-21
3.30276675e-20
4.394284183e-33
3.093715001e-20
2.342837355e-21
2.609286937e-20
1.299634943e-19
2.183880046e-20
1.266437469e-19
1.766386069e-20
1.184842652e-19
1.335563711e-20
1.158238989e-19
8.800401689e-21
1.142670772e-19
3.909877375e-21
1.12241676e-19
1.081219559e-19
-1.420556985e-10
1.135956566e-11
-1.395933002e-10
3.476124278e-11
-1.331418842e-10
5.863730553e-11
-1.178034906e-10
8.826777111e-11
-9.273762528e-11
1.110572303e-10
-5.597676594e-11
1.383212538e-10
-1.143096098e-11
1.574385147e-10
2.231253599e-15
6.010231711e-11
-6.200822821e-20
2.25984326e-23
-5.906252662e-20
1.051145455e-20
-5.356943097e-20
2.022785648e-20
-4.619688014e-20
2.853480745e-20
-3.771203036e-20
3.504511712e-20
-2.882897228e-20
3.962759836e-20
-2.01172154e-20
4.236154157e-20
-1.197125904e-20
4.346476317e-20
-4.62255354e-21
4.322275092e-20
1.827564662e-21
4.19337037e-20
7.369912877e-21
3.987326352e-20
1.205344648e-20
3.727639431e-20
1.595874103e-20
3.433155622e-20
1.917928613e-20
3.118240692e-20
2.180939539e-20
2.793333638e-20
2.393709738e-20
2.465637448e-20
2.564047057e-20
2.139803569e-20
2.69861877e-20
1.818538738e-20
2.802936601e-20
1.503108191e-20
2.88141035e-20
1.19373475e-20
2.937429742e-20
8.899057411e-21
2.973449327e-20
5.906045473e-21
2.991061394e-20
2.944842791e-21
2.991581403e-20
2.66293606e-33
2.780885665e-20
2.172515848e-21
2.332290281e-20
1.302145303e-19
1.959970445e-20
1.265157281e-19
1.578389984e-20
1.185282481e-19
1.194845279e-20
1.158926533e-19
7.763485326e-21
1.146843753e-19
3.338475333e-21
1.128990292e-19
1.095754557e-19
-1.181589352e-10
1.034111533e-11
-1.141555681e-10
3.075109526e-11
-1.063695299e-10
5.084323004e-11
-9.181944335e-11
7.37084136e-11
-7.137442835e-11
9.060379553e-11
-4.351049255e-11
1.10449641e-10
-1.019289127e-11
1.241132299e-10
1.380381007e-15
4.990268048e-11
-5.151164666e-20
1.8021359e-23
-4.934612152e-20
8.348607773e-21
-4.526248e-20
1.614976372e-20
-3.968657047e-20
2.296726409e-20
-3.312954912e-20
2.849905606e-20
-2.609502907e-20
3.260645184e-20
-1.90139938e-20
3.529609005e-20
-1.221327129e-20
3.668159508e-20
-5.911600752e-21
3.694032573e-20
-2.328755185e-22
3.62755941e-20
4.77304367e-21
3.488897073e-20
9.10860838e-21
3.296307426e-20
1.280959174e-20
3.065301944e-20
1.593021559e-20
2.80840023e-20
1.853243349e-20
2.535267893e-20
2.067875859e-20
2.253052677e-20
2.242782225e-20
1.966795679e-20
2.383188224e-20
1.679843121e-20
2.493563159e-20
1.394219504e-20
2.577581341e-20
1.110946235e-20
2.638128549e-20
8.303037208e-21
2.677329059e-20
5.520424681e-21
2.696577115e-20
2.755522863e-21
2.696608797e-20
2.501210965e-33
2.490175958e-20
1.966195278e-21
2.097338053e-20
1.299044368e-19
1.770411732e-20
1.25930669e-19
1.420403169e-20
1.182536752e-19
1.073151457e-20
1.155957397e-19
6.899533153e-21
1.147460229e-19
2.874191811e-21
1.131541113e-19
1.105633813e-19
-9.751787975e-11
9.034901317e-12
-9.319572569e-11
2.642397875e-11
-8.54322829e-11
4.307598335e-11
-7.274227354e-11
6.101518536e-11
-5.586067855e-11
7.37191449e-11
-3.428603218e-11
8.887150777e-11
-8.800499437e-12
9.862345314e-11
8.286645171e-16
4.109821752e-11
-4.317469876e-20
1.451141608e-23
-4.154496285e-20
6.721442683e-21
-3.844497963e-20
1.30550855e-20
-3.41547785e-20
1.86850453e-20
-2.902215334e-20
2.337687645e-20
-2.340539086e-20
2.700242467e-20
-1.762848877e-20
2.953401716e-20
-1.195454064e-20
3.102433762e-20
-6.576332383e-21
3.158039845e-20
-1.619498888e-21
3.133832339e-20
2.847147206e-21
3.044282764e-20
6.798553559e-21
2.903274311e-20
1.024057459e-20
2.723225943e-20
1.319889222e-20
2.514673489e-20
1.571028133e-20
2.286172964e-20
1.781618861e-20
2.044405241e-20
1.955829667e-20
1.794388698e-20
2.097564606e-20
1.539735243e-20
2.21028989e-20
1.28290948e-20
2.296938827e-20
1.025468954e-20
2.359867296e-20
7.682758815e-21
2.400838877e-20
5.116786607e-21
2.421024829e-20
2.556661186e-21
2.420826781e-20
1.633365075e-33
2.214724307e-20
1.755588112e-21
1.893537778e-20
1.288743112e-19
1.609606462e-20
1.249125233e-19
1.288806081e-20
1.176840462e-19
9.682511589e-21
1.15029045e-19
6.185249858e-21
1.144702661e-19
2.495829344e-21
1.130706711e-19
1.111716701e-19
-8.032131051e-11
7.63289306e-12
-7.61012076e-11
2.220227714e-11
-6.88340495e-11
3.580927555e-11
-5.808238327e-11
5.026452744e-11
-4.4236989e-11
5.987398331e-11
-2.717336295e-11
7.18068327e-11
-7.383090684e-12
7.883097731e-11
3.02974561e-16
3.371303777e-11
-3.646257543e-20
1.171453605e-23
-3.521131791e-20
5.472635615e-21
-3.281501984e-20
1.06638291e-20
-2.946294735e-20
1.534054774e-20
-2.539660512e-20
1.932043796e-20
-2.087379838e-20
2.24916829e-20
-1.613816831e-20
2.481242302e-20
-1.139847981e-20
2.630043077e-20
-6.818407445e-21
2.701759297e-20
-2.514994639e-21
2.705337007e-20
1.437062683e-21
2.651010267e-20
4.998069878e-21
2.549160024e-20
8.155050046e-21
2.40953195e-20
1.091388697e-20
2.240774827e-20
1.329260411e-20
2.05023018e-20
1.531602318e-20
1.843898955e-20
1.701176212e-20
1.626520301e-20
1.840738843e-20
1.401712213e-20
1.952849364e-20
1.17213883e-20
2.039745754e-20
9.396819157e-21
2.103270075e-20
7.056038963e-21
2.144826335e-20
4.706967626e-21
2.16535871e-20
2.354157941e-21
2.165393408e-20
-6.487602164e-34
1.959744521e-20
1.535388772e-21
1.717115083e-20
1.270548498e-19
1.470143179e-20
1.235217207e-19
1.177076239e-20
1.168342135e-19
8.763963019e-21
1.142608533e-19
5.583960936e-21
1.138746091e-19
2.17919003e-21
1.127000142e-19
1.114620669e-19
-6.575063357e-11
6.302685751e-12
-6.192943705e-11
1.838230313e-11
-5.565120123e-11
2.953371028e-11
-4.651333066e-11
4.112913145e-11
-3.530856473e-11
4.867047518e-11
-2.164389772e-11
5.814213572e-11
-6.138554568e-12
6.33247622e-11
-3.608332231e-16
2.757433196e-11
-3.099741813e-20
9.465005304e-24
-3.002012283e-20
4.497662318e-21
-2.81383012e-20
8.786773372e-21
-2.548305712e-20
1.2692454e-20
-2.222536018e-20
1.607208003e-20
-1.855305826e-20
1.883074628e-20
-1.465016055e-20
2.09227329e-20
-1.068131762e-20
2.234642191e-20
-6.782630336e-21
2.313511979e-20
-3.058262039e-21
2.334632254e-20
4.185602496e-22
2.305141201e-20
3.601789134e-21
2.232700015e-20
6.467478816e-21
2.12484281e-20
9.008440502e-21
1.988541597e-20
1.122929186e-20
1.829956481e-20
1.314223664e-20
1.654329388e-20
1.476368124e-20
1.465979288e-20
1.61116546e-20
1.268362752e-20
1.72039245e-20
1.064171825e-20
1.805667735e-20
8.554493782e-21
1.868362941e-20
6.437090797e-21
1.909545366e-20
4.300526757e-21
1.929942916e-20
2.152812573e-21
1.929977805e-20
-1.78864011e-33
1.724144675e-20
1.314248975e-21
1.558167279e-20
1.244654011e-19
1.343324462e-20
1.218065447e-19
1.077421003e-20
1.157098732e-19
7.931667653e-21
1.13325688e-19
5.053872998e-21
1.129741524e-19
1.899800704e-21
1.120761441e-19
1.114718538e-19
-5.366373696e-11
5.186885019e-12
-5.03585128e-11
1.507933388e-11
-4.506606149e-11
2.424396333e-11
-3.746107238e-11
3.352627229e-11
-2.835931315e-11
3.956997581e-11
-1.733526591e-11
4.711877785e-11
-5.058550453e-12
5.10486608e-11
-1.027906959e-15
2.251791802e-11
-2.650576918e-20
7.498226701e-24
-2.573101056e-20
3.725092427e-21
-2.423262057e-20
7.292864056e-21
-2.210343109e-20
1.056997539e-20
-1.946669392e-20
1.344409677e-20
-1.646107164e-20
1.583576485e-20
-1.322647155e-20
1.770048508e-20
-9.892619739e-21
1.902643036e-20
-6.571427588e-21
1.982906621e-20
-3.353172562e-21
2.014423182e-20
-3.058516108e-22
2.002100909e-20
2.523217082e-21
1.951531473e-20
5.10446668e-21
1.868472448e-20
7.422589346e-21
1.758468749e-20
9.473020939e-21
1.626605168e-20
1.125873564e-20
1.477369219e-20
1.278751588e-20
1.314599029e-20
1.406974534e-20
1.14149182e-20
1.511670003e-20
9.606521923e-21
1.593927437e-20
7.741641214e-21
1.654706537e-20
5.836751534e-21
1.694773948e-20
3.90485324e-21
1.714661659e-20
1.956364727e-21
1.715076282e-20
-7.680221432e-34
1.507560551e-20
1.10450941e-21
1.408094605e-20
1.212072105e-19
1.221291871e-20
1.198079478e-19
9.828912533e-21
1.143077597e-19
7.144918844e-21
1.122293767e-19
4.556086016e-21
1.117822391e-19
1.636034732e-21
1.112158213e-19
1.112167053e-19
-4.369940609e-11
4.24364202e-12
-4.092836143e-11
1.231011517e-11
-3.652970057e-11
1.984706419e-11
-3.027106838e-11
2.726911363e-11
-2.28513727e-11
3.215168167e-11
-1.392777311e-11
3.819688966e-11
-4.138493523e-12
4.1261697e-11
-1.376254919e-15
1.838347948e-11
-2.278536577e-20
6.379706228e-24
-2.216323801e-20
3.105016356e-21
-2.095550924e-20
6.08932212e-21
-1.92293097e-20
8.85003461e-21
-1.707502585e-20
1.129796634e-20
-1.459635141e-20
1.336699072e-20
-1.190052627e-20
1.501614253e-20
-9.089983892e-21
1.622876388e-20
-6.256261978e-21
1.700940162e-20
-3.476395288e-21
1.737937165e-20
-8.115459691e-22
1.737186528e-20
1.692626828e-21
1.702728017e-20
4.004429696e-21
1.638921186e-20
6.103953534e-21
1.550131257e-20
7.980661448e-21
1.440504802e-20
9.631033741e-21
1.313827037e-20
1.105644378e-20
1.173446816e-20
1.226134906e-20
1.0222538e-20
1.325181932e-20
8.626932138e-21
1.403438469e-20
6.968059156e-21
1.461516708e-20
5.262842727e-21
1.499925096e-20
3.525370081e-21
1.519025186e-20
1.767585184e-21
1.519199913e-20
-3.11563746e-33
1.313138228e-20
8.79733308e-22
1.265198333e-20
1.174303971e-19
1.100068805e-20
1.175896715e-19
8.887571749e-21
1.126320441e-19
6.374455603e-21
1.109596605e-19
4.061245362e-21
1.103122925e-19
1.371634518e-21
1.101227095e-19
1.106960388e-19
-3.55309216e-11
3.458530143e-12
-3.324811466e-11
1.002829646e-11
-2.960582634e-11
1.620577208e-11
-2.449735156e-11
2.216189887e-11
-1.847042289e-11
2.612660259e-11
-1.124522781e-11
3.097435228e-11
-3.387827398e-12
3.340776002e-11
-1.138215239e-15
1.500013305e-11
-1.968443831e-20
5.044920006e-24
-1.917893152e-20
2.601420721e-21
-1.819479675e-20
5.109073397e-21
-1.678137798e-20
7.442414595e-21
-1.500600146e-20
9.530135759e-21
-1.29471996e-20
1.131734441e-20
-1.068790492e-20
1.276746074e-20
-8.309346157e-21
1.386210134e-20
-5.886291948e-21
1.459933218e-20
-3.48390165e-21
1.499084092e-20
-1.156131081e-21
1.505859799e-20
1.054558512e-21
1.483149055e-20
3.116530406e-21
1.434227523e-20
5.007688988e-21
1.36250508e-20
6.713883795e-21
1.271332865e-20
8.227231532e-21
1.163868928e-20
9.544513623e-21
1.042995842e-20
1.06657432e-20
9.112810927e-21
1.159294634e-20
7.709705228e-21
1.232916826e-20
6.240059508e-21
1.287769443e-20
4.720595098e-21
1.324146607e-20
3.165789225e-21
1.342266668e-20
1.588395009e-21
1.34267957e-20
-2.16097221e-33
1.132850482e-20
6.887694718e-22
1.119197029e-20
1.133073203e-19
9.758210369e-21
1.15151063e-19
7.916111971e-21
1.106826805e-19
5.600537393e-21
1.094899396e-19
3.550397118e-21
1.085769409e-19
1.096342994e-21
1.087917787e-19
1.09899011e-19
-2.887241486e-11
2.81595623e-12
-2.701059601e-11
8.166920661e-12
-2.400701681e-11
1.320286832e-11
-1.984907413e-11
1.800517729e-11
-1.494561996e-11
2.122508343e-11
-9.086373259e-12
2.511774293e-11
-2.76285291e-12
2.708735999e-11
-2.729912722e-16
1.223999492e-11
-1.708619245e-20
4.092285917e-24
-1.667127827e-20
2.188274568e-21
-1.586145556e-20
4.302832832e-21
-1.469365681e-20
6.279953929e-21
-1.321879281e-20
8.062213323e-21
-1.149708326e-20
9.604053369e-21
-9.593264322e-21
1.087339739e-20
-7.572115311e-21
1.185188512e-20
-5.494783216e-21
1.253393063e-20
-3.416144583e-21
1.292493293e-20
-1.383238515e-21
1.30390082e-20
5.65343188e-22
1.289658092e-20
2.399305975e-21
1.252209685e-20
4.095966844e-21
1.194203222e-20
5.639244419e-21
1.118328944e-20
7.018500675e-21
1.027200331e-20
8.22736613e-21
9.232735017e-21
9.262637501e-21
8.088004644e-21
1.012330062e-20
6.85810106e-21
1.080970385e-20
5.561107599e-21
1.132288856e-20
4.213087806e-21
1.166407185e-20
2.828384576e-21
1.183427167e-20
1.419995979e-21
1.183364584e-20
-1.973583429e-33
9.729652413e-21
5.081144549e-22
9.761185764e-21
1.09012935e-19
8.49689495e-21
1.125403317e-19
6.911671466e-21
1.084740246e-19
4.818109054e-21
1.077959074e-19
3.016427661e-21
1.0659092e-19
8.060421776e-22
1.072150274e-19
1.088106688e-19
-2.344734408e-11
2.292607336e-12
-2.19240965e-11
6.643867432e-12
-1.946445228e-11
1.074357084e-11
-1.60897023e-11
1.463106519e-11
-1.21103877e-11
1.72466692e-11
-7.364677969e-12
2.037304657e-11
-2.254196383e-12
2.197775051e-11
1.018105146e-15
9.984721058e-12
-1.490048408e-20
3.32411057e-24
-1.455671954e-20
1.846134313e-21
-1.388433446e-20
3.63372816e-21
-1.291139742e-20
5.311901284e-21
-1.167695276e-20
6.834117987e-21
-1.022773924e-20
8.162538268e-21
-8.614776596e-21
9.269353828e-21
-6.8900698e-21
1.013717067e-20
-5.103780915e-21
1.075854128e-20
-3.302069307e-21
1.113484452e-20
-1.525665803e-21
1.127475204e-20
1.908591189e-22
1.119251372e-20
1.819241344e-21
1.090625701e-20
3.33722407e-21
1.043644189e-20
4.727958286e-21
9.804558109e-21
5.979232382e-21
9.032103144e-21
7.082635758e-21
8.139843237e-21
8.032733916e-21
7.147334993e-21
8.826307155e-21
6.072671953e-21
9.461684054e-21
4.93241526e-21
9.938185332e-21
3.74166829e-21
1.025568325e-20
2.514259111e-21
1.041427569e-20
1.263000141e-21
1.041420391e-20
-3.888814443e-33
8.287974824e-21
3.45904725e-22
8.337461718e-21
1.046976681e-19
7.22780261e-21
1.097723796e-19
5.8822056e-21
1.060233923e-19
4.029923322e-21
1.058583914e-19
2.460875216e-21
1.043701609e-19
5.012218886e-22
1.053855007e-19
1.074165515e-19
-1.903350268e-11
1.86739828e-12
-1.779555676e-11
5.405790301e-12
-1.57932447e-11
8.740732225e-12
-1.304775182e-11
1.188462456e-11
-9.818584515e-12
1.40160225e-11
-5.976570688e-12
1.652888862e-11
-1.836361985e-12
1.783462717e-11
2.398862606e-15
8.142388831e-12
-1.30564285e-20
2.7005129e-24
-1.276912533e-20
1.560313609e-21
-1.220616133e-20
3.073750064e-21
-1.138918072e-20
4.499364422e-21
-1.034853248e-20
5.799244988e-21
-9.120923683e-21
6.941930011e-21
-7.746959751e-21
7.903497299e-21
-6.268699194e-21
8.667987863e-21
-4.727477675e-21
9.227213591e-21
-3.162161784e-21
9.580067903e-21
-1.607904125e-21
9.731493827e-21
-9.539759538e-23
9.691269041e-21
1.349426233e-21
9.472749898e-21
2.705340284e-21
9.09168549e-21
3.955503322e-21
8.565177392e-21
5.086972475e-21
7.910827182e-21
6.090127515e-21
7.146086192e-21
6.958070876e-21
6.287801663e-21
7.686050462e-21
5.351940498e-21
8.270937084e-21
4.353464918e-21
8.710776153e-21
3.306332141e-21
9.004424284e-21
2.223590945e-21
9.15127555e-21
1.117550511e-21
9.151926297e-21
-2.82090606e-33
7.03325888e-21
1.758719306e-22
6.980083624e-21
1.004821118e-19
5.982289947e-21
1.068901347e-19
4.849514203e-21
1.033577321e-19
3.245543303e-21
1.036704782e-19
1.89152354e-21
1.019323747e-19
1.856237695e-22
1.033002812e-19
1.057059327e-19
-1.545017302e-11
1.522457245e-12
-1.444274775e-11
4.397541057e-12
-1.281230475e-11
7.108198641e-12
-1.058299292e-11
9.651908792e-12
-7.962408886e-12
1.139067801e-11
-4.849316032e-12
1.340968775e-11
-1.494085603e-12
1.447209669e-11
3.540904329e-15
6.637574248e-12
-1.149780022e-20
2.193482367e-24
-1.125568858e-20
1.319546791e-21
-1.078054698e-20
2.601310594e-21
-1.008930015e-20
3.812137185e-21
-9.20584746e-21
4.921014395e-21
-8.159356395e-21
5.901765775e-21
-6.982469187e-21
6.733931927e-21
-5.709473467e-21
7.403182217e-21
-4.374623362e-21
7.901278531e-21
-3.010735861e-21
8.225662266e-21
-1.648128911e-21
8.37876459e-21
-3.139167387e-22
8.367149137e-21
9.683618249e-22
8.200589522e-21
2.178832186e-21
7.891166727e-21
3.301153112e-21
7.452449034e-21
4.322231484e-21
6.898794265e-21
5.231842986e-21
6.244793824e-21
6.02220971e-21
5.504861927e-21
6.687574882e-21
4.692962027e-21
7.223804307e-21
3.822455321e-21
7.628034957e-21
2.90605265e-21
7.898383851e-21
1.955849995e-21
8.033725038e-21
9.834283457e-22
8.03523247e-21
-2.156408284e-33
5.875048657e-21
4.324857868e-23
5.639365353e-21
9.644638522e-20
4.773048497e-21
1.038741304e-19
3.832040902e-21
1.00498211e-19
2.475049578e-21
1.012336003e-19
1.318216252e-21
9.929550033e-20
-1.369870765e-22
1.009625225e-19
1.036718404e-19
-1.25404128e-11
1.242350713e-12
-1.172299147e-11
3.578252433e-12
-1.039451158e-11
5.775681307e-12
-8.584486682e-12
7.835752382e-12
-6.455669932e-12
9.253756677e-12
-3.934852323e-12
1.087899589e-11
-1.215786174e-12
1.174182291e-11
4.228623715e-15
5.40749478e-12
-1.017961948e-20
1.780878487e-24
-9.973924555e-21
1.115064592e-21
-9.569720385e-21
2.199537208e-21
-8.980422942e-21
3.226452799e-21
-8.225096079e-21
4.170378096e-21
-7.327190243e-21
5.009537647e-21
-6.313218897e-21
5.72652366e-21
-5.211377152e-21
6.308671416e-21
-4.050239627e-21
6.748107397e-21
-2.857633537e-21
7.041512556e-21
-1.659744364e-21
7.189665602e-21
-4.804763541e-22
7.196840899e-21
6.589390303e-22
7.070134303e-21
1.740114493e-21
6.818781017e-21
2.747498343e-21
6.453515705e-21
3.668231044e-21
5.986009734e-21
4.491911089e-21
5.428405876e-21
5.210309809e-21
4.792958445e-21
5.817068177e-21
4.091777406e-21
6.307401636e-21
3.336668445e-21
6.677832302e-21
2.539056955e-21
6.925962202e-21
1.709981909e-21
7.050296693e-21
8.601449206e-22
7.057504986e-21
-1.500424885e-33
4.880089793e-21
-7.850886263e-23
4.411046301e-21
9.264145165e-20
3.637618662e-21
1.007630902e-19
2.856878524e-21
9.747647643e-20
1.731321927e-21
9.856342493e-20
7.516294437e-22
9.647968986e-20
-4.621920399e-22
9.838163518e-20
1.013117179e-19
-1.01764523e-11
1.012099239e-12
-9.511999319e-12
2.910804359e-12
-8.431090085e-12
4.688935535e-12
-6.964973816e-12
6.361223167e-12
-5.236923226e-12
7.515018677e-12
-3.194180032e-12
8.823669079e-12
-9.890760273e-13
9.522899005e-12
4.39690221e-15
4.402342713e-12
-9.065653609e-21
1.444861293e-24
-8.889451768e-21
9.399494936e-22
-8.542804794e-21
1.855062398e-21
-8.036497645e-21
2.723369889e-21
-7.385936528e-21
3.523997786e-21
-6.61020423e-21
4.238859288e-21
-5.731071141e-21
4.853223603e-21
-4.771941171e-21
5.356045381e-21
-3.756834468e-21
5.740054274e-21
-2.709480491e-21
6.001629515e-21
-1.652569067e-21
6.14050159e-21
-6.071829502e-22
6.159331922e-21
4.075857448e-22
6.063222821e-21
1.374849181e-21
5.859205402e-21
2.279992372e-21
5.555744824e-21
3.110627186e-21
5.162292043e-21
3.856463658e-21
4.68890104e-21
4.509128771e-21
4.14592124e-21
5.061959215e-21
3.5437673e-21
5.509790146e-21
2.892762799e-21
5.848757256e-21
2.20305048e-21
6.076125214e-21
1.484559338e-21
6.190151772e-21
7.470175758e-22
6.188965343e-21
-2.976676826e-33
4.008522867e-21
-1.922392691e-22
3.279409521e-21
8.90942448e-20
2.584217919e-21
9.757178155e-20
1.935852815e-21
9.432053218e-20
1.022631099e-21
9.56791618e-20
1.99499104e-22
9.35056255e-20
-7.837313219e-22
9.556850083e-20
9.862926946e-20
-8.2550212e-12
8.226642007e-13
-7.714104957e-12
2.366005914e-12
-6.84032597e-12
3.808134129e-12
-5.650218502e-12
5.161386437e-12
-4.248343242e-12
6.101143471e-12
-2.593244827e-12
7.154788563e-12
-8.046888284e-13
7.719564162e-12
4.111305706e-15
3.58163001e-12
-8.12660209e-21
1.171448897e-24
-7.974338734e-21
7.886530382e-22
-7.674497302e-21
1.557147128e-21
-7.235869748e-21
2.287595698e-21
-6.671075027e-21
2.962896914e-21
-5.995839915e-21
3.568081958e-21
-5.228249363e-21
4.090768653e-21
-4.387932278e-21
4.521443206e-21
-3.495259227e-21
4.853565786e-21
-2.570608416e-21
5.083514227e-21
-1.633738736e-21
5.210393085e-21
-7.032920513e-22
5.235742758e-21
2.035683264e-22
5.163185729e-21
1.071388603e-21
4.998045072e-21
1.886539591e-21
4.746965479e-21
2.637236183e-21
4.41756048e-21
3.313483859e-21
4.018102394e-21
3.906974831e-21
3.55726481e-21
4.410954714e-21
3.043921541e-21
4.820077827e-21
2.48700134e-21
5.130266114e-21
1.895394216e-21
5.338583451e-21
1.277902817e-21
5.443134196e-21
6.43230893e-22
5.441194069e-21
-4.077877064e-33
3.240979431e-21
-2.858830665e-22
2.232864665e-21
8.582381671e-20
1.610135651e-21
9.430610883e-20
1.072856892e-21
9.105176768e-20
3.539687423e-22
9.259891789e-20
-3.273206641e-22
9.038812567e-20
-1.098385699e-21
9.254163414e-20
9.563142387e-20
-6.69824104e-12
6.713301684e-13
-6.258003499e-12
1.921459238e-12
-5.549376408e-12
3.092135677e-12
-4.58452581e-12
4.186629339e-12
-3.447600167e-12
4.952270732e-12
-2.105055648e-12
5.798777672e-12
-6.546756735e-13
6.255005023e-12
3.513428281e-15
2.91246333e-12
-7.33868071e-21
9.492614683e-25
-7.205844546e-21
6.566700487e-22
-6.944048733e-21
1.297044308e-21
-6.560568531e-21
1.906617067e-21
-6.065889982e-21
2.471450458e-21
-5.473153219e-21
2.979238377e-21
-4.797574811e-21
3.41966669e-21
-4.055809698e-21
3.784649358e-21
-3.265310786e-21
4.068435233e-21
-2.443729559e-21
4.267593507e-21
-1.608389063e-21
4.380895371e-21
-7.7584908e-22
4.409115439e-21
3.842766905e-23
4.354779032e-21
8.203090096e-22
4.22188093e-21
1.557134592e-21
4.015598458e-21
2.237778098e-21
3.742017558e-21
2.852646274e-21
3.407885649e-21
3.393631561e-21
3.020400227e-21
3.854034513e-21
2.587037733e-21
4.228470704e-21
2.115423523e-21
4.512774715e-21
1.613240857e-21
4.703911527e-21
1.088174688e-21
4.799903303e-21
5.478845656e-22
4.799301914e-21
-1.573565467e-33
2.606454875e-21
-3.858875268e-22
1.299839131e-21
8.284982139e-20
7.161669104e-22
9.099961428e-20
2.715985124e-22
8.768863904e-20
-2.747435332e-22
8.934456529e-20
-8.268930657e-22
8.713997678e-20
-1.402016436e-21
8.931733666e-20
9.232924504e-20
-5.433903766e-12
5.482319287e-13
-5.07731065e-12
1.560638455e-12
-4.501937964e-12
2.509837189e-12
-3.720042775e-12
3.395644232e-12
-2.796135287e-12
4.017588796e-12
-1.708829931e-12
4.69950125e-12
-5.319751844e-13
5.065725489e-12
2.768368173e-15
2.368446862e-12
-6.682593854e-21
7.689906935e-25
-6.565470213e-21
5.402921893e-22
-6.334475974e-21
1.067523594e-21
-5.99573514e-21
1.570047223e-21
-5.558102064e-21
2.036616459e-21
-5.032724906e-21
2.457226354e-21
-4.432592143e-21
2.823395888e-21
-3.772023823e-21
3.128361664e-21
-3.066152511e-21
3.36717745e-21
-2.330427695e-21
3.536723689e-21
-1.580168995e-21
3.635638127e-21
-8.301854874e-22
3.664183387e-21
-9.447043309e-23
3.624069614e-21
6.14026538e-22
3.51825057e-21
1.283553692e-21
3.350710078e-21
1.903646189e-21
3.12625313e-21
2.465160852e-21
2.850312719e-21
2.960269067e-21
2.528780045e-21
3.382420303e-21
2.167862513e-21
3.726288037e-21
1.773971094e-21
3.987708546e-21
1.353636274e-21
4.163621405e-21
9.134500159e-22
4.252018738e-21
4.600298138e-22
4.25336271e-21
-1.340785209e-33
2.02024866e-21
-4.532242557e-22
3.975104556e-22
8.018999822e-20
-1.166390731e-22
8.76219531e-20
-4.77620572e-22
8.424033306e-20
-8.592463618e-22
8.592398858e-20
-1.297106315e-21
8.377608866e-20
-1.689221472e-21
8.590860657e-20
8.873918981e-20
-4.41139223e-12
4.468158757e-13
-4.121669744e-12
1.267180392e-12
-3.654548157e-12
2.036802034e-12
-3.018716957e-12
2.752193846e-12
-2.268074929e-12
3.25803468e-12
-1.387373768e-12
3.8090068e-12
-4.322503981e-13
4.10055392e-12
2.02390902e-15
1.926930709e-12
-6.142774243e-21
6.230338787e-25
-6.03823875e-21
4.364019567e-22
-5.831952345e-21
8.625063608e-22
-5.529165904e-21
1.269125077e-21
-5.137492168e-21
1.647341415e-21
-4.666555372e-21
1.989168182e-21
-4.127626368e-21
2.287764895e-21
-3.533208036e-21
2.537592769e-21
-2.896606272e-21
2.734502428e-21
-2.231513256e-21
2.875756183e-21
-1.551623735e-21
2.959991772e-21
-8.702992602e-22
2.987137893e-21
-2.002894771e-22
2.958293815e-21
4.464860459e-22
2.87558587e-21
1.059096744e-21
2.742012951e-21
1.627705778e-21
2.561291603e-21
2.143628178e-21
2.337709191e-21
2.599351536e-21
2.075991342e-21
2.988528884e-21
1.781187541e-21
3.305953217e-21
1.4585767e-21
3.547522288e-21
1.113592709e-21
3.710201202e-21
7.517685276e-22
3.791988924e-21
3.786962833e-22
3.790141567e-21
-2.627567791e-33
1.557274323e-21
-5.168668236e-22
-4.07725191e-22
7.787056859e-20
-8.682223987e-22
8.418909378e-20
-1.165226334e-21
8.072658681e-20
-1.389123413e-21
8.234426832e-20
-1.729568711e-21
8.031340517e-20
-1.952511954e-21
8.23293428e-20
8.488519813e-20
-3.583274744e-12
3.637527002e-13
-3.346836252e-12
1.027734875e-12
-2.966259007e-12
1.651591349e-12
-2.451029327e-12
2.231077518e-12
-1.840725137e-12
2.64091158e-12
-1.126115269e-12
3.086963539e-12
-3.509275312e-13
3.317806899e-12
1.387774892e-15
1.569347287e-12
-5.706750388e-21
5.051232999e-25
-5.6121343e-21
3.423382084e-22
-5.425333629e-21
6.767871954e-22
-5.150949566e-21
9.963250437e-22
-4.795665402e-21
1.294091534e-21
-4.367958659e-21
1.563899003e-21
-3.877798493e-21
1.800393526e-21
-3.336298378e-21
1.999174523e-21
-2.755352517e-21
2.156868376e-21
-2.147277667e-21
2.271156499e-21
-1.524477614e-21
2.340761803e-21
-8.99143338e-22
2.365399874e-21
-2.829974224e-22
2.345702738e-21
3.129131269e-22
2.283123621e-21
8.783753957e-22
2.179830929e-21
1.404123366e-21
2.038598852e-21
1.881910329e-21
1.862700715e-21
2.304547734e-21
1.655809796e-21
2.665918043e-21
1.421910762e-21
2.960969226e-21
1.165223467e-21
3.185698107e-21
8.901395759e-22
3.337128958e-21
6.011713747e-22
3.41329264e-21
3.029112937e-22
3.412947207e-21
-2.25233137e-33
1.171185418e-21
-5.767266181e-22
-1.141466091e-21
7.589711506e-20
-1.545611545e-21
8.069837408e-20
-1.787011605e-21
7.715582356e-20
-1.856385626e-21
7.860866035e-20
-2.114424707e-21
7.676698319e-20
-2.183037906e-21
7.859443701e-20
8.080005259e-20
-2.910296061e-12
2.95801377e-13
-2.718323081e-12
8.335389217e-13
-2.409732794e-12
1.339640567e-12
-1.991963113e-12
1.80907617e-12
-1.494935763e-12
2.139009094e-12
-9.14052758e-13
2.500788438e-12
-2.844262513e-13
2.682827501e-12
9.23190374e-16
1.280374225e-12
-5.364718913e-21
4.101142766e-25
-5.277685274e-21
2.557722951e-22
-5.10579578e-21
5.058095015e-22
-4.853183075e-21
7.450443105e-22
-4.525857933e-21
9.684743039e-22
-4.131464137e-21
1.171549255e-21
-3.679017496e-21
1.350283056e-21
-3.178604525e-21
1.501340815e-21
-2.641064393e-21
1.62209754e-21
-2.077672364e-21
1.710668023e-21
-1.499839543e-21
1.765909639e-21
-9.188404739e-22
1.787401322e-21
-3.455765401e-22
1.775403045e-21
2.096204355e-22
1.730800647e-21
7.371433181e-22
1.655040921e-21
1.228225229e-21
1.550061607e-21
1.67501941e-21
1.418220278e-21
2.0706487e-21
1.262225391e-21
2.409230749e-21
1.085071858e-21
2.685885335e-21
8.899826563e-22
2.896729906e-21
6.803571661e-22
3.038868877e-21
4.597262103e-22
3.110381347e-21
2.317131593e-22
3.108544742e-21
-1.367401859e-33
8.547173139e-22
-6.226141564e-22
-1.790403792e-21
7.42544488e-20
-2.13702271e-21
7.714868948e-20
-2.332539845e-21
7.353784772e-20
-2.250359529e-21
7.472019691e-20
-2.439840357e-21
7.315072024e-20
-2.371297943e-21
7.472110704e-20
7.652603243e-20
-2.366210293e-12
2.414017015e-13
-2.21025825e-12
6.760611523e-13
-1.958597768e-12
1.085686731e-12
-1.61866273e-12
1.466253201e-12
-1.213903384e-12
1.730915999e-12
-7.427070746e-13
2.025963643e-12
-2.301034336e-13
2.166547248e-12
6.536095343e-16
1.047157136e-12
-5.109194617e-21
3.337466512e-25
-5.027648034e-21
1.746176047e-22
-4.866560971e-21
3.45483128e-22
-4.629753082e-21
5.093451614e-22
-4.322782982e-21
6.62924182e-22
-3.952730335e-21
8.031946509e-22
-3.527959737e-21
9.27451917e-22
-3.057847801e-21
1.033368979e-21
-2.55249391e-21
1.119040346e-21
-2.022430748e-21
1.183011931e-21
-1.47834786e-21
1.224296902e-21
-9.308387504e-22
1.24237814e-21
-3.901789387e-22
1.237198604e-21
1.338607101e-22
1.2091413e-21
6.321640038e-22
1.159000896e-21
1.0963839e-21
1.08794911e-21
1.519024523e-21
9.974959203e-22
1.893495167e-21
8.89448504e-22
2.214141547e-21
7.658694639e-22
2.476259844e-21
6.290355785e-22
2.67609895e-21
4.813979038e-22
2.810855826e-21
3.255436797e-22
2.878668187e-21
1.64160136e-22
2.883551615e-21
-1.97906348e-33
6.130295578e-22
-6.589044802e-22
-2.333253292e-21
7.29114095e-20
-2.627463234e-21
7.354521642e-20
-2.785397295e-21
6.988100312e-20
-2.559213219e-21
7.068647285e-20
-2.692722059e-21
6.947724427e-20
-2.508674659e-21
7.07310394e-20
7.211403148e-20
-1.924286511e-12
1.979611255e-13
-1.797697477e-12
5.484704607e-13
-1.593339241e-12
8.797876738e-13
-1.317258441e-12
1.188196899e-12
-9.887397555e-13
1.400079106e-12
-6.050890094e-13
1.639749892e-12
-1.856864863e-13
1.744506107e-12
5.718188286e-16
8.590740894e-13
-4.934778877e-21
2.72482071e-25
-4.856782481e-21
9.694616244e-23
-4.702698938e-21
1.920275975e-22
-4.476174061e-21
2.837339663e-22
-4.182512513e-21
3.704318317e-22
-3.828473069e-21
4.505527012e-22
-3.422042675e-21
5.226172228e-22
-2.972176434e-21
5.852631661e-22
-2.488522324e-21
6.372752393e-22
-1.981145778e-21
6.77615029e-22
-1.460266621e-21
7.054492292e-22
-9.360182863e-22
7.201743209e-22
-4.182362435e-22
7.214360855e-22
8.372030667e-23
7.091427363e-22
5.611122175e-22
6.834709522e-22
1.005930711e-21
6.448646132e-22
1.410977107e-21
5.940264922e-22
1.769916127e-21
5.319035197e-22
2.077307661e-21
4.596664692e-22
2.32862217e-21
3.786850261e-22
2.520244726e-21
2.904992141e-22
2.649472282e-21
1.967880744e-22
2.714508051e-21
9.933637664e-23
2.711498048e-21
-1.365299479e-33
4.408601031e-22
-6.879198699e-22
-2.745485101e-21
7.180693059e-20
-2.993054149e-21
6.989378951e-20
-3.120118945e-21
6.61920438e-20
-2.770399354e-21
6.652799477e-20
-2.86048123e-21
6.575914181e-20
-2.589492145e-21
6.665283606e-20
6.762062829e-20
-1.566185883e-12
1.637646935e-13
-1.46444543e-12
4.460455805e-13
-1.297974672e-12
7.12183121e-13
-1.073144682e-12
9.618474655e-13
-8.056916735e-13
1.130780186e-12
-4.936269229e-13
1.325581064e-12
-1.494625364e-13
1.398105889e-12
6.490489137e-16
7.07276217e-13
-4.837995921e-21
2.234402788e-25
-4.761701019e-21
2.091788659e-23
-4.610992569e-21
4.183198981e-23
-4.389476196e-21
6.296260653e-23
-4.102391644e-21
8.430015439e-23
-3.756408547e-21
1.057083292e-22
-3.359396732e-21
1.269056022e-22
-2.92016436e-21
1.474653048e-22
-2.448182535e-21
1.668328797e-22
-1.953311577e-21
1.843576638e-22
-1.44554153e-21
1.993353332e-22
-9.347565217e-22
2.110564214e-22
-4.305295927e-22
2.188562203e-22
5.804852264e-23
2.221618034e-22
5.225058785e-22
2.205327039e-22
9.550925899e-22
2.136927713e-22
1.348854135e-21
2.015517476e-22
1.697679076e-21
1.842160342e-22
1.996326218e-21
1.619888865e-22
2.240436358e-21
1.353608429e-22
2.426533586e-21
1.049915796e-22
2.552020585e-21
7.168458508e-23
2.615171675e-21
3.635612915e-23
2.613890736e-21
-1.233872966e-33
3.336308447e-22
-7.10644844e-22
-2.974703072e-21
7.08230063e-20
-3.186584223e-21
6.62054232e-20
-3.300822476e-21
6.248907928e-20
-2.87138166e-21
6.228864313e-20
-2.934306294e-21
6.201273758e-20
-2.613484936e-21
6.252365177e-20
6.31026777e-20
-1.277114061e-12
1.376894197e-13
-1.195074698e-12
3.634380141e-13
-1.059868098e-12
5.759290313e-13
-8.771754629e-13
7.776768183e-13
-6.600552668e-13
9.118000106e-13
-4.042801104e-13
1.067624437e-12
-1.194559939e-13
1.110895044e-12
8.432032375e-16
5.850171817e-13
-4.817213029e-21
1.84286356e-25
-4.740786892e-21
-5.529196165e-23
-4.589861953e-21
-1.086793066e-22
-4.368138648e-21
-1.581605767e-22
-4.080983469e-21
-2.020877036e-22
-3.735211274e-21
-2.391468889e-22
-3.338837029e-21
-2.68421498e-22
-2.900796786e-21
-2.894193825e-22
-2.43065775e-21
-3.020657574e-22
-1.938333908e-21
-3.066657351e-22
-1.433820442e-21
-3.038430755e-22
-9.269567228e-22
-2.944631312e-22
-4.272240096e-22
-2.795482824e-22
5.641942316e-23
-2.601935386e-22
5.156659459e-22
-2.374887169e-22
9.429515661e-22
-2.12451983e-22
1.331518421e-21
-1.859778437e-22
1.675451928e-21
-1.588010967e-22
1.969698174e-21
-1.314769235e-22
2.210067094e-21
-1.043762791e-22
2.393226592e-21
-7.769500557e-23
2.516692129e-21
-5.147464659e-23
2.578815546e-21
-2.563270541e-23
2.580803511e-21
-1.880522102e-33
2.882386598e-22
-7.271046675e-22
-2.986912528e-21
6.980457496e-20
-3.17860863e-21
6.249565258e-20
-3.303105649e-21
5.879516403e-20
-2.859307655e-21
5.803378111e-20
-2.915421251e-21
5.825839693e-20
-2.588816176e-21
5.838756363e-20
5.860886177e-20
-1.044617918e-12
1.184262874e-13
-9.79510019e-13
2.977074922e-13
-8.692084784e-13
4.644036289e-13
-7.186543804e-13
6.253529155e-13
-5.419776281e-13
7.328640702e-13
-3.329385374e-13
8.559078797e-13
-9.483218202e-14
8.698267409e-13
1.106734902e-15
4.865484936e-13
-4.872615427e-21
1.530195299e-25
-4.794174217e-21
-1.335600928e-22
-4.639343223e-21
-2.631818052e-22
-4.412065775e-21
-3.849621215e-22
-4.118042655e-21
-4.955025099e-22
-3.764485883e-21
-5.919766966e-22
-3.359834914e-21
-6.722421987e-22
-2.91344316e-21
-7.348947434e-22
-2.435257728e-21
-7.792673372e-22
-1.935511248e-21
-8.053805826e-22
-1.424440497e-21
-8.138546428e-22
-9.120418739e-22
-8.057953472e-22
-4.078692659e-22
-7.826672726e-22
7.912424491e-23
-7.461655456e-22
5.407026797e-22
-6.980960694e-22
9.694257054e-22
-6.402713583e-22
1.358695168e-21
-5.744265717e-22
1.702776102e-21
-5.021579887e-22
1.996798819e-21
-4.248842222e-22
2.236748368e-21
-3.438289914e-22
2.419446951e-21
-2.600232275e-22
2.54253407e-21
-1.743236504e-22
2.604448251e-21
-8.744462612e-23
2.603964568e-21
-3.565382331e-34
3.388176199e-22
-7.65789241e-22
-2.737916145e-21
6.858631648e-20
-2.958963222e-21
5.881408162e-20
-3.123700349e-21
5.514031719e-20
-2.743935563e-21
5.384181008e-20
-2.818517312e-21
5.452141176e-20
-2.532869256e-21
5.429133568e-20
5.41704669e-20
-8.623193169e-13
1.027801519e-13
-8.083578834e-13
2.429407362e-13
-7.171843915e-13
3.716403328e-13
-5.937313955e-13
4.996039408e-13
-4.47470651e-13
5.836802883e-13
-2.753191344e-13
6.803024972e-13
-7.436195053e-14
6.650576229e-13
1.395308294e-15
4.075201661e-13
-5.00626839e-21
1.250655095e-25
-4.923795912e-21
-2.158965624e-22
-4.761123539e-21
-4.255988719e-22
-4.522606163e-21
-6.231104075e-22
-4.214516841e-21
-8.031203323e-22
-3.844751385e-21
-9.611788214e-22
-3.422487458e-21
-1.093862813e-21
-2.957815754e-21
-1.198856463e-21
-2.461370974e-21
-1.27494996e-21
-1.943985309e-21
-1.321967244e-21
-1.416381202e-21
-1.340638686e-21
-8.889137993e-22
-1.332437518e-21
-3.713675388e-22
-1.299398799e-21
1.271937211e-22
-1.243937704e-21
5.985273908e-22
-1.168680605e-21
1.035270492e-21
-1.076318581e-21
1.430963751e-21
-9.694892468e-22
1.780049868e-21
-8.506894393e-22
2.07785405e-21
-7.22218738e-22
2.320554132e-21
-5.861518285e-22
2.505146528e-21
-4.44336462e-22
2.629413094e-21
-2.984130015e-22
2.691892877e-21
-1.498512248e-22
2.693300074e-21
-1.409582698e-33
4.073781321e-22
-7.899672569e-22
-2.326330171e-21
6.702372161e-20
-2.570441837e-21
5.515443797e-20
-2.794491582e-21
5.154370093e-20
-2.550048619e-21
4.978407421e-20
-2.671845545e-21
5.083056075e-20
-2.469975145e-21
5.027781702e-20
4.979444617e-20
-7.225021708e-13
8.740227344e-14
-6.749653267e-13
1.94332788e-13
-5.9725927e-13
2.918633783e-13
-4.932768878e-13
3.92663692e-13
-3.72322259e-13
4.589928281e-13
-2.29575417e-13
5.331794452e-13
-5.740200556e-14
4.880906548e-13
1.676905545e-15
3.443698463e-13
-5.222238436e-21
-2.476204522e-27
-5.133498209e-21
-3.045327254e-22
-4.958635075e-21
-6.002700188e-22
-4.702616088e-21
-8.788528993e-22
-4.37257533e-21
-1.132808388e-21
-3.977435376e-21
-1.355897766e-21
-3.527481109e-21
-1.543336654e-21
-3.033909252e-21
-1.691898494e-21
-2.508388257e-21
-1.799902669e-21
-1.962656751e-21
-1.867103588e-21
-1.408180034e-21
-1.894505315e-21
-8.558750799e-22
-1.884129493e-21
-3.159064438e-22
-1.838763426e-21
2.024508206e-22
-1.76171137e-21
6.90889414e-22
-1.65656681e-21
1.142099827e-21
-1.527017764e-21
1.549763559e-21
-1.376691813e-21
1.908520569e-21
-1.209043065e-21
2.213920959e-21
-1.027279953e-21
2.462369498e-21
-8.343304365e-22
2.651069988e-21
-6.328398117e-22
2.777974871e-21
-4.251955681e-22
2.841744102e-21
-2.135735769e-22
2.840538224e-21
-2.039736593e-33
5.682748917e-22
-8.256796859e-22
-1.748331963e-21
6.504280325e-20
-2.066042314e-21
5.156722623e-20
-2.360065038e-21
4.801599634e-20
-2.308258258e-21
4.591792236e-20
-2.508000593e-21
4.721660482e-20
-2.423637175e-21
4.638076424e-20
4.546425245e-20
-6.377612429e-13
5.195129664e-14
-5.73529114e-13
1.287220794e-13
-5.019386744e-13
2.176709354e-13
-4.128130593e-13
2.998666208e-13
-3.125691848e-13
3.541589164e-13
-1.921944601e-13
4.074687307e-13
-4.252809078e-14
3.3262869e-13
1.939189794e-15
2.95049722e-13
-5.526726408e-21
2.057550168e-25
-5.429235494e-21
-4.019473597e-22
-5.237217955e-21
-7.921509854e-22
-4.956571577e-21
-1.159304087e-21
-4.595664708e-21
-1.493467122e-21
-4.164874265e-21
-1.786392747e-21
-3.676042948e-21
-2.031831552e-21
-3.141913426e-21
-2.225657824e-21
-2.575589176e-21
-2.365830807e-21
-1.990058478e-21
-2.452220581e-21
-1.397804212e-21
-2.486336862e-21
-8.105090132e-22
-2.471001591e-21
-2.388543876e-22
-2.410003035e-21
3.07595381e-22
-2.307762315e-21
8.204384597e-22
-2.169034839e-21
1.292425778e-21
-1.998660684e-21
1.717412307e-21
-1.801370581e-21
2.090283682e-21
-1.581648289e-21
2.406870475e-21
-1.343646095e-21
2.663860123e-21
-1.091147691e-21
2.858714232e-21
-8.275713348e-22
2.989596862e-21
-5.560057601e-22
3.055317679e-21
-2.792714037e-22
3.055605183e-21
5.300179654e-34
7.850127279e-22
-8.610562475e-22
-1.076435924e-21
6.260547315e-20
-1.490503492e-21
4.80752386e-20
-1.86511723e-21
4.456783728e-20
-2.041830216e-21
4.22792628e-20
-2.350644774e-21
4.371069626e-20
-2.404756488e-21
4.262116482e-20
4.11524346e-20
-5.617352614e-13
6.289921344e-15
-4.927504655e-13
5.804205899e-14
-4.287880345e-13
1.505730717e-13
-3.495714501e-13
2.162713373e-13
-2.637925903e-13
2.629493558e-13
-1.616427659e-13
2.990508631e-13
-2.99128972e-14
1.941403219e-13
2.190644009e-15
2.573592263e-13
-5.928841974e-21
8.659145898e-26
-5.819439112e-21
-5.112984444e-22
-5.604371056e-21
-1.007131736e-21
-5.290734613e-21
-1.472817904e-21
-4.888590332e-21
-1.895456844e-21
-4.41031307e-21
-2.26448717e-21
-3.86986922e-21
-2.572068461e-21
-3.28208641e-21
-2.813214307e-21
-2.66197895e-21
-2.985697698e-21
-2.024174759e-21
-3.089775397e-21
-1.382468942e-21
-3.127790073e-21
-7.495104568e-22
-3.103709803e-21
-1.366136677e-22
-3.022657271e-21
4.46322857e-22
-2.890469052e-21
9.908126145e-22
-2.713312157e-21
1.489715881e-21
-2.497372852e-21
1.937134599e-21
-2.248622756e-21
2.328285875e-21
-1.972659891e-21
2.659368879e-21
-1.674617703e-21
2.927436479e-21
-1.359132714e-21
3.130279807e-21
-1.030360571e-21
3.266331218e-21
-6.920304064e-22
3.334589083e-21
-3.475280875e-22
3.33519223e-21
-3.642429525e-34
1.096870693e-21
-9.312110361e-22
-3.253182179e-22
5.972768475e-20
-8.900997137e-22
4.473288819e-20
-1.347671742e-21
4.120157445e-20
-1.762353674e-21
3.887753194e-20
-2.201349759e-21
4.033395111e-20
-2.399648751e-21
3.90047439e-20
3.684522516e-20
-4.030846389e-13
1.694548167e-15
-3.836864956e-13
3.664304337e-14
-3.442335282e-13
1.074744272e-13
-2.881887287e-13
1.551734096e-13
-2.192695798e-13
1.87798699e-13
-1.33495254e-13
2.061200426e-13
-1.836946056e-14
7.133536178e-14
2.451859786e-15
2.302440692e-13
-6.440193143e-21
7.596461751e-26
-6.315272399e-21
-6.361893933e-22
-6.070057224e-21
-1.252304204e-21
-5.713373553e-21
-1.829444857e-21
-5.257620658e-21
-2.351140373e-21
-4.717894361e-21
-2.804133371e-21
-4.111015066e-21
-3.178859185e-21
-3.454569801e-21
-3.469565055e-21
-2.76605665e-21
-3.674113109e-21
-2.062189434e-21
-3.793544486e-21
-1.358388672e-21
-3.831495169e-21
-6.684579251e-22
-3.793550109e-21
-4.425448335e-24
-3.686607081e-21
6.234797517e-22
-3.518301537e-21
1.206751919e-21
-3.2965233e-21
1.738465977e-21
-3.029038813e-21
2.213097464e-21
-2.723219627e-21
2.626328063e-21
-2.385869068e-21
2.974853869e-21
-2.023134223e-21
3.256208622e-21
-1.640488656e-21
3.468609972e-21
-1.242771467e-21
3.610833537e-21
-8.342694299e-22
3.68211717e-21
-4.188306584e-22
3.682608087e-21
-1.570084325e-33
1.427200327e-21
-9.834309448e-22
3.751912822e-22
5.647848527e-20
-3.250927534e-22
4.152502041e-20
-8.385512958e-22
3.78902273e-20
-1.466400745e-21
3.568799474e-20
-2.03304719e-21
3.708388192e-20
-2.367112934e-21
3.552311162e-20
3.257007087e-20
-3.244993292e-13
1.399198747e-14
-3.246178604e-13
3.447299906e-14
-2.955833008e-13
7.43116362e-14
-2.475475049e-13
1.014418558e-13
-1.865078702e-13
1.197572361e-13
-1.102897157e-13
1.218799541e-13
-7.876060355e-15
-3.967045149e-14
2.736864374e-15
2.126135234e-13
-7.076426788e-21
7.153203825e-26
-6.931387206e-21
-7.81219269e-22
-6.647197876e-21
-1.536491895e-21
-6.235069068e-21
-2.241577771e-21
-5.710613657e-21
-2.875605159e-21
-5.092620175e-21
-3.422141862e-21
-4.401720935e-21
-3.869779608e-21
-3.659117855e-21
-4.212196059e-21
-2.885488027e-21
-4.447778136e-21
-2.100140117e-21
-4.578935341e-21
-1.320443611e-21
-4.611242701e-21
-5.615148972e-22
-4.552538089e-21
1.638800961e-22
-4.412069488e-21
8.452579884e-22
-4.199754454e-21
1.474236406e-21
-3.925583348e-21
2.044285163e-21
-3.599174381e-21
2.550448023e-21
-3.229472466e-21
2.989062909e-21
-2.824574292e-21
3.357499435e-21
-2.391657934e-21
3.653925811e-21
-1.936995205e-21
3.877112009e-21
-1.466026985e-21
4.026272309e-21
-9.834846771e-22
4.100947829e-21
-4.935439731e-22
4.099507116e-21
-9.241292804e-34
1.851989493e-21
-1.044435815e-21
1.102537442e-21
5.292568389e-20
2.125561049e-22
3.850581482e-20
-3.293516567e-22
3.460632307e-20
-1.133006995e-21
3.267329525e-20
-1.795538665e-21
3.392874385e-20
-2.25198106e-21
3.21629009e-20
2.840958664e-20
-2.778158405e-13
3.320745057e-14
-2.852253748e-13
3.932123923e-14
-2.631812915e-13
4.767722179e-14
-2.19318821e-13
5.126061572e-14
-1.607749151e-13
5.345399528e-14
-8.86838624e-14
4.090091595e-14
2.987383071e-15
-1.408682304e-13
3.032296655e-15
2.047876119e-13
-7.857685272e-21
7.112690137e-26
-7.686659829e-21
-9.522536702e-22
-7.352283752e-21
-1.870904634e-21
-6.869096457e-21
-2.724825951e-21
-6.257150361e-21
-3.487634212e-21
-5.540257921e-21
-4.139138283e-21
-4.744137386e-21
-4.666024152e-21
-3.894699933e-21
-5.061776344e-21
-3.016645232e-21
-5.325993027e-21
-2.132447477e-21
-5.463308933e-21
-1.261738999e-21
-5.482140654e-21
-4.210462963e-22
-5.393431599e-21
3.761951294e-22
-5.209520473e-21
1.119429094e-21
-4.943203605e-21
1.800645374e-21
-4.607016743e-21
2.413987078e-21
-4.212731085e-21
2.955346197e-21
-3.77103999e-21
3.421979267e-21
-3.291403959e-21
3.812162165e-21
-2.782019737e-21
4.124894031e-21
-2.249882258e-21
4.359654317e-21
-1.700913239e-21
4.516213013e-21
-1.140135682e-21
4.594491802e-21
-5.718785419e-22
4.592506761e-21
-9.636608389e-34
2.368188825e-21
-1.125968598e-21
1.917470567e-21
4.907297294e-20
7.598689343e-22
3.57532421e-20
2.185462768e-22
3.132082451e-20
-7.42146077e-22
2.981465608e-20
-1.446616682e-21
3.08145957e-20
-2.023085464e-21
2.892177945e-20
2.447754934e-20
-2.428635529e-13
7.076744078e-14
-2.665703632e-13
6.020423575e-14
-2.480981522e-13
2.417070855e-14
-2.080303659e-13
4.27294426e-15
-1.422822671e-13
-2.078941711e-14
-7.000374233e-14
-4.111525476e-14
1.158444715e-14
-2.329104349e-13
3.288868196e-15
2.045444863e-13
-8.809975012e-21
7.359531957e-26
-8.605310789e-21
-1.15694439e-21
-8.20620507e-21
-2.270082958e-21
-7.631904717e-21
-3.299240529e-21
-6.908654431e-21
-4.211036666e-21
-6.06714379e-21
-4.980836711e-21
-5.139889578e-21
-5.593499404e-21
-4.158916616e-21
-6.04300078e-21
-3.153961138e-21
-6.331227097e-21
-2.151279197e-21
-6.466292854e-21
-1.173029945e-21
-6.460711047e-21
-2.3713517e-22
-6.329661978e-21
6.425119974e-22
-6.089512756e-21
1.455615956e-21
-5.756656579e-21
2.194931031e-21
-5.346678363e-21
2.855678173e-21
-4.873815623e-21
3.434982228e-21
-4.350665401e-21
3.931363489e-21
-3.788083075e-21
4.344299643e-21
-3.195222165e-21
4.67386305e-21
-2.579672292e-21
4.920431874e-21
-1.947661975e-21
5.084470152e-21
-1.304301916e-21
5.166370344e-21
-6.538518734e-22
5.166570106e-21
-7.666096392e-34
2.912890643e-21
-1.184586671e-21
2.88428532e-21
4.479702027e-20
1.390087863e-21
3.333631911e-20
8.643153206e-22
2.801885565e-20
-2.984052098e-22
2.715711831e-20
-1.00054306e-21
2.769719437e-20
-1.727809876e-21
2.583054719e-20
2.08403532e-20
-2.055872858e-13
1.589731421e-13
-2.875873464e-13
1.391325812e-13
-2.722685642e-13
3.412716125e-15
-2.247758733e-13
-5.067783751e-14
-1.387523097e-13
-1.159593386e-13
-5.613616433e-14
-1.342145742e-13
2.153424491e-14
-3.218410488e-13
3.439151204e-15
2.134758266e-13
-9.966952705e-21
7.966847926e-26
-9.718449355e-21
-1.405490791e-21
-9.235362641e-21
-2.753276024e-21
-8.543700853e-21
-3.991066772e-21
-7.678454476e-21
-5.076500555e-21
-6.679806483e-21
-5.979751797e-21
-5.589390954e-21
-6.684228022e-21
-4.447142933e-21
-7.185603597e-21
-3.289026895e-21
-7.489734573e-21
-2.145697391e-21
-7.610044819e-21
-1.041980875e-21
-7.564874718e-21
3.014051596e-24
-7.375121683e-21
9.753681746e-22
-7.06234203e-21
1.865594172e-21
-6.647360107e-21
2.667793772e-21
-6.149348835e-21
3.378828395e-21
-5.585305063e-21
3.997564555e-21
-4.969831006e-21
4.524224399e-21
-4.315137418e-21
4.959849516e-21
-3.631196793e-21
5.305873367e-21
-2.925990803e-21
5.563791933e-21
-2.205811891e-21
5.734920195e-21
-1.475592269e-21
5.820222217e-21
-7.392438352e-22
5.818388429e-21
-7.779861872e-34
3.566694259e-21
-1.243643114e-21
4.272411391e-21
3.97857412e-20
2.253987392e-21
3.144265092e-20
1.68054615e-21
2.476365396e-20
1.43651203e-22
2.48728539e-20
-5.776481679e-22
2.459805642e-20
-1.533986629e-21
2.296750306e-20
1.739655801e-20
-2.857590408e-13
2.411068299e-13
-3.515119803e-13
2.016031932e-13
-3.183551355e-13
-3.549542907e-14
-2.535154674e-13
-1.233647918e-13
-1.438920421e-13
-2.351779696e-13
-4.564952891e-14
-2.43435261e-13
3.318158384e-14
-4.124445589e-13
3.441137087e-15
2.337213169e-13
-1.137247529e-20
8.94870844e-26
-1.106623459e-20
-1.711790145e-21
-1.047315339e-20
-3.346495214e-21
-9.629134636e-21
-4.835297349e-21
-8.581705718e-21
-6.124208847e-21
-7.384282709e-21
-7.177517198e-21
-6.090766529e-21
-7.978144949e-21
-4.751273909e-21
-8.525549683e-21
-3.409337141e-21
-8.832170769e-21
-2.10052729e-21
-8.919392652e-21
-8.522278391e-22
-8.813742408e-21
3.157937039e-22
-8.543732266e-21
1.390350098e-21
-8.137498761e-21
2.363605444e-21
-7.621216843e-21
3.231837543e-21
-7.018171728e-21
3.994302452e-21
-6.348337957e-21
4.652258142e-21
-5.628320016e-21
5.208165024e-21
-4.871531306e-21
5.665055506e-21
-4.08851619e-21
6.026052279e-21
-3.287347031e-21
6.294011556e-21
-2.474051565e-21
6.471268628e-21
-1.653044128e-21
6.559466052e-21
-8.275473798e-22
6.561196619e-21
-1.024073804e-33
4.298687678e-21
-1.293218943e-21
6.288765837e-21
3.348904829e-20
3.482376968e-21
3.033599774e-20
2.707396823e-21
2.170910994e-20
4.821043965e-22
2.327610534e-20
-3.898948857e-22
2.16487413e-20
-1.696683315e-21
2.045404805e-20
1.3789652e-20
-7.644162576e-13
1.287836287e-13
-6.1768111e-13
5.145368728e-14
-4.920861677e-13
-1.669844938e-13
-3.505081472e-13
-2.729245522e-13
-1.870784666e-13
-4.083233097e-13
-5.189480363e-14
-3.897043032e-13
4.52848143e-14
-5.214770934e-13
3.321825833e-15
2.662430379e-13
-1.308429678e-20
1.024536891e-25
-1.270093966e-20
-2.095220545e-21
-1.196195552e-20
-4.085647041e-21
-1.091804613e-20
-5.879463324e-21
-9.635014069e-21
-7.40757895e-21
-8.18491046e-21
-8.628034744e-21
-6.638171263e-21
-9.525368361e-21
-5.057894995e-21
-1.010637362e-20
-3.496559023e-21
-1.039410944e-20
-1.994877046e-21
-1.042172323e-20
-5.822176976e-22
-1.022708615e-20
7.22027209e-22
-9.848685539e-21
1.906632016e-21
-9.322824165e-21
2.966650559e-21
-8.681955897e-21
3.901671314e-21
-7.95389881e-21
4.714320393e-21
-7.161664146e-21
5.409046852e-21
-6.323679831e-21
5.99118014e-21
-5.454240399e-21
6.466224665e-21
-4.564065555e-21
6.839347745e-21
-3.660891372e-21
7.115018993e-21
-2.750050005e-21
7.296765376e-21
-1.835016592e-21
7.387013432e-21
-9.179170501e-22
7.390031593e-21
-1.997127222e-33
5.107805746e-21
-1.326302519e-21
9.195524328e-21
2.509371417e-20
5.175473058e-21
3.044210141e-20
3.966849938e-21
1.908735948e-20
6.056697456e-22
2.281438296e-20
-6.593336812e-22
1.909157296e-20
-2.459352051e-21
1.843298112e-20
9.419666623e-21
-9.306799633e-13
-3.558781568e-14
-7.406022246e-13
-1.420451698e-13
-5.967738434e-13
-3.166148356e-13
-4.295532015e-13
-4.479372391e-13
-2.318864055e-13
-6.154409803e-13
-6.51189221e-14
-5.672469659e-13
6.070150602e-14
-6.58811321e-13
3.176940707e-15
3.146863529e-13
-1.517954921e-20
1.175544796e-25
-1.469136616e-20
-2.583490584e-21
-1.375577181e-20
-5.021437078e-21
-1.244616176e-20
-7.189372269e-21
-1.085546986e-20
-8.998664389e-21
-9.082244076e-21
-1.040174211e-20
-7.219176521e-21
-1.138899905e-20
-5.345630819e-21
-1.198055625e-20
-3.524172807e-21
-1.221626818e-20
-1.80023997e-21
-1.214640978e-20
-2.038170858e-22
-1.182430397e-20
1.247888583e-21
-1.130121323e-20
2.547500284e-21
-1.062327099e-20
3.694707646e-21
-9.829997257e-21
4.693905978e-21
-8.953913756e-21
5.552304708e-21
-8.020844433e-21
6.278486284e-21
-7.050590658e-21
6.881354984e-21
-6.057769972e-21
7.369398849e-21
-5.052686857e-21
7.750189111e-21
-4.042161888e-21
8.030052405e-21
-3.030285158e-21
8.213864919e-21
-2.019085103e-21
8.304930482e-21
-1.009119006e-21
8.30489335e-21
-2.574868507e-33
6.018809495e-21
-1.354166778e-21
1.334116717e-20
1.346278328e-20
7.379634262e-21
3.248881243e-20
5.487042995e-21
1.714876406e-20
4.099363926e-22
2.406776105e-20
-1.507417101e-21
1.718593051e-20
-3.938542073e-21
1.704220594e-20
3.570090757e-21
-1.04934914e-12
-1.645727e-13
-8.948112749e-13
-2.998585539e-13
-7.389471913e-13
-4.77944097e-13
-5.458799044e-13
-6.483104334e-13
-3.07562307e-13
-8.626392871e-13
-9.866831275e-14
-7.86328809e-13
7.867306737e-14
-8.471130353e-13
3.100635372e-15
3.816002176e-13
-1.776307276e-20
1.326930245e-25
-1.712931266e-20
-3.21735055e-21
-1.5923707e-20
-6.22726479e-21
-1.425545388e-20
-8.857964013e-21
-1.225854759e-20
-1.099601626e-20
-1.006950101e-20
-1.259133351e-20
-7.810733729e-21
-1.364840308e-20
-5.581342743e-21
-1.421066768e-20
-3.454314411e-21
-1.434408921e-20
-1.478134156e-21
-1.412344274e-20
3.192736529e-22
-1.362261099e-20
1.925830817e-21
-1.290869974e-20
3.34077402e-21
-1.203915741e-20
4.570791148e-21
-1.106095534e-20
5.6269753e-21
-1.001101847e-20
6.522558484e-21
-8.917307849e-21
7.27130697e-21
-7.800159272e-21
7.886438099e-21
-6.673642783e-21
8.379923818e-21
-5.546819033e-21
8.762065841e-21
-4.424840271e-21
9.04125246e-21
-3.309886156e-21
9.223831016e-21
-2.201948153e-21
9.314049488e-21
-1.099487904e-21
9.31736242e-21
-1.364119415e-33
6.950742714e-21
-1.301432638e-21
1.913752402e-20
-3.033479268e-21
1.007820026e-20
3.763247074e-20
7.372612427e-21
1.602238395e-20
-1.80846243e-22
2.779671362e-20
-2.85953547e-21
1.60408451e-20
-6.1025958e-21
1.646258584e-20
-4.443918823e-21
-1.210502308e-12
-2.836843631e-13
-1.065949694e-12
-4.474064988e-13
-9.033169421e-13
-6.455369574e-13
-6.902515461e-13
-8.680442865e-13
-4.150121212e-13
-1.146094254e-12
-1.534295205e-13
-1.057494949e-12
1.008376001e-13
-1.111860839e-12
3.08227759e-15
4.709424077e-13
-2.098045655e-20
1.451417345e-25
-2.01392269e-20
-4.058692148e-21
-1.855440622e-20
-7.812332018e-21
-1.639350613e-20
-1.101923941e-20
-1.385386484e-20
-1.353615128e-20
-1.112657058e-20
-1.531923115e-20
-8.372998329e-21
-1.640268011e-20
-5.714764267e-21
-1.686969968e-20
-3.233667948e-21
-1.68260639e-20
-9.773023991e-22
-1.638075399e-20
1.033184897e-21
-1.563409583e-20
2.795373145e-21
-1.467191872e-20
4.318976096e-21
-1.356380559e-20
5.620728013e-21
-1.236374878e-20
6.720685925e-21
-1.111199434e-20
7.639707061e-21
-9.837301544e-21
8.397823459e-21
-8.559180961e-21
9.013261849e-21
-7.289898782e-21
9.501902581e-21
-6.036171245e-21
9.877019955e-21
-4.800546977e-21
1.014919046e-20
-3.582511252e-21
1.032629127e-20
-2.3793604e-21
1.041353739e-20
-1.18689768e-21
1.041585827e-20
-3.159665543e-33
7.968323071e-21
-1.169409321e-21
2.746094018e-20
-2.683643469e-20
1.325189125e-20
4.792504791e-20
9.865254955e-21
1.557624864e-20
-1.39727073e-21
3.52339638e-20
-4.719090487e-21
1.553813605e-20
-9.168146088e-21
1.70882047e-20
-1.552384341e-20
-1.411442819e-12
-3.824298509e-13
-1.280579239e-12
-5.809206091e-13
-1.114906859e-12
-8.156420809e-13
-8.847115982e-13
-1.104323946e-12
-5.702582194e-13
-1.46823026e-12
-2.309370614e-13
-1.405980917e-12
1.262107792e-13
-1.479212833e-12
2.985299101e-15
5.858341819e-13
-2.503917623e-20
1.484284449e-25
-2.389286678e-20
-5.20512478e-21
-2.176131362e-20
-9.944153902e-21
-1.891041799e-20
-1.387054363e-20
-1.563694471e-20
-1.68101625e-20
-1.221001954e-20
-1.874681423e-20
-8.840017895e-21
-1.977344971e-20
-5.671128489e-21
-2.003945929e-20
-2.788358037e-21
-1.970979253e-20
-2.306442403e-22
-1.893950091e-20
1.995362006e-21
-1.78611927e-20
3.903486278e-21
-1.658116998e-20
5.519032905e-21
-1.51804943e-20
6.872482458e-21
-1.371833495e-20
7.995378717e-21
-1.223600001e-20
8.917827644e-21
-1.076080927e-20
9.667105638e-21
-9.309443598e-21
1.026698939e-20
-7.890670923e-21
1.073752685e-20
-6.507480922e-21
1.109505568e-20
-5.158714732e-21
1.135234132e-20
-3.840289182e-21
1.151875398e-20
-2.546109778e-21
1.160043507e-20
-1.268754748e-21
1.159872655e-20
-4.52943864e-33
9.051365216e-21
-9.347905253e-22
3.947813732e-20
-6.1574435e-20
1.664376307e-20
6.684221314e-20
1.320531441e-20
1.518113747e-20
-3.934061098e-21
4.85472998e-20
-7.510977504e-21
1.52897852e-20
-1.405398478e-20
1.98070404e-20
-3.148996167e-20
-1.588057188e-12
-4.935427946e-13
-1.485386682e-12
-6.859292894e-13
-1.388886799e-12
-9.161677879e-13
-1.1980912e-12
-1.300810854e-12
-8.29913581e-13
-1.843762554e-12
-3.393492513e-13
-1.90542913e-12
1.40361008e-13
-1.968839262e-12
2.676664433e-15
7.154661791e-13
-3.024434392e-20
2.750248888e-26
-2.863189595e-20
-6.817706133e-21
-2.568770334e-20
-1.288863498e-20
-2.185003686e-20
-1.770864875e-20
-1.757359644e-20
-2.108718145e-20
-1.323665502e-20
-2.308446514e-20
-9.106027476e-21
-2.390490459e-20
-5.341461732e-21
-2.380496312e-20
-2.018066414e-21
-2.303422017e-20
8.476639676e-22
-2.180634548e-20
3.275384727e-21
-2.029009093e-20
5.304161963e-21
-1.861116462e-20
6.981192247e-21
-1.6858758e-20
8.3548174e-21
-1.509318633e-20
9.470569462e-21
-1.335294724e-20
1.036919331e-20
-1.166057225e-20
1.108587831e-20
-1.002718683e-20
1.165017939e-20
-8.455925923e-21
1.208629304e-20
-6.944423049e-21
1.241348123e-20
-5.486587854e-21
1.264652072e-20
-4.073855987e-21
1.279610901e-20
-2.696058218e-21
1.286918982e-20
-1.342022904e-21
1.286927597e-20
-2.709615974e-33
1.024286676e-20
-6.24685732e-22
5.655018093e-20
-1.121938213e-19
1.923456928e-20
1.002399179e-19
1.735362497e-20
1.322783742e-20
-9.338974925e-21
7.141316966e-20
-1.254603383e-20
1.46708865e-20
-2.290388306e-20
2.634002263e-20
-5.630631222e-20
-2.348048029e-12
-4.909527765e-13
-2.202642567e-12
-8.334634497e-13
-1.897656266e-12
-1.224934987e-12
-1.464783424e-12
-1.739122348e-12
-9.382216285e-13
-2.377374053e-12
-2.35835075e-13
-2.616243218e-12
3.872237254e-13
-2.601094281e-12
2.238140914e-15
1.093298783e-12
-3.706185023e-20
5.365841957e-25
-3.470282437e-20
-9.176874443e-21
-3.050771711e-20
-1.708404852e-20
-2.522856956e-20
-2.298826226e-20
-1.957088013e-20
-2.674548561e-20
-1.405709447e-20
-2.859900853e-20
-9.006086001e-21
-2.895679543e-20
-4.570718786e-21
-2.82413307e-20
-7.901917243e-22
-2.681584754e-20
2.36391852e-21
-2.496164313e-20
4.954311038e-21
-2.288173919e-20
7.056568584e-21
-2.071472181e-20
8.746763914e-21
-1.85502707e-20
1.009505649e-20
-1.6442788e-20
1.116294445e-20
-1.442210968e-20
1.200257874e-20
-1.250141974e-20
1.265713922e-20
-1.068287315e-20
1.316168226e-20
-8.961482975e-21
1.354412823e-20
-7.32774906e-21
1.38262131e-20
-5.769399842e-21
1.402431849e-20
-4.272520816e-21
1.415014433e-20
-2.822265659e-21
1.421121272e-20
-1.403288982e-21
1.421261728e-20
-5.076515483e-33
1.165261612e-20
-3.815516763e-22
7.955895642e-20
-1.844129351e-19
1.812229923e-20
1.577579552e-19
2.135466659e-20
6.160565128e-21
-2.038134597e-20
1.09321812e-19
-2.167724317e-20
1.214018179e-20
-3.827511438e-20
3.911237351e-20
-9.649419928e-20
-8.13455566e-13
-4.1358918e-13
-1.145949271e-12
-5.029832031e-13
-1.564954364e-12
-8.095197685e-13
-1.973605063e-12
-1.335567118e-12
-1.924574071e-12
-2.432853624e-12
-8.631703392e-13
-3.68513979e-12
-3.83393991e-13
-3.088748053e-12
1.889805584e-15
7.023690904e-13
-4.623921663e-20
-1.354501938e-24
-4.261000011e-20
-1.280624129e-20
-3.641193085e-20
-2.32824401e-20
-2.898579291e-20
-3.041489025e-20
-2.142440305e-20
-3.43075186e-20
-1.441488138e-20
-3.560932932e-20
-8.290621274e-21
-3.508198666e-20
-3.145235626e-21
-3.338777043e-20
1.064012688e-21
-3.102625752e-20
4.443822463e-21
-2.834270684e-20
7.12132842e-21
-2.556057138e-20
9.221019687e-21
-2.281578671e-20
1.085424662e-20
-2.018489109e-20
1.21157348e-20
-1.77056609e-20
1.30836344e-20
-1.539135642e-20
1.382112532e-20
-1.324019164e-20
1.437852939e-20
-1.124146474e-20
1.479541618e-20
-9.379438416e-21
1.510247745e-20
-7.635737176e-21
1.532309212e-20
-5.990779877e-21
1.547457365e-20
-4.424590841e-21
1.556912101e-20
-2.917213967e-21
1.561450171e-20
-1.448876597e-21
1.56155156e-20
-7.532009046e-33
1.330042566e-20
-3.830241667e-22
1.07901462e-19
-2.833274795e-19
7.235962999e-21
2.545041706e-19
2.272524989e-20
-1.316429935e-20
-4.112000221e-20
1.69339051e-19
-3.641994547e-20
3.61289461e-21
-6.187197194e-20
6.073825706e-20
-1.602792246e-19
-5.352224977e-12
-3.070022142e-13
-5.174386445e-12
-6.827144217e-13
-4.592769632e-12
-1.394387357e-12
-3.571237599e-12
-2.361534589e-12
-2.210713039e-12
-3.79879706e-12
-1.802352459e-13
-5.72180448e-12
1.276021489e-12
-4.551474879e-12
1.55167147e-15
1.972601693e-12
-5.90437551e-20
-9.920614389e-24
-5.308619612e-20
-1.876395682e-20
-4.3544381e-20
-3.282458987e-20
-3.287842126e-20
-4.108135925e-20
-2.272621378e-20
-4.446038651e-20
-1.388753872e-20
-4.444883316e-20
-6.596405047e-21
-4.237409393e-20
-7.837227189e-22
-3.920155164e-20
3.747563372e-21
-3.555875863e-20
7.225957922e-21
-3.182241621e-20
9.866113093e-21
-2.820211831e-20
1.185191531e-20
-2.480303078e-20
1.333347681e-20
-2.166791548e-20
1.443003929e-20
-1.880367689e-20
1.523479918e-20
-1.619752949e-20
1.581985223e-20
-1.382658727e-20
1.624055571e-20
-1.166341165e-20
1.653911741e-20
-9.679118138e-21
1.674743475e-20
-7.845023464e-21
1.688928116e-20
-6.13342593e-21
1.698195052e-20
-4.517874649e-21
1.703745838e-20
-2.97313995e-21
1.70633783e-20
-1.475011536e-21
1.706308168e-20
-6.020048472e-33
1.533577289e-20
-9.721239643e-22
1.391403471e-19
-4.114463083e-19
-2.257574931e-20
4.123004027e-19
1.683747617e-20
-5.641367611e-20
-7.808645711e-20
2.604343875e-19
-5.844266467e-20
-1.985871951e-20
-9.414456539e-20
9.261342591e-20
-2.563371078e-19
2.470528115e-12
-3.083603324e-14
1.571466202e-12
2.14687567e-13
9.926433415e-14
7.514899456e-14
-2.066457666e-12
-1.993033753e-13
-4.237529945e-12
-1.631957896e-12
-2.373573964e-12
-7.590752766e-12
-3.504895586e-12
-3.425812729e-12
5.50670081e-16
-1.536448638e-12
-7.779770902e-20
-1.204520634e-22
-6.714683534e-20
-2.941499048e-20
-5.180115038e-20
-4.817061516e-20
-3.625744852e-20
-5.66255843e-20
-2.271466043e-20
-5.80038468e-20
-1.181279949e-20
-5.535153989e-20
-3.423862754e-21
-5.07640396e-20
2.859070293e-21
-4.548562284e-20
7.483905792e-21
-4.018485224e-20
1.084625582e-20
-3.518613029e-20
1.326520062e-20
-3.062251034e-20
1.498703061e-20
-2.652636233e-20
1.619771539e-20
-2.288012459e-20
1.703618669e-20
-1.964366268e-20
1.760574139e-20
-1.676855602e-20
1.798302786e-20
-1.420527114e-20
1.822484922e-20
-1.190652631e-20
1.837321209e-20
-9.82864301e-21
1.845903229e-20
-7.931850024e-21
1.850483244e-20
-6.180056042e-21
1.852668522e-20
-4.540364691e-21
1.853558679e-20
-2.982474641e-21
1.853838984e-20
-1.478036562e-21
1.85338088e-20
-6.839793548e-33
1.76532763e-20
-2.405098212e-21
1.703053642e-19
-5.684132029e-19
-7.979801797e-20
6.584833453e-19
-8.602486763e-22
-1.391881695e-19
-1.4058069e-19
3.963256534e-19
-9.074254873e-20
-7.352525214e-20
-1.35383705e-19
1.334272932e-19
-3.936343837e-19
-1.219557201e-11
1.166850487e-13
-1.276458434e-11
7.82437741e-13
-1.274827565e-11
5.691044124e-14
-1.146431459e-11
-1.485898524e-12
-8.307175369e-12
-4.792529646e-12
-1.554241392e-12
-1.434785761e-11
1.441784451e-12
-6.426908127e-12
-1.433175009e-15
-9.689083812e-14
-1.070920526e-19
-1.107174824e-21
-8.590245324e-20
-5.060474988e-20
-6.025611952e-20
-7.381729028e-20
-3.763571102e-20
-7.924652426e-20
-2.006235352e-20
-7.557789923e-20
-7.225299202e-21
-6.818945573e-20
1.854554008e-21
-5.984492486e-20
8.15984089e-21
-5.179208068e-20
1.248262774e-20
-4.450893413e-20
1.540987577e-20
-3.811478289e-20
1.736134863e-20
-3.257547601e-20
1.863326835e-20
-2.779983384e-20
1.94341773e-20
-2.368261064e-20
1.991129335e-20
-2.012234609e-20
2.016902627e-20
-1.702781183e-20
2.028177269e-20
-1.431946283e-20
2.030273252e-20
-1.192882301e-20
2.027000507e-20
-9.797116018e-21
2.021082627e-20
-7.873710197e-21
2.014452379e-20
-6.114609829e-21
2.008457527e-20
-4.481073102e-21
2.004002487e-20
-2.938370184e-21
2.00164264e-20
-1.454665925e-21
2.00144621e-20
-9.459492761e-33
1.982983975e-20
-4.533340626e-21
2.00655928e-19
-7.535547533e-19
-1.644706727e-19
1.01968898e-18
-2.900075565e-20
-2.784952496e-19
-2.378024121e-19
6.012976558e-19
-1.391427649e-19
-1.760137868e-19
-1.865248217e-19
1.769815632e-19
-5.820730001e-19
1.186219324e-11
3.332585634e-13
1.042882524e-11
2.21499109e-12
7.594123775e-12
2.89026057e-12
7.835368816e-15
6.098138491e-12
-7.472400415e-12
2.684509375e-12
-1.395971535e-11
-7.863646958e-12
-2.263818556e-11
2.248935537e-12
-2.476579314e-15
-2.273673943e-11
-1.565888751e-19
-1.630233521e-20
-1.091150083e-19
-9.807877593e-20
-6.568535351e-20
-1.172472957e-19
-3.396708599e-20
-1.109653152e-19
-1.267391002e-20
-9.687179981e-20
1.119231669e-21
-8.198349173e-20
9.907398191e-21
-6.863414981e-20
1.544298744e-20
-5.732886936e-20
1.887677898e-20
-4.79440519e-20
2.094918265e-20
-4.018862578e-20
2.21369908e-20
-3.376481553e-20
2.275049154e-20
-2.841492865e-20
2.299444186e-20
-2.392818267e-20
2.300582761e-20
-2.013534417e-20
2.287737527e-20
-1.690092594e-20
2.267241251e-20
-1.411598624e-20
2.243443951e-20
-1.169222416e-20
2.21934109e-20
-9.557320662e-21
2.196992663e-20
-7.651292645e-21
2.177806052e-20
-5.923622208e-21
2.162727819e-20
-4.330964203e-21
2.152372913e-20
-2.835277717e-21
2.147109233e-20
-1.40226172e-21
2.147195434e-20
-8.777994748e-33
2.143795786e-20
-6.818502237e-21
2.357163933e-19
-9.721490548e-19
-2.573929537e-19
1.508876843e-18
-5.220124855e-20
-4.875245479e-19
-3.64728059e-19
9.099943978e-19
-2.035326463e-19
-3.410385133e-19
-2.455298423e-19
2.151505326e-19
-8.295168324e-19
-2.221924372e-11
6.14644653e-13
-2.665477329e-11
6.65002472e-12
-2.987418492e-11
6.108544131e-12
-3.53464302e-11
1.156815231e-11
-3.166507986e-11
-9.99764639e-13
-1.263698539e-11
-2.689276076e-11
-1.267682735e-11
2.292141808e-12
2.550311956e-15
-3.542043721e-11
-2.383688641e-19
-1.467729433e-19
-1.282835225e-19
-2.081642784e-19
-5.940337304e-20
-1.861278214e-19
-1.987357061e-20
-1.504956171e-19
2.214398062e-21
-1.189604815e-19
1.446857359e-20
-9.42385731e-20
2.121267864e-20
-7.537934436e-20
2.48278049e-20
-6.094523113e-20
2.663220509e-20
-4.974981183e-20
2.737299291e-20
-4.093088484e-20
2.748687768e-20
-3.388026438e-20
2.723723753e-20
-2.816691711e-20
2.678728036e-20
-2.347988344e-20
2.624024584e-20
-1.958995877e-20
2.566231496e-20
-1.632459751e-20
2.50961746e-20
-1.355136605e-20
2.4569343e-20
-1.11667977e-20
2.409943891e-20
-9.088677019e-21
2.369759707e-20
-7.25054034e-21
2.337071852e-20
-5.597640298e-21
2.312296467e-20
-4.083897118e-21
2.295674512e-20
-2.669523261e-21
2.287335405e-20
-1.319106931e-21
2.287154394e-20
-9.544651552e-33
2.38903679e-20
-1.015145607e-20
2.841504049e-19
-1.23672542e-18
-3.181339273e-19
2.10723926e-18
-3.269053479e-20
-7.768060522e-19
-4.897444515e-19
1.363217779e-18
-2.699015821e-19
-5.647111207e-19
-3.010549633e-19
2.424752689e-19
-1.132485978e-18
3.283873219e-11
-1.304277321e-12
3.296453171e-11
6.523832656e-12
3.454301046e-11
4.529026027e-12
1.427114325e-11
3.183825946e-11
-5.063803281e-12
1.833343492e-11
-1.437255991e-10
1.117694063e-10
-2.051975801e-10
6.377367401e-11
8.153706413e-15
-2.406161989e-10
-2.997470113e-19
-6.022328129e-19
-1.062471463e-19
-4.01664299e-19
-2.377116873e-20
-2.686041323e-19
1.166156506e-20
-1.859288353e-19
2.693630643e-20
-1.342359283e-19
3.332780233e-20
-1.006309551e-19
3.564679188e-20
-7.769942534e-20
3.60232242e-20
-6.132291804e-20
3.545113208e-20
-4.917910562e-20
3.442361337e-20
-3.990486516e-20
3.320022495e-20
-3.265846782e-20
3.192427119e-20
-2.689261986e-20
3.067720502e-20
-2.22345035e-20
2.950560711e-20
-1.842003851e-20
2.843554642e-20
-1.525616738e-20
2.748074295e-20
-1.259810949e-20
2.664746368e-20
-1.033494805e-20
2.593757559e-20
-8.38007081e-21
2.535049711e-20
-6.664569251e-21
2.48844617e-20
-5.132515559e-21
2.453733853e-20
-3.737470891e-21
2.430716146e-20
-2.439817654e-21
2.419246098e-20
-1.20464538e-21
2.419503292e-20
-1.040241432e-32
2.978309052e-20
-1.805955141e-20
3.245537704e-19
-1.535812992e-18
-3.253507469e-19
2.753221569e-18
7.552277565e-20
-1.181518047e-18
-5.362713634e-19
1.971180997e-18
-2.967445939e-19
-8.080679936e-19
-3.409171955e-19
2.828188381e-19
-1.475317542e-18
-3.43643732e-11
-6.470660093e-13
-4.805665678e-11
2.021571866e-11
-5.785187392e-11
1.43237157e-11
-8.985105549e-11
6.383759829e-11
-8.922703823e-11
1.771022944e-11
-6.199998188e-11
8.453931086e-11
-8.360214749e-11
8.537635416e-11
1.502775282e-16
-3.241962959e-10
-9.923488121e-20
-1.011428539e-18
2.681308933e-20
-5.277124051e-19
5.890412823e-20
-3.006954544e-19
6.335447209e-20
-1.903796459e-19
6.05412796e-20
-1.314234364e-19
5.62593321e-20
-9.63498729e-20
5.202329918e-20
-7.346446902e-20
4.816703662e-20
-5.746791174e-20
4.472537254e-20
-4.573884127e-20
4.167001071e-20
-3.685102168e-20
3.896607291e-20
-2.995614286e-20
3.658238755e-20
-2.451061221e-20
3.449167001e-20
-2.014549333e-20
3.266947825e-20
-1.659954536e-20
3.10936043e-20
-1.368194451e-20
2.97439044e-20
-1.124997606e-20
2.860234092e-20
-9.194832076e-21
2.765307715e-20
-7.432104461e-21
2.688255081e-20
-5.895163083e-21
2.627950637e-20
-4.530391689e-21
2.583499177e-20
-3.293660267e-21
2.554233373e-20
-2.147635367e-21
2.539710636e-20
-1.059658547e-21
2.539279044e-20
-1.052174422e-32
4.295010104e-20
-3.79332722e-20
2.703546557e-19
-1.767534681e-18
-3.824188061e-19
3.402072507e-18
1.316653236e-19
-1.699440904e-18
-4.838092372e-19
2.58282438e-18
-2.093064195e-19
-1.086401156e-18
-3.185330003e-19
3.882160632e-19
-1.795765067e-18
6.921138219e-11
-9.593855026e-12
8.63915719e-11
3.035204331e-12
1.270265899e-10
-2.631089668e-11
1.627704395e-10
2.809694974e-11
2.156317612e-10
-3.514519041e-11
6.57040036e-11
2.344655067e-10
3.059858074e-11
1.204626198e-10
-2.011007927e-19
-2.935933871e-10
3.844504295e-19
-1.5982675e-18
2.538300314e-19
-3.970923053e-19
1.692199368e-19
-2.160856463e-19
1.223106816e-19
-1.434708733e-19
9.561484309e-20
-1.047283011e-19
7.914473597e-20
-7.988065085e-20
6.801985646e-20
-6.234067114e-20
5.989610709e-20
-4.93454232e-20
5.361319213e-20
-3.945733662e-20
4.856488953e-20
-3.18042517e-20
4.441160357e-20
-2.580448493e-20
4.094750642e-20
-2.104820769e-20
3.803761798e-20
-1.723732665e-20
3.55870791e-20
-1.415071897e-20
3.352557275e-20
-1.16221026e-20
3.179904838e-20
-9.525030724e-21
3.036506854e-20
-7.762311039e-21
2.919001853e-20
-6.258361488e-21
2.82473222e-20
-4.953594615e-21
2.751623779e-20
-3.800233588e-21
2.698101667e-20
-2.759147041e-21
2.663031055e-20
-1.797407225e-21
2.64567649e-20
-8.863540441e-22
2.645654471e-20
-1.592055143e-32
5.898390763e-20
-7.277886606e-20
-2.201051848e-20
-1.690857623e-18
-6.38871161e-19
4.015010316e-18
-1.212059261e-19
-2.220945127e-18
-5.409025175e-19
2.998689596e-18
-7.412522684e-20
-1.557008934e-18
-1.561417715e-19
4.664030268e-19
-1.95382147e-18
-4.141144151e-11
-6.722485757e-12
-7.015021647e-11
3.177387811e-11
-1.013219202e-10
4.860838814e-12
-2.416729197e-10
1.684504187e-10
-3.704598785e-10
9.36501803e-11
-1.161644344e-09
1.025665518e-09
-1.27979678e-09
2.386064302e-10
1.108252182e-10
-1.684215064e-09
-7.957219506e-19
1.108252669e-10
4.348358986e-19
1.628991364e-19
2.418347246e-19
-2.308468395e-20
1.610532538e-19
-6.268990252e-20
1.204624934e-19
-6.413821339e-20
9.668471569e-20
-5.610375922e-20
8.10151044e-20
-4.667214213e-20
6.978419367e-20
-3.811577101e-20
6.126627704e-20
-3.094083077e-20
5.456465631e-20
-2.510416772e-20
4.916788082e-20
-2.040934368e-20
4.475838746e-20
-1.664041379e-20
4.112422566e-20
-1.360489334e-20
3.811569547e-20
-1.114390772e-20
3.562264463e-20
-9.130722277e-21
3.356176807e-20
-7.465738731e-21
3.186901809e-20
-6.071024581e-21
3.04947854e-20
-4.885439511e-21
2.940068323e-20
-3.860622887e-21
2.855732434e-20
-2.957802633e-21
2.794275648e-20
-2.145287939e-21
2.754136373e-20
-1.396492663e-21
2.734311895e-20
-6.883500269e-22
2.734659105e-20
-1.881976316e-32
5.044136199e-20
-9.819410804e-20
-7.02632798e-19
-9.421010388e-19
-1.00931698e-18
4.317771466e-18
-6.363241134e-19
-2.597777335e-18
-9.847152625e-19
3.34324914e-18
-5.100907048e-19
-2.035464189e-18
-2.800634286e-19
2.325459225e-19
-2.235799667e-18
6.799458591e-11
-1.513946007e-11
1.234349977e-10
-2.366566378e-11
1.9735541e-10
-6.906050526e-11
5.120528197e-10
-1.462508595e-10
7.814233874e-10
-1.757206803e-10
2.565447449e-09
-7.5833597e-10
3.000357159e-09
-1.962976378e-10
1.128673362e-10
1.203265433e-09
2.953440138e-19
2.236763737e-10
2.488893673e-19
1.356949724e-19
2.022294903e-19
2.35749864e-20
1.59604943e-19
-2.006584583e-20
1.284969475e-19
-3.303088349e-20
1.061163328e-19
-3.372403395e-20
8.957147552e-20
-3.012837637e-20
7.695913391e-20
-2.550469463e-20
6.710294009e-20
-2.108605124e-20
5.925948035e-20
-1.726224669e-20
5.29368107e-20
-1.408830943e-20
4.779390791e-20
-1.149921089e-20
4.358521127e-20
-9.397924932e-21
4.012888091e-20
-7.689295514e-21
3.728762818e-20
-6.291138897e-21
3.495648222e-20
-5.136175842e-21
3.305460316e-20
-4.170607152e-21
3.151960203e-20
-3.351746827e-21
3.030350348e-20
-2.645652324e-21
2.936983903e-20
-2.025063703e-21
2.869155176e-20
-1.467707281e-21
2.824950637e-20
-9.549237185e-22
2.803146897e-20
-4.705520463e-22
2.803315096e-20
-1.087092234e-32
-1.595803537e-20
-5.651995826e-20
-2.076967786e-18
1.114590896e-18
-2.077408787e-18
4.314289373e-18
-1.677734279e-18
-3.001291591e-18
-1.376581926e-18
3.038265001e-18
-9.937434723e-19
-2.422133431e-18
-4.363767694e-19
-3.28650727e-19
-2.67409125e-18
-1.220156454e-11
-9.453829102e-12
1.515255738e-11
-5.1018104e-11
2.888312402e-11
-8.278885641e-11
2.172656561e-10
-3.346354089e-10
3.789016597e-10
-3.373638074e-10
1.702134061e-09
-2.081557409e-09
1.803356689e-09
-2.974911628e-10
-2.236819506e-10
3.230364221e-09
1.489013475e-20
1.742483784e-18
1.368050253e-19
-8.288950285e-21
1.585886582e-19
1.791144366e-21
1.466399053e-19
-8.11757573e-21
1.278037971e-19
-1.419545031e-20
1.097119904e-19
-1.563311262e-20
9.419515725e-20
-1.461262818e-20
8.137777731e-20
-1.268857498e-20
7.092674463e-20
-1.063642896e-20
6.243341761e-20
-8.770454494e-21
5.552590924e-20
-7.182431781e-21
4.989519386e-20
-5.870189535e-21
4.529384069e-20
-4.798292956e-21
4.152703753e-20
-3.924202646e-21
3.844259123e-20
-3.20835364e-21
3.592205091e-20
-2.617210091e-21
3.387346348e-20
-2.123472902e-21
3.222569653e-20
-1.705280199e-21
3.09240921e-20
-1.345168459e-21
2.992719546e-20
-1.029086223e-21
2.920433532e-20
-7.455487196e-22
2.873387804e-20
-4.849392136e-22
2.850202102e-20
-2.389320769e-22
2.850133519e-20
9.677397581e-34
-9.228182937e-21
-2.110787237e-20
-2.309762754e-18
3.410808131e-18
-1.201107488e-18
3.201711872e-18
-1.195330994e-18
-3.010907172e-18
-1.637884821e-19
2.002891223e-18
-1.503507532e-19
-2.439401525e-18
2.216225466e-19
-7.04453573e-19
-2.454383009e-18
-4.547512533e-11
-9.649338916e-11
-1.792782184e-10
-5.139057934e-10
-8.512680393e-10
-2.932834726e-09
-3.230351155e-09
-1.565912095e-18
1.551779552e-19
1.46889005e-19
1.486799388e-19
1.405620307e-19
1.263661348e-19
1.107324748e-19
9.611921045e-20
8.342992333e-20
7.27927191e-20
6.402144032e-20
5.683815149e-20
5.096709044e-20
4.6167931e-20
4.224288654e-20
3.903373478e-20
3.64157881e-20
3.429165618e-20
3.258580827e-20
3.124017434e-20
3.021073296e-20
2.946494483e-20
2.897988518e-20
2.87409531e-20
2.87395632e-20
5.315763982e-21
3.414124957e-18
6.6139138e-18
3.601090867e-18
5.602067143e-18
3.160750798e-18
2.454383009e-18
)
;

boundaryField
{
    lowerWall
    {
        type            calculated;
        value           uniform 0;
    }
    atmosphere
    {
        type            calculated;
        value           nonuniform List<scalar> 
80
(
-2.843179417e-09
-2.937094961e-09
-3.034858767e-09
-3.254683827e-09
-3.215446993e-09
-3.287754899e-09
-2.465433053e-09
-1.206993711e-09
1.841808553e-09
6.74490393e-09
1.620058262e-08
1.111325547e-08
-2.409041872e-09
-5.615784046e-09
-3.56672876e-09
-1.961710403e-09
-1.406733116e-09
-3.698121075e-10
-1.999377336e-10
1.259218631e-10
1.615890585e-10
2.214090295e-10
2.0405836e-10
1.922988093e-10
1.667317167e-10
1.423248302e-10
1.191752002e-10
9.882207968e-11
8.172231284e-11
6.708118997e-11
5.478069949e-11
4.464379508e-11
3.631671416e-11
2.951524095e-11
2.39707368e-11
1.945865281e-11
1.579487029e-11
1.281992986e-11
1.040567186e-11
8.443021383e-12
6.847895761e-12
5.555287422e-12
4.511246808e-12
3.665052125e-12
2.977281875e-12
2.419943434e-12
1.967295455e-12
1.600102376e-12
1.302977118e-12
1.063663472e-12
8.776861733e-13
7.375011731e-13
6.727131698e-13
6.067710157e-13
4.069309884e-13
3.11336906e-13
2.576265547e-13
2.042256419e-13
1.162039604e-13
2.023583106e-13
8.754072571e-13
1.093697422e-12
1.17701755e-12
1.328396148e-12
1.509110874e-12
1.698237713e-12
2.344637167e-12
7.353335063e-13
5.244914446e-12
-2.747360325e-12
1.204751022e-11
-1.207913227e-11
2.193767466e-11
-3.091988497e-11
3.370710782e-11
-6.026462791e-11
3.854019168e-11
-5.957722193e-11
6.515905262e-12
3.601997112e-11
)
;
    }
    rightWall
    {
        type            empty;
    }
    leftWall
    {
        type            empty;
    }
    frontAndBack
    {
        type            calculated;
        value           nonuniform List<scalar> 
80
(
-3.009265538e-36
0
0
2.40741243e-35
0
0
0
0
0
0
0
0
0
0
0
0
0
0
0
0
0
0
0
0
0
0
0
0
0
0
0
0
0
0
1.925929944e-34
1.925929944e-34
0
0
0
0
0
0
0
-2.40741243e-35
2.40741243e-35
0
0
0
0
0
0
0
0
0
0
0
0
0
0
0
0
0
0
0
0
0
0
0
0
0
0
0
1.925929944e-34
0
0
0
0
0
0
0
)
;
    }
}


// ************************************************************************* //
