/*--------------------------------*- C++ -*----------------------------------*\
| =========                 |                                                 |
| \\      /  F ield         | OpenFOAM: The Open Source CFD Toolbox           |
|  \\    /   O peration     | Version:  2506                                  |
|   \\  /    A nd           | Website:  www.openfoam.com                      |
|    \\/     M anipulation  |                                                 |
\*---------------------------------------------------------------------------*/
FoamFile
{
    version     2.0;
    format      ascii;
    arch        "LSB;label=32;scalar=64";
    class       volVectorField;
    location    "0.001";
    object      U;
}
// * * * * * * * * * * * * * * * * * * * * * * * * * * * * * * * * * * * * * //

dimensions      [0 1 -1 0 0 0 0];

internalField   nonuniform List<vector> 
3200
(
(0 0.2275063835 0.001607995599)
(0 0.2221482016 0.00545276791)
(0 0.2083499006 0.0103890619)
(0 0.1942666037 0.01605537916)
(0 0.1325596734 0.02491358968)
(0 0.1313988198 0.02611906003)
(0 -0.001700087847 0.03832336863)
(0 -0.001099801547 -0.00137819833)
(0 -6.715774742e-12 -4.658133291e-16)
(0 -1.299252413e-11 -4.403913527e-13)
(0 -1.17650475e-11 -7.869442562e-13)
(0 -9.98316944e-12 -9.945826524e-13)
(0 -7.919624791e-12 -1.068340975e-12)
(0 -5.809606479e-12 -1.040810223e-12)
(0 -3.817356387e-12 -9.503404528e-13)
(0 -2.036510028e-12 -8.291895895e-13)
(0 -5.058440018e-13 -6.999627545e-13)
(0 7.7220449e-13 -5.763978581e-13)
(0 1.816051833e-12 -4.656149723e-13)
(0 2.653998283e-12 -3.703798435e-13)
(0 3.317286432e-12 -2.908703813e-13)
(0 3.836137007e-12 -2.258899856e-13)
(0 4.237761273e-12 -1.736316537e-13)
(0 4.545584222e-12 -1.321229805e-13)
(0 4.779156538e-12 -9.946340076e-14)
(0 4.95441576e-12 -7.393480431e-14)
(0 5.084089061e-12 -5.403837511e-14)
(0 5.178123702e-12 -3.849008388e-14)
(0 5.244088484e-12 -2.619478071e-14)
(0 5.287518983e-12 -1.621162622e-14)
(0 5.312196183e-12 -7.720183039e-15)
(0 2.660108531e-12 -4.523428151e-26)
(0 1.168477858e-10 2.468923842e-12)
(0 -2.254045229e-09 -1.628485151e-11)
(0 7.100815045e-09 -2.663117373e-10)
(0 -9.533817814e-09 7.179668134e-11)
(0 1.135267567e-08 -1.493743649e-10)
(0 -8.268067036e-09 2.624589791e-11)
(0 6.611963852e-09 4.566310367e-11)
(0 -3.895394237e-09 1.512516542e-10)
(0 0.2350239437 0.003212506532)
(0 0.2315439023 0.01171255608)
(0 0.2196434431 0.02417448415)
(0 0.2095810233 0.03970692531)
(0 0.1433780606 0.06789908251)
(0 0.1465154442 0.07142983165)
(0 -0.002186679454 0.1146587861)
(0 -0.001280249901 -0.004777187695)
(0 -7.155630214e-12 -1.526095573e-15)
(0 -1.377919122e-11 -1.414476268e-12)
(0 -1.23192388e-11 -2.499402019e-12)
(0 -1.026456616e-11 -3.117189357e-12)
(0 -7.965852362e-12 -3.305788482e-12)
(0 -5.691605956e-12 -3.184769141e-12)
(0 -3.605735753e-12 -2.88103336e-12)
(0 -1.78613233e-12 -2.494917073e-12)
(0 -2.530522703e-13 -2.093450859e-12)
(0 1.006552272e-12 -1.715601439e-12)
(0 2.022069847e-12 -1.380467529e-12)
(0 2.828742874e-12 -1.094580401e-12)
(0 3.46177629e-12 -8.572625062e-13)
(0 3.953375734e-12 -6.641613812e-13)
(0 4.331528278e-12 -5.094085642e-13)
(0 4.619752475e-12 -3.868458861e-13)
(0 4.837344714e-12 -2.906600859e-13)
(0 4.999840786e-12 -2.156614015e-13)
(0 5.119533782e-12 -1.573581889e-13)
(0 5.205967297e-12 -1.119214085e-13)
(0 5.266366942e-12 -7.609527999e-14)
(0 5.305993581e-12 -4.708690122e-14)
(0 5.328407809e-12 -2.245350519e-14)
(0 2.667828714e-12 -3.482490919e-25)
(0 1.153776125e-10 3.004593608e-12)
(0 -2.231044211e-09 -1.374238713e-10)
(0 6.351775023e-09 -3.529333436e-10)
(0 -9.68939747e-09 2.410905091e-10)
(0 1.080077655e-08 -3.595542834e-10)
(0 -8.777149305e-09 5.508043869e-11)
(0 6.142431022e-09 3.54260554e-12)
(0 -4.039387392e-09 3.028039736e-10)
(0 0.2428505286 0.005164328119)
(0 0.2435865834 0.02039209775)
(0 0.2369502265 0.04387363381)
(0 0.2388808258 0.07415091897)
(0 0.165374323 0.1271306113)
(0 0.1818565126 0.1396641539)
(0 -0.001014360631 0.2136319204)
(0 -0.001702924023 -0.007804843325)
(0 -8.128755538e-12 -2.491014514e-15)
(0 -1.549105154e-11 -2.71698079e-12)
(0 -1.346776059e-11 -4.678731957e-12)
(0 -1.07895559e-11 -5.668655157e-12)
(0 -7.987204575e-12 -5.852468386e-12)
(0 -5.384851357e-12 -5.511005838e-12)
(0 -3.127504319e-12 -4.893620966e-12)
(0 -1.248927527e-12 -4.175469948e-12)
(0 2.734716319e-13 -3.462765207e-12)
(0 1.48518782e-12 -2.811508921e-12)
(0 2.437072871e-12 -2.245482955e-12)
(0 3.177203305e-12 -1.769625612e-12)
(0 3.747705451e-12 -1.37886675e-12)
(0 4.183990949e-12 -1.06353745e-12)
(0 4.515076768e-12 -8.124816127e-13)
(0 4.764332701e-12 -6.147219753e-13)
(0 4.950341023e-12 -4.602556696e-13)
(0 5.087717657e-12 -3.403469567e-13)
(0 5.187829054e-12 -2.475444482e-13)
(0 5.259386611e-12 -1.755589824e-13)
(0 5.308922992e-12 -1.190802652e-13)
(0 5.341160758e-12 -7.357396155e-14)
(0 5.359283084e-12 -3.507804222e-14)
(0 2.682562036e-12 -1.605811568e-25)
(0 1.146175766e-10 4.106776708e-12)
(0 -2.231209602e-09 -1.171189158e-10)
(0 6.187144539e-09 -2.799062487e-10)
(0 -9.927024701e-09 2.392686406e-10)
(0 1.061973289e-08 -3.222612588e-10)
(0 -8.825578047e-09 1.835107842e-10)
(0 5.986413079e-09 2.862495119e-11)
(0 -4.006088727e-09 2.82104284e-10)
(0 0.2604512575 0.001367757834)
(0 0.2698189782 0.01242212684)
(0 0.2732748869 0.03767914356)
(0 0.2935215856 0.07481194113)
(0 0.2104535522 0.1607454427)
(0 0.2394843623 0.174467336)
(0 -0.004717999511 0.3267751408)
(0 -0.002484604378 -0.0137911562)
(0 -9.87029881e-12 -3.813531871e-15)
(0 -1.845650879e-11 -4.773274301e-12)
(0 -1.527091317e-11 -7.829983946e-12)
(0 -1.143830259e-11 -9.026357465e-12)
(0 -7.808203043e-12 -8.924583117e-12)
(0 -4.732758537e-12 -8.113351959e-12)
(0 -2.270199863e-12 -7.007185305e-12)
(0 -3.552765705e-13 -5.850807924e-12)
(0 1.110908757e-12 -4.770877888e-12)
(0 2.223834524e-12 -3.822443527e-12)
(0 3.063953156e-12 -3.020597101e-12)
(0 3.695359078e-12 -2.359848932e-12)
(0 4.167864452e-12 -1.825319513e-12)
(0 4.519760872e-12 -1.398908346e-12)
(0 4.780343753e-12 -1.062509268e-12)
(0 4.971978418e-12 -7.995359093e-13)
(0 5.111719733e-12 -5.955051777e-13)
(0 5.212552007e-12 -4.381160945e-13)
(0 5.284321756e-12 -3.17076401e-13)
(0 5.33443148e-12 -2.238188077e-13)
(0 5.368351963e-12 -1.511828869e-13)
(0 5.389995804e-12 -9.309967182e-14)
(0 5.401981771e-12 -4.429322069e-14)
(0 2.702906756e-12 2.807837053e-26)
(0 1.133684191e-10 6.415771123e-12)
(0 -2.195357635e-09 4.015009277e-11)
(0 6.325856832e-09 -3.466724719e-10)
(0 -9.890583361e-09 1.767907781e-10)
(0 1.059735003e-08 -2.537833977e-10)
(0 -8.700954337e-09 1.61924716e-10)
(0 5.951875674e-09 1.714217605e-11)
(0 -3.956016511e-09 1.72102717e-10)
(0 0.2572994169 -0.003986053019)
(0 0.2793386073 0.0068724907)
(0 0.2987326999 0.04404845013)
(0 0.3619419856 0.114385078)
(0 0.2651938933 0.2502963075)
(0 0.3501411997 0.3208105037)
(0 0.0002234216706 0.506668276)
(0 -0.004238203131 -0.01952656405)
(0 -1.289823137e-11 1.211308967e-13)
(0 -2.331915139e-11 -8.5441063e-12)
(0 -1.772084375e-11 -1.284160398e-11)
(0 -1.188415507e-11 -1.36822353e-11)
(0 -7.07419907e-12 -1.27061888e-11)
(0 -3.467453546e-12 -1.101066965e-11)
(0 -8.649602829e-13 -9.171000338e-12)
(0 9.873798898e-13 -7.44974275e-12)
(0 2.301836028e-12 -5.947537347e-12)
(0 3.235468607e-12 -4.686827163e-12)
(0 3.899667466e-12 -3.654646523e-12)
(0 4.372480893e-12 -2.823889759e-12)
(0 4.708646037e-12 -2.163694571e-12)
(0 4.946801194e-12 -1.644309927e-12)
(0 5.114449205e-12 -1.239154285e-12)
(0 5.23133679e-12 -9.254495626e-13)
(0 5.311760837e-12 -6.841534596e-13)
(0 5.366146434e-12 -4.995724852e-13)
(0 5.402126341e-12 -3.588570255e-13)
(0 5.425280125e-12 -2.514803872e-13)
(0 5.439642127e-12 -1.687486492e-13)
(0 5.448050424e-12 -1.033578478e-13)
(0 5.452382756e-12 -4.899860232e-14)
(0 2.726855256e-12 -4.87608573e-25)
(0 1.124146159e-10 4.684185514e-12)
(0 -2.174832119e-09 1.401814485e-10)
(0 6.422085285e-09 -2.616457036e-10)
(0 -9.840246492e-09 1.3860327e-10)
(0 1.058416096e-08 -1.952362345e-10)
(0 -8.598316824e-09 1.154670859e-10)
(0 5.940718305e-09 -2.047993446e-11)
(0 -3.899829033e-09 9.62493129e-11)
(0 0.263136942 -0.02203852721)
(0 0.3139827728 -0.03812611135)
(0 0.3772376486 -0.02494529711)
(0 0.5018451448 0.03033916769)
(0 0.4240304382 0.223976839)
(0 0.5168503231 0.2897693363)
(0 -0.03817470286 0.7529958324)
(0 -0.007445431287 -0.03382383116)
(0 -1.853056558e-11 7.066649972e-13)
(0 -3.142206523e-11 -1.668420648e-11)
(0 -2.040904216e-11 -2.131013395e-11)
(0 -1.130288741e-11 -2.015481392e-11)
(0 -5.136637391e-12 -1.720729925e-11)
(0 -1.197570073e-12 -1.405216541e-11)
(0 1.290727034e-12 -1.12164287e-11)
(0 2.86818642e-12 -8.829659105e-12)
(0 3.873824344e-12 -6.88273507e-12)
(0 4.516725349e-12 -5.322705335e-12)
(0 4.926890559e-12 -4.087287574e-12)
(0 5.18631103e-12 -3.117385518e-12)
(0 5.347444284e-12 -2.361282433e-12)
(0 5.444301157e-12 -1.775512046e-12)
(0 5.499204117e-12 -1.324380714e-12)
(0 5.526979244e-12 -9.789864103e-13)
(0 5.53759681e-12 -7.161155328e-13)
(0 5.537848441e-12 -5.171879736e-13)
(0 5.532413854e-12 -3.673185607e-13)
(0 5.524539856e-12 -2.545120463e-13)
(0 5.516474502e-12 -1.689843522e-13)
(0 5.509745851e-12 -1.025920211e-13)
(0 5.505339618e-12 -4.834782536e-14)
(0 2.751905358e-12 -9.424278188e-25)
(0 1.118698472e-10 2.445776066e-12)
(0 -2.164147679e-09 1.427717734e-10)
(0 6.478325656e-09 -1.88569675e-10)
(0 -9.799059897e-09 1.05080363e-10)
(0 1.057555011e-08 -1.383450555e-10)
(0 -8.527462369e-09 8.688639343e-11)
(0 5.930723929e-09 -2.649055347e-11)
(0 -3.851944619e-09 5.235647727e-11)
(0 0.1972543299 -0.05501488674)
(0 0.279402063 -0.1038046466)
(0 0.3880239357 -0.1026859136)
(0 0.6289216428 0.03302235713)
(0 0.5309000137 0.4023821543)
(0 0.8473203917 0.7750762147)
(0 -0.001545822681 1.165923562)
(0 -0.01543156578 -0.1159509829)
(0 -3.028876702e-11 -5.538504904e-12)
(0 -4.534102044e-11 -3.75946449e-11)
(0 -2.119145118e-11 -3.555999861e-11)
(0 -7.781320375e-12 -2.841961756e-11)
(0 -9.715505611e-13 -2.191607685e-11)
(0 2.523417011e-12 -1.677431625e-11)
(0 4.357546019e-12 -1.281292963e-11)
(0 5.321073517e-12 -9.769781209e-12)
(0 5.808789798e-12 -7.431093126e-12)
(0 6.030916103e-12 -5.634016272e-12)
(0 6.104987282e-12 -4.254445906e-12)
(0 6.098486034e-12 -3.197110112e-12)
(0 6.05051951e-12 -2.388566673e-12)
(0 5.983702913e-12 -1.772107724e-12)
(0 5.910974841e-12 -1.303904976e-12)
(0 5.839601972e-12 -9.500341826e-13)
(0 5.773559274e-12 -6.841656438e-13)
(0 5.714943406e-12 -4.857722996e-13)
(0 5.664802268e-12 -3.387395065e-13)
(0 5.623614334e-12 -2.302828363e-13)
(0 5.591562153e-12 -1.500987484e-13)
(0 5.568686951e-12 -8.968840653e-14)
(0 5.554974777e-12 -4.180698648e-14)
(0 2.775203082e-12 -1.110320097e-24)
(0 1.116581126e-10 9.611853934e-13)
(0 -2.160052628e-09 1.30212923e-10)
(0 6.494513698e-09 -1.296538645e-10)
(0 -9.768815063e-09 7.754111051e-11)
(0 1.056941587e-08 -8.928629022e-11)
(0 -8.480573085e-09 6.371962687e-11)
(0 5.921436823e-09 -2.094486211e-11)
(0 -3.817211524e-09 2.460631113e-11)
(0 0.09668690224 -0.1028152473)
(0 0.2716942133 -0.235361911)
(0 0.5404092542 -0.34782863)
(0 0.989833546 -0.2691476865)
(0 1.147438186 0.05647259924)
(0 1.433140572 0.3275487122)
(0 0.2073028116 1.937814135)
(0 -0.001779644981 -0.03877899154)
(0 -5.052364301e-11 -1.725768744e-10)
(0 -6.145804223e-11 -9.26136142e-11)
(0 -1.123401482e-11 -5.491561882e-11)
(0 2.341034358e-12 -3.604763694e-11)
(0 6.508663916e-12 -2.526312674e-11)
(0 7.90557715e-12 -1.831615732e-11)
(0 8.295262075e-12 -1.34912381e-11)
(0 8.25002292e-12 -1.000550878e-11)
(0 8.00958928e-12 -7.437915753e-12)
(0 7.693372569e-12 -5.52788688e-12)
(0 7.36379672e-12 -4.09942369e-12)
(0 7.052190264e-12 -3.028087107e-12)
(0 6.772446672e-12 -2.223805773e-12)
(0 6.528962854e-12 -1.620484926e-12)
(0 6.321277658e-12 -1.169135213e-12)
(0 6.146718576e-12 -8.331172179e-13)
(0 6.001858693e-12 -5.847759018e-13)
(0 5.883274578e-12 -4.03027791e-13)
(0 5.787903317e-12 -2.716117837e-13)
(0 5.713180614e-12 -1.77804118e-13)
(0 5.657068932e-12 -1.114580044e-13)
(0 5.618037613e-12 -6.426959186e-14)
(0 5.595028025e-12 -2.919978949e-14)
(0 2.793712345e-12 -1.057505095e-24)
(0 1.116384827e-10 1.848451338e-13)
(0 -2.159121553e-09 1.046527625e-10)
(0 6.490060126e-09 -8.641697955e-11)
(0 -9.745842666e-09 5.558797286e-11)
(0 1.056454292e-08 -5.248382882e-11)
(0 -8.451568227e-09 4.50914829e-11)
(0 5.914335619e-09 -1.405711361e-11)
(0 -3.793756945e-09 8.261999221e-12)
(0 -0.1474544993 -0.2190525158)
(0 0.0530802794 -0.5387892896)
(0 0.1900947489 -0.7018374165)
(0 0.7243514162 -0.5690664114)
(0 1.204058004 0.3352861062)
(0 2.383570451 1.861642161)
(0 -2.197759641 2.843543744)
(0 -1.560842361e-10 -6.602797472e-13)
(0 -1.062323972e-10 -1.671469313e-10)
(0 7.231621692e-11 -1.053582919e-10)
(0 3.537452608e-11 -5.544121553e-11)
(0 2.187117171e-11 -3.559225719e-11)
(0 1.675992905e-11 -2.477269285e-11)
(0 1.429530565e-11 -1.773600931e-11)
(0 1.266819456e-11 -1.28303803e-11)
(0 1.137439587e-11 -9.323142383e-12)
(0 1.02864117e-11 -6.7872403e-12)
(0 9.369408165e-12 -4.940260577e-12)
(0 8.604787055e-12 -3.587338658e-12)
(0 7.974103952e-12 -2.592065367e-12)
(0 7.458121691e-12 -1.858133688e-12)
(0 7.038373473e-12 -1.316935911e-12)
(0 6.698342549e-12 -9.190771416e-13)
(0 6.423961283e-12 -6.285661673e-13)
(0 6.203648701e-12 -4.188336534e-13)
(0 6.028107524e-12 -2.699885887e-13)
(0 5.890025941e-12 -1.669089075e-13)
(0 5.783768113e-12 -9.789224405e-14)
(0 5.705096679e-12 -5.368256722e-14)
(0 5.650945166e-12 -2.674892192e-14)
(0 5.619244369e-12 -1.07320635e-14)
(0 2.804402871e-12 -9.441054196e-25)
(0 1.116929194e-10 -1.653534654e-13)
(0 -2.159651962e-09 7.470431348e-11)
(0 6.479018672e-09 -5.583629404e-11)
(0 -9.728517013e-09 3.961388719e-11)
(0 1.056089052e-08 -2.759989688e-11)
(0 -8.434512874e-09 3.183474499e-11)
(0 5.909265539e-09 -7.909430515e-12)
(0 -3.778799127e-09 -3.336951472e-14)
(0 -0.5414423417 -0.3001077085)
(0 -0.823869979 -0.5708692548)
(0 -0.8427325685 -0.8409443444)
(0 0.2423290275 -1.590249237)
(0 1.673035467 -1.148649105)
(0 3.92235018 2.3217325)
(0 1.580145305 4.50087812)
(0 0.737979188 -2.238670197)
(0 -0.001369347792 0.0025603887)
(0 4.231362193e-11 5.442485936e-12)
(0 5.853201975e-11 -2.590161586e-11)
(0 3.300955704e-11 -2.610755607e-11)
(0 2.436491179e-11 -2.049943637e-11)
(0 1.984788971e-11 -1.502486015e-11)
(0 1.670812901e-11 -1.077115413e-11)
(0 1.429316292e-11 -7.66945453e-12)
(0 1.239247109e-11 -5.447671404e-12)
(0 1.089327421e-11 -3.858622928e-12)
(0 9.711991929e-12 -2.71766148e-12)
(0 8.781395233e-12 -1.894759283e-12)
(0 8.047576129e-12 -1.2997812e-12)
(0 7.468019401e-12 -8.700983012e-13)
(0 7.009647402e-12 -5.617205648e-13)
(0 6.646962064e-12 -3.432851587e-13)
(0 6.360436272e-12 -1.920504559e-13)
(0 6.135199324e-12 -9.122699527e-14)
(0 5.959999662e-12 -2.818138538e-14)
(0 5.826406955e-12 6.7937064e-15)
(0 5.728212254e-12 2.134236929e-14)
(0 5.660988116e-12 2.166950166e-14)
(0 5.621776947e-12 1.301004917e-14)
(0 2.804444408e-12 -6.990462605e-25)
(0 1.117507418e-10 -2.802184921e-13)
(0 -2.160870889e-09 4.856998056e-11)
(0 6.466664013e-09 -3.471278698e-11)
(0 -9.716263357e-09 2.879941954e-11)
(0 1.055792551e-08 -1.195254518e-11)
(0 -8.424958375e-09 2.290943748e-11)
(0 5.905690258e-09 -3.15068432e-12)
(0 -3.769751571e-09 -3.312734208e-12)
(0 -1.298248274 0.05991224548)
(0 -1.81574365 -0.2932143606)
(0 -1.322407252 -1.952616864)
(0 -0.2671139771 -3.492991752)
(0 0.08661464355 -3.555567028)
(0 2.936372822 2.118412858)
(0 3.843320553 5.896700546)
(0 0.6447692835 1.884003179)
(0 -0.0002325098132 0.4188676074)
(0 -8.480335392e-12 -1.893015682e-11)
(0 3.824954672e-12 -2.75073929e-11)
(0 2.72733512e-11 -2.243695012e-11)
(0 2.784262497e-11 -1.6092711e-11)
(0 2.402358789e-11 -1.109287191e-11)
(0 2.002360018e-11 -7.559997471e-12)
(0 1.66978786e-11 -5.135911983e-12)
(0 1.40972433e-11 -3.475407584e-12)
(0 1.209941809e-11 -2.328941051e-12)
(0 1.05686507e-11 -1.529977996e-12)
(0 9.391984231e-12 -9.695856792e-13)
(0 8.482782673e-12 -5.761889948e-13)
(0 7.776434109e-12 -3.020099025e-13)
(0 7.225155691e-12 -1.144759612e-13)
(0 6.793631392e-12 9.14285317e-15)
(0 6.455706864e-12 8.509260024e-14)
(0 6.191976594e-12 1.252650663e-13)
(0 5.988046643e-12 1.38574461e-13)
(0 5.833291868e-12 1.318700289e-13)
(0 5.719972474e-12 1.105599825e-13)
(0 5.642612846e-12 7.905409159e-14)
(0 5.597574867e-12 4.1091911e-14)
(0 2.791392822e-12 -3.445609581e-25)
(0 1.117666979e-10 -2.688690195e-13)
(0 -2.162244817e-09 2.917476449e-11)
(0 6.455270291e-09 -2.031897011e-11)
(0 -9.708140488e-09 2.147168474e-11)
(0 1.055547636e-08 -2.607015287e-12)
(0 -8.419870678e-09 1.707484171e-11)
(0 5.903139222e-09 2.744807212e-13)
(0 -3.764576955e-09 -3.748814566e-12)
(0 -0.8880821011 0.2712242899)
(0 -1.161603536 -0.7162613854)
(0 -1.059919146 -2.134376055)
(0 -1.627603607 -3.402332875)
(0 -2.400316111 -4.189085583)
(0 -1.601364674 -1.129052552)
(0 3.851728603 5.360103669)
(0 0.6218515772 2.621308624)
(0 0.004844627716 0.6527341742)
(0 2.139454877e-11 -1.02413561e-10)
(0 5.509381439e-11 -4.269534561e-11)
(0 4.442423893e-11 -2.004012507e-11)
(0 3.570899e-11 -1.034174956e-11)
(0 2.838060323e-11 -5.693944654e-12)
(0 2.266508894e-11 -3.240126091e-12)
(0 1.837775281e-11 -1.838868339e-12)
(0 1.519944202e-11 -9.891658834e-13)
(0 1.28387038e-11 -4.518114384e-13)
(0 1.10713473e-11 -1.037831354e-13)
(0 9.735184234e-12 1.22523544e-13)
(0 8.715151905e-12 2.665621865e-13)
(0 7.929732434e-12 3.526654677e-13)
(0 7.320800158e-12 3.966253589e-13)
(0 6.846530625e-12 4.091824277e-13)
(0 6.476558485e-12 3.979583396e-13)
(0 6.188681185e-12 3.68570186e-13)
(0 5.966604625e-12 3.252998138e-13)
(0 5.798392476e-12 2.715142719e-13)
(0 5.675396317e-12 2.099434821e-13)
(0 5.591520045e-12 1.428740056e-13)
(0 5.542722855e-12 7.229262392e-14)
(0 2.763352497e-12 -2.416902416e-26)
(0 1.117150212e-10 -1.991603287e-13)
(0 -2.163533068e-09 1.669180143e-11)
(0 6.446068838e-09 -1.047318818e-11)
(0 -9.702981828e-09 1.635264108e-11)
(0 1.055354987e-08 2.699407028e-12)
(0 -8.417391413e-09 1.324582375e-11)
(0 5.901291787e-09 2.59229643e-12)
(0 -3.761813048e-09 -2.800536914e-12)
(0 0.1975600198 0.3236168973)
(0 0.214944558 0.1093522753)
(0 -0.2491379689 -0.7797952186)
(0 -1.340270175 -2.330665379)
(0 -2.601339879 -4.262945484)
(0 -3.967983945 -2.763269494)
(0 -1.121576748 4.993059977)
(0 0.1600973942 4.500763137)
(0 -0.005285596784 1.00846686)
(0 6.68722649e-11 -6.697366763e-11)
(0 8.631157267e-11 -2.070228779e-11)
(0 5.962694724e-11 -4.686481088e-12)
(0 4.218880539e-11 4.597497394e-13)
(0 3.112521136e-11 1.898944715e-12)
(0 2.38786765e-11 2.132261319e-12)
(0 1.89488388e-11 2.009686812e-12)
(0 1.54843002e-11 1.809379615e-12)
(0 1.298480084e-11 1.614591361e-12)
(0 1.114298568e-11 1.444073613e-12)
(0 9.762329553e-12 1.296839738e-12)
(0 8.712924597e-12 1.167188064e-12)
(0 7.906497281e-12 1.04942324e-12)
(0 7.281672651e-12 9.390683494e-13)
(0 6.794964373e-12 8.329435653e-13)
(0 6.415094623e-12 7.289321787e-13)
(0 6.119318069e-12 6.257066532e-13)
(0 5.890990729e-12 5.224954689e-13)
(0 5.717935536e-12 4.189057548e-13)
(0 5.591332208e-12 3.147956232e-13)
(0 5.504961988e-12 2.101849811e-13)
(0 5.454700862e-12 1.051939627e-13)
(0 2.719100198e-12 3.327884997e-25)
(0 1.115820375e-10 -1.045901716e-13)
(0 -2.164649182e-09 9.974466024e-12)
(0 6.439548164e-09 -3.687276308e-12)
(0 -9.69975826e-09 1.272675489e-11)
(0 1.055219344e-08 5.513317121e-12)
(0 -8.416355975e-09 1.074694919e-11)
(0 5.899972845e-09 4.130806234e-12)
(0 -3.76047833e-09 -1.290207559e-12)
(0 0.450854845 0.1067498448)
(0 0.7402612734 -0.1555575166)
(0 0.8563893602 -0.580571241)
(0 0.4549032586 -0.6211739595)
(0 -1.044611118 -1.398401072)
(0 -5.327699018 -1.689472649)
(0 -2.224089956 1.112563964)
(0 -0.7344714788 2.006353216)
(0 -0.01097150145 1.127454895)
(0 1.024809651e-10 4.742256189e-11)
(0 1.176227595e-10 3.179472299e-11)
(0 6.558627646e-11 2.15365314e-11)
(0 4.22944158e-11 1.496838023e-11)
(0 3.005311481e-11 1.069768201e-11)
(0 2.277583103e-11 7.860483579e-12)
(0 1.80548711e-11 5.935933232e-12)
(0 1.480434657e-11 4.602364144e-12)
(0 1.24733978e-11 3.656671666e-12)
(0 1.075359568e-11 2.968588116e-12)
(0 9.458298686e-12 2.453513482e-12)
(0 8.467735407e-12 2.055865874e-12)
(0 7.701612719e-12 1.738708748e-12)
(0 7.104320483e-12 1.477218979e-12)
(0 6.636394455e-12 1.254531344e-12)
(0 6.269321573e-12 1.059064448e-12)
(0 5.982244475e-12 8.827784671e-13)
(0 5.759803726e-12 7.200254208e-13)
(0 5.59069263e-12 5.667802836e-13)
(0 5.466675543e-12 4.201188561e-13)
(0 5.381918384e-12 2.778560667e-13)
(0 5.332537874e-12 1.382880721e-13)
(0 2.658158534e-12 6.441783745e-25)
(0 1.113637672e-10 -3.88785254e-15)
(0 -2.165548819e-09 7.299294228e-12)
(0 6.435666237e-09 9.87324396e-13)
(0 -9.697694758e-09 1.02597341e-11)
(0 1.055139819e-08 6.865181342e-12)
(0 -8.416047834e-09 9.183802956e-12)
(0 5.899047786e-09 5.159326456e-12)
(0 -3.759950259e-09 3.412482814e-13)
(0 0.2867600031 -0.01572608346)
(0 0.3421676479 -0.2390289147)
(0 0.3434817532 -0.5636651172)
(0 -0.08494126188 -0.8823952857)
(0 0.07417356975 -0.8204599745)
(0 -0.1299124445 -0.5130122175)
(0 -0.9564966307 -0.1114725204)
(0 -1.110428857 1.189810331)
(0 -2.115970553e-11 2.607292073e-10)
(0 8.130348602e-11 1.630366138e-10)
(0 6.071417026e-11 7.921354169e-11)
(0 4.280060448e-11 4.406947591e-11)
(0 3.134995599e-11 2.717959156e-11)
(0 2.40173147e-11 1.80628824e-11)
(0 1.911692772e-11 1.267601386e-11)
(0 1.569071937e-11 9.271161801e-12)
(0 1.320503864e-11 7.007429514e-12)
(0 1.135102481e-11 5.441091437e-12)
(0 9.939827498e-12 4.32003726e-12)
(0 8.849607311e-12 3.492701452e-12)
(0 7.998119863e-12 2.86399229e-12)
(0 7.327850387e-12 2.372264447e-12)
(0 6.797495248e-12 1.976505545e-12)
(0 6.376809842e-12 1.64883942e-12)
(0 6.043341745e-12 1.369961478e-12)
(0 5.780279041e-12 1.126268462e-12)
(0 5.574992546e-12 9.08004536e-13)
(0 5.418028971e-12 7.080348938e-13)
(0 5.302407991e-12 5.210150544e-13)
(0 5.223131204e-12 3.428129169e-13)
(0 5.176844795e-12 1.700926088e-13)
(0 2.580812126e-12 8.945101141e-25)
(0 1.110611455e-10 8.681251742e-14)
(0 -2.166237422e-09 6.937346062e-12)
(0 6.433951026e-09 4.152510237e-12)
(0 -9.696335423e-09 8.766679607e-12)
(0 1.055105781e-08 7.42290531e-12)
(0 -8.416045501e-09 8.286299844e-12)
(0 5.898412854e-09 5.861426378e-12)
(0 -3.759840203e-09 1.875668545e-12)
(0 0.1576842424 -0.02307905021)
(0 0.1485055354 -0.1521967888)
(0 0.1185613111 -0.2846933638)
(0 -0.1567936163 -0.4395814041)
(0 -0.382980316 -0.5906158064)
(0 -0.8036124932 -0.6081440603)
(0 -0.2718721515 1.142464954)
(0 -0.07455183768 1.567476533)
(0 -1.829925067e-11 2.224368083e-10)
(0 -5.703353202e-11 1.316784866e-10)
(0 -1.344378315e-12 7.795222878e-11)
(0 1.355232632e-11 4.834841375e-11)
(0 1.62878223e-11 3.161764304e-11)
(0 1.554953712e-11 2.169821558e-11)
(0 1.398411043e-11 1.550950019e-11)
(0 1.238628676e-11 1.146523908e-11)
(0 1.09742762e-11 8.715058932e-12)
(0 9.786005544e-12 6.780177718e-12)
(0 8.805205693e-12 5.377714216e-12)
(0 8.002253716e-12 4.333205641e-12)
(0 7.347298402e-12 3.535077137e-12)
(0 6.814125974e-12 2.909789412e-12)
(0 6.380895456e-12 2.40763867e-12)
(0 6.029850388e-12 1.994302112e-12)
(0 5.746750615e-12 1.645621135e-12)
(0 5.520287533e-12 1.344282191e-12)
(0 5.341570158e-12 1.077647921e-12)
(0 5.203703149e-12 8.363048009e-13)
(0 5.101453566e-12 6.130663023e-13)
(0 5.030995939e-12 4.022694039e-13)
(0 4.989724957e-12 1.99260327e-13)
(0 2.488065925e-12 1.118842147e-24)
(0 1.1068137e-10 1.551259931e-13)
(0 -2.166766325e-09 7.571548178e-12)
(0 6.433600933e-09 6.224750699e-12)
(0 -9.695466048e-09 8.08476109e-12)
(0 1.05509863e-08 7.639878968e-12)
(0 -8.416132283e-09 7.87584089e-12)
(0 5.89797633e-09 6.380586505e-12)
(0 -3.759916744e-09 3.234281293e-12)
(0 0.1129737507 -0.02452353022)
(0 0.09014472173 -0.1003620243)
(0 0.04928374855 -0.1640314688)
(0 -0.1373592296 -0.2487844864)
(0 -0.2615559722 -0.1441296783)
(0 -0.66757493 -0.1365849762)
(0 -1.412145978 0.08808184177)
(0 -0.04707043542 0.8353615735)
(0 -4.487967948e-11 3.511922662e-11)
(0 -6.290106867e-11 6.111509652e-11)
(0 -2.261590261e-11 5.256828463e-11)
(0 -3.53398125e-12 3.975434788e-11)
(0 4.699757821e-12 2.924433944e-11)
(0 7.909171843e-12 2.16028186e-11)
(0 8.883951223e-12 1.619851176e-11)
(0 8.896278115e-12 1.236520507e-11)
(0 8.519977275e-12 9.607349083e-12)
(0 8.013680093e-12 7.586799579e-12)
(0 7.492855421e-12 6.077384861e-12)
(0 7.006970232e-12 4.927273785e-12)
(0 6.574703634e-12 4.033261579e-12)
(0 6.20041192e-12 3.324116625e-12)
(0 5.882007947e-12 2.749898573e-12)
(0 5.614792307e-12 2.275053911e-12)
(0 5.393321824e-12 1.87388806e-12)
(0 5.212305827e-12 1.527545536e-12)
(0 5.067015156e-12 1.221959976e-12)
(0 4.953447352e-12 9.464363561e-13)
(0 4.868372594e-12 6.926497801e-13)
(0 4.809325228e-12 4.539204025e-13)
(0 4.774575391e-12 2.246706635e-13)
(0 2.381551799e-12 1.216440418e-24)
(0 1.10235524e-10 1.982423673e-13)
(0 -2.167222947e-09 8.410303398e-12)
(0 6.433825652e-09 7.544173275e-12)
(0 -9.694977764e-09 7.968677369e-12)
(0 1.055100369e-08 7.777693458e-12)
(0 -8.416226272e-09 7.795154243e-12)
(0 5.89766183e-09 6.807520636e-12)
(0 -3.760053203e-09 4.397811189e-12)
(0 0.02976764139 -0.02299047854)
(0 0.006859729988 -0.07558214962)
(0 -0.03524874651 -0.112966556)
(0 -0.1433202791 -0.1471368655)
(0 -0.2525006141 -0.04919600051)
(0 -0.287810799 0.002536859094)
(0 -0.5460769569 0.2001938614)
(0 -0.02091567707 0.2277490873)
(0 -2.412917385e-11 -4.483267732e-12)
(0 -3.947336939e-11 2.521002984e-11)
(0 -2.270512695e-11 3.145186023e-11)
(0 -9.771618875e-12 2.885635934e-11)
(0 -1.863706984e-12 2.400253868e-11)
(0 2.503709435e-12 1.927019617e-11)
(0 4.746496898e-12 1.531650331e-11)
(0 5.795124081e-12 1.218968971e-11)
(0 6.195870717e-12 9.762294208e-12)
(0 6.256041322e-12 7.882242276e-12)
(0 6.1456799e-12 6.417701687e-12)
(0 5.958130434e-12 5.265187331e-12)
(0 5.744141241e-12 4.346519466e-12)
(0 5.530762968e-12 3.603457134e-12)
(0 5.331832742e-12 2.992727476e-12)
(0 5.153839875e-12 2.482073e-12)
(0 4.99924224e-12 2.047282074e-12)
(0 4.868359449e-12 1.670007065e-12)
(0 4.760460978e-12 1.336170705e-12)
(0 4.674392953e-12 1.034797996e-12)
(0 4.608937613e-12 7.571507794e-13)
(0 4.563016822e-12 4.960748461e-13)
(0 4.535804555e-12 2.45493705e-13)
(0 2.263395262e-12 1.218571189e-24)
(0 1.097358745e-10 2.232841551e-13)
(0 -2.16766208e-09 9.099920632e-12)
(0 6.434141753e-09 8.384202901e-12)
(0 -9.694784268e-09 8.153910843e-12)
(0 1.055100068e-08 7.945589042e-12)
(0 -8.416313208e-09 7.906263602e-12)
(0 5.897418609e-09 7.189368832e-12)
(0 -3.760188823e-09 5.373174292e-12)
(0 0.01599199308 -0.009811219138)
(0 0.001718964949 -0.02967363073)
(0 -0.02463838353 -0.03679470015)
(0 -0.07059274906 -0.03446103656)
(0 -0.1143852457 0.03918751133)
(0 -0.1029785674 0.1317850073)
(0 -0.1734447184 0.1827362083)
(0 -0.005343512472 0.06468996091)
(0 -1.523974115e-11 -7.406766144e-13)
(0 -2.693458045e-11 1.276947713e-11)
(0 -1.89695731e-11 1.917295785e-11)
(0 -1.09833028e-11 2.021668912e-11)
(0 -4.886405352e-12 1.863925534e-11)
(0 -7.768635297e-13 1.615891261e-11)
(0 1.803444767e-12 1.360759371e-11)
(0 3.342069012e-12 1.131472567e-11)
(0 4.212529838e-12 9.369858573e-12)
(0 4.669087572e-12 7.762129888e-12)
(0 4.875800476e-12 6.445941574e-12)
(0 4.935788012e-12 5.369197891e-12)
(0 4.912973437e-12 4.484112375e-12)
(0 4.84661993e-12 3.7504057e-12)
(0 4.760623813e-12 3.135424312e-12)
(0 4.669346905e-12 2.613175115e-12)
(0 4.581255889e-12 2.163110743e-12)
(0 4.501194458e-12 1.768985148e-12)
(0 4.431806087e-12 1.417878607e-12)
(0 4.374427427e-12 1.099401748e-12)
(0 4.329649444e-12 8.050558563e-13)
(0 4.297668154e-12 5.27718169e-13)
(0 4.278500545e-12 2.61221404e-13)
(0 2.136058094e-12 1.225125542e-24)
(0 1.091943888e-10 2.355002508e-13)
(0 -2.168096418e-09 9.565863141e-12)
(0 6.434349708e-09 8.93434904e-12)
(0 -9.69479736e-09 8.445555117e-12)
(0 1.055093995e-08 8.163263347e-12)
(0 -8.416401229e-09 8.108163199e-12)
(0 5.897218071e-09 7.545249584e-12)
(0 -3.760301976e-09 6.179447157e-12)
(0 -0.01016006008 -0.007730191883)
(0 -0.02000628993 -0.02136639658)
(0 -0.04008945668 -0.02735545477)
(0 -0.06717036744 -0.02444647074)
(0 -0.09037567362 0.004769788735)
(0 -0.07035741161 0.04462012388)
(0 -0.04287967749 0.06200455441)
(0 -0.001501836618 0.02199823595)
(0 -1.065554995e-11 1.243080379e-14)
(0 -1.955049494e-11 7.435258155e-12)
(0 -1.525791496e-11 1.225388303e-11)
(0 -1.030532139e-11 1.419818332e-11)
(0 -5.921483498e-12 1.417887479e-11)
(0 -2.527952187e-12 1.311858984e-11)
(0 -9.769003971e-14 1.16402094e-11)
(0 1.557388939e-12 1.009173e-11)
(0 2.643274935e-12 8.640246981e-12)
(0 3.332124323e-12 7.350431793e-12)
(0 3.752747902e-12 6.234684004e-12)
(0 3.996301235e-12 5.281492199e-12)
(0 4.125349051e-12 4.470266274e-12)
(0 4.182074905e-12 3.778569445e-12)
(0 4.194602157e-12 3.185331697e-12)
(0 4.181526306e-12 2.672038256e-12)
(0 4.155052273e-12 2.222950285e-12)
(0 4.123127313e-12 1.824898609e-12)
(0 4.090877578e-12 1.466917288e-12)
(0 4.061570202e-12 1.13984222e-12)
(0 4.037254034e-12 8.359284583e-13)
(0 4.01918237e-12 5.485046346e-13)
(0 4.008086386e-12 2.716660303e-13)
(0 2.002173858e-12 1.179935138e-24)
(0 1.086238678e-10 2.38154805e-13)
(0 -2.168548316e-09 9.851880745e-12)
(0 6.434412333e-09 9.312113316e-12)
(0 -9.69493817e-09 8.736213417e-12)
(0 1.055082602e-08 8.408947473e-12)
(0 -8.416499232e-09 8.335394867e-12)
(0 5.897046313e-09 7.875514655e-12)
(0 -3.76039072e-09 6.837860511e-12)
(0 -0.01297928337 -0.002441185577)
(0 -0.01791332786 -0.005068195169)
(0 -0.02784240315 -0.003155665627)
(0 -0.03870875985 0.008213253081)
(0 -0.04810237938 0.03306592339)
(0 -0.03915166023 0.06555353967)
(0 -0.01474826207 0.07631312177)
(0 -0.0008386999982 0.01385569767)
(0 -7.826490071e-12 7.478023825e-15)
(0 -1.469011266e-11 4.705489482e-12)
(0 -1.220664794e-11 8.209148328e-12)
(0 -9.058311038e-12 1.014328274e-11)
(0 -5.965998837e-12 1.075945937e-11)
(0 -3.315528926e-12 1.049634353e-11)
(0 -1.223415068e-12 9.742898512e-12)
(0 3.42106598e-13 8.771705718e-12)
(0 1.471231628e-12 7.748927235e-12)
(0 2.263524595e-12 6.764617416e-12)
(0 2.806860883e-12 5.86081445e-12)
(0 3.171370282e-12 5.051760351e-12)
(0 3.410050683e-12 4.336829448e-12)
(0 3.561685352e-12 3.708213217e-12)
(0 3.654092623e-12 3.155235826e-12)
(0 3.706965493e-12 2.666639789e-12)
(0 3.734116242e-12 2.231701248e-12)
(0 3.745161461e-12 1.840694653e-12)
(0 3.746749698e-12 1.48500932e-12)
(0 3.743438597e-12 1.157088804e-12)
(0 3.738311858e-12 8.502869328e-13)
(0 3.733405726e-12 5.586901139e-13)
(0 3.72999591e-12 2.76930425e-13)
(0 1.864392064e-12 1.06434061e-24)
(0 1.080369473e-10 2.351476585e-13)
(0 -2.169013508e-09 1.002400449e-11)
(0 6.434358098e-09 9.585736398e-12)
(0 -9.695146648e-09 8.981610864e-12)
(0 1.055067725e-08 8.652049041e-12)
(0 -8.416610187e-09 8.551482378e-12)
(0 5.896897252e-09 8.172805006e-12)
(0 -3.760460308e-09 7.368877313e-12)
(0 -0.01775559407 -0.001254167968)
(0 -0.02070952353 -0.002061468272)
(0 -0.02677637201 -0.0009135628825)
(0 -0.03081494233 0.005116264528)
(0 -0.03317207898 0.01629912863)
(0 -0.02551451435 0.0315577081)
(0 -0.002749123719 0.03849611985)
(0 -0.0003567029661 0.008302218112)
(0 -5.958398543e-12 4.798114866e-15)
(0 -1.134701065e-11 3.171278739e-12)
(0 -9.820121697e-12 5.733937631e-12)
(0 -7.755010354e-12 7.406330984e-12)
(0 -5.568422716e-12 8.219320708e-12)
(0 -3.54451304e-12 8.364404675e-12)
(0 -1.822327848e-12 8.063307275e-12)
(0 -4.365823375e-13 7.503231021e-12)
(0 6.361866327e-13 6.819093681e-12)
(0 1.444011538e-12 6.098242653e-12)
(0 2.039890838e-12 5.392136371e-12)
(0 2.472316234e-12 4.727842315e-12)
(0 2.781801916e-12 4.117013932e-12)
(0 3.000481283e-12 3.562154625e-12)
(0 3.15302873e-12 3.06069665e-12)
(0 3.257991727e-12 2.607524598e-12)
(0 3.329107136e-12 2.196465254e-12)
(0 3.376435385e-12 1.821120345e-12)
(0 3.407271729e-12 1.4752949e-12)
(0 3.426847815e-12 1.153183553e-12)
(0 3.438855344e-12 8.494159404e-13)
(0 3.445825862e-12 5.590226032e-13)
(0 3.449396272e-12 2.773577868e-13)
(0 1.725243433e-12 9.422784505e-25)
(0 1.0744344e-10 2.289851012e-13)
(0 -2.169490177e-09 1.013554162e-11)
(0 6.434231184e-09 9.790801174e-12)
(0 -9.695385183e-09 9.170813837e-12)
(0 1.055051286e-08 8.86750046e-12)
(0 -8.41673175e-09 8.739561715e-12)
(0 5.896768126e-09 8.429414562e-12)
(0 -3.760516669e-09 7.79133725e-12)
(0 -0.01634316558 0.0002967377225)
(0 -0.01757317027 0.002118923253)
(0 -0.02066934343 0.005197547144)
(0 -0.02155119035 0.01171427394)
(0 -0.0220112538 0.01948520485)
(0 -0.01768016072 0.02931426752)
(0 -0.002345996831 0.03370491109)
(0 -0.0002778844431 0.008612813339)
(0 -4.659658115e-12 4.0176317e-15)
(0 -8.95988125e-12 2.241831484e-12)
(0 -7.971595691e-12 4.148987082e-12)
(0 -6.572927961e-12 5.528769784e-12)
(0 -5.007925147e-12 6.347069077e-12)
(0 -3.471542359e-12 6.678622267e-12)
(0 -2.084588721e-12 6.642662201e-12)
(0 -9.021069959e-13 6.358775581e-12)
(0 6.624325969e-14 5.925922884e-12)
(0 8.36567284e-13 5.41706472e-12)
(0 1.436460545e-12 4.881582552e-12)
(0 1.896247844e-12 4.350392274e-12)
(0 2.244362993e-12 3.841161856e-12)
(0 2.50536807e-12 3.362627303e-12)
(0 2.699462596e-12 2.917805495e-12)
(0 2.842734097e-12 2.50623359e-12)
(0 2.94771199e-12 2.12545659e-12)
(0 3.023991107e-12 1.771975128e-12)
(0 3.078812906e-12 1.441823206e-12)
(0 3.117559638e-12 1.130900451e-12)
(0 3.144150908e-12 8.351456862e-13)
(0 3.161347572e-12 5.506103153e-13)
(0 3.170973307e-12 2.734700501e-13)
(0 1.587034277e-12 7.636111806e-25)
(0 1.068546917e-10 2.200404748e-13)
(0 -2.169961304e-09 1.022079214e-11)
(0 6.43407276e-09 9.942082453e-12)
(0 -9.695630716e-09 9.307300841e-12)
(0 1.05503477e-08 9.038996353e-12)
(0 -8.416857753e-09 8.89338866e-12)
(0 5.896657176e-09 8.640041653e-12)
(0 -3.760563797e-09 8.121898252e-12)
(0 -0.0153904767 0.0006131088756)
(0 -0.0157963151 0.0024524474)
(0 -0.01717396451 0.004891952285)
(0 -0.01650578055 0.009343134087)
(0 -0.01563984699 0.01390491631)
(0 -0.01204039378 0.01993778106)
(0 -0.001794287198 0.02357714597)
(0 -0.0002187202699 0.007167501022)
(0 -3.719550493e-12 3.158543307e-15)
(0 -7.200929626e-12 1.644128574e-12)
(0 -6.533183397e-12 3.091399653e-12)
(0 -5.556928359e-12 4.212676278e-12)
(0 -4.418570233e-12 4.961541552e-12)
(0 -3.248919917e-12 5.360323427e-12)
(0 -2.142174534e-12 5.469904894e-12)
(0 -1.153321654e-12 5.363238e-12)
(0 -3.055242277e-13 5.108700935e-12)
(0 3.996712066e-13 4.76244768e-12)
(0 9.732183911e-13 4.366669245e-12)
(0 1.431895538e-12 3.950911921e-12)
(0 1.794036946e-12 3.534541909e-12)
(0 2.077124922e-12 3.129314976e-12)
(0 2.296635017e-12 2.741593587e-12)
(0 2.465642823e-12 2.374080308e-12)
(0 2.594848674e-12 2.027090735e-12)
(0 2.692802e-12 1.699446394e-12)
(0 2.766197052e-12 1.389077379e-12)
(0 2.820170295e-12 1.093413959e-12)
(0 2.858565209e-12 8.096300874e-13)
(0 2.884150226e-12 5.347859251e-13)
(0 2.898785956e-12 2.65903523e-13)
(0 1.451773383e-12 5.823082388e-25)
(0 1.06277831e-10 2.083317045e-13)
(0 -2.170426862e-09 1.029477259e-11)
(0 6.433913471e-09 1.004545123e-11)
(0 -9.695870878e-09 9.397994477e-12)
(0 1.055019135e-08 9.159587942e-12)
(0 -8.416980631e-09 9.011649411e-12)
(0 5.89656279e-09 8.802812727e-12)
(0 -3.76060338e-09 8.375266912e-12)
(0 -0.01333658792 0.0009436953435)
(0 -0.0132802363 0.003121300859)
(0 -0.0137828249 0.005581940694)
(0 -0.01254331435 0.009127562881)
(0 -0.01148905728 0.01230322087)
(0 -0.008750325449 0.01605185472)
(0 -0.001952082045 0.01848368762)
(0 -0.0001731657936 0.006272817733)
(0 -3.01763762e-12 2.523647439e-15)
(0 -5.870717833e-12 1.241069925e-12)
(0 -5.403047987e-12 2.359795077e-12)
(0 -4.702786062e-12 3.268975626e-12)
(0 -3.860277998e-12 3.926070992e-12)
(0 -2.963179016e-12 4.331189439e-12)
(0 -2.081674147e-12 4.513350804e-12)
(0 -1.263310955e-12 4.515516466e-12)
(0 -5.345470609e-13 4.383133481e-12)
(0 9.453559385e-14 4.15728819e-12)
(0 6.249247862e-13 3.871662719e-12)
(0 1.064120507e-12 3.551968901e-12)
(0 1.422766048e-12 3.216701556e-12)
(0 1.712419748e-12 2.878419455e-12)
(0 1.944227928e-12 2.54509772e-12)
(0 2.128231244e-12 2.221331699e-12)
(0 2.273078076e-12 1.909314608e-12)
(0 2.385977751e-12 1.609585743e-12)
(0 2.472780472e-12 1.321578939e-12)
(0 2.538112347e-12 1.04401084e-12)
(0 2.585522874e-12 7.751474234e-13)
(0 2.617621008e-12 5.12981668e-13)
(0 2.636187382e-12 2.553488252e-13)
(0 1.321130754e-12 4.31897607e-25)
(0 1.05720556e-10 1.948902236e-13)
(0 -2.170874896e-09 1.035721984e-11)
(0 6.433775624e-09 1.010283775e-11)
(0 -9.696098116e-09 9.449968509e-12)
(0 1.055004942e-08 9.230329536e-12)
(0 -8.417093545e-09 9.095459933e-12)
(0 5.896483194e-09 8.919491611e-12)
(0 -3.760635632e-09 8.564805169e-12)
(0 -0.01137919551 0.0009369539276)
(0 -0.01113619819 0.00292240575)
(0 -0.01116702652 0.004982843743)
(0 -0.009782613677 0.007682830876)
(0 -0.008756388269 0.00981942342)
(0 -0.006474572449 0.01238261049)
(0 -0.001822446419 0.01419749229)
(0 -0.0001311101806 0.005284250011)
(0 -2.48020186e-12 2.012817028e-15)
(0 -4.842851717e-12 9.586336261e-13)
(0 -4.505277696e-12 1.837721794e-12)
(0 -3.990652444e-12 2.577338033e-12)
(0 -3.35635642e-12 3.142545837e-12)
(0 -2.661640106e-12 3.524971248e-12)
(0 -1.957847507e-12 3.736741726e-12)
(0 -1.283538977e-12 3.802284481e-12)
(0 -6.63752503e-13 3.750962078e-12)
(0 -1.117995551e-13 3.61183666e-12)
(0 3.678991016e-13 3.410647433e-12)
(0 7.769343741e-13 3.1685186e-12)
(0 1.1204875e-12 2.901793007e-12)
(0 1.405521087e-12 2.622480556e-12)
(0 1.639547261e-12 2.338965552e-12)
(0 1.829859711e-12 2.056758591e-12)
(0 1.983102718e-12 1.779181991e-12)
(0 2.105066331e-12 1.507943749e-12)
(0 2.200622148e-12 1.24359242e-12)
(0 2.27373878e-12 9.858638306e-13)
(0 2.327536037e-12 7.339378729e-13)
(0 2.364351628e-12 4.866249124e-13)
(0 2.385804288e-12 2.424999079e-13)
(0 1.196424558e-12 2.825207231e-25)
(0 1.051890128e-10 1.808682187e-13)
(0 -2.171303985e-09 1.039746599e-11)
(0 6.433670093e-09 1.011593133e-11)
(0 -9.696308503e-09 9.469343989e-12)
(0 1.054992391e-08 9.257565794e-12)
(0 -8.417191873e-09 9.146898318e-12)
(0 5.896416283e-09 8.994487896e-12)
(0 -3.760660356e-09 8.702551091e-12)
(0 -0.009525238175 0.0008795477883)
(0 -0.009211732645 0.002654541186)
(0 -0.00902257122 0.004428890603)
(0 -0.00770707648 0.006511473892)
(0 -0.006821033184 0.008075093138)
(0 -0.004882057832 0.009910556321)
(0 -0.001618807381 0.01120384856)
(0 -9.785373104e-05 0.004414651868)
(0 -2.060355095e-12 1.621436257e-15)
(0 -4.034331106e-12 7.544024929e-13)
(0 -3.78434358e-12 1.455104808e-12)
(0 -3.397962019e-12 2.060082862e-12)
(0 -2.912644783e-12 2.541766927e-12)
(0 -2.368983128e-12 2.889362008e-12)
(0 -1.804360915e-12 3.106305265e-12)
(0 -1.249090604e-12 3.20585433e-12)
(0 -7.249948818e-13 3.206523066e-12)
(0 -2.457790508e-13 3.128371912e-12)
(0 1.81606726e-13 2.99048937e-12)
(0 5.55266082e-13 2.809578743e-12)
(0 8.767280047e-13 2.599383027e-12)
(0 1.149592293e-12 2.370656369e-12)
(0 1.378505963e-12 2.131440612e-12)
(0 1.568447683e-12 1.88747605e-12)
(0 1.724263234e-12 1.6426397e-12)
(0 1.85038818e-12 1.399352743e-12)
(0 1.950700553e-12 1.158931078e-12)
(0 2.0284578e-12 9.218723939e-13)
(0 2.086283956e-12 6.880837848e-13)
(0 2.126183043e-12 4.570588062e-13)
(0 2.14956247e-12 2.280146262e-13)
(0 1.078630846e-12 2.067435741e-25)
(0 1.046859594e-10 1.657435041e-13)
(0 -2.171698852e-09 1.039988938e-11)
(0 6.433600439e-09 1.008886076e-11)
(0 -9.696499786e-09 9.46096697e-12)
(0 1.054981447e-08 9.250228759e-12)
(0 -8.417273861e-09 9.168185134e-12)
(0 5.896359721e-09 9.033502648e-12)
(0 -3.760677754e-09 8.798900045e-12)
(0 -0.007896716477 0.0007865445507)
(0 -0.007566591893 0.00230296776)
(0 -0.007310061882 0.003778761286)
(0 -0.006136709541 0.00539946836)
(0 -0.005381745376 0.006572335318)
(0 -0.003762514586 0.00794990323)
(0 -0.001393983392 0.008858635024)
(0 -7.312548761e-05 0.003642133078)
(0 -1.726894254e-12 1.297058005e-15)
(0 -3.388804893e-12 6.028020182e-13)
(0 -3.199597327e-12 1.168193969e-12)
(0 -2.903990325e-12 1.666092376e-12)
(0 -2.527077274e-12 2.075037301e-12)
(0 -2.097101768e-12 2.384355061e-12)
(0 -1.641355185e-12 2.593204288e-12)
(0 -1.183321176e-12 2.708237308e-12)
(0 -7.41234921e-13 2.740828967e-12)
(0 -3.278332509e-13 2.704556699e-12)
(0 4.91059327e-14 2.613271935e-12)
(0 3.858280306e-13 2.479832695e-12)
(0 6.815651259e-13 2.315411155e-12)
(0 9.375786725e-13 2.129229487e-12)
(0 1.156366942e-12 1.928576343e-12)
(0 1.341058798e-12 1.718983167e-12)
(0 1.494979411e-12 1.504473751e-12)
(0 1.621357709e-12 1.287831346e-12)
(0 1.723141799e-12 1.070851593e-12)
(0 1.802891487e-12 8.545660754e-13)
(0 1.862722449e-12 6.394318409e-13)
(0 1.904282469e-12 4.254884515e-13)
(0 1.928745482e-12 2.12487362e-13)
(0 9.684099316e-13 1.654779713e-25)
(0 1.042149408e-10 1.490112415e-13)
(0 -2.172069776e-09 1.034994316e-11)
(0 6.433559242e-09 1.002619948e-11)
(0 -9.696673627e-09 9.428368728e-12)
(0 1.05497186e-08 9.217226061e-12)
(0 -8.417340744e-09 9.161406351e-12)
(0 5.896311091e-09 9.042342074e-12)
(0 -3.760688817e-09 8.862285931e-12)
(0 -0.006529242773 0.0006729208423)
(0 -0.006210179336 0.001954359482)
(0 -0.005926992502 0.003160900331)
(0 -0.004914177697 0.004459218827)
(0 -0.004291013794 0.005342753806)
(0 -0.002938546174 0.006413682345)
(0 -0.001170688758 0.007071209062)
(0 -5.524576766e-05 0.002993201034)
(0 -1.458425978e-12 1.045372784e-15)
(0 -2.866971539e-12 4.877631319e-13)
(0 -2.721053223e-12 9.487565839e-13)
(0 -2.491118687e-12 1.361023721e-12)
(0 -2.194382099e-12 1.707892577e-12)
(0 -1.85081614e-12 1.979764303e-12)
(0 -1.480478668e-12 2.173857607e-12)
(0 -1.101465925e-12 2.292990736e-12)
(0 -7.286754901e-13 2.343919657e-12)
(0 -3.733360834e-13 2.335667738e-12)
(0 -4.311727824e-14 2.278117212e-12)
(0 2.574053024e-13 2.180973734e-12)
(0 5.261247969e-13 2.053103157e-12)
(0 7.627574807e-13 1.902179326e-12)
(0 9.682596432e-13 1.734561257e-12)
(0 1.144345092e-12 1.555321679e-12)
(0 1.293111412e-12 1.3683636e-12)
(0 1.416766022e-12 1.176578983e-12)
(0 1.517435283e-12 9.820193241e-13)
(0 1.597038047e-12 7.860603478e-13)
(0 1.657206332e-12 5.895519111e-13)
(0 1.699238564e-12 3.929501693e-13)
(0 1.724074018e-12 1.964327651e-13)
(0 8.661434841e-13 3.94041615e-26)
(0 1.037779719e-10 1.317256058e-13)
(0 -2.172410595e-09 1.023846734e-11)
(0 6.433535839e-09 9.931526376e-12)
(0 -9.696832071e-09 9.373430155e-12)
(0 1.054963297e-08 9.165517494e-12)
(0 -8.417395851e-09 9.128344686e-12)
(0 5.896268142e-09 9.025996518e-12)
(0 -3.760695321e-09 8.898928086e-12)
(0 -0.005358868305 0.0005564763221)
(0 -0.005071396751 0.001628751814)
(0 -0.004806047112 0.002618596636)
(0 -0.003955734253 0.0036576194)
(0 -0.003445131602 0.004337455051)
(0 -0.002318304139 0.005189116246)
(0 -0.0009692414348 0.005667611732)
(0 -4.238484283e-05 0.002451664515)
(0 -1.239833655e-12 8.440432321e-16)
(0 -2.440714999e-12 3.988119173e-13)
(0 -2.326336738e-12 7.780240988e-13)
(0 -2.144854333e-12 1.121320069e-12)
(0 -1.908336692e-12 1.41570072e-12)
(0 -1.631136738e-12 1.652897167e-12)
(0 -1.328128753e-12 1.829406237e-12)
(0 -1.013259127e-12 1.945874107e-12)
(0 -6.985579181e-13 2.00610851e-12)
(0 -3.93635695e-13 2.015987704e-12)
(0 -1.055880716e-13 1.982460588e-12)
(0 1.608139753e-13 1.912744016e-12)
(0 4.02770718e-13 1.813749904e-12)
(0 6.190367727e-13 1.691726569e-12)
(0 8.095092946e-13 1.552074664e-12)
(0 9.748611401e-13 1.399291338e-12)
(0 1.116236715e-12 1.236999836e-12)
(0 1.235013434e-12 1.068029986e-12)
(0 1.332623164e-12 8.945242621e-13)
(0 1.410424074e-12 7.180525175e-13)
(0 1.469612271e-12 5.397251904e-13)
(0 1.511163323e-12 3.602997753e-13)
(0 1.535795313e-12 1.802788205e-13)
(0 7.719771665e-13 -9.753846656e-26)
(0 1.033755656e-10 1.140229592e-13)
(0 -2.172724091e-09 1.006348945e-11)
(0 6.433518131e-09 9.809266292e-12)
(0 -9.696978006e-09 9.296840835e-12)
(0 1.05495541e-08 9.099411273e-12)
(0 -8.417443624e-09 9.070413131e-12)
(0 5.89622902e-09 8.988048808e-12)
(0 -3.760699549e-09 8.912731547e-12)
(0 -0.004375847786 0.0004611415999)
(0 -0.004134957899 0.00133969685)
(0 -0.003898349766 0.002152638166)
(0 -0.003196289559 0.002984804413)
(0 -0.002775582048 0.003524438972)
(0 -0.00184586064 0.004203294342)
(0 -0.0007969924836 0.004563725024)
(0 -3.293506784e-05 0.002004049421)
(0 -1.060179378e-12 6.759235588e-16)
(0 -2.08948234e-12 3.289101898e-13)
(0 -1.998545071e-12 6.431854971e-13)
(0 -1.853442067e-12 9.304971753e-13)
(0 -1.662805001e-12 1.180647072e-12)
(0 -1.437110622e-12 1.386660445e-12)
(0 -1.187501727e-12 1.544928719e-12)
(0 -9.247636515e-13 1.654914091e-12)
(0 -6.585618931e-13 1.71856744e-12)
(0 -3.96984006e-13 1.739622174e-12)
(0 -1.463609669e-13 1.722896844e-12)
(0 8.869461885e-14 1.673692595e-12)
(0 3.051073505e-13 1.597326103e-12)
(0 5.01082241e-13 1.498804138e-12)
(0 6.758244114e-13 1.38262466e-12)
(0 8.292702631e-13 1.252679443e-12)
(0 9.618500606e-13 1.112231327e-12)
(0 1.074290448e-12 9.639418285e-13)
(0 1.167457815e-12 8.09929607e-13)
(0 1.242238976e-12 6.518453998e-13)
(0 1.29945359e-12 4.909536932e-13)
(0 1.339792194e-12 3.282151999e-13)
(0 1.363774243e-12 1.64367092e-13)
(0 6.858646636e-13 -1.023152887e-25)
(0 1.030077958e-10 9.674214457e-14)
(0 -2.173012101e-09 9.829936574e-12)
(0 6.433495274e-09 9.66296226e-12)
(0 -9.697114222e-09 9.198268455e-12)
(0 1.054947922e-08 9.020359674e-12)
(0 -8.417488612e-09 8.988697839e-12)
(0 5.896192428e-09 8.930532062e-12)
(0 -3.760703884e-09 8.905505508e-12)
(0 -0.003565871205 0.0003770140826)
(0 -0.003367598517 0.001095241617)
(0 -0.003161238839 0.001763513599)
(0 -0.002584966048 0.002431151401)
(0 -0.0022411673 0.002866123887)
(0 -0.001478038079 0.003408150815)
(0 -0.0006513319083 0.003687048198)
(0 -2.583412544e-05 0.001636299461)
(0 -9.11372846e-13 5.52992335e-16)
(0 -1.797953388e-12 2.732043513e-13)
(0 -1.724749752e-12 5.35287447e-13)
(0 -1.607392758e-12 7.768003999e-13)
(0 -1.452173422e-12 9.896825243e-13)
(0 -1.26685509e-12 1.168110223e-12)
(0 -1.059875107e-12 1.308665105e-12)
(0 -8.396204065e-13 1.41020777e-12)
(0 -6.138498348e-13 1.473538713e-12)
(0 -3.893062906e-13 1.500944139e-12)
(0 -1.715176503e-13 1.495714975e-12)
(0 3.524323435e-14 1.461703796e-12)
(0 2.27882261e-13 1.402957453e-12)
(0 4.043353292e-13 1.323440002e-12)
(0 5.633845993e-13 1.226843988e-12)
(0 7.044678075e-13 1.116478502e-12)
(0 8.274991008e-13 9.952183381e-13)
(0 9.327117137e-13 8.654982479e-13)
(0 1.020526735e-12 7.293381625e-13)
(0 1.09144816e-12 5.883880148e-13)
(0 1.145982071e-12 4.439837704e-13)
(0 1.184576722e-12 2.972089329e-13)
(0 1.207580113e-12 1.489579965e-13)
(0 6.076100745e-13 -1.554506515e-25)
(0 1.026731121e-10 7.932187238e-14)
(0 -2.173270855e-09 9.548105651e-12)
(0 6.433461845e-09 9.496425845e-12)
(0 -9.697242513e-09 9.07763014e-12)
(0 1.054940674e-08 8.927830079e-12)
(0 -8.417534532e-09 8.884160251e-12)
(0 5.896157688e-09 8.854187185e-12)
(0 -3.760710427e-09 8.877439003e-12)
(0 -0.002900617435 0.0003077745608)
(0 -0.002738499486 0.0008928691108)
(0 -0.002562892367 0.00144167241)
(0 -0.00209470389 0.001975448174)
(0 -0.001811556863 0.002328274333)
(0 -0.001191372531 0.002762638577)
(0 -0.0005317601573 0.002982087909)
(0 -2.034667127e-05 0.001334995909)
(0 -7.873436041e-13 4.552334847e-16)
(0 -1.5545424e-12 2.282574831e-13)
(0 -1.494949022e-12 4.479358207e-13)
(0 -1.399046989e-12 6.516979682e-13)
(0 -1.271495177e-12 8.331240838e-13)
(0 -1.118128042e-12 9.873734052e-13)
(0 -9.454041808e-13 1.111344131e-12)
(0 -7.598900432e-13 1.203634609e-12)
(0 -5.678255242e-13 1.264349352e-12)
(0 -3.74807744e-13 1.294808503e-12)
(0 -1.856013092e-13 1.297218531e-12)
(0 -4.062902761e-15 1.274350829e-12)
(0 1.668435567e-13 1.229259483e-12)
(0 3.249687758e-13 1.165054535e-12)
(0 4.688629113e-13 1.084735067e-12)
(0 5.976446131e-13 9.910783857e-13)
(0 7.108698062e-13 8.865770631e-13)
(0 8.084102729e-13 7.734139572e-13)
(0 8.903475814e-13 6.534654947e-13)
(0 9.568845837e-13 5.283247466e-13)
(0 1.008274508e-12 3.99337513e-13)
(0 1.04476642e-12 2.676463722e-13)
(0 1.06656531e-12 1.342392077e-13)
(0 5.369066671e-13 -2.112330858e-25)
(0 1.023712231e-10 6.265994232e-14)
(0 -2.173512639e-09 9.231427862e-12)
(0 6.433413354e-09 9.311882785e-12)
(0 -9.697364933e-09 8.934882597e-12)
(0 1.054933576e-08 8.820148539e-12)
(0 -8.417584049e-09 8.757734246e-12)
(0 5.896124624e-09 8.758884791e-12)
(0 -3.760720755e-09 8.827685347e-12)
(0 -0.002357306477 0.0002507130609)
(0 -0.002225840944 0.0007268876952)
(0 -0.002079166372 0.001175089547)
(0 -0.001699308663 0.001604925721)
(0 -0.0014653119 0.001891966124)
(0 -0.0009625296561 0.002239819585)
(0 -0.0004321974846 0.002417156327)
(0 -1.601649652e-05 0.001089237548)
(0 -6.834201547e-13 3.640735954e-16)
(0 -1.350305068e-12 1.915878115e-13)
(0 -1.301309267e-12 3.764762492e-13)
(0 -1.222204495e-12 5.48894741e-13)
(0 -1.116497985e-12 7.036939633e-13)
(0 -9.88635043e-13 8.36855911e-13)
(0 -8.436139035e-13 9.456343252e-13)
(0 -6.866151853e-13 1.028559458e-12)
(0 -5.226759411e-13 1.085330513e-12)
(0 -3.564371119e-13 1.116630954e-12)
(0 -1.919753239e-13 1.123904248e-12)
(0 -3.271581308e-14 1.109122859e-12)
(0 1.185859665e-13 1.074574883e-12)
(0 2.598109128e-13 1.022683321e-12)
(0 3.894084505e-13 9.558647238e-13)
(0 5.063098038e-13 8.764277034e-13)
(0 6.098346722e-13 7.865077374e-13)
(0 6.996001452e-13 6.880326229e-13)
(0 7.754375246e-13 5.827122515e-13)
(0 8.373201785e-13 4.720466843e-13)
(0 8.853036964e-13 3.573473161e-13)
(0 9.194784165e-13 2.397669521e-13)
(0 9.399337409e-13 1.203356395e-13)
(0 4.733708668e-13 -1.655302877e-25)
(0 1.020996897e-10 4.777117201e-14)
(0 -2.173728512e-09 8.893998267e-12)
(0 6.433351246e-09 9.111232892e-12)
(0 -9.697481348e-09 8.770377339e-12)
(0 1.054926665e-08 8.69522177e-12)
(0 -8.417638482e-09 8.610427291e-12)
(0 5.896093476e-09 8.64405501e-12)
(0 -3.760735802e-09 8.754921835e-12)
(0 -0.001914437027 0.0002040794273)
(0 -0.001808118363 0.0005918864582)
(0 -0.001685349254 0.0009572998239)
(0 -0.001378647386 0.001304373877)
(0 -0.001186297945 0.001538020238)
(0 -0.0007800164076 0.001817202645)
(0 -0.0003517374274 0.001959886165)
(0 -1.253489757e-05 0.0008886755015)
(0 -5.959969571e-13 2.955088215e-16)
(0 -1.178293262e-12 1.613763552e-13)
(0 -1.137642093e-12 3.174624397e-13)
(0 -1.071829275e-12 4.636742085e-13)
(0 -9.835340074e-13 5.958532524e-13)
(0 -8.761876803e-13 7.106636655e-13)
(0 -7.537006336e-13 8.057100488e-13)
(0 -6.201938558e-13 8.795622316e-13)
(0 -4.797540286e-13 9.316988763e-13)
(0 -3.362340089e-13 9.623910979e-13)
(0 -1.931094044e-13 9.725504099e-13)
(0 -5.339226737e-14 9.635637854e-13)
(0 8.040401852e-14 9.371341541e-13)
(0 2.062586166e-13 8.951389644e-13)
(0 3.226072942e-13 8.39513902e-13)
(0 4.282876267e-13 7.721642582e-13)
(0 5.224747256e-13 6.949031301e-13)
(0 6.04614787e-13 6.094135855e-13)
(0 6.743616428e-13 5.172309205e-13)
(0 7.315196484e-13 4.197409144e-13)
(0 7.759947754e-13 3.181902438e-13)
(0 8.077547435e-13 2.137057475e-13)
(0 8.267983578e-13 1.073198448e-13)
(0 4.165710276e-13 -2.346067607e-25)
(0 1.018569596e-10 3.404044546e-14)
(0 -2.173925031e-09 8.548967363e-12)
(0 6.433277726e-09 8.897008609e-12)
(0 -9.697592002e-09 8.585360319e-12)
(0 1.054920017e-08 8.551257051e-12)
(0 -8.41769805e-09 8.443407094e-12)
(0 5.896064662e-09 8.509055279e-12)
(0 -3.760755875e-09 8.657797358e-12)
(0 -0.001554051533 0.0001662334025)
(0 -0.001467993791 0.0004818675225)
(0 -0.001367102154 0.0007790166429)
(0 -0.00111926284 0.001058894914)
(0 -0.0009604455564 0.001249381825)
(0 -0.0006333060795 0.001473438417)
(0 -0.0002859039548 0.001589906583)
(0 -9.750161961e-06 0.0007248378362)
(0 -5.222388721e-13 2.400460517e-16)
(0 -1.033026349e-12 1.362579169e-13)
(0 -9.99011414e-13 2.68299129e-13)
(0 -9.438136821e-13 3.924506282e-13)
(0 -8.69508528e-13 5.05334519e-13)
(0 -7.787782466e-13 6.041787312e-13)
(0 -6.747153374e-13 6.869140451e-13)
(0 -5.606263578e-13 7.522063415e-13)
(0 -4.398470748e-13 7.994301948e-13)
(0 -3.155855784e-13 8.285964969e-13)
(0 -1.908026364e-13 8.402498348e-13)
(0 -6.813206884e-14 8.353513104e-13)
(0 5.01611455e-14 8.151602761e-13)
(0 1.621906607e-13 7.811250954e-13)
(0 2.664337442e-13 7.3478942e-13)
(0 3.616990319e-13 6.777172131e-13)
(0 4.470839996e-13 6.114371771e-13)
(0 5.219279356e-13 5.374054663e-13)
(0 5.857648535e-13 4.56984498e-13)
(0 6.382795018e-13 3.714352071e-13)
(0 6.792685295e-13 2.819200173e-13)
(0 7.086080175e-13 1.895140022e-13)
(0 7.262279934e-13 9.52220261e-14)
(0 3.66051022e-13 -2.685478231e-25)
(0 1.016414495e-10 2.074182675e-14)
(0 -2.174097589e-09 8.207241154e-12)
(0 6.433197687e-09 8.671553511e-12)
(0 -9.697696413e-09 8.381631842e-12)
(0 1.054913743e-08 8.387194918e-12)
(0 -8.417762077e-09 8.25799056e-12)
(0 5.896038622e-09 8.353458493e-12)
(0 -3.760780735e-09 8.535253366e-12)
(0 -0.001261429138 0.0001355018989)
(0 -0.001191741911 0.0003918188843)
(0 -0.00110865145 0.0006332302382)
(0 -0.000908812757 0.0008601480075)
(0 -0.0007781666835 0.001014934448)
(0 -0.0005140551874 0.001195286863)
(0 -0.0002322310998 0.001290579928)
(0 -7.546466921e-06 0.0005909945325)
(0 -4.598970917e-13 1.949908759e-16)
(0 -9.101429903e-13 1.15194416e-13)
(0 -8.814493815e-13 2.270024263e-13)
(0 -8.347938851e-13 3.324600643e-13)
(0 -7.718059044e-13 4.288103753e-13)
(0 -6.946081542e-13 5.137478314e-13)
(0 -6.056730233e-13 5.85497169e-13)
(0 -5.076777061e-13 6.428468032e-13)
(0 -4.033638731e-13 6.851396849e-13)
(0 -2.954143689e-13 7.122292068e-13)
(0 -1.863545909e-13 7.244103367e-13)
(0 -7.8481826e-14 7.223367271e-13)
(0 2.617780345e-14 7.069335768e-13)
(0 1.258877605e-13 6.793140887e-13)
(0 2.191994119e-13 6.40705057e-13)
(0 3.049353838e-13 5.923848579e-13)
(0 3.821629788e-13 5.356352006e-13)
(0 4.501621079e-13 4.717065436e-13)
(0 5.083913837e-13 4.01796101e-13)
(0 5.564551676e-13 3.270368096e-13)
(0 5.940735706e-13 2.484953916e-13)
(0 6.210567523e-13 1.671776376e-13)
(0 6.372843556e-13 8.403915429e-14)
(0 3.213490015e-13 -1.992618811e-25)
(0 1.014507972e-10 8.633160358e-15)
(0 -2.174258763e-09 7.876861863e-12)
(0 6.433114243e-09 8.435909628e-12)
(0 -9.697795048e-09 8.161055539e-12)
(0 1.05490793e-08 8.202846803e-12)
(0 -8.417829464e-09 8.055612445e-12)
(0 5.896015672e-09 8.177269072e-12)
(0 -3.760809726e-09 8.386633443e-12)
(0 -0.001023828577 0.0001105143922)
(0 -0.0009673704713 0.0003186466701)
(0 -0.0008990056957 0.0005146279153)
(0 -0.0007379605474 0.0006986619087)
(0 -0.0006303575514 0.000824638972)
(0 -0.000417091231 0.0009698711854)
(0 -0.0001887511139 0.001047074724)
(0 -5.830347633e-06 0.0004816432378)
(0 -4.071725844e-13 1.583469064e-16)
(0 -8.061445785e-13 9.738445531e-14)
(0 -7.817457657e-13 1.92033912e-13)
(0 -7.420057331e-13 2.815435994e-13)
(0 -6.882207608e-13 3.636556996e-13)
(0 -6.220914529e-13 4.364521369e-13)
(0 -5.456163656e-13 4.984182235e-13)
(0 -4.60983842e-13 5.484741453e-13)
(0 -3.704646712e-13 5.859754371e-13)
(0 -2.763149266e-13 6.106869929e-13)
(0 -1.806951161e-13 6.227372077e-13)
(0 -8.560882874e-14 6.225596014e-13)
(0 7.138507049e-15 6.10828953e-13)
(0 9.596214095e-14 5.883979098e-13)
(0 1.795045135e-13 5.562385895e-13)
(0 2.566291755e-13 5.1539216e-13)
(0 3.264056853e-13 4.66927988e-13)
(0 3.880888359e-13 4.119128149e-13)
(0 4.410951194e-13 3.513895773e-13)
(0 4.849787925e-13 2.863649506e-13)
(0 5.194093575e-13 2.178043842e-13)
(0 5.441517802e-13 1.466332762e-13)
(0 5.590503558e-13 7.374293065e-14)
(0 2.820118677e-13 -1.463953847e-25)
(0 1.012833406e-10 -1.539909785e-15)
(0 -2.174398499e-09 7.563088614e-12)
(0 6.433032749e-09 8.190882142e-12)
(0 -9.697886829e-09 7.925867746e-12)
(0 1.054902681e-08 7.998902363e-12)
(0 -8.417898826e-09 7.837863268e-12)
(0 5.895995935e-09 7.980991164e-12)
(0 -3.760841991e-09 8.211659378e-12)
(0 -0.0008310127937 9.012863258e-05)
(0 -0.000785237257 0.0002592917269)
(0 -0.0007287851919 0.0004181085996)
(0 -0.0005990968996 0.0005674890178)
(0 -0.000510866714 0.0006701141789)
(0 -0.000338618375 0.0007869271864)
(0 -0.0001533907348 0.0008492221582)
(0 -4.5224641e-06 0.0003922446067)
(0 -3.626161725e-13 1.285141831e-16)
(0 -7.182065218e-13 8.220056341e-14)
(0 -6.972902374e-13 1.621839842e-13)
(0 -6.631720975e-13 2.379929075e-13)
(0 -6.168973669e-13 3.077750353e-13)
(0 -5.598456303e-13 3.699358774e-13)
(0 -4.936510148e-13 4.231898905e-13)
(0 -4.201204925e-13 4.665886719e-13)
(0 -3.411510256e-13 4.995264668e-13)
(0 -2.586525984e-13 5.217256828e-13)
(0 -1.744819823e-13 5.332066877e-13)
(0 -9.039008071e-14 5.342469128e-13)
(0 -7.983888217e-15 5.253342849e-13)
(0 7.129739703e-14 5.071194568e-13)
(0 1.461936621e-13 4.803704211e-13)
(0 2.156247823e-13 4.45932071e-13)
(0 2.786836338e-13 4.046922766e-13)
(0 3.346236972e-13 3.575551874e-13)
(0 3.828435194e-13 3.054217883e-13)
(0 4.228699745e-13 2.491772497e-13)
(0 4.543418961e-13 1.896842974e-13)
(0 4.769952988e-13 1.277816499e-13)
(0 4.906510794e-13 6.428649986e-14)
(0 2.476060709e-13 -1.792260219e-25)
(0 1.01135996e-10 -1.095280065e-14)
(0 -2.174522039e-09 7.268941616e-12)
(0 6.432955105e-09 7.938662418e-12)
(0 -9.697971909e-09 7.678780381e-12)
(0 1.054898029e-08 7.776805128e-12)
(0 -8.417968882e-09 7.606449573e-12)
(0 5.895979209e-09 7.765483473e-12)
(0 -3.760876643e-09 8.01047773e-12)
(0 -0.0006742693871 7.333110761e-05)
(0 -0.0006373668009 0.0002109601839)
(0 -0.0005908915824 0.0003396535638)
(0 -0.0004861666557 0.0004606021503)
(0 -0.000413906555 0.0005443410236)
(0 -0.0002749342236 0.0006384383208)
(0 -0.0001246738868 0.000688685076)
(0 -3.540799458e-06 0.0003192437202)
(0 -3.250559389e-13 1.042321388e-16)
(0 -6.440395195e-13 6.914410127e-14)
(0 -6.259534216e-13 1.36488381e-13)
(0 -5.96414682e-13 2.004386235e-13)
(0 -5.56277791e-13 2.59475788e-13)
(0 -5.066765976e-13 3.122776499e-13)
(0 -4.489635711e-13 3.577596903e-13)
(0 -3.846472657e-13 3.950995435e-13)
(0 -3.153276602e-13 4.237448024e-13)
(0 -2.426347057e-13 4.434057497e-13)
(0 -1.681738861e-13 4.54035787e-13)
(0 -9.348123148e-14 4.558029872e-13)
(0 -1.9988949e-14 4.49056342e-13)
(0 5.099827716e-14 4.34290019e-13)
(0 1.183171277e-13 4.121084121e-13)
(0 1.80951031e-13 3.831941009e-13)
(0 2.380288017e-13 3.482801374e-13)
(0 2.888183476e-13 3.08127442e-13)
(0 3.327171818e-13 2.635075537e-13)
(0 3.692413016e-13 2.151905656e-13)
(0 3.980137577e-13 1.639377879e-13)
(0 4.187539826e-13 1.104984862e-13)
(0 4.312687059e-13 5.560993875e-14)
(0 2.177253678e-13 -2.822880124e-25)
(0 1.010088119e-10 -1.924114279e-14)
(0 -2.174632144e-09 6.996181246e-12)
(0 6.432881694e-09 7.680288695e-12)
(0 -9.698050775e-09 7.421727391e-12)
(0 1.054893971e-08 7.538199153e-12)
(0 -8.418038563e-09 7.362789522e-12)
(0 5.895965115e-09 7.531978629e-12)
(0 -3.760912722e-09 7.783576157e-12)
(0 -0.0005468821212 5.97079548e-05)
(0 -0.0005170915857 0.0001713941028)
(0 -0.0004791675872 0.000275859124)
(0 -0.0003945575662 0.0003736500078)
(0 -0.0003352955061 0.0004419020777)
(0 -0.000223221358 0.0005176204944)
(0 -0.0001013105686 0.0005581627548)
(0 -2.810254534e-06 0.00025967076)
(0 -2.935405891e-13 8.448302743e-17)
(0 -5.817825508e-13 5.781292348e-14)
(0 -5.659957152e-13 1.141676575e-13)
(0 -5.401846906e-13 1.677685106e-13)
(0 -5.050583405e-13 2.173738949e-13)
(0 -4.615617281e-13 2.618928134e-13)
(0 -4.108291212e-13 3.004174137e-13)
(0 -3.541353804e-13 3.322437025e-13)
(0 -2.928448194e-13 3.568800408e-13)
(0 -2.283616138e-13 3.740443094e-13)
(0 -1.620847448e-13 3.836515383e-13)
(0 -9.53695257e-14 3.857943279e-13)
(0 -2.949685644e-14 3.807185904e-13)
(0 3.434946715e-14 3.687970401e-13)
(0 9.509774406e-14 3.505025575e-13)
(0 1.517965076e-13 3.263831215e-13)
(0 2.036169749e-13 2.970395218e-13)
(0 2.498511134e-13 2.631066015e-13)
(0 2.89906643e-13 2.25238371e-13)
(0 3.233002087e-13 1.840969945e-13)
(0 3.496498167e-13 1.403454029e-13)
(0 3.686674497e-13 9.464310022e-14)
(0 3.801525932e-13 4.764461835e-14)
(0 1.919961321e-13 -2.261582437e-25)
(0 1.00899179e-10 -2.697969257e-14)
(0 -2.174724662e-09 6.746281712e-12)
(0 6.432812969e-09 7.417345837e-12)
(0 -9.698123582e-09 7.156406527e-12)
(0 1.054890483e-08 7.284776323e-12)
(0 -8.418106784e-09 7.108039022e-12)
(0 5.895953409e-09 7.28187032e-12)
(0 -3.760949372e-09 7.531667436e-12)
(0 -0.0004436566802 4.878800185e-05)
(0 -0.0004195496523 0.0001392285434)
(0 -0.0003886110783 0.0002239692006)
(0 -0.0003202246107 0.0003029360646)
(0 -0.0002716489364 0.0003586072378)
(0 -0.0001813240314 0.0004195209698)
(0 -8.226568894e-05 0.0004521474594)
(0 -2.264761442e-06 0.0002111556715)
(0 -2.672983576e-13 6.844760416e-17)
(0 -5.299238175e-13 4.787848952e-14)
(0 -5.159978345e-13 9.458271607e-14)
(0 -4.932084446e-13 1.390665716e-13)
(0 -4.621534881e-13 1.803226767e-13)
(0 -4.236330788e-13 2.174585892e-13)
(0 -3.78612682e-13 2.497225031e-13)
(0 -3.281846386e-13 2.765204408e-13)
(0 -2.735270534e-13 2.974245073e-13)
(0 -2.158632082e-13 3.121726879e-13)
(0 -1.564238676e-13 3.2066134e-13)
(0 -9.641417928e-14 3.229319531e-13)
(0 -3.698623682e-14 3.191539458e-13)
(0 2.07822442e-14 3.0960526e-13)
(0 7.59032092e-14 2.946523414e-13)
(0 1.274879952e-13 2.747308275e-13)
(0 1.747522816e-13 2.503279347e-13)
(0 2.170171968e-13 2.219672109e-13)
(0 2.537075748e-13 1.901960098e-13)
(0 2.843483336e-13 1.555757847e-13)
(0 3.085598633e-13 1.186750852e-13)
(0 3.26053198e-13 8.006498816e-14)
(0 3.366256057e-13 4.031657517e-14)
(0 1.700807495e-13 -1.166936035e-25)
(0 1.008059199e-10 -3.366554864e-14)
(0 -2.174811349e-09 6.520807285e-12)
(0 6.432746485e-09 7.14990651e-12)
(0 -9.698191313e-09 6.883910659e-12)
(0 1.054887504e-08 7.017638732e-12)
(0 -8.418172587e-09 6.843360642e-12)
(0 5.895944021e-09 7.016312842e-12)
(0 -3.76098569e-09 7.255758857e-12)
(0 -0.0003602826073 3.980357788e-05)
(0 -0.0003405786587 0.0001130292264)
(0 -0.000315426624 0.0001816968658)
(0 -0.0002599889697 0.0002456178406)
(0 -0.0002200078704 0.0002908590299)
(0 -0.0001474201579 0.0003399466363)
(0 -6.671676452e-05 0.0003662115911)
(0 -1.849247667e-06 0.0001717484431)
(0 -2.457065961e-13 5.545066733e-17)
(0 -4.872415395e-13 3.906776584e-14)
(0 -4.748076332e-13 7.720119818e-14)
(0 -4.5444473e-13 1.13566892e-13)
(0 -4.266663229e-13 1.47358315e-13)
(0 -3.921619016e-13 1.778557814e-13)
(0 -3.517672696e-13 2.044464313e-13)
(0 -3.064333762e-13 2.266381773e-13)
(0 -2.571925723e-13 2.440671951e-13)
(0 -2.051247811e-13 2.564991949e-13)
(0 -1.513254797e-13 2.63825196e-13)
(0 -9.687691982e-14 2.660528512e-13)
(0 -4.282354949e-14 2.632945372e-13)
(0 9.847862751e-15 2.557534576e-13)
(0 6.022331159e-14 2.437089212e-13)
(0 1.074721009e-13 2.275017893e-13)
(0 1.508533582e-13 2.075208764e-13)
(0 1.897191885e-13 1.841908555e-13)
(0 2.235152168e-13 1.579620022e-13)
(0 2.51779284e-13 1.293019118e-13)
(0 2.741390202e-13 9.868915931e-14)
(0 2.903089396e-13 6.660874174e-14)
(0 3.00087605e-13 3.354904388e-14)
(0 1.516795569e-13 -1.588078032e-25)
(0 1.007273847e-10 -3.88965348e-14)
(0 -2.174881393e-09 6.321456577e-12)
(0 6.432683648e-09 6.877405277e-12)
(0 -9.698252928e-09 6.605225391e-12)
(0 1.054885019e-08 6.737321476e-12)
(0 -8.4182347e-09 6.569986452e-12)
(0 5.895937032e-09 6.736363627e-12)
(0 -3.761020591e-09 6.957310502e-12)
(0 -0.0002927076998 3.242180313e-05)
(0 -0.0002766281842 9.171403519e-05)
(0 -0.000255996721 0.0001473840839)
(0 -0.0002111113384 0.0001992301517)
(0 -0.000178306103 0.0002357618385)
(0 -0.0001199048469 0.0002754252139)
(0 -5.40106834e-05 0.0002965225015)
(0 -1.521024795e-06 0.0001397952798)
(0 -2.282664792e-13 4.493825856e-17)
(0 -4.527562147e-13 3.11496066e-14)
(0 -4.414987084e-13 6.157174225e-14)
(0 -4.230513278e-13 9.061800483e-14)
(0 -3.978645987e-13 1.17657318e-13)
(0 -3.665449624e-13 1.421226874e-13)
(0 -3.298302861e-13 1.635263368e-13)
(0 -2.885638748e-13 1.814706917e-13)
(0 -2.436660358e-13 1.956548321e-13)
(0 -1.961052074e-13 2.058765073e-13)
(0 -1.468702112e-13 2.12030143e-13)
(0 -9.694483808e-14 2.141015107e-13)
(0 -4.728563042e-14 2.121598621e-13)
(0 1.196628179e-15 2.063483796e-13)
(0 4.765154091e-14 1.968737552e-13)
(0 9.129995047e-14 1.839956182e-13)
(0 1.314413478e-13 1.680163962e-13)
(0 1.674583225e-13 1.492720455e-13)
(0 1.988186311e-13 1.281239321e-13)
(0 2.250754908e-13 1.049520067e-13)
(0 2.458666933e-13 8.014929139e-14)
(0 2.609130826e-13 5.411759609e-14)
(0 2.700168639e-13 2.726430308e-14)
(0 1.365317056e-13 -1.952702184e-25)
(0 1.006630153e-10 -4.382627897e-14)
(0 -2.174940685e-09 6.149511586e-12)
(0 6.432625035e-09 6.600316584e-12)
(0 -9.698307542e-09 6.321486001e-12)
(0 1.054883e-08 6.444236724e-12)
(0 -8.41829163e-09 6.289148002e-12)
(0 5.895932569e-09 6.443149077e-12)
(0 -3.761052835e-09 6.638422505e-12)
(0 -0.0002377836285 2.636772714e-05)
(0 -0.0002247497263 7.438596615e-05)
(0 -0.0002078846175 0.0001195230867)
(0 -0.0001716450316 0.0001614184576)
(0 -0.0001445634758 0.0001909823567)
(0 -9.764599442e-05 0.0002232608913)
(0 -4.360004051e-05 0.000239880741)
(0 -1.249815924e-06 0.0001139437633)
(0 -2.145859027e-13 3.645590874e-17)
(0 -4.256968371e-13 2.392442014e-14)
(0 -4.153392349e-13 4.730386788e-14)
(0 -3.983591542e-13 6.965477417e-14)
(0 -3.751616403e-13 9.050263353e-14)
(0 -3.462928828e-13 1.094179303e-13)
(0 -3.124192653e-13 1.260270633e-13)
(0 -2.743048808e-13 1.400206135e-13)
(0 -2.327867567e-13 1.511586366e-13)
(0 -1.887494703e-13 1.592729809e-13)
(0 -1.431004763e-13 1.642668577e-13)
(0 -9.674720066e-14 1.661120478e-13)
(0 -5.057668056e-14 1.648442313e-13)
(0 -5.438244181e-15 1.605569707e-13)
(0 3.787055015e-14 1.53394874e-13)
(0 7.861474189e-14 1.435464184e-13)
(0 1.161297856e-13 1.312368397e-13)
(0 1.498267244e-13 1.167214075e-13)
(0 1.791951779e-13 1.002793048e-13)
(0 2.038046433e-13 8.220824493e-14)
(0 2.233046096e-13 6.281986968e-14)
(0 2.374239513e-13 4.24359034e-14)
(0 2.459700089e-13 2.138497812e-14)
(0 1.244152539e-13 -1.448534075e-25)
(0 1.006112709e-10 -4.804506396e-14)
(0 -2.174990187e-09 6.004832508e-12)
(0 6.43257162e-09 6.318321886e-12)
(0 -9.698353999e-09 6.033441911e-12)
(0 1.054881443e-08 6.138578601e-12)
(0 -8.41834159e-09 6.001962076e-12)
(0 5.895930761e-09 6.137920957e-12)
(0 -3.761081064e-09 6.301975384e-12)
(0 -0.0001932752945 2.146307172e-05)
(0 -0.000182719026 6.032376486e-05)
(0 -0.000168936293 9.691909963e-05)
(0 -0.0001396743928 0.0001308791291)
(0 -0.000117030974 0.0001546908295)
(0 -7.96879306e-05 0.0001809786015)
(0 -3.515248167e-05 0.0001938136718)
(0 -1.014267914e-06 9.306544911e-05)
(0 -2.043654836e-13 2.962921324e-17)
(0 -4.054742473e-13 1.721559599e-14)
(0 -3.957683543e-13 3.405170518e-14)
(0 -3.798525621e-13 5.017557888e-14)
(0 -3.581014426e-13 6.525593944e-14)
(0 -3.310205327e-13 7.898975622e-14)
(0 -2.992276029e-13 9.110939894e-14)
(0 -2.634323015e-13 1.013883918e-13)
(0 -2.244136684e-13 1.096455154e-13)
(0 -1.829969863e-13 1.157471982e-13)
(0 -1.400311443e-13 1.196082616e-13)
(0 -9.636746442e-14 1.211911785e-13)
(0 -5.284070756e-14 1.20504066e-13)
(0 -1.025272914e-14 1.175976779e-13)
(0 3.064098856e-14 1.125616727e-13)
(0 6.914191617e-14 1.055204287e-13)
(0 1.04616337e-13 9.662864794e-14)
(0 1.365007876e-13 8.606695582e-14)
(0 1.643054685e-13 7.403765289e-14)
(0 1.876160556e-13 6.076072939e-14)
(0 2.060943518e-13 4.64702028e-14)
(0 2.19478191e-13 3.14107956e-14)
(0 2.275809605e-13 1.583493181e-14)
(0 1.151467275e-13 -1.33910682e-25)
(0 1.00572317e-10 -5.131865563e-14)
(0 -2.175028708e-09 5.88579667e-12)
(0 6.432525048e-09 6.031378815e-12)
(0 -9.698391068e-09 5.741741142e-12)
(0 1.054880348e-08 5.820681287e-12)
(0 -8.418382519e-09 5.70942625e-12)
(0 5.895931624e-09 5.822210729e-12)
(0 -3.761103913e-09 5.951683357e-12)
(0 -0.0001571269576 1.755027074e-05)
(0 -0.0001486353348 4.894745192e-05)
(0 -0.000137299506 7.857566512e-05)
(0 -0.0001138860971 0.0001060973198)
(0 -9.487869936e-05 0.0001251048392)
(0 -6.535275952e-05 0.000146531757)
(0 -2.82587098e-05 0.0001563009684)
(0 -8.034231719e-07 7.622171655e-05)
(0 -1.973892975e-13 2.414715801e-17)
(0 -3.916628916e-13 1.086255069e-14)
(0 -3.823792521e-13 2.150042902e-14)
(0 -3.6715492e-13 3.172316511e-14)
(0 -3.46347463e-13 4.133424055e-14)
(0 -3.204394233e-13 5.014989409e-14)
(0 -2.900206298e-13 5.800276559e-14)
(0 -2.557687644e-13 6.47452858e-14)
(0 -2.184279503e-13 7.025262341e-14)
(0 -1.787867241e-13 7.442507842e-14)
(0 -1.37656496e-13 7.718984523e-14)
(0 -9.585139631e-14 7.850209845e-14)
(0 -5.417018119e-14 7.834538759e-14)
(0 -1.338063747e-14 7.673136143e-14)
(0 2.579330097e-14 7.369887393e-14)
(0 6.268171714e-14 6.931254892e-14)
(0 9.667631272e-14 6.36608965e-14)
(0 1.272357294e-13 5.685408095e-14)
(0 1.538889515e-13 4.902143733e-14)
(0 1.762371932e-13 4.030882418e-14)
(0 1.939546758e-13 3.087588472e-14)
(0 2.067886803e-13 2.089327017e-14)
(0 2.145592133e-13 1.05398605e-14)
(0 1.08580322e-13 -1.338202612e-25)
(0 1.005437041e-10 -5.391362068e-14)
(0 -2.175056372e-09 5.78847115e-12)
(0 6.432488552e-09 5.740027535e-12)
(0 -9.698417428e-09 5.446570083e-12)
(0 1.054879727e-08 5.491576923e-12)
(0 -8.418412263e-09 5.412455885e-12)
(0 5.895934938e-09 5.49802112e-12)
(0 -3.761120219e-09 5.592000821e-12)
(0 -0.0001278026151 1.444245147e-05)
(0 -0.0001210939293 3.974328362e-05)
(0 -0.0001117525483 6.363838884e-05)
(0 -9.314862594e-05 8.594466912e-05)
(0 -7.686822563e-05 0.0001011091025)
(0 -5.373529106e-05 0.0001184616729)
(0 -2.266228406e-05 0.0001256594504)
(0 -6.106530195e-07 6.263231978e-05)
(0 -1.935183335e-13 1.975325229e-17)
(0 -3.839882308e-13 4.714561961e-15)
(0 -3.749077399e-13 9.354383494e-15)
(0 -3.600187506e-13 1.386786291e-14)
(0 -3.396747136e-13 1.818927944e-14)
(0 -3.143520076e-13 2.225044122e-14)
(0 -2.846322112e-13 2.5980913e-14)
(0 -2.511824437e-13 2.930913884e-14)
(0 -2.147338758e-13 3.216432476e-14)
(0 -1.760597645e-13 3.447890771e-14)
(0 -1.359541243e-13 3.61913825e-14)
(0 -9.521192206e-14 3.724922969e-14)
(0 -5.461144458e-14 3.761169223e-14)
(0 -1.48992428e-14 3.725218159e-14)
(0 2.322217604e-14 3.616014625e-14)
(0 5.910393873e-14 3.434229538e-14)
(0 9.215786898e-14 3.182312959e-14)
(0 1.218613284e-13 2.864478216e-14)
(0 1.477602118e-13 2.486621423e-14)
(0 1.69470503e-13 2.056183476e-14)
(0 1.866787978e-13 1.581963175e-14)
(0 1.991421668e-13 1.073890638e-14)
(0 2.066876904e-13 5.427700232e-15)
(0 1.04606867e-13 -1.03995824e-25)
(0 1.005266651e-10 -5.596139235e-14)
(0 -2.175072835e-09 5.705581795e-12)
(0 6.432468979e-09 5.444948743e-12)
(0 -9.698431438e-09 5.148718197e-12)
(0 1.054879632e-08 5.153803029e-12)
(0 -8.418428932e-09 5.112146547e-12)
(0 5.89594011e-09 5.167987478e-12)
(0 -3.761129286e-09 5.227815386e-12)
(0 -0.0001040738644 1.202229624e-05)
(0 -9.888484198e-05 3.233748553e-05)
(0 -9.105862726e-05 5.146204663e-05)
(0 -7.640800317e-05 6.952010893e-05)
(0 -6.247988788e-05 8.165546014e-05)
(0 -4.454613225e-05 9.560361494e-05)
(0 -1.804631034e-05 0.0001002840445)
(0 -4.352355259e-07 5.167482609e-05)
(0 -1.926873e-13 1.623995853e-17)
(0 -3.823202816e-13 -1.374963003e-15)
(0 -3.732259511e-13 -2.67389267e-15)
(0 -3.58320024e-13 -3.807918806e-15)
(0 -3.379648847e-13 -4.711501967e-15)
(0 -3.126477897e-13 -5.337542391e-15)
(0 -2.829619321e-13 -5.660635832e-15)
(0 -2.495853526e-13 -5.678163107e-15)
(0 -2.132581814e-13 -5.409315107e-15)
(0 -1.747596663e-13 -4.892322849e-15)
(0 -1.34886174e-13 -4.18030969e-15)
(0 -9.443108657e-14 -3.336268395e-15)
(0 -5.416722929e-14 -2.427682484e-15)
(0 -1.483218346e-14 -1.52126941e-15)
(0 2.288341476e-14 -6.782405191e-16)
(0 5.834470048e-14 4.963153053e-17)
(0 9.09787995e-14 6.229561528e-16)
(0 1.20278814e-13 1.016597501e-15)
(0 1.458060041e-13 1.220478519e-15)
(0 1.671906108e-13 1.239382552e-15)
(0 1.841317474e-13 1.091862962e-15)
(0 1.963967488e-13 8.083975399e-16)
(0 2.03820307e-13 4.289369499e-16)
(0 1.031526218e-13 -1.245675148e-25)
(0 1.005202619e-10 -5.750514452e-14)
(0 -2.175077891e-09 5.626195952e-12)
(0 6.432470765e-09 5.147132429e-12)
(0 -9.698432127e-09 4.850045234e-12)
(0 1.054880051e-08 4.811766063e-12)
(0 -8.418431635e-09 4.809979171e-12)
(0 5.895945949e-09 4.835391598e-12)
(0 -3.761131175e-09 4.863905319e-12)
(0 -8.4962354e-05 1.021571494e-05)
(0 -8.110584457e-05 2.640747121e-05)
(0 -7.451904197e-05 4.157502602e-05)
(0 -6.293390385e-05 5.605644113e-05)
(0 -5.072208284e-05 6.570097449e-05)
(0 -3.730080485e-05 7.688989695e-05)
(0 -1.428004818e-05 7.920233423e-05)
(0 -2.772438135e-07 4.284907286e-05)
(0 -1.949036207e-13 1.343468995e-17)
(0 -3.866718144e-13 -7.554082179e-15)
(0 -3.773406957e-13 -1.487444447e-14)
(0 -3.620563599e-13 -2.172490793e-14)
(0 -3.412043372e-13 -2.790360854e-14)
(0 -3.153011415e-13 -3.324494342e-14)
(0 -2.849728319e-13 -3.762654787e-14)
(0 -2.50931123e-13 -4.097256503e-14)
(0 -2.139480355e-13 -4.325332378e-14)
(0 -1.748307591e-13 -4.448185271e-14)
(0 -1.343980698e-13 -4.470790873e-14)
(0 -9.345929485e-14 -4.401033914e-14)
(0 -5.279644559e-14 -4.24886222e-14)
(0 -1.314980084e-14 -4.025436337e-14)
(0 2.479307698e-14 -3.742339145e-14)
(0 6.040513541e-14 -3.410893365e-14)
(0 9.312483495e-14 -3.041617662e-14)
(0 1.224588508e-13 -2.643836341e-14)
(0 1.479829968e-13 -2.225444583e-14)
(0 1.693418875e-13 -1.792821082e-14)
(0 1.862478127e-13 -1.350872932e-14)
(0 1.984792408e-13 -9.031931879e-15)
(0 2.058792928e-13 -4.523093261e-15)
(0 1.0417793e-13 -8.946588634e-26)
(0 1.005240527e-10 -5.968905053e-14)
(0 -2.175066405e-09 5.536876936e-12)
(0 6.432495809e-09 4.849427476e-12)
(0 -9.698419517e-09 4.553092329e-12)
(0 1.054880902e-08 4.471399784e-12)
(0 -8.418420966e-09 4.507892966e-12)
(0 5.895950656e-09 4.503950288e-12)
(0 -3.76112685e-09 4.504188812e-12)
(0 -7.011150418e-05 8.927670854e-06)
(0 -6.699857131e-05 2.168713857e-05)
(0 -6.134428654e-05 3.34958822e-05)
(0 -5.224239207e-05 4.503620994e-05)
(0 -4.136148084e-05 5.264928263e-05)
(0 -3.15432044e-05 6.145797381e-05)
(0 -1.115525986e-05 6.14260806e-05)
(0 -1.384332647e-07 3.57526618e-05)
(0 -2.002499189e-13 1.107468777e-17)
(0 -3.972027544e-13 -1.397826621e-14)
(0 -3.873967769e-13 -2.755122708e-14)
(0 -3.713491881e-13 -4.032290116e-14)
(0 -3.494849202e-13 -5.194491369e-14)
(0 -3.223707291e-13 -6.212622072e-14)
(0 -2.906895537e-13 -7.064420045e-14)
(0 -2.552121285e-13 -7.735004824e-14)
(0 -2.167674691e-13 -8.21686919e-14)
(0 -1.762142513e-13 -8.509391306e-14)
(0 -1.344146604e-13 -8.617973317e-14)
(0 -9.221180004e-14 -8.552931463e-14)
(0 -5.041125352e-14 -8.328264287e-14)
(0 -9.766952708e-15 -7.960412999e-14)
(0 2.902884447e-14 -7.467106696e-14)
(0 6.535191531e-14 -6.866359759e-14)
(0 9.864936974e-14 -6.175663274e-14)
(0 1.284405448e-13 -5.411389712e-14)
(0 1.543161567e-13 -4.588411841e-14)
(0 1.759363273e-13 -3.719923279e-14)
(0 1.930280264e-13 -2.817438758e-14)
(0 2.053823849e-13 -1.890946608e-14)
(0 2.128522388e-13 -9.491834036e-15)
(0 1.076757151e-13 -7.063751417e-26)
(0 1.005381008e-10 -6.218580869e-14)
(0 -2.175049811e-09 5.425518212e-12)
(0 6.432539548e-09 4.553484914e-12)
(0 -9.698396157e-09 4.260376729e-12)
(0 1.054882006e-08 4.138930219e-12)
(0 -8.418399218e-09 4.208204259e-12)
(0 5.895952057e-09 4.177344126e-12)
(0 -3.761118075e-09 4.150873508e-12)
(0 -5.891947495e-05 7.642573571e-06)
(0 -5.600469949e-05 1.754840413e-05)
(0 -5.107997897e-05 2.654167739e-05)
(0 -4.371602615e-05 3.566489757e-05)
(0 -3.373838869e-05 4.170828445e-05)
(0 -2.710188771e-05 4.851608458e-05)
(0 -8.572819825e-06 4.613031859e-05)
(0 -2.920671068e-08 3.006579154e-05)
(0 -2.088888733e-13 4.859973828e-18)
(0 -4.142296084e-13 -2.081717152e-14)
(0 -4.036853307e-13 -4.103475563e-14)
(0 -3.864500465e-13 -6.007853227e-14)
(0 -3.630076567e-13 -7.743714883e-14)
(0 -3.340004283e-13 -9.268306348e-14)
(0 -3.001966594e-13 -1.054879787e-13)
(0 -2.624556144e-13 -1.156301983e-13)
(0 -2.216919004e-13 -1.229941052e-13)
(0 -1.788418003e-13 -1.275628333e-13)
(0 -1.348334714e-13 -1.2940576e-13)
(0 -9.056220455e-14 -1.286626805e-13)
(0 -4.687126095e-14 -1.25526489e-13)
(0 -4.53822493e-15 -1.20225963e-13)
(0 3.573360938e-14 -1.130098966e-13)
(0 7.331956962e-14 -1.041334538e-13)
(0 1.076745354e-13 -9.384724238e-14)
(0 1.383313651e-13 -8.238930017e-14)
(0 1.648976611e-13 -6.997994762e-14)
(0 1.870516183e-13 -5.68192906e-14)
(0 2.045375795e-13 -4.308705095e-14)
(0 2.171617944e-13 -2.894434278e-14)
(0 2.247887589e-13 -1.453699207e-14)
(0 1.136697641e-13 -1.379441067e-25)
(0 1.00562455e-10 -6.456834548e-14)
(0 -2.175018529e-09 5.283019148e-12)
(0 6.432594647e-09 4.261317134e-12)
(0 -9.698364082e-09 3.973177565e-12)
(0 1.054883166e-08 3.819534593e-12)
(0 -8.418369652e-09 3.913405181e-12)
(0 5.895948341e-09 3.858653716e-12)
(0 -3.761106896e-09 3.803836501e-12)
(0 -5.375483689e-05 6.518988054e-06)
(0 -4.780022106e-05 1.39144422e-05)
(0 -4.311823725e-05 2.069065389e-05)
(0 -3.697938012e-05 2.79073245e-05)
(0 -2.760502348e-05 3.26087642e-05)
(0 -2.349446906e-05 3.762987761e-05)
(0 -6.320140811e-06 3.285202514e-05)
(0 5.295840538e-08 2.556654789e-05)
(0 -2.210685188e-13 8.09062551e-18)
(0 -4.382385834e-13 -2.825920341e-14)
(0 -4.266581376e-13 -5.569684017e-14)
(0 -4.077515813e-13 -8.152627944e-14)
(0 -3.820894514e-13 -1.050510204e-13)
(0 -3.504215589e-13 -1.256916205e-13)
(0 -3.136366885e-13 -1.430067283e-13)
(0 -2.72718255e-13 -1.567022527e-13)
(0 -2.287001041e-13 -1.66629339e-13)
(0 -1.826259062e-13 -1.727729668e-13)
(0 -1.355145076e-13 -1.752336871e-13)
(0 -8.833252903e-14 -1.742052434e-13)
(0 -4.197453603e-14 -1.699506584e-13)
(0 2.749639735e-15 -1.627789474e-13)
(0 4.512135363e-14 -1.530240659e-13)
(0 8.451456951e-14 -1.410271379e-13)
(0 1.203935234e-13 -1.271224957e-13)
(0 1.523078395e-13 -1.116276541e-13)
(0 1.798861663e-13 -9.483704191e-14)
(0 2.028292239e-13 -7.70191251e-14)
(0 2.209029742e-13 -5.841644586e-14)
(0 2.339324438e-13 -3.924805313e-14)
(0 2.417965816e-13 -1.971379922e-14)
(0 1.222127071e-13 -6.03169601e-26)
(0 1.005979178e-10 -6.740503289e-14)
(0 -2.174978241e-09 5.104283367e-12)
(0 6.432655792e-09 3.976404763e-12)
(0 -9.698326055e-09 3.692148947e-12)
(0 1.054884289e-08 3.517047724e-12)
(0 -8.418335514e-09 3.626096639e-12)
(0 5.895939138e-09 3.550123006e-12)
(0 -3.761094798e-09 3.46083414e-12)
(0 -4.849777762e-05 1.823273874e-06)
(0 -4.110392398e-05 6.834002619e-06)
(0 -3.688465503e-05 1.448376194e-05)
(0 -3.165690809e-05 2.052461937e-05)
(0 -2.269411608e-05 2.469558686e-05)
(0 -2.072245653e-05 2.829579186e-05)
(0 -4.393450263e-06 2.106014324e-05)
(0 1.251699279e-07 2.208603955e-05)
(0 -2.371532462e-13 1.165455402e-17)
(0 -4.699313187e-13 -3.652983216e-14)
(0 -4.569524067e-13 -7.197130887e-14)
(0 -4.358042268e-13 -1.052848796e-13)
(0 -4.071729978e-13 -1.355569586e-13)
(0 -3.719561361e-13 -1.620351967e-13)
(0 -3.312072916e-13 -1.841560005e-13)
(0 -2.860782252e-13 -2.015548852e-13)
(0 -2.377626144e-13 -2.140611402e-13)
(0 -1.874461484e-13 -2.216798391e-13)
(0 -1.36265748e-13 -2.245650774e-13)
(0 -8.527917594e-14 -2.229884558e-13)
(0 -3.544496498e-14 -2.173064122e-13)
(0 1.238836757e-14 -2.079292547e-13)
(0 5.748541886e-14 -1.952938798e-13)
(0 9.922113982e-14 -1.798413415e-13)
(0 1.370740192e-13 -1.619997335e-13)
(0 1.70616819e-13 -1.421723272e-13)
(0 1.995061902e-13 -1.207305519e-13)
(0 2.234722144e-13 -9.80112162e-14)
(0 2.423086514e-13 -7.431727625e-14)
(0 2.55864441e-13 -4.992144666e-14)
(0 2.64036812e-13 -2.507197965e-14)
(0 1.333835633e-13 6.676469502e-27)
(0 1.006444142e-10 -7.162561377e-14)
(0 -2.174924186e-09 4.888905096e-12)
(0 6.432717289e-09 3.701767351e-12)
(0 -9.698284827e-09 3.418071797e-12)
(0 1.054885393e-08 3.233673296e-12)
(0 -8.41829918e-09 3.348812757e-12)
(0 5.895926659e-09 3.253120672e-12)
(0 -3.761081844e-09 3.118723117e-12)
(0 -3.252126098e-05 -7.361957506e-07)
(0 -3.179001376e-05 2.677250821e-06)
(0 -2.899146609e-05 9.956486437e-06)
(0 -2.656856169e-05 1.46486532e-05)
(0 -1.802327865e-05 1.796121973e-05)
(0 -1.820236646e-05 2.020579338e-05)
(0 -2.636064341e-06 1.051858458e-05)
(0 1.869880327e-07 1.949272251e-05)
(0 -2.576073815e-13 6.461475254e-18)
(0 -5.102186667e-13 -4.589951351e-14)
(0 -4.954131851e-13 -9.037743764e-14)
(0 -4.713372311e-13 -1.320905104e-13)
(0 -4.388397685e-13 -1.698638886e-13)
(0 -3.990206008e-13 -2.027448216e-13)
(0 -3.531563771e-13 -2.300371059e-13)
(0 -3.026233947e-13 -2.513111745e-13)
(0 -2.48825058e-13 -2.663924323e-13)
(0 -1.931298433e-13 -2.753327953e-13)
(0 -1.368231242e-13 -2.783714097e-13)
(0 -8.107386388e-14 -2.758903965e-13)
(0 -2.691533494e-14 -2.683705741e-13)
(0 2.476217214e-14 -2.563508235e-13)
(0 7.320926685e-14 -2.403934183e-13)
(0 1.178087159e-13 -2.210564666e-13)
(0 1.580625377e-13 -1.988736953e-13)
(0 1.935770211e-13 -1.743411584e-13)
(0 2.240472773e-13 -1.47910077e-13)
(0 2.492424996e-13 -1.199848548e-13)
(0 2.689927437e-13 -9.092528153e-14)
(0 2.831777404e-13 -6.105199345e-14)
(0 2.917180283e-13 -3.065434984e-14)
(0 1.472846868e-13 -7.735285782e-26)
(0 1.007022617e-10 -7.652280786e-14)
(0 -2.174868241e-09 4.640654307e-12)
(0 6.432772511e-09 3.438679049e-12)
(0 -9.69824414e-09 3.150345492e-12)
(0 1.054886611e-08 2.969019506e-12)
(0 -8.418261513e-09 3.082927529e-12)
(0 5.895915966e-09 2.967911426e-12)
(0 -3.761066368e-09 2.775465145e-12)
(0 -2.48903062e-05 1.030629853e-06)
(0 -2.686482196e-05 3.277749913e-06)
(0 -2.452467523e-05 7.451688799e-06)
(0 -2.340936582e-05 1.047287392e-05)
(0 -1.478190952e-05 1.244730212e-05)
(0 -1.625602016e-05 1.326067346e-05)
(0 -1.074496836e-06 1.184324579e-06)
(0 2.385224016e-07 1.770278556e-05)
(0 -2.830568057e-13 5.855353401e-18)
(0 -5.603125755e-13 -5.669634649e-14)
(0 -5.431434036e-13 -1.11551844e-13)
(0 -5.152906778e-13 -1.628409051e-13)
(0 -4.77827309e-13 -2.090698213e-13)
(0 -4.321293533e-13 -2.490510094e-13)
(0 -3.797736444e-13 -2.819455517e-13)
(0 -3.224335516e-13 -3.072704445e-13)
(0 -2.617842353e-13 -3.248756498e-13)
(0 -1.994251258e-13 -3.348991931e-13)
(0 -1.368233491e-13 -3.377095148e-13)
(0 -7.527834035e-14 -3.338435279e-13)
(0 -1.590539205e-14 -3.239470627e-13)
(0 4.036552338e-14 -3.087222396e-13)
(0 9.277977578e-14 -2.888842659e-13)
(0 1.407408628e-13 -2.651285278e-13)
(0 1.837893274e-13 -2.381076837e-13)
(0 2.215804373e-13 -2.084177344e-13)
(0 2.538624938e-13 -1.765916863e-13)
(0 2.804570099e-13 -1.430993545e-13)
(0 3.012415128e-13 -1.083519381e-13)
(0 3.161353727e-13 -7.271016428e-14)
(0 3.250888055e-13 -3.649498526e-14)
(0 1.640379131e-13 -9.970209167e-26)
(0 1.00772211e-10 -8.105320731e-14)
(0 -2.174799574e-09 4.365147102e-12)
(0 6.432822886e-09 3.188462266e-12)
(0 -9.698205139e-09 2.886471673e-12)
(0 1.054888246e-08 2.720630775e-12)
(0 -8.418221737e-09 2.827428914e-12)
(0 5.895913827e-09 2.694068727e-12)
(0 -3.761045885e-09 2.432965718e-12)
(0 -2.060798787e-05 1.212988255e-06)
(0 -2.355774178e-05 2.243646413e-06)
(0 -2.153219616e-05 4.572561704e-06)
(0 -2.128212296e-05 5.983015148e-06)
(0 -1.232337935e-05 7.095240595e-06)
(0 -1.464903595e-05 6.613734036e-06)
(0 4.741598345e-07 -7.346165146e-06)
(0 2.656045769e-07 1.66830677e-05)
(0 -3.143072148e-13 5.659603053e-18)
(0 -6.217737921e-13 -6.933891757e-14)
(0 -6.015577437e-13 -1.362958611e-13)
(0 -5.688552084e-13 -1.986561489e-13)
(0 -5.250498727e-13 -2.545295748e-13)
(0 -4.718963312e-13 -3.024512058e-13)
(0 -4.113758123e-13 -3.414321504e-13)
(0 -3.455534927e-13 -3.709588961e-13)
(0 -2.764538066e-13 -3.909508465e-13)
(0 -2.059637083e-13 -4.01689771e-13)
(0 -1.357674591e-13 -4.037353342e-13)
(0 -6.731141183e-14 -3.978387875e-13)
(0 -1.794046674e-15 -3.848635984e-13)
(0 5.982496895e-14 -3.657183224e-13)
(0 1.168029787e-13 -3.413040036e-13)
(0 1.68585298e-13 -3.124762187e-13)
(0 2.14773331e-13 -2.800204982e-13)
(0 2.550930185e-13 -2.4463913e-13)
(0 2.893656573e-13 -2.069471068e-13)
(0 3.174822478e-13 -1.674750985e-13)
(0 3.393819339e-13 -1.26677609e-13)
(0 3.550346932e-13 -8.494481434e-14)
(0 3.644281926e-13 -4.26169006e-14)
(0 1.83779672e-13 -7.548517999e-26)
(0 1.008551121e-10 -8.674739439e-14)
(0 -2.174718157e-09 4.064911719e-12)
(0 6.432876552e-09 2.955524417e-12)
(0 -9.69816918e-09 2.623287543e-12)
(0 1.054890664e-08 2.48625524e-12)
(0 -8.418179132e-09 2.579015925e-12)
(0 5.89592533e-09 2.431923548e-12)
(0 -3.761019728e-09 2.099345497e-12)
(0 -1.635057249e-05 4.23373614e-06)
(0 -2.205979766e-05 4.277858769e-06)
(0 -2.052773865e-05 3.298951028e-06)
(0 -2.054487378e-05 2.600705969e-06)
(0 -1.075644205e-05 1.79362381e-06)
(0 -1.358766475e-05 2.775262021e-07)
(0 2.260876394e-06 -1.489645815e-05)
(0 2.994172105e-07 1.635879229e-05)
(0 -3.523988635e-13 5.740277017e-18)
(0 -6.966113964e-13 -8.436792243e-14)
(0 -6.724606349e-13 -1.656395037e-13)
(0 -6.335243915e-13 -2.409626592e-13)
(0 -5.816223659e-13 -3.079468351e-13)
(0 -5.190319289e-13 -3.647989997e-13)
(0 -4.482813347e-13 -4.103809422e-13)
(0 -3.719522477e-13 -4.44191085e-13)
(0 -2.925151101e-13 -4.66288805e-13)
(0 -2.122096134e-13 -4.771840715e-13)
(0 -1.329723657e-13 -4.77714068e-13)
(0 -5.640660458e-14 -4.689237431e-13)
(0 1.62150731e-14 -4.519613292e-13)
(0 8.392511814e-14 -4.279944073e-13)
(0 1.460218795e-13 -3.981478042e-13)
(0 2.020243682e-13 -3.634618683e-13)
(0 2.516264161e-13 -3.248682156e-13)
(0 2.946538287e-13 -2.831794813e-13)
(0 3.310265253e-13 -2.39089676e-13)
(0 3.607265078e-13 -1.93182182e-13)
(0 3.83771797e-13 -1.459430085e-13)
(0 4.00196081e-13 -9.777750389e-14)
(0 4.100336198e-13 -4.902921661e-14)
(0 2.066548137e-13 -6.920585446e-26)
(0 1.00951206e-10 -9.233214209e-14)
(0 -2.17463155e-09 3.733893069e-12)
(0 6.432949409e-09 2.743688448e-12)
(0 -9.69813801e-09 2.357261891e-12)
(0 1.054894163e-08 2.266187709e-12)
(0 -8.418135623e-09 2.332935813e-12)
(0 5.895948813e-09 2.182939998e-12)
(0 -3.760992768e-09 1.786419415e-12)
(0 -9.32336176e-06 6.909814021e-06)
(0 -2.309914217e-05 5.206831792e-06)
(0 -2.296177728e-05 4.670692489e-07)
(0 -2.241114725e-05 -1.912279013e-06)
(0 -1.096891521e-05 -4.943452615e-06)
(0 -1.328890895e-05 -6.549484942e-06)
(0 4.216266828e-06 -2.187110194e-05)
(0 3.096239405e-07 1.670186519e-05)
(0 -3.986780293e-13 6.0782225e-18)
(0 -7.874160255e-13 -1.024974073e-13)
(0 -7.581524805e-13 -2.009343593e-13)
(0 -7.111625398e-13 -2.916122921e-13)
(0 -6.488862132e-13 -3.715014888e-13)
(0 -5.743304384e-13 -4.384235403e-13)
(0 -4.907678975e-13 -4.911090971e-13)
(0 -4.014613555e-13 -5.291441751e-13)
(0 -3.094467931e-13 -5.528384668e-13)
(0 -2.173889714e-13 -5.630535069e-13)
(0 -1.275071306e-13 -5.610234306e-13)
(0 -4.155867293e-14 -5.481913464e-13)
(0 3.913528905e-14 -5.260741915e-13)
(0 1.136384939e-13 -4.961606674e-13)
(0 1.813355177e-13 -4.598410879e-13)
(0 2.418648866e-13 -4.183648274e-13)
(0 2.95055718e-13 -3.728198563e-13)
(0 3.408715581e-13 -3.241288197e-13)
(0 3.793629566e-13 -2.730567583e-13)
(0 4.106289153e-13 -2.202265238e-13)
(0 4.34786612e-13 -1.661389547e-13)
(0 4.519484851e-13 -1.111957674e-13)
(0 4.622056965e-13 -5.572382835e-14)
(0 2.328088887e-13 -6.176672165e-26)
(0 1.010605605e-10 -9.699734976e-14)
(0 -2.174525832e-09 3.350874393e-12)
(0 6.433068986e-09 2.559333881e-12)
(0 -9.698112603e-09 2.086544266e-12)
(0 1.054898895e-08 2.066037742e-12)
(0 -8.418099059e-09 2.08536159e-12)
(0 5.895971489e-09 1.95049055e-12)
(0 -3.760977975e-09 1.502977948e-12)
(0 -1.622326387e-05 1.895455809e-05)
(0 -2.89538051e-05 1.746220474e-05)
(0 -2.754873886e-05 4.148720999e-07)
(0 -2.558101526e-05 -5.510758342e-06)
(0 -1.178684707e-05 -1.280736097e-05)
(0 -1.382036189e-05 -1.405007301e-05)
(0 6.499631267e-06 -2.866956691e-05)
(0 2.968203799e-07 1.786604503e-05)
(0 -4.548989841e-13 6.717373243e-18)
(0 -8.975483217e-13 -1.246912374e-13)
(0 -8.615755197e-13 -2.439908495e-13)
(0 -8.04091521e-13 -3.530545648e-13)
(0 -7.284336142e-13 -4.480283761e-13)
(0 -6.386395371e-13 -5.262907598e-13)
(0 -5.390019695e-13 -5.864949189e-13)
(0 -4.336816175e-13 -6.284461312e-13)
(0 -3.26424442e-13 -6.528762137e-13)
(0 -2.203945772e-13 -6.611774988e-13)
(0 -1.181102052e-13 -6.55144685e-13)
(0 -2.145736541e-14 -6.367541579e-13)
(0 6.824575208e-14 -6.079936316e-13)
(0 1.501582217e-13 -5.70743078e-13)
(0 2.238177195e-13 -5.267008225e-13)
(0 2.890455998e-13 -4.773457208e-13)
(0 3.458624238e-13 -4.239260409e-13)
(0 3.944169266e-13 -3.67466749e-13)
(0 4.349288212e-13 -3.087885193e-13)
(0 4.676443114e-13 -2.485335133e-13)
(0 4.928025534e-13 -1.871945382e-13)
(0 5.106112074e-13 -1.251454559e-13)
(0 5.212293872e-13 -6.26716486e-14)
(0 2.623786421e-13 -7.210795608e-26)
(0 1.011844614e-10 -1.012760222e-13)
(0 -2.174401461e-09 2.873667609e-12)
(0 6.433264878e-09 2.412815236e-12)
(0 -9.698097941e-09 1.812672394e-12)
(0 1.054904766e-08 1.898922983e-12)
(0 -8.41808328e-09 1.838029822e-12)
(0 5.895972297e-09 1.740350156e-12)
(0 -3.760994203e-09 1.242574842e-12)
(0 -7.006823531e-05 1.97405441e-05)
(0 -5.223392692e-05 1.452580042e-05)
(0 -4.66600473e-05 -6.063836875e-06)
(0 -3.533980483e-05 -1.403581294e-05)
(0 -1.646801807e-05 -2.423467162e-05)
(0 -1.696174419e-05 -2.392689157e-05)
(0 8.89016815e-06 -3.632488508e-05)
(0 2.646748781e-07 1.997249602e-05)
(0 -5.233718744e-13 7.637644389e-18)
(0 -1.031409374e-12 -1.522804276e-13)
(0 -9.865158079e-13 -2.972856902e-13)
(0 -9.152000663e-13 -4.285904269e-13)
(0 -8.221224081e-13 -5.412715118e-13)
(0 -7.127969812e-13 -6.322220777e-13)
(0 -5.929232689e-13 -7.001405324e-13)
(0 -4.678426503e-13 -7.452769321e-13)
(0 -3.421781607e-13 -7.690512085e-13)
(0 -2.196574428e-13 -7.736446351e-13)
(0 -1.030837897e-13 -7.616331424e-13)
(0 5.592380458e-15 -7.356967122e-13)
(0 1.05146369e-13 -6.98412917e-13)
(0 1.94931303e-13 -6.521269096e-13)
(0 2.747328749e-13 -5.988828215e-13)
(0 3.446396683e-13 -5.404000841e-13)
(0 4.049346898e-13 -4.780799939e-13)
(0 4.560090797e-13 -4.130308682e-13)
(0 4.982961922e-13 -3.461032698e-13)
(0 5.322228964e-13 -2.779295361e-13)
(0 5.581746695e-13 -2.089640628e-13)
(0 5.764713748e-13 -1.395224288e-13)
(0 5.873511523e-13 -6.981857719e-14)
(0 2.954805373e-13 -1.208806883e-25)
(0 1.013225101e-10 -1.044919531e-13)
(0 -2.174253599e-09 2.235379e-12)
(0 6.433568427e-09 2.317900439e-12)
(0 -9.698103778e-09 1.538118594e-12)
(0 1.054911748e-08 1.783048083e-12)
(0 -8.418104574e-09 1.597111002e-12)
(0 5.895931164e-09 1.554042706e-12)
(0 -3.761059529e-09 9.648200556e-13)
(0 -8.753316149e-05 1.327863259e-06)
(0 -6.244584798e-05 -6.04945091e-06)
(0 -5.633143752e-05 -1.953323299e-05)
(0 -4.34944837e-05 -2.828994652e-05)
(0 -1.976816785e-05 -3.975202749e-05)
(0 -2.188444249e-05 -3.690181868e-05)
(0 1.192137367e-05 -4.574811195e-05)
(0 2.23822515e-07 2.3205792e-05)
(0 -6.071819748e-13 8.773247914e-18)
(0 -1.194836529e-12 -1.871484452e-13)
(0 -1.137885519e-12 -3.642833648e-13)
(0 -1.048077343e-12 -5.227534237e-13)
(0 -9.320652649e-13 -6.562497336e-13)
(0 -7.975085576e-13 -7.611910743e-13)
(0 -6.520568239e-13 -8.365746962e-13)
(0 -5.025922936e-13 -8.834771949e-13)
(0 -3.547921451e-13 -9.044151048e-13)
(0 -2.129765111e-13 -9.027253203e-13)
(0 -8.016228222e-14 -8.820556047e-13)
(0 4.17628599e-14 -8.459959507e-13)
(0 1.518155547e-13 -7.978438063e-13)
(0 2.496883172e-13 -7.404781262e-13)
(0 3.35544545e-13 -6.763125026e-13)
(0 4.098484274e-13 -6.073003432e-13)
(0 4.732316397e-13 -5.349708196e-13)
(0 5.263936507e-13 -4.604804148e-13)
(0 5.700301533e-13 -3.846700965e-13)
(0 6.047835184e-13 -3.081221304e-13)
(0 6.312096607e-13 -2.312134065e-13)
(0 6.49756693e-13 -1.541640678e-13)
(0 6.60751816e-13 -7.708144223e-14)
(0 3.321972193e-13 -1.829991094e-25)
(0 1.01474153e-10 -1.068104772e-13)
(0 -2.174070871e-09 1.341622548e-12)
(0 6.434015311e-09 2.298935697e-12)
(0 -9.698149284e-09 1.259930044e-12)
(0 1.054920059e-08 1.736979277e-12)
(0 -8.418177961e-09 1.365632969e-12)
(0 5.895841338e-09 1.3863764e-12)
(0 -3.761184046e-09 5.930051039e-13)
(0 -9.421499886e-05 -7.296742228e-06)
(0 -7.453767896e-05 -1.697904965e-05)
(0 -6.865699213e-05 -3.086866634e-05)
(0 -5.538929578e-05 -4.265826945e-05)
(0 -2.481485053e-05 -5.757074303e-05)
(0 -3.046226588e-05 -5.228212748e-05)
(0 1.545438461e-05 -5.799463931e-05)
(0 1.882157684e-07 2.781800959e-05)
(0 -7.105228991e-13 9.996654918e-18)
(0 -1.395695334e-12 -2.320336454e-13)
(0 -1.322120786e-12 -4.499480747e-13)
(0 -1.207166435e-12 -6.418934513e-13)
(0 -1.060560059e-12 -7.997872261e-13)
(0 -8.931219439e-13 -9.197230249e-13)
(0 -7.152093895e-13 -1.001496085e-12)
(0 -5.356830589e-13 -1.047648957e-12)
(0 -3.614262862e-13 -1.062414295e-12)
(0 -1.972979427e-13 -1.050794101e-12)
(0 -4.635442012e-14 -1.017876598e-12)
(0 8.98041788e-14 -9.683965188e-13)
(0 2.106641935e-13 -9.064971363e-13)
(0 3.164626067e-13 -8.356381039e-13)
(0 4.079106579e-13 -7.585972892e-13)
(0 4.859813514e-13 -6.775260913e-13)
(0 5.517546181e-13 -5.940299972e-13)
(0 6.063098027e-13 -5.092565102e-13)
(0 6.506544767e-13 -4.239802356e-13)
(0 6.856795864e-13 -3.386800863e-13)
(0 7.12132732e-13 -2.536068526e-13)
(0 7.306033391e-13 -1.688413302e-13)
(0 7.415152202e-13 -8.434427637e-14)
(0 3.725619795e-13 -1.578153492e-25)
(0 1.016396694e-10 -1.056583654e-13)
(0 -2.173852778e-09 6.654791612e-14)
(0 6.434655398e-09 2.402827689e-12)
(0 -9.698271282e-09 9.610176005e-13)
(0 1.054930405e-08 1.780413789e-12)
(0 -8.418312308e-09 1.129157259e-12)
(0 5.895717298e-09 1.220213708e-12)
(0 -3.761372283e-09 1.686718451e-14)
(0 -0.0001063360592 -1.841326645e-05)
(0 -8.85613678e-05 -3.006419837e-05)
(0 -8.196840978e-05 -4.457644054e-05)
(0 -7.016444594e-05 -5.97572659e-05)
(0 -3.10628228e-05 -7.877082886e-05)
(0 -4.339019336e-05 -7.152155651e-05)
(0 1.985437345e-05 -7.527195833e-05)
(0 1.508575268e-07 3.406620188e-05)
(0 -8.392182435e-13 1.11005546e-17)
(0 -1.644787251e-12 -2.910417079e-13)
(0 -1.547745325e-12 -5.615838723e-13)
(0 -1.397916494e-12 -7.950881371e-13)
(0 -1.209894839e-12 -9.812867016e-13)
(0 -9.992174166e-13 -1.116422587e-12)
(0 -7.799827563e-13 -1.202043328e-12)
(0 -5.635105038e-13 -1.243214694e-12)
(0 -3.579372886e-13 -1.246806124e-12)
(0 -1.684388139e-13 -1.220167869e-12)
(0 2.2352999e-15 -1.170268273e-12)
(0 1.531423217e-13 -1.103224739e-12)
(0 2.845739696e-13 -1.02411852e-12)
(0 3.975881643e-13 -9.369881648e-13)
(0 4.936565575e-13 -8.449205124e-13)
(0 5.744157194e-13 -7.501843757e-13)
(0 6.415012208e-13 -6.543736093e-13)
(0 6.964434123e-13 -5.585416626e-13)
(0 7.406065772e-13 -4.633196111e-13)
(0 7.751569014e-13 -3.690154899e-13)
(0 8.010484168e-13 -2.756958963e-13)
(0 8.190192692e-13 -1.832523421e-13)
(0 8.295931463e-13 -9.145542334e-14)
(0 4.165414956e-13 -1.812778354e-25)
(0 1.018173393e-10 -9.806521943e-14)
(0 -2.173569118e-09 -1.755180124e-12)
(0 6.435576123e-09 2.731809869e-12)
(0 -9.698534651e-09 6.03036727e-13)
(0 1.054943444e-08 1.94433402e-12)
(0 -8.418528475e-09 8.333069975e-13)
(0 5.89556501e-09 1.027078628e-12)
(0 -3.761653523e-09 -8.830773952e-13)
(0 -0.0001208558993 -2.677517277e-05)
(0 -0.0001060924152 -3.807419244e-05)
(0 -9.861202275e-05 -5.264134645e-05)
(0 -8.965415922e-05 -7.277731764e-05)
(0 -4.01049864e-05 -9.98739642e-05)
(0 -6.166200613e-05 -9.422532009e-05)
(0 2.521547005e-05 -9.891590153e-05)
(0 5.953097805e-08 4.241615125e-05)
(0 -1.00156671e-12 1.197842775e-17)
(0 -1.957281727e-12 -3.705526771e-13)
(0 -1.826167216e-12 -7.102594368e-13)
(0 -1.626869264e-12 -9.955913217e-13)
(0 -1.381894508e-12 -1.213852551e-12)
(0 -1.11387857e-12 -1.362641815e-12)
(0 -8.420014974e-13 -1.447045193e-12)
(0 -5.804458554e-13 -1.476366359e-12)
(0 -3.38379461e-13 -1.461434257e-12)
(0 -1.207600911e-13 -1.412810196e-12)
(0 7.058871062e-14 -1.339811541e-12)
(0 2.359539313e-13 -1.250123548e-12)
(0 3.769007673e-13 -1.149771995e-12)
(0 4.956606145e-13 -1.043283349e-12)
(0 5.94714447e-13 -9.33919774e-13)
(0 6.765282544e-13 -8.239244325e-13)
(0 7.433973313e-13 -7.147449823e-13)
(0 7.97363801e-13 -6.072227882e-13)
(0 8.401806494e-13 -5.017460866e-13)
(0 8.733033012e-13 -3.983704684e-13)
(0 8.978958799e-13 -2.969120174e-13)
(0 9.14843812e-13 -1.970188071e-13)
(0 9.247675622e-13 -9.822609713e-14)
(0 4.640174028e-13 -3.079034922e-25)
(0 1.020046987e-10 -8.316263867e-14)
(0 -2.173192096e-09 -4.332717555e-12)
(0 6.436902116e-09 3.511110094e-12)
(0 -9.699065913e-09 1.349654006e-13)
(0 1.05495809e-08 2.316117746e-12)
(0 -8.418887935e-09 3.860165945e-13)
(0 5.895350935e-09 7.923845088e-13)
(0 -3.762119438e-09 -2.233159599e-12)
(0 -0.0001356476167 -4.092915589e-05)
(0 -0.0001222231628 -7.533700364e-05)
(0 -0.0001171180463 -0.0001092150179)
(0 -0.0001174573722 -0.0001418717923)
(0 -5.735973686e-05 -0.0001722722333)
(0 -8.846004584e-05 -0.0001605625463)
(0 3.029610711e-05 -0.0001598102426)
(0 -5.052975249e-07 4.368209642e-05)
(0 -1.209775621e-12 5.19856569e-18)
(0 -2.355048811e-12 -4.809132365e-13)
(0 -2.17278397e-12 -9.133115552e-13)
(0 -1.901509608e-12 -1.263167695e-12)
(0 -1.576945332e-12 -1.515893758e-12)
(0 -1.232410059e-12 -1.673251175e-12)
(0 -8.937072998e-13 -1.747134172e-12)
(0 -5.778995683e-13 -1.753776896e-12)
(0 -2.943811258e-13 -1.709760508e-12)
(0 -4.681609785e-14 -1.629833856e-12)
(0 1.649219478e-13 -1.526051345e-12)
(0 3.431818676e-13 -1.407693384e-12)
(0 4.914141684e-13 -1.281570092e-12)
(0 6.134403859e-13 -1.152460851e-12)
(0 7.130154745e-13 -1.02355789e-12)
(0 7.93590511e-13 -8.968552607e-13)
(0 8.582028651e-13 -7.73465217e-13)
(0 9.09442308e-13 -6.538638738e-13)
(0 9.49458897e-13 -5.380761588e-13)
(0 9.799909707e-13 -4.258121034e-13)
(0 1.002400078e-12 -3.165658068e-13)
(0 1.017705189e-12 -2.096867199e-13)
(0 1.026611953e-12 -1.044311061e-13)
(0 5.147675928e-13 -2.897119382e-25)
(0 1.021991551e-10 -6.118208071e-14)
(0 -2.172674793e-09 -7.901881885e-12)
(0 6.438760861e-09 5.202581359e-12)
(0 -9.700102348e-09 -4.841761729e-13)
(0 1.054970078e-08 3.11585013e-12)
(0 -8.419534361e-09 -3.285588725e-13)
(0 5.89496594e-09 5.344408504e-13)
(0 -3.762967788e-09 -4.214505642e-12)
(0 -0.0001877418734 -1.885693245e-05)
(0 -0.0001831810069 8.858011187e-06)
(0 -0.0001654946755 2.640499434e-05)
(0 -0.0001525660275 1.820052995e-05)
(0 -6.405678001e-05 -2.194658945e-05)
(0 -0.0001026736956 -4.601617955e-05)
(0 5.784807989e-05 -5.42326936e-05)
(0 3.453204942e-06 0.0001078928964)
(0 -1.482471589e-12 2.823487498e-17)
(0 -2.87058822e-12 -6.39783223e-13)
(0 -2.608421674e-12 -1.19890734e-12)
(0 -2.229451467e-12 -1.62787644e-12)
(0 -1.791977988e-12 -1.913306682e-12)
(0 -1.345118984e-12 -2.067338947e-12)
(0 -9.225272191e-13 -2.114468001e-12)
(0 -5.430721915e-13 -2.081851753e-12)
(0 -2.144364204e-13 -1.994002709e-12)
(0 6.294907183e-14 -1.870719545e-12)
(0 2.927291823e-13 -1.726873205e-12)
(0 4.804351849e-13 -1.573035457e-12)
(0 6.321332999e-13 -1.416361148e-12)
(0 7.536728162e-13 -1.261438973e-12)
(0 8.503200378e-13 -1.111002277e-12)
(0 9.266209276e-13 -9.664796794e-13)
(0 9.863887182e-13 -8.28402399e-13)
(0 1.032752859e-12 -6.966963559e-13)
(0 1.06823242e-12 -5.708868844e-13)
(0 1.094813653e-12 -4.502395078e-13)
(0 1.114021263e-12 -3.338550721e-13)
(0 1.126978513e-12 -2.207329551e-13)
(0 1.134454282e-12 -1.098124754e-13)
(0 5.684485089e-13 -3.111719207e-25)
(0 1.023967233e-10 -3.903451637e-14)
(0 -2.171958722e-09 -1.264863138e-11)
(0 6.441190015e-09 8.70486977e-12)
(0 -9.702082206e-09 -1.227239484e-12)
(0 1.054969894e-08 4.834200431e-12)
(0 -8.420730012e-09 -1.388197491e-12)
(0 5.894314937e-09 3.684409639e-13)
(0 -3.764460418e-09 -7.164349866e-12)
(0 -5.855761837e-05 -8.966108051e-05)
(0 -8.185096053e-05 -0.000211945351)
(0 -0.0001073387932 -0.0003293459233)
(0 -0.0001651381422 -0.0004412791002)
(0 -0.0001261585794 -0.0005360074086)
(0 -0.0001776849295 -0.000557755325)
(0 -1.186182606e-05 -0.0005585135321)
(0 -1.099264714e-05 -1.537456474e-05)
(0 -1.849569038e-12 -4.406081148e-17)
(0 -3.553966718e-12 -8.793246293e-13)
(0 -3.160877187e-12 -1.614659545e-12)
(0 -2.615908951e-12 -2.1361261e-12)
(0 -2.016407839e-12 -2.442120168e-12)
(0 -1.433571377e-12 -2.568333514e-12)
(0 -9.082201061e-13 -2.561551284e-12)
(0 -4.57434276e-13 -2.465164045e-12)
(0 -8.32489175e-14 -2.313684203e-12)
(0 2.20313406e-13 -2.132173999e-12)
(0 4.626060353e-13 -1.937692423e-12)
(0 6.536939243e-13 -1.741220341e-12)
(0 8.030106524e-13 -1.549406472e-12)
(0 9.18799257e-13 -1.365937956e-12)
(0 1.007974768e-12 -1.192538644e-12)
(0 1.076190389e-12 -1.029664455e-12)
(0 1.127986189e-12 -8.769735153e-13)
(0 1.166957823e-12 -7.336368556e-13)
(0 1.195915745e-12 -5.985394495e-13)
(0 1.217022783e-12 -4.704071887e-13)
(0 1.231906631e-12 -3.478844663e-13)
(0 1.241747786e-12 -2.295791851e-13)
(0 1.247344908e-12 -1.140866231e-13)
(0 6.245800682e-13 -5.033662106e-25)
(0 1.025934011e-10 -2.956114426e-14)
(0 -2.171012631e-09 -1.85835727e-11)
(0 6.444030644e-09 1.557180735e-11)
(0 -9.705753378e-09 -1.944131764e-12)
(0 1.05494336e-08 8.411325113e-12)
(0 -8.422871634e-09 -2.80290034e-12)
(0 5.893471981e-09 4.860866559e-13)
(0 -3.76687565e-09 -1.179250952e-11)
(0 -0.0004195171332 5.990294497e-05)
(0 -0.0004251814113 0.000202294777)
(0 -0.0003931050746 0.0003133891756)
(0 -0.0003577311539 0.000396486524)
(0 -0.0001835816134 0.0003906089026)
(0 -0.000184616992 0.0002620522395)
(0 0.0001490559671 0.0003729295931)
(0 1.266163046e-05 0.000230999707)
(0 -2.361748473e-12 -4.320996179e-16)
(0 -4.485200636e-12 -1.262807924e-12)
(0 -3.865223145e-12 -2.244281199e-12)
(0 -3.05691209e-12 -2.85984998e-12)
(0 -2.224185402e-12 -3.150716204e-12)
(0 -1.4645501e-12 -3.202326499e-12)
(0 -8.193577507e-13 -3.098243224e-12)
(0 -2.952051107e-13 -2.903572883e-12)
(0 1.185536261e-13 -2.663400646e-12)
(0 4.389408517e-13 -2.406604922e-12)
(0 6.836828406e-13 -2.150507588e-12)
(0 8.68721136e-13 -1.9047527e-12)
(0 1.007415685e-12 -1.674112263e-12)
(0 1.110540644e-12 -1.460373512e-12)
(0 1.186593539e-12 -1.263555436e-12)
(0 1.242186056e-12 -1.082671157e-12)
(0 1.282416318e-12 -9.161950553e-13)
(0 1.311186925e-12 -7.623422622e-13)
(0 1.331462087e-12 -6.192304256e-13)
(0 1.345468636e-12 -4.849682323e-13)
(0 1.354849267e-12 -3.576986196e-13)
(0 1.360776356e-12 -2.356141567e-13)
(0 1.364033467e-12 -1.169555253e-13)
(0 6.825351321e-13 -5.402895479e-25)
(0 1.027878936e-10 -5.332726678e-14)
(0 -2.16983292e-09 -2.550485816e-11)
(0 6.446907868e-09 2.80377123e-11)
(0 -9.712241508e-09 -2.351971695e-12)
(0 1.054869218e-08 1.551767958e-11)
(0 -8.426655043e-09 -4.399235011e-12)
(0 5.892761128e-09 1.332023396e-12)
(0 -3.770526096e-09 -1.899242483e-11)
(0 0.0002196802958 -0.0001474633266)
(0 0.0001677400119 -0.0004093017161)
(0 8.940328245e-05 -0.0007130650511)
(0 -8.490290849e-05 -0.001043900667)
(0 -0.0002610567597 -0.001371312639)
(0 -0.00025621714 -0.001626289669)
(0 -0.000310799627 -0.001573312692)
(0 -3.57946861e-05 -0.0001329799017)
(0 -3.111885288e-12 -5.234000419e-15)
(0 -5.797783074e-12 -1.927157892e-12)
(0 -4.757919242e-12 -3.239808201e-12)
(0 -3.522343956e-12 -3.908277742e-12)
(0 -2.358884358e-12 -4.098569332e-12)
(0 -1.381098397e-12 -3.992014922e-12)
(0 -6.0946649e-13 -3.725525341e-12)
(0 -2.259169846e-14 -3.387486979e-12)
(0 4.137190434e-13 -3.029744435e-12)
(0 7.332064645e-13 -2.68034186e-12)
(0 9.644582575e-13 -2.352985146e-12)
(0 1.130089249e-12 -2.053175724e-12)
(0 1.24738984e-12 -1.781921603e-12)
(0 1.329356083e-12 -1.537893583e-12)
(0 1.385677123e-12 -1.31864342e-12)
(0 1.42355077e-12 -1.121274337e-12)
(0 1.448315083e-12 -9.427975181e-13)
(0 1.463922452e-12 -7.803104459e-13)
(0 1.473289775e-12 -6.310749395e-13)
(0 1.478554589e-12 -4.925392789e-13)
(0 1.481260706e-12 -3.623295736e-13)
(0 1.48249088e-12 -2.382245836e-13)
(0 1.482959065e-12 -1.181219239e-13)
(0 7.415355935e-13 -5.12357389e-25)
(0 1.029825368e-10 -1.334459616e-13)
(0 -2.168542991e-09 -3.324128874e-11)
(0 6.449591873e-09 4.853692254e-11)
(0 -9.722750625e-09 -2.499001165e-12)
(0 1.054731804e-08 2.85599539e-11)
(0 -8.433254527e-09 -5.726969934e-12)
(0 5.892746062e-09 3.784363094e-12)
(0 -3.775929466e-09 -2.930762562e-11)
(0 -0.0009626045588 0.0001826334757)
(0 -0.0009978122746 0.0005601364421)
(0 -0.001024238563 0.0009101574787)
(0 -0.001011777347 0.001261750872)
(0 -0.0007649038286 0.001426751591)
(0 -0.0004699437023 0.001003822839)
(0 0.0001643802621 0.00152265671)
(0 1.658269739e-05 0.0001326659173)
(0 -4.283671853e-12 -4.907890442e-14)
(0 -7.719786581e-12 -3.200789614e-12)
(0 -5.846342995e-12 -4.879516217e-12)
(0 -3.915673222e-12 -5.434884343e-12)
(0 -2.307922581e-12 -5.343269841e-12)
(0 -1.091506109e-12 -4.941639825e-12)
(0 -2.148298078e-13 -4.424358578e-12)
(0 4.005757959e-13 -3.89110814e-12)
(0 8.256987453e-13 -3.387751455e-12)
(0 1.11570014e-12 -2.932036527e-12)
(0 1.310848976e-12 -2.527919454e-12)
(0 1.439784679e-12 -2.173047847e-12)
(0 1.522697826e-12 -1.862509409e-12)
(0 1.573818826e-12 -1.590640351e-12)
(0 1.603212785e-12 -1.351854714e-12)
(0 1.618031959e-12 -1.140989359e-12)
(0 1.623380208e-12 -9.534139727e-13)
(0 1.622909504e-12 -7.850303611e-13)
(0 1.619233254e-12 -6.322224088e-13)
(0 1.614214002e-12 -4.917866349e-13)
(0 1.609163962e-12 -3.608575117e-13)
(0 1.604984006e-12 -2.36833793e-13)
(0 1.602258051e-12 -1.173080995e-13)
(0 8.00657056e-13 -6.507042724e-25)
(0 1.031870184e-10 -2.725798177e-13)
(0 -2.167454473e-09 -4.242783247e-11)
(0 6.452568745e-09 7.844129051e-11)
(0 -9.737934502e-09 -3.924920084e-12)
(0 1.054574883e-08 4.988998947e-11)
(0 -8.444472471e-09 -6.147769991e-12)
(0 5.894179127e-09 9.533523324e-12)
(0 -3.78390985e-09 -4.229042735e-11)
(0 0.0009664747615 -0.0002164794262)
(0 0.0009013210751 -0.0005839978726)
(0 0.0007978092928 -0.001137909869)
(0 0.0004409079529 -0.001808617271)
(0 -0.0005097981322 -0.002758520035)
(0 -0.0002524778014 -0.004201769358)
(0 -0.002695883082 -0.003284887781)
(0 -9.044622353e-05 -0.0004311454647)
(0 -6.263362169e-12 -6.963150992e-13)
(0 -1.062820232e-11 -5.947341032e-12)
(0 -6.99201397e-12 -7.642583437e-12)
(0 -3.98609758e-12 -7.608473578e-12)
(0 -1.86563984e-12 -6.897987962e-12)
(0 -4.621871339e-13 -6.006917899e-12)
(0 4.410651944e-13 -5.139162987e-12)
(0 1.014015425e-12 -4.364838001e-12)
(0 1.372790657e-12 -3.698119441e-12)
(0 1.593038465e-12 -3.132136347e-12)
(0 1.723446938e-12 -2.653611661e-12)
(0 1.795499294e-12 -2.248590499e-12)
(0 1.829797336e-12 -1.904431732e-12)
(0 1.840010779e-12 -1.61030761e-12)
(0 1.835328115e-12 -1.357149511e-12)
(0 1.821991511e-12 -1.137417963e-12)
(0 1.804274081e-12 -9.448418867e-13)
(0 1.785114016e-12 -7.741774672e-13)
(0 1.766533501e-12 -6.210001137e-13)
(0 1.749919486e-12 -4.815292815e-13)
(0 1.736213548e-12 -3.524814922e-13)
(0 1.726040293e-12 -2.30945916e-13)
(0 1.719792858e-12 -1.142771058e-13)
(0 8.58843693e-13 -7.273212993e-25)
(0 1.034183176e-10 -4.418695944e-13)
(0 -2.167039738e-09 -5.593148881e-11)
(0 6.457716367e-09 1.157140019e-10)
(0 -9.75700476e-09 -1.166011343e-11)
(0 1.054621455e-08 8.0085478e-11)
(0 -8.461818598e-09 -5.998167117e-12)
(0 5.898540166e-09 2.025754231e-11)
(0 -3.795572385e-09 -5.660948423e-11)
(0 -0.001749730567 0.0003341980098)
(0 -0.001919505875 0.001192502771)
(0 -0.002242134915 0.001964186458)
(0 -0.002624627308 0.003387545269)
(0 -0.003152933718 0.003670253913)
(0 -0.001201929377 0.003658337693)
(0 -0.001449764014 0.004163589223)
(0 -4.884776599e-05 -0.002868682814)
(0 -9.534679989e-12 -6.523148297e-12)
(0 -1.466611043e-11 -1.224972217e-11)
(0 -7.50747554e-12 -1.213500468e-11)
(0 -3.171077746e-12 -1.045843729e-11)
(0 -7.06366902e-13 -8.633291251e-12)
(0 6.673188661e-13 -7.048882593e-12)
(0 1.427250089e-12 -5.760539767e-12)
(0 1.841619342e-12 -4.73096402e-12)
(0 2.0584004e-12 -3.907754549e-12)
(0 2.16020792e-12 -3.244780425e-12)
(0 2.194394823e-12 -2.705803196e-12)
(0 2.188964608e-12 -2.26327383e-12)
(0 2.160980715e-12 -1.896322644e-12)
(0 2.121101048e-12 -1.589012118e-12)
(0 2.076102432e-12 -1.329020938e-12)
(0 2.030339582e-12 -1.106694092e-12)
(0 1.986620704e-12 -9.143608741e-13)
(0 1.946751277e-12 -7.458399072e-13)
(0 1.911881439e-12 -5.960733194e-13)
(0 1.882732624e-12 -4.608505002e-13)
(0 1.859747328e-12 -3.365944529e-13)
(0 1.843188392e-12 -2.201920391e-13)
(0 1.833203967e-12 -1.08854746e-13)
(0 9.149341618e-13 -7.240205922e-25)
(0 1.037016597e-10 -6.604620971e-13)
(0 -2.167662475e-09 -7.998819914e-11)
(0 6.467572985e-09 1.518073749e-10)
(0 -9.776795267e-09 -3.734991245e-11)
(0 1.055404505e-08 1.133079596e-10)
(0 -8.48585728e-09 -1.048691444e-11)
(0 5.908713068e-09 3.518659896e-11)
(0 -3.812036475e-09 -7.235427323e-11)
(0 0.002481758748 -0.000323341585)
(0 0.002553081643 -0.0006162183916)
(0 0.003004493142 -0.001576738679)
(0 0.002169487569 -0.002469254513)
(0 -0.0001883275601 -0.00435525019)
(0 -0.0001949425787 -0.009409846785)
(0 -0.02665161197 -0.004261163532)
(0 -0.0006376785994 -0.001357814452)
(0 -1.198743599e-11 -2.995871788e-11)
(0 -1.624045903e-11 -2.439314309e-11)
(0 -5.200729091e-12 -1.818927815e-11)
(0 -4.843841471e-13 -1.34569781e-11)
(0 1.54391486e-12 -1.012785639e-11)
(0 2.41056435e-12 -7.794781128e-12)
(0 2.758983768e-12 -6.123150788e-12)
(0 2.866800643e-12 -4.890725967e-12)
(0 2.858974251e-12 -3.957156698e-12)
(0 2.794989818e-12 -3.23343e-12)
(0 2.704953533e-12 -2.661549288e-12)
(0 2.604979846e-12 -2.202381478e-12)
(0 2.504059049e-12 -1.828575478e-12)
(0 2.407312485e-12 -1.520399892e-12)
(0 2.317646141e-12 -1.263230595e-12)
(0 2.236651575e-12 -1.045979022e-12)
(0 2.165128265e-12 -8.600698298e-13)
(0 2.103401571e-12 -6.987499131e-13)
(0 2.051522908e-12 -5.566043836e-13)
(0 2.009398353e-12 -4.292062343e-13)
(0 1.976872009e-12 -3.128547204e-13)
(0 1.953779999e-12 -2.043736366e-13)
(0 1.939984897e-12 -1.009500924e-13)
(0 9.67698439e-13 -7.734501319e-25)
(0 1.040846323e-10 -1.119212584e-12)
(0 -2.169849957e-09 -1.195410712e-10)
(0 6.4804017e-09 1.765296651e-10)
(0 -9.793475677e-09 -9.313490455e-11)
(0 1.057784829e-08 1.31117711e-10)
(0 -8.513702964e-09 -3.889740138e-11)
(0 5.928963247e-09 4.302382522e-11)
(0 -3.835829323e-09 -9.416713928e-11)
(0 -0.002685031838 0.0002362822847)
(0 -0.003159145916 0.002181134715)
(0 -0.004085305219 0.002837028371)
(0 -0.005403294419 0.009305056308)
(0 -0.01007259643 0.008516008472)
(0 -0.001859410705 0.03110442269)
(0 -0.01066368403 0.01620982592)
(0 -0.0001365372717 -0.04707110889)
(0 -3.969127728e-12 -6.454964686e-11)
(0 -2.896845386e-12 -3.717506756e-11)
(0 3.428689455e-12 -2.277198347e-11)
(0 4.890344013e-12 -1.505233925e-11)
(0 4.955830068e-12 -1.062637459e-11)
(0 4.672024468e-12 -7.87923312e-12)
(0 4.331305251e-12 -6.046555774e-12)
(0 4.007613432e-12 -4.751633191e-12)
(0 3.715696366e-12 -3.796717876e-12)
(0 3.45581533e-12 -3.070235474e-12)
(0 3.225443345e-12 -2.504584427e-12)
(0 3.021938418e-12 -2.056129282e-12)
(0 2.842962302e-12 -1.695199873e-12)
(0 2.68644593e-12 -1.400783355e-12)
(0 2.550523302e-12 -1.157524475e-12)
(0 2.433500348e-12 -9.539234222e-13)
(0 2.333849813e-12 -7.81191205e-13)
(0 2.250216723e-12 -6.324870108e-13)
(0 2.181425118e-12 -5.023892934e-13)
(0 2.126482287e-12 -3.865162899e-13)
(0 2.084579925e-12 -2.812452463e-13)
(0 2.05509302e-12 -1.834981208e-13)
(0 2.037577603e-12 -9.057215708e-14)
(0 1.015884254e-12 -7.98887775e-25)
(0 1.046463559e-10 -2.277745346e-12)
(0 -2.174419005e-09 -1.657831897e-10)
(0 6.484564413e-09 1.962406017e-10)
(0 -9.814200061e-09 -1.661288068e-10)
(0 1.061513522e-08 1.336082331e-10)
(0 -8.541322949e-09 -1.050784863e-10)
(0 5.967857235e-09 2.838752156e-11)
(0 -3.868191628e-09 -1.204891969e-10)
(0 0.004871054269 -0.0004224738877)
(0 0.005181419904 6.191756737e-05)
(0 0.01013124391 -0.001524940542)
(0 0.007790445902 -0.001880957439)
(0 0.02169326688 -0.006839804063)
(0 0.00812428522 -0.02172803293)
(0 0.004644537239 -0.00123684616)
(0 -8.043157657e-12 -4.433208494e-14)
(0 7.333684388e-12 -4.068452691e-11)
(0 2.553121572e-11 -3.699219446e-11)
(0 1.692199922e-11 -2.067124403e-11)
(0 1.166122473e-11 -1.335402077e-11)
(0 8.717020987e-12 -9.4460695e-12)
(0 6.990383162e-12 -7.04922095e-12)
(0 5.886583697e-12 -5.432205606e-12)
(0 5.116638542e-12 -4.272533397e-12)
(0 4.540371969e-12 -3.407847115e-12)
(0 4.087123266e-12 -2.746210935e-12)
(0 3.719059724e-12 -2.230425112e-12)
(0 3.4143644e-12 -1.822352796e-12)
(0 3.159404976e-12 -1.495312799e-12)
(0 2.944987883e-12 -1.230010573e-12)
(0 2.764506074e-12 -1.012161884e-12)
(0 2.612984845e-12 -8.310002714e-13)
(0 2.486564677e-12 -6.782857246e-13)
(0 2.382203483e-12 -5.47618638e-13)
(0 2.297493629e-12 -4.339503079e-13)
(0 2.2305424e-12 -3.332250111e-13)
(0 2.179890178e-12 -2.421122923e-13)
(0 2.144453089e-12 -1.578017037e-13)
(0 2.123483018e-12 -7.784050363e-14)
(0 1.058270596e-12 -1.054957052e-24)
(0 1.055112849e-10 -4.547862557e-12)
(0 -2.184099827e-09 -1.767316241e-10)
(0 6.46146359e-09 2.515495564e-10)
(0 -9.846600259e-09 -1.878511749e-10)
(0 1.06466492e-08 1.977257429e-10)
(0 -8.58481291e-09 -1.399015724e-10)
(0 6.03196279e-09 1.49390883e-11)
(0 -3.904411787e-09 -1.508830838e-10)
(0 -0.003046217547 -0.0008031707758)
(0 -0.004252074277 0.0008116063839)
(0 -0.006037124162 -0.001443167564)
(0 -0.01093158986 0.0082859392)
(0 -0.02943347937 0.00263219638)
(0 -0.02239861438 0.0673045742)
(0 -0.1892216981 0.01572817763)
(0 0.01309164647 -0.04687746437)
(0 0.0001202651823 7.52822406e-05)
(0 1.707910472e-11 -9.369065906e-12)
(0 2.706686315e-11 -9.566813208e-12)
(0 1.611551854e-11 -8.246431035e-12)
(0 1.126062989e-11 -6.754660581e-12)
(0 8.685888362e-12 -5.439376403e-12)
(0 7.107992803e-12 -4.360512531e-12)
(0 6.031971923e-12 -3.498447768e-12)
(0 5.242018828e-12 -2.815926695e-12)
(0 4.633237334e-12 -2.276336777e-12)
(0 4.149301485e-12 -1.848553144e-12)
(0 3.757050731e-12 -1.507544859e-12)
(0 3.435304524e-12 -1.233688799e-12)
(0 3.169596845e-12 -1.011785068e-12)
(0 2.949533604e-12 -8.301129951e-13)
(0 2.767376508e-12 -6.796307782e-13)
(0 2.617231446e-12 -5.533334248e-13)
(0 2.49455214e-12 -4.4575204e-13)
(0 2.395818745e-12 -3.525687001e-13)
(0 2.318320303e-12 -2.703214488e-13)
(0 2.260003233e-12 -1.961773992e-13)
(0 2.219364809e-12 -1.277559955e-13)
(0 2.195379307e-12 -6.298816284e-14)
(0 1.093724758e-12 -1.500624384e-24)
(0 1.067986579e-10 -6.912070001e-12)
(0 -2.205173926e-09 -8.222903408e-11)
(0 6.39788798e-09 3.747572193e-10)
(0 -9.866181553e-09 -1.52826894e-10)
(0 1.06717215e-08 2.934071141e-10)
(0 -8.690420702e-09 -1.281193051e-10)
(0 6.068612442e-09 2.542811006e-11)
(0 -3.960434761e-09 -1.739801554e-10)
(0 0.004864885711 -0.0004732426527)
(0 0.004480065807 0.003063929047)
(0 0.01776065904 0.001708908934)
(0 0.009892062318 0.0139811771)
(0 0.08061693882 0.01016221072)
(0 0.03180360667 0.07844589185)
(0 0.415012421 0.02816200219)
(0 0.02433834459 -0.1659165602)
(0 4.582188461e-06 0.0220293902)
(0 9.933696397e-12 1.194629892e-11)
(0 1.804465337e-11 1.96120983e-14)
(0 1.447337736e-11 -3.310229934e-12)
(0 1.152407562e-11 -3.886763875e-12)
(0 9.384531212e-12 -3.593111727e-12)
(0 7.827512332e-12 -3.07202074e-12)
(0 6.661224377e-12 -2.544818626e-12)
(0 5.76248296e-12 -2.08107528e-12)
(0 5.054496817e-12 -1.694656577e-12)
(0 4.487851642e-12 -1.379906124e-12)
(0 4.029228744e-12 -1.125584987e-12)
(0 3.655164767e-12 -9.201127309e-13)
(0 3.348563687e-12 -7.533281295e-13)
(0 3.096660364e-12 -6.16874447e-13)
(0 2.889764416e-12 -5.040765829e-13)
(0 2.720443415e-12 -4.096652693e-13)
(0 2.582968207e-12 -3.294874535e-13)
(0 2.47292422e-12 -2.602510085e-13)
(0 2.386933701e-12 -1.993146535e-13)
(0 2.322455632e-12 -1.445198088e-13)
(0 2.277642325e-12 -9.405665528e-14)
(0 2.251239014e-12 -4.635608293e-14)
(0 1.121258759e-12 -1.262933489e-24)
(0 1.083765637e-10 -6.071864592e-12)
(0 -2.240708031e-09 7.377825341e-11)
(0 6.245739486e-09 4.22172835e-10)
(0 -9.919637584e-09 -1.911829721e-10)
(0 1.069942523e-08 2.79760878e-10)
(0 -8.800484909e-09 -1.78544732e-10)
(0 6.105864652e-09 2.743876204e-12)
(0 -4.024323196e-09 -1.943489486e-10)
(0 -0.0004527991577 -0.001670571606)
(0 -0.002021054158 -0.006055695041)
(0 0.005136987163 -0.0112162289)
(0 -0.001504596268 -0.03419729213)
(0 0.03968976493 -0.03584630407)
(0 0.01592536512 -0.1914589401)
(0 0.2732250088 -0.05459344526)
(0 -0.02221502236 0.4360538142)
(0 -5.08463198e-06 0.002571984708)
(0 5.490560107e-12 5.095210417e-12)
(0 1.181572957e-11 1.014645231e-12)
(0 1.220914257e-11 -1.127336862e-12)
(0 1.097774809e-11 -1.889053352e-12)
(0 9.500631497e-12 -1.974285863e-12)
(0 8.156285904e-12 -1.789640182e-12)
(0 7.022917382e-12 -1.527730785e-12)
(0 6.092180878e-12 -1.268899208e-12)
(0 5.33440649e-12 -1.041308047e-12)
(0 4.718373074e-12 -8.508296483e-13)
(0 4.216844124e-12 -6.947760169e-13)
(0 3.807561382e-12 -5.678487155e-13)
(0 3.472835129e-12 -4.645399264e-13)
(0 3.19878515e-12 -3.799797015e-13)
(0 2.974585686e-12 -3.101354373e-13)
(0 2.791820576e-12 -2.517632022e-13)
(0 2.6439664e-12 -2.022810811e-13)
(0 2.525991545e-12 -1.596328313e-13)
(0 2.434051502e-12 -1.221659971e-13)
(0 2.365261231e-12 -8.853024003e-14)
(0 2.317528534e-12 -5.759451728e-14)
(0 2.289435962e-12 -2.837936492e-14)
(0 1.140080841e-12 -3.797829792e-25)
(0 1.096179655e-10 -3.008746624e-12)
(0 -2.260999171e-09 1.21205556e-10)
(0 6.258470731e-09 4.085142166e-10)
(0 -9.829354403e-09 -2.839447052e-10)
(0 1.085339788e-08 1.68773972e-10)
(0 -8.790399983e-09 -2.298484e-10)
(0 6.239696631e-09 -4.91333675e-11)
(0 -4.056025645e-09 -2.085988677e-10)
(0 -0.002848327275 -2.750577071e-05)
(0 -0.005128533944 -0.002353283044)
(0 -0.01055870119 -0.003111978613)
(0 -0.01588078078 -0.01741965252)
(0 -0.0738495711 -0.01950720188)
(0 -0.04411937425 -0.1216621712)
(0 -0.4979395373 -0.001880072275)
(0 -6.265502145e-11 6.673598205e-14)
(0 -5.641628294e-11 -6.296423489e-12)
(0 1.207656016e-11 -3.317175664e-13)
(0 1.182274411e-11 7.164577466e-14)
(0 1.156967878e-11 -3.247030292e-13)
(0 1.067712662e-11 -5.678180123e-13)
(0 9.483944382e-12 -6.253245049e-13)
(0 8.27406741e-12 -5.845051271e-13)
(0 7.181965351e-12 -5.075429992e-13)
(0 6.248905697e-12 -4.254571586e-13)
(0 5.472566377e-12 -3.508181797e-13)
(0 4.834383673e-12 -2.872972712e-13)
(0 4.312209677e-12 -2.348075814e-13)
(0 3.885400858e-12 -1.919317183e-13)
(0 3.536432702e-12 -1.569681058e-13)
(0 3.251064853e-12 -1.283341456e-13)
(0 3.017980915e-12 -1.046884036e-13)
(0 2.828297771e-12 -8.493891609e-14)
(0 2.675098578e-12 -6.821120798e-14)
(0 2.553039304e-12 -5.380673835e-14)
(0 2.458036292e-12 -4.116344892e-14)
(0 2.387027111e-12 -2.982194878e-14)
(0 2.3377932e-12 -1.939756854e-14)
(0 2.308833531e-12 -9.557283074e-15)
(0 1.149638124e-12 5.262704526e-26)
(0 1.10778667e-10 -7.361728617e-13)
(0 -2.260476482e-09 7.469134256e-11)
(0 7.149494353e-09 2.053656791e-10)
(0 -9.462305573e-09 -1.489947072e-10)
(0 1.138497783e-08 6.061487628e-11)
(0 -8.480290096e-09 -1.04048933e-10)
(0 6.518533739e-09 -4.041870242e-11)
(0 -4.031128131e-09 -1.16983962e-10)
)
;

boundaryField
{
    lowerWall
    {
        type            slip;
    }
    atmosphere
    {
        type            pressureInletOutletVelocity;
        tangentialVelocity uniform (0 0 0);
        value           nonuniform List<vector> 
80
(
(0 0.2275063835 0)
(0 0.2350239437 0)
(0 0.2428505286 0)
(0 0.2604512575 0)
(0 0.2572994169 0)
(0 0.263136942 0)
(0 0.1972543299 0)
(0 0.09668690224 0)
(0 -0.1474544993 -0.2190525158)
(0 -0.5414423417 -0.3001077085)
(0 -1.298248274 0.05991224548)
(0 -0.8880821011 0.2712242899)
(0 0.1975600198 0)
(0 0.450854845 0)
(0 0.2867600031 0)
(0 0.1576842424 0)
(0 0.1129737507 0)
(0 0.02976764139 0)
(0 0.01599199308 0)
(0 -0.01016006008 -0.007730191883)
(0 -0.01297928337 -0.002441185577)
(0 -0.01775559407 -0.001254167968)
(0 -0.01634316558 0.0002967377225)
(0 -0.0153904767 0.0006131088756)
(0 -0.01333658792 0.0009436953435)
(0 -0.01137919551 0.0009369539276)
(0 -0.009525238175 0.0008795477883)
(0 -0.007896716477 0.0007865445507)
(0 -0.006529242773 0.0006729208423)
(0 -0.005358868305 0.0005564763221)
(0 -0.004375847786 0.0004611415999)
(0 -0.003565871205 0.0003770140826)
(0 -0.002900617435 0.0003077745608)
(0 -0.002357306477 0.0002507130609)
(0 -0.001914437027 0.0002040794273)
(0 -0.001554051533 0.0001662334025)
(0 -0.001261429138 0.0001355018989)
(0 -0.001023828577 0.0001105143922)
(0 -0.0008310127937 9.012863258e-05)
(0 -0.0006742693871 7.333110761e-05)
(0 -0.0005468821212 5.97079548e-05)
(0 -0.0004436566802 4.878800185e-05)
(0 -0.0003602826073 3.980357788e-05)
(0 -0.0002927076998 3.242180313e-05)
(0 -0.0002377836285 2.636772714e-05)
(0 -0.0001932752945 2.146307172e-05)
(0 -0.0001571269576 1.755027074e-05)
(0 -0.0001278026151 1.444245147e-05)
(0 -0.0001040738644 1.202229624e-05)
(0 -8.4962354e-05 1.021571494e-05)
(0 -7.011150418e-05 8.927670854e-06)
(0 -5.891947495e-05 7.642573571e-06)
(0 -5.375483689e-05 6.518988054e-06)
(0 -4.849777762e-05 1.823273874e-06)
(0 -3.252126098e-05 -7.361957506e-07)
(0 -2.48903062e-05 1.030629853e-06)
(0 -2.060798787e-05 1.212988255e-06)
(0 -1.635057249e-05 4.23373614e-06)
(0 -9.32336176e-06 6.909814021e-06)
(0 -1.622326387e-05 1.895455809e-05)
(0 -7.006823531e-05 1.97405441e-05)
(0 -8.753316149e-05 1.327863259e-06)
(0 -9.421499886e-05 -7.296742228e-06)
(0 -0.0001063360592 -1.841326645e-05)
(0 -0.0001208558993 -2.677517277e-05)
(0 -0.0001356476167 -4.092915589e-05)
(0 -0.0001877418734 -1.885693245e-05)
(0 -5.855761837e-05 -8.966108051e-05)
(0 -0.0004195171332 5.990294497e-05)
(0 0.0002196802958 0)
(0 -0.0009626045588 0.0001826334757)
(0 0.0009664747615 0)
(0 -0.001749730567 0.0003341980098)
(0 0.002481758748 0)
(0 -0.002685031838 0.0002362822847)
(0 0.004871054269 0)
(0 -0.003046217547 -0.0008031707758)
(0 0.004864885711 0)
(0 -0.0004527991577 -0.001670571606)
(0 -0.002848327275 -2.750577071e-05)
)
;
    }
    rightWall
    {
        type            empty;
    }
    leftWall
    {
        type            empty;
    }
    frontAndBack
    {
        type            slip;
    }
}


// ************************************************************************* //
