/*--------------------------------*- C++ -*----------------------------------*\
| =========                 |                                                 |
| \\      /  F ield         | OpenFOAM: The Open Source CFD Toolbox           |
|  \\    /   O peration     | Version:  2506                                  |
|   \\  /    A nd           | Website:  www.openfoam.com                      |
|    \\/     M anipulation  |                                                 |
\*---------------------------------------------------------------------------*/
FoamFile
{
    version     2.0;
    format      ascii;
    arch        "LSB;label=32;scalar=64";
    class       surfaceScalarField;
    location    "0.002";
    object      phi;
}
// * * * * * * * * * * * * * * * * * * * * * * * * * * * * * * * * * * * * * //

dimensions      [0 3 -1 0 0 0 0];

oriented        oriented;

internalField   nonuniform List<scalar> 
6280
(
-1.433163743e-09
-2.154721694e-10
-1.117828079e-09
-3.153331214e-10
-8.062127915e-10
-3.116044881e-10
-5.383852408e-10
-2.678095632e-10
-3.840065283e-10
-1.543546544e-10
-1.852905943e-10
-1.986865031e-10
-3.478709928e-12
-1.817786144e-10
-2.086789204e-14
-3.423191141e-12
-1.737416364e-19
-8.744313539e-24
-1.633414402e-19
-1.040019623e-20
-1.446719256e-19
-1.86696266e-20
-1.209046683e-19
-2.376760892e-20
-9.509932929e-20
-2.580600171e-20
-6.957446803e-20
-2.552570137e-20
-4.578468895e-20
-2.379047997e-20
-2.446758204e-20
-2.131855222e-20
-5.862279964e-21
-1.860745959e-20
1.009265472e-20
-1.595684982e-20
2.361351115e-20
-1.352221247e-20
3.497848534e-20
-1.13663231e-20
4.447463561e-20
-9.497971234e-21
5.237041812e-20
-7.897928369e-21
5.890320489e-20
-6.53486095e-21
6.427561034e-20
-5.374161827e-21
6.865654008e-20
-4.382330716e-21
7.218423206e-20
-3.528825353e-21
7.496981024e-20
-2.786572666e-21
7.710067059e-20
-2.13181061e-21
7.864338061e-20
-1.543627149e-21
7.964595533e-20
-1.003387863e-21
8.013949216e-20
-4.941386915e-22
8.014056647e-20
-2.212955366e-32
1.136998881e-19
-3.355858972e-20
2.095472689e-18
-1.988790345e-18
3.205440398e-18
-1.11598862e-18
3.568698388e-18
-3.689916813e-19
4.246639983e-18
-6.836326892e-19
3.460909189e-18
7.800461272e-19
2.398466147e-18
1.056759346e-18
2.392783699e-18
-1.530298975e-09
-4.989636105e-10
-1.116826373e-09
-7.28786095e-10
-7.257680333e-10
-7.02630452e-10
-4.400984666e-10
-5.534361434e-10
-3.314360645e-10
-2.629658827e-10
-1.877429199e-10
-3.423222223e-10
-1.456073851e-11
-3.548995437e-10
-4.936876006e-15
-1.793184106e-11
-1.841313873e-19
-1.576000863e-23
-1.716108624e-19
-2.292101643e-20
-1.497699079e-19
-4.051127969e-20
-1.229430611e-19
-5.059553733e-20
-9.481902896e-20
-5.393158838e-20
-6.783924663e-20
-5.250786735e-20
-4.33127612e-20
-4.831930352e-20
-2.175648941e-20
-4.287728399e-20
-3.2116702e-21
-3.715484098e-20
1.252729207e-20
-3.169844178e-20
2.576940052e-20
-2.67672042e-20
3.684683722e-20
-2.244700193e-20
4.607467847e-20
-1.872928133e-20
5.373348554e-20
-1.556009287e-20
6.006390401e-20
-1.286825367e-20
6.526744145e-20
-1.058022007e-20
6.951004544e-20
-8.627076302e-21
7.292648474e-20
-6.947150163e-21
7.56245723e-20
-5.486385274e-21
7.768885405e-20
-4.197668933e-21
7.918361989e-20
-3.039734866e-21
8.01552045e-20
-1.97593672e-21
8.063363085e-20
-9.730258697e-22
8.063191175e-20
-3.040466053e-32
6.243024166e-20
-2.237032415e-20
-8.151538733e-20
-1.856482858e-18
6.942513601e-19
-1.902192805e-18
5.181575967e-19
-2.031021442e-19
6.519551854e-19
-8.276067398e-19
6.511558058e-19
7.706726818e-19
3.572737309e-19
1.340470193e-18
2.745569697e-18
-1.752461924e-09
-9.583306444e-10
-1.07077988e-09
-1.410453075e-09
-5.127850078e-10
-1.260602076e-09
-3.16871032e-10
-7.493213057e-10
-3.433220955e-10
-2.364834005e-10
-2.530835032e-10
-4.325293695e-10
-6.292770554e-12
-6.016626538e-10
7.517839901e-15
-2.421773156e-11
-2.070429242e-19
-3.454361872e-23
-1.892010418e-19
-4.076315408e-20
-1.598541656e-19
-6.985885146e-20
-1.262791122e-19
-8.417163936e-20
-9.339530793e-20
-8.681671745e-20
-6.36506828e-20
-8.225392493e-20
-3.787074167e-20
-7.409996541e-20
-1.603404639e-20
-6.471536248e-20
2.244728999e-21
-5.543595286e-20
1.745852964e-20
-4.691493347e-20
3.008960279e-20
-3.940099279e-20
4.056455782e-20
-3.292472482e-20
4.924386693e-20
-2.741142942e-20
5.642532474e-20
-2.274430339e-20
6.235193761e-20
-1.879738455e-20
6.722058522e-20
-1.545112236e-20
7.118997158e-20
-1.25984874e-20
7.438724963e-20
-1.014625847e-20
7.691328864e-20
-8.01407787e-21
7.884678812e-20
-6.132625901e-21
8.024741804e-20
-4.441556112e-21
8.115811535e-20
-2.887462916e-21
8.160665672e-20
-1.421979491e-21
8.160136743e-20
-4.001851077e-32
5.672256381e-20
-3.103578951e-21
-9.263232847e-19
-8.83549592e-19
-1.179719682e-18
-1.657864472e-18
-1.190361625e-18
-2.013420308e-19
-1.147667564e-18
-8.791637501e-19
-1.017481315e-18
6.316256477e-19
-5.880886179e-19
9.022179418e-19
2.153110402e-18
-1.966423648e-09
-1.792274237e-09
-7.448129479e-10
-2.632053204e-09
1.234356717e-10
-2.12883562e-09
2.798649563e-10
-9.057336476e-10
-9.563474275e-11
1.390322422e-10
-3.316644657e-10
-1.964876395e-10
-9.924179019e-11
-8.340819203e-10
1.407418488e-14
-1.234835351e-10
-2.47757798e-19
3.255158229e-22
-2.182968955e-19
-7.022431573e-20
-1.741669535e-19
-1.139894484e-19
-1.289241902e-19
-1.294151344e-19
-8.883251541e-20
-1.269099347e-19
-5.549672328e-20
-1.155915561e-19
-2.848613874e-20
-1.01112085e-19
-6.754636774e-21
-8.644915066e-20
1.076574839e-20
-7.295926535e-20
2.497247032e-20
-6.112459407e-20
3.656587076e-20
-5.099706733e-20
4.607785322e-20
-4.243927288e-20
5.391099296e-20
-3.524713327e-20
6.037224358e-20
-2.920807358e-20
6.56981998e-20
-2.412577822e-20
7.007322018e-20
-1.982849456e-20
7.36422005e-20
-1.616969046e-20
7.651943024e-20
-1.302550073e-20
7.879474061e-20
-1.029112717e-20
8.053785791e-20
-7.87717636e-21
8.180151123e-20
-5.706309788e-21
8.262359878e-20
-3.71028934e-21
8.302863621e-20
-1.82737764e-21
8.30274268e-20
-5.15350379e-32
7.086278784e-20
3.65374035e-21
-7.226140228e-19
-1.000062553e-19
-1.154544825e-18
-1.234861458e-18
-1.197190033e-18
-1.674481963e-19
-1.248662785e-18
-8.364252588e-19
-1.129283654e-18
5.035141494e-19
-7.227746196e-19
4.869777425e-19
1.42597657e-18
-2.857761661e-09
-2.721393236e-09
-1.688507354e-09
-3.801300754e-09
-9.017937969e-10
-2.915539673e-09
-4.659821142e-10
-1.341536333e-09
-5.931553211e-10
2.662118009e-10
-7.043380889e-10
-8.530470506e-11
-2.649608595e-11
-1.511935019e-09
1.223316144e-14
-1.500164627e-10
-3.183558012e-19
1.920245481e-20
-2.62061458e-19
-1.26519015e-19
-1.895926395e-19
-1.86459257e-19
-1.264189905e-19
-1.925896104e-19
-7.751413686e-20
-1.758179076e-19
-4.101725215e-20
-1.520910583e-19
-1.38232044e-20
-1.283081329e-19
6.735248544e-21
-1.070100988e-19
2.260041966e-20
-8.882714584e-20
3.509999706e-20
-7.362679515e-20
4.512366522e-20
-6.102309856e-20
5.326999282e-20
-5.058798169e-20
5.995005265e-20
-4.192975498e-20
6.545453894e-20
-3.471521636e-20
6.999548346e-20
-2.866937172e-20
7.373202427e-20
-2.356762271e-20
7.678639024e-20
-1.922649154e-20
7.92538038e-20
-1.549507083e-20
8.120869141e-20
-1.224780461e-20
8.270872448e-20
-9.378610386e-21
8.379753168e-20
-6.796141941e-21
8.450651048e-20
-4.419936093e-21
8.485601385e-20
-2.177195433e-21
8.485715032e-20
-5.974938978e-32
7.964567944e-20
3.485797481e-21
-3.487902819e-19
3.18518116e-19
-6.986720709e-19
-8.938924619e-19
-7.815917376e-19
-9.326664273e-20
-9.269226564e-19
-6.998156321e-19
-8.158027254e-19
3.836747933e-19
-5.620182975e-19
2.24475101e-19
8.596006753e-19
-7.369209746e-09
-2.259468922e-09
-7.872181332e-09
-3.298324382e-09
-7.16958475e-09
-3.618128313e-09
-5.076072373e-09
-3.435042271e-09
-2.924581977e-09
-1.885274272e-09
-2.023140986e-09
-9.867476786e-10
-9.241481038e-10
-2.610941501e-09
4.463510511e-15
-1.074194504e-09
-4.639854627e-19
1.122992693e-19
-3.220029552e-19
-2.685021108e-19
-1.957229929e-19
-3.127407678e-19
-1.096472878e-19
-2.786653192e-19
-5.378728752e-20
-2.316800222e-19
-1.723432671e-20
-1.886459401e-19
7.474829684e-21
-1.530192727e-19
2.49182015e-20
-1.244560387e-19
3.780077036e-20
-1.017120083e-19
4.770369365e-20
-8.353190164e-20
5.555878208e-20
-6.888037605e-20
6.192821953e-20
-5.695982962e-20
6.716459127e-20
-4.716883578e-20
7.150038358e-20
-3.905385187e-20
7.509723248e-20
-3.226903547e-20
7.807315544e-20
-2.654625947e-20
8.051781095e-20
-2.167367687e-20
8.250107002e-20
-1.748055373e-20
8.407788564e-20
-1.382644395e-20
8.529119292e-20
-1.059331673e-20
8.617373753e-20
-7.679686379e-21
8.674925114e-20
-4.996089615e-21
8.703320928e-20
-2.461447706e-21
8.703098097e-20
-6.514490031e-32
8.41662352e-20
9.80354475e-22
-6.032996961e-20
4.531065307e-19
-3.208895722e-19
-6.4224299e-19
-4.146272708e-19
-8.264732921e-21
-6.009564586e-19
-5.222054524e-19
-5.121765262e-19
2.86177731e-19
-3.760845302e-19
7.966719369e-20
4.791593419e-19
-1.609366831e-08
1.142840558e-11
-1.777830323e-08
-1.613684628e-09
-1.682930062e-08
-4.567121192e-09
-1.346480228e-08
-6.799532015e-09
-8.86019113e-09
-6.489876674e-09
-5.143791513e-09
-4.703143283e-09
-8.474123771e-10
-6.907326261e-09
-2.417435439e-16
-1.921612171e-09
-8.450500275e-19
-1.228723632e-18
-3.66240702e-19
-7.473119317e-19
-1.616475442e-19
-5.173327999e-19
-6.266199078e-20
-3.776521512e-19
-1.075320545e-20
-2.835913733e-19
1.839234069e-20
-2.177930273e-19
3.603806372e-20
-1.706665744e-19
4.766223191e-20
-1.360825866e-19
5.598087697e-20
-1.1003298e-19
6.235521924e-20
-8.990836089e-20
6.747932852e-20
-7.400666459e-20
7.171921337e-20
-6.120219403e-20
7.527957518e-20
-5.073200992e-20
7.828519998e-20
-4.206240395e-20
8.082000847e-20
-3.480668977e-20
8.294573805e-20
-2.867468841e-20
8.471093409e-20
-2.344137932e-20
8.615517979e-20
-1.892702006e-20
8.731101286e-20
-1.498412005e-20
8.820482327e-20
-1.148855325e-20
8.885733429e-20
-8.333219682e-21
8.928389305e-20
-5.423301868e-21
8.949465699e-20
-2.672517996e-21
8.949267047e-20
-6.659205277e-32
8.629987471e-20
-1.19831783e-21
9.598306183e-20
4.335174217e-19
-1.02313005e-19
-4.528554831e-19
-1.765288866e-19
5.721688746e-20
-3.544798729e-19
-3.529719555e-19
-2.937891938e-19
2.167714441e-19
-2.348376896e-19
1.200129601e-20
2.399656732e-19
-1.86987158e-08
2.016019628e-09
-1.984112306e-08
-4.712694531e-10
-1.960298707e-08
-4.805241895e-09
-1.838013442e-08
-8.022373276e-09
-1.636408593e-08
-8.505911921e-09
-1.442307835e-08
-6.64413514e-09
-6.478202328e-09
-1.485219033e-08
-8.072342756e-19
-8.399809724e-09
-3.637122413e-19
-1.672245667e-18
-1.362618134e-19
-9.747654237e-19
-2.196689551e-20
-6.316275722e-19
3.139878713e-20
-4.310182079e-19
5.504514049e-20
-3.072387735e-19
6.551879364e-20
-2.282679608e-19
7.062205149e-20
-1.757720796e-19
7.371183857e-20
-1.391747552e-19
7.610549604e-20
-1.124292052e-19
7.825691555e-20
-9.206230991e-20
8.028379908e-20
-7.60360676e-20
8.218939748e-20
-6.311046727e-20
8.394918116e-20
-5.249470746e-20
8.554091416e-20
-4.365710849e-20
8.695200983e-20
-3.622062321e-20
8.817904714e-20
-2.990437568e-20
8.922529336e-20
-2.449007413e-20
9.00980798e-20
-1.980199537e-20
9.080657966e-20
-1.569446932e-20
9.136015684e-20
-1.204358981e-20
9.176725211e-20
-8.741377984e-21
9.203467692e-20
-5.69141256e-21
9.216717498e-20
-2.805351663e-21
9.216611821e-20
-6.462711943e-32
8.815348009e-20
-2.554847096e-21
1.586405384e-19
3.531263401e-19
7.3132183e-21
-3.104351304e-19
-3.985799202e-20
9.565545431e-20
-1.881074154e-19
-2.134383838e-19
-1.497667017e-19
1.697167694e-19
-1.360974953e-19
-1.03806619e-20
9.951312722e-20
-8.274125382e-09
2.817675332e-09
-1.010250242e-08
1.357119604e-09
-1.141328297e-08
-3.494441278e-09
-1.299910685e-08
-6.436537891e-09
-1.418244927e-08
-7.322556588e-09
-1.331558145e-08
-7.510981359e-09
-1.229169344e-08
-1.587605806e-08
-3.817493724e-09
-1.687400948e-08
3.470624728e-19
-3.817493767e-09
2.06879524e-19
-8.345812362e-19
1.786424688e-19
-6.033902458e-19
1.551782215e-19
-4.075553682e-19
1.340159532e-19
-2.860776217e-19
1.180146748e-19
-2.122676655e-19
1.072193759e-19
-1.649793479e-19
1.004573885e-19
-1.324153201e-19
9.647239136e-20
-1.084467348e-19
9.428315785e-20
-8.987571501e-20
9.320939941e-20
-7.496498587e-20
9.280515729e-20
-6.27089873e-20
9.278678013e-20
-5.247928473e-20
9.297739944e-20
-4.385073412e-20
9.326825735e-20
-3.651435026e-20
9.35933487e-20
-3.023213173e-20
9.391337211e-20
-2.481254708e-20
9.420560585e-20
-2.009642346e-20
9.445745918e-20
-1.594819583e-20
9.466236866e-20
-1.224999908e-20
9.481721753e-20
-8.897334513e-21
9.492073781e-20
-5.795654318e-21
9.497252665e-20
-2.857503774e-21
9.497026049e-20
-6.359278865e-32
9.029794614e-20
-3.253404662e-21
1.735438777e-19
2.599784836e-19
5.959432216e-20
-2.053906731e-19
3.247413688e-20
1.140448165e-19
-8.222038906e-20
-1.074578773e-19
-5.993878774e-20
1.387230467e-19
-6.968853948e-20
-9.341821999e-21
2.547056607e-20
4.362058541e-09
2.274228948e-09
3.841496154e-09
1.877694461e-09
2.26878439e-09
-1.921713089e-09
1.07699228e-09
-5.244744e-09
-4.246155458e-10
-5.820943879e-09
-1.473788947e-09
-6.461796537e-09
-2.379394248e-09
-1.497044038e-08
-3.887044851e-09
-1.53663588e-08
-1.356259928e-10
-7.568912687e-09
4.382489538e-19
-1.356259701e-10
3.744774795e-19
-5.39618412e-19
2.76655968e-19
-3.097339206e-19
2.078259094e-19
-2.172484864e-19
1.653029924e-19
-1.697458405e-19
1.397834037e-19
-1.394617362e-19
1.244259738e-19
-1.170602327e-19
1.150434112e-19
-9.90666266e-20
1.09193887e-19
-8.402891058e-20
1.05465398e-19
-7.123927244e-20
1.030348599e-19
-6.02812571e-20
1.014153307e-19
-5.086272391e-20
1.003137833e-19
-4.275222257e-20
9.955047588e-20
-3.575397198e-20
9.901293334e-20
-2.969732665e-20
9.862949573e-20
-2.443162707e-20
9.835383348e-20
-1.982301717e-20
9.815565593e-20
-1.575195165e-20
9.801503323e-20
-1.211093542e-20
9.791889772e-20
-8.802358906e-21
9.785888836e-20
-5.73640549e-21
9.783003042e-20
-2.829031295e-21
9.783230541e-20
-5.481822011e-32
9.262877397e-20
-3.421078044e-21
1.650551946e-19
1.776524404e-19
7.897316626e-20
-1.282115978e-19
6.470392343e-20
1.195852825e-19
-1.917930196e-20
-3.228663409e-20
-7.670645645e-21
1.185043031e-19
-2.754689829e-20
1.825554384e-21
-6.429233746e-21
8.931542621e-09
1.00429402e-09
9.94518896e-09
8.640527884e-10
9.250705037e-09
-1.227229156e-09
7.277662401e-09
-3.271713487e-09
4.293011381e-09
-2.836297769e-09
2.65889818e-09
-4.827668866e-09
4.055417658e-10
-1.271706978e-08
-6.546453244e-09
-8.414361329e-09
-4.275720022e-09
-9.83964573e-09
3.159028143e-17
-4.411345981e-09
6.043286586e-19
1.155360663e-20
3.691409069e-19
-7.454632331e-20
2.553285553e-19
-1.034371825e-19
1.955870967e-19
-1.100063589e-19
1.621849072e-19
-1.060618405e-19
1.424195799e-19
-9.729730738e-20
1.300811272e-19
-8.673062523e-20
1.219835251e-19
-7.593410505e-20
1.164234133e-19
-6.5681995e-20
1.12453393e-19
-5.631406909e-20
1.095258321e-19
-4.793811662e-20
1.073120339e-19
-4.054144008e-20
1.056071212e-19
-3.405199468e-20
1.042786329e-19
-2.837160992e-20
1.032381056e-19
-2.339366667e-20
1.02424899e-19
-1.901212314e-20
1.017966722e-19
-1.512571924e-20
1.013236097e-19
-1.16394928e-20
1.009848511e-19
-8.464813153e-21
1.007662626e-19
-5.518617739e-21
1.006590617e-19
-2.722235975e-21
1.006579544e-19
-4.612932264e-32
9.502883124e-20
-3.160395723e-21
1.459903155e-19
1.167938661e-19
7.953771886e-20
-7.065963152e-20
7.333134167e-20
1.17065128e-19
1.511007893e-20
1.722488335e-20
1.999234568e-20
1.049141741e-19
-2.793150838e-21
1.59043974e-20
-1.357408397e-20
9.324629301e-09
1.883302687e-10
1.043528499e-08
-2.466037244e-10
1.079192588e-08
-1.58389196e-09
1.053076734e-08
-3.010581904e-09
1.11713932e-08
-3.476932783e-09
1.020226824e-08
-3.858513193e-09
3.873061361e-09
-6.387848099e-09
-8.059435762e-09
3.518155903e-09
-6.343824382e-09
-1.155525703e-08
9.258307295e-17
-1.075517043e-08
5.17143176e-19
3.196467162e-19
3.402494782e-19
1.023472972e-19
2.487593789e-19
-1.194802861e-20
1.995316151e-19
-6.078025219e-20
1.709494403e-19
-7.748181187e-20
1.529862621e-19
-7.933643497e-20
1.408776473e-19
-7.462438063e-20
1.322356352e-19
-6.729490464e-20
1.257913392e-19
-5.924056972e-20
1.208293455e-19
-5.135496857e-20
1.169225086e-19
-4.403427055e-20
1.138014793e-19
-3.742342831e-20
1.11287506e-19
-3.154094967e-20
1.092565762e-19
-2.634345345e-20
1.076196492e-19
-2.175932092e-20
1.063113029e-19
-1.770611703e-20
1.052828986e-19
-1.409934919e-20
1.044982894e-19
-1.085655013e-20
1.039310466e-19
-7.898828036e-21
1.035626443e-19
-5.151052587e-21
1.033812977e-19
-2.541314029e-21
1.03381033e-19
-3.600061405e-32
9.740881283e-20
-2.556226341e-21
1.250088352e-19
7.929951882e-20
7.208395525e-20
-2.663289816e-20
7.039525605e-20
1.100297284e-19
3.163630165e-20
4.727652427e-20
3.250756247e-20
9.533747649e-20
1.031954411e-20
2.938818123e-20
-7.604944951e-21
8.745490497e-09
-2.178709389e-10
9.433952016e-09
-9.350712751e-10
9.881813843e-09
-2.031779175e-09
9.967336638e-09
-3.096124085e-09
9.96648215e-09
-3.47606149e-09
1.03964382e-08
-4.288412967e-09
6.74547304e-09
-2.736829967e-09
-3.778713931e-09
1.404235406e-08
-5.165948209e-09
-1.016802316e-08
-1.469684085e-17
-1.592111781e-08
2.972412189e-19
6.592589681e-19
2.259549969e-19
1.73633037e-19
1.999271553e-19
1.407887184e-20
1.828300554e-19
-4.368457947e-20
1.690948172e-19
-6.37485893e-20
1.576983164e-19
-6.794215728e-20
1.482071233e-19
-6.513552282e-20
1.402899701e-19
-5.938059072e-20
1.336769404e-19
-5.263052528e-20
1.281500435e-19
-4.583116623e-20
1.235333509e-19
-3.942077801e-20
1.196839579e-19
-3.357721233e-20
1.164850022e-19
-2.834502546e-20
1.138407087e-19
-2.370199523e-20
1.116728531e-19
-1.959408491e-20
1.099180707e-19
-1.595370604e-20
1.085256977e-19
-1.270904464e-20
1.074560115e-19
-9.788569269e-21
1.06678822e-19
-7.122934772e-21
1.061723829e-19
-4.645482217e-21
1.059226117e-19
-2.291985421e-21
1.059237862e-19
-2.104798601e-32
9.968551746e-20
-1.686026025e-21
1.076202985e-19
6.147338573e-20
6.431021763e-20
7.78172958e-21
6.408872861e-20
1.015298018e-19
3.862355958e-20
6.403703003e-20
3.669529077e-20
8.856293598e-20
1.63475787e-20
4.10342703e-20
4.393621929e-21
7.89556539e-09
-4.323077136e-10
8.347738502e-09
-1.387255761e-09
8.772744148e-09
-2.456794788e-09
8.990932679e-09
-3.314305583e-09
9.16632145e-09
-3.651407252e-09
7.985142861e-09
-3.10719742e-09
6.115855015e-09
-8.67515581e-10
6.548500115e-09
1.360971116e-08
1.839937906e-09
-5.459476513e-09
-1.304568888e-17
-1.408122044e-08
-1.914794925e-19
-2.629108397e-19
6.64011261e-20
-8.424815316e-20
1.42163704e-19
-6.168473407e-20
1.627660456e-19
-6.428823092e-20
1.649012493e-19
-6.58857547e-20
1.605049509e-19
-6.354799188e-20
1.539620554e-19
-5.859503249e-20
1.470400355e-19
-5.246144624e-20
1.404762994e-19
-4.606987377e-20
1.345604318e-19
-3.991853228e-20
1.293769165e-19
-3.424059126e-20
1.249161448e-19
-2.911972052e-20
1.211280324e-19
-2.456002375e-20
1.17948619e-19
-2.052547447e-20
1.153132319e-19
-1.69613585e-20
1.131627321e-19
-1.380561166e-20
1.11446173e-19
-1.099458854e-20
1.10121646e-19
-8.465783891e-21
1.091562746e-19
-6.158894817e-21
1.085258797e-19
-4.015984574e-21
1.082145971e-19
-1.981161335e-21
1.082134221e-19
-1.123593316e-32
1.018519126e-19
-6.874306144e-22
9.639683466e-20
5.704034362e-20
6.04561103e-20
3.482977244e-20
5.911348082e-20
9.415380663e-20
4.146486959e-20
7.298378331e-20
3.69972671e-20
8.43305357e-20
1.843953557e-20
5.089317625e-20
1.848563823e-20
6.948528229e-09
-5.988120645e-10
7.427556813e-09
-1.866291503e-09
8.178320793e-09
-3.207544162e-09
9.336327681e-09
-4.472287931e-09
1.08125831e-08
-5.127614216e-09
1.039620507e-08
-2.690795145e-09
9.023921306e-09
5.047788543e-10
1.258430237e-08
1.004938318e-08
6.39516119e-09
7.298654518e-10
-6.048385481e-18
-7.686038887e-09
-1.531638738e-20
-4.796320733e-19
8.896447988e-20
-1.885294675e-19
1.395602071e-19
-1.122814451e-19
1.611685218e-19
-8.589786421e-20
1.672390121e-19
-7.195833332e-20
1.654579103e-19
-6.176883878e-20
1.600956417e-19
-5.323507076e-20
1.53431608e-19
-4.580010034e-20
1.466276409e-19
-3.926892728e-20
1.402383728e-19
-3.353254897e-20
1.344977873e-19
-2.850340579e-20
1.294758416e-19
-2.410111179e-20
1.251625817e-19
-2.024991844e-20
1.21512735e-19
-1.687855576e-20
1.184689788e-19
-1.392029413e-20
1.159737553e-19
-1.131282499e-20
1.139749777e-19
-8.997947681e-21
1.12428535e-19
-6.921117444e-21
1.112991848e-19
-5.030908026e-21
1.105607029e-19
-3.278424724e-21
1.101957585e-19
-1.6166879e-21
1.101936925e-19
-2.960852419e-33
1.037490979e-19
3.945802908e-22
9.121894965e-20
5.968575834e-20
6.134127141e-20
5.581784374e-20
5.711328813e-20
8.966616148e-20
4.305329403e-20
7.834490123e-20
3.595802362e-20
8.27287843e-20
1.860090017e-20
5.955445309e-20
3.274060656e-20
5.691982531e-09
-7.3037596e-10
6.152760249e-09
-2.327054755e-09
7.211589314e-09
-4.266330474e-09
9.445449455e-09
-6.706101309e-09
1.280251992e-08
-8.484650921e-09
1.517415693e-08
-5.062418881e-09
1.435436633e-08
1.324549083e-09
1.639724831e-08
8.006401745e-09
5.362845201e-09
1.176429382e-08
2.000618513e-18
-2.323185821e-09
2.747049653e-19
2.409436041e-19
1.652124975e-19
-7.903742875e-20
1.65943788e-19
-1.130138063e-19
1.751080527e-19
-9.506346701e-20
1.774285066e-19
-7.428087196e-20
1.739916783e-19
-5.833382777e-20
1.675306121e-19
-4.677634866e-20
1.599627811e-19
-3.823506933e-20
1.523640192e-19
-3.167334759e-20
1.452675159e-19
-2.643949642e-20
1.389000813e-19
-2.213949625e-20
1.333270349e-19
-1.853148233e-20
1.285339444e-19
-1.546003291e-20
1.244709966e-19
-1.281857247e-20
1.210764479e-19
-1.052847023e-20
1.182886326e-19
-8.527480914e-21
1.160518079e-19
-6.763295113e-21
1.143187445e-19
-5.18986324e-21
1.130516681e-19
-3.765222738e-21
1.122224397e-19
-2.450137587e-21
1.118124464e-19
-1.20717295e-21
1.118133121e-19
1.012640502e-32
1.053711013e-19
1.476560426e-21
9.030412504e-20
6.487156371e-20
6.531963686e-20
7.191593957e-20
5.757007432e-20
8.870322444e-20
4.440645133e-20
8.281278069e-20
3.47365835e-20
8.370476805e-20
1.795748848e-20
6.764084701e-20
4.635382978e-20
4.053131527e-09
-7.61218355e-10
4.254604424e-09
-2.52849204e-09
5.144602018e-09
-5.15629161e-09
7.221020186e-09
-8.782496388e-09
1.184028434e-08
-1.310390396e-08
1.649952478e-08
-9.721634056e-09
1.977959045e-08
-1.955432446e-09
2.456769206e-08
3.218237039e-09
5.666798776e-09
3.06651153e-08
8.06370899e-18
3.343612992e-09
-4.576420733e-20
-3.475891956e-19
1.312360998e-19
-2.560382411e-19
1.838941273e-19
-1.656728368e-19
1.958906477e-19
-1.070616758e-19
1.933755508e-19
-7.176800788e-20
1.855491574e-19
-5.050947215e-20
1.760718914e-19
-3.730140122e-20
1.665245028e-19
-2.869047586e-20
1.575978704e-19
-2.2749976e-20
1.495675161e-19
-1.841269901e-20
1.425080952e-19
-1.508369096e-20
1.363984843e-19
-1.242535391e-20
1.311754048e-19
-1.024020621e-20
1.267610989e-19
-8.407271674e-21
1.230774372e-19
-6.847574472e-21
1.200528184e-19
-5.505375804e-21
1.176252398e-19
-4.337928422e-21
1.15743385e-19
-3.309850058e-21
1.143667533e-19
-2.390004681e-21
1.134654044e-19
-1.549742061e-21
1.130196193e-19
-7.61867654e-22
1.130193415e-19
2.274030222e-32
1.066079437e-19
2.530428723e-21
9.132442485e-20
7.027762268e-20
7.000659106e-20
8.435076175e-20
5.911198403e-20
9.08886038e-20
4.554835615e-20
8.768394669e-20
3.366219537e-20
8.690033736e-20
1.704945742e-20
7.556419017e-20
5.906075713e-20
2.099054219e-09
-5.92698695e-10
1.387597968e-09
-1.816997497e-09
1.195159474e-10
-3.888185687e-09
-6.7792783e-10
-7.985053179e-09
3.065350251e-09
-1.684716521e-08
1.232004824e-08
-1.897629088e-08
2.54460707e-08
-1.508133901e-08
4.67161592e-08
-1.805184872e-08
1.195249648e-08
6.542857874e-08
2.86015901e-17
1.529610564e-08
4.6116967e-20
-1.243513375e-18
2.216016431e-19
-4.315235495e-19
2.425052882e-19
-1.865773162e-19
2.311843156e-19
-9.574292223e-20
2.146340865e-19
-5.521983158e-20
1.987572284e-19
-3.463465316e-20
1.846828168e-19
-2.322934579e-20
1.724650027e-19
-1.647555119e-20
1.619351474e-19
-1.222350218e-20
1.528965242e-19
-9.377735162e-21
1.451664323e-19
-7.357287043e-21
1.38583632e-19
-5.846087048e-21
1.330083394e-19
-4.668209199e-21
1.283207961e-19
-3.722778831e-21
1.244196359e-19
-2.949231256e-21
1.212202658e-19
-2.308571657e-21
1.186533182e-19
-1.773237904e-21
1.166632303e-19
-1.321636023e-21
1.152070159e-19
-9.35221602e-22
1.142532788e-19
-5.969635824e-22
1.13781487e-19
-2.905519553e-22
1.137803476e-19
2.5782314e-32
1.073736815e-19
3.581111219e-21
9.259595958e-20
7.518174026e-20
7.376011337e-20
9.43071149e-20
6.058670854e-20
9.535622763e-20
4.626437263e-20
9.331726391e-20
3.272068642e-20
9.175687981e-20
1.610432793e-20
8.349461296e-20
7.082435504e-20
5.251709093e-10
-7.016813018e-11
-1.620138961e-09
3.283288242e-10
-6.183531696e-09
6.752203853e-10
-1.058469661e-08
-3.583850682e-09
-1.32543064e-08
-1.41774898e-08
-9.264442467e-09
-2.296617294e-08
-1.525077833e-09
-2.282082146e-08
-2.880184482e-09
-1.669672463e-08
5.092541107e-10
6.203912665e-08
-1.184352344e-17
1.580537808e-08
8.614212425e-19
2.889988075e-19
4.665478488e-19
-3.665144366e-20
3.333396822e-19
-5.336969506e-20
2.717074063e-19
-3.411275105e-20
2.35219265e-19
-1.873376414e-20
2.101625357e-19
-9.580003529e-21
1.914366114e-19
-4.50588752e-21
1.767170517e-19
-1.759043827e-21
1.647809144e-19
-2.909017605e-22
1.549169723e-19
4.824363572e-22
1.466776323e-19
8.782968441e-22
1.397615099e-19
1.066456662e-21
1.339537697e-19
1.136191748e-21
1.290943436e-19
1.133543424e-21
1.250602955e-19
1.081937699e-21
1.217555995e-19
9.934970178e-22
1.1910492e-19
8.751350819e-22
1.170496448e-19
7.317340267e-22
1.155452739e-19
5.67704188e-22
1.145596904e-19
3.876609617e-22
1.140720389e-19
1.966291434e-22
1.140731696e-19
3.096173102e-32
1.077393112e-19
4.558843481e-21
9.338591531e-20
7.966556425e-20
7.599969811e-20
1.028174273e-19
6.142602239e-20
1.012276989e-19
4.644561524e-20
9.96122375e-20
3.182505523e-20
9.769388684e-20
1.520384774e-20
9.143348209e-20
8.168933403e-20
-1.479186817e-10
5.639513602e-10
-1.452837741e-09
1.633241269e-09
-4.139492674e-09
3.361872115e-09
-1.056965214e-08
2.846390344e-09
-2.459164969e-08
-1.554362999e-10
-4.724587528e-08
-3.119716758e-10
-5.463073361e-08
-1.543613019e-08
-6.861790729e-08
-2.709412454e-09
-1.053496648e-08
3.956202535e-09
-4.380253057e-17
5.270411691e-09
5.393096281e-19
-4.965955239e-20
4.498268092e-19
5.28293527e-20
3.525966262e-19
4.385857266e-20
2.870863932e-19
3.139538669e-20
2.443730256e-19
2.397767076e-20
2.152366517e-19
1.955428793e-20
1.941834551e-19
1.654469788e-20
1.781851937e-19
1.423597982e-20
1.655542525e-19
1.233634851e-20
1.553128328e-19
1.071998661e-20
1.468657921e-19
9.321526656e-21
1.39831245e-19
8.097386422e-21
1.339511214e-19
7.012929002e-21
1.290427379e-19
6.038759382e-21
1.249718548e-19
5.149868961e-21
1.216372376e-19
4.325419705e-21
1.18961519e-19
3.548496935e-21
1.168856149e-19
2.80570381e-21
1.153652307e-19
2.086633069e-21
1.143686586e-19
1.383276057e-21
1.138754098e-19
6.894121116e-22
1.138729918e-19
3.587752461e-32
1.075948499e-19
5.486748552e-21
9.338448492e-20
8.401054984e-20
7.678124099e-20
1.10548501e-19
6.150192246e-20
1.078085314e-19
4.61199719e-20
1.063124755e-19
3.091159332e-20
1.042224366e-19
1.436868334e-20
9.92977779e-20
9.172106837e-20
2.755564748e-09
5.738489015e-10
3.476005146e-09
9.128113519e-10
6.330728078e-09
5.071717218e-10
1.02717245e-08
-1.094487591e-09
1.324853843e-08
-3.132136453e-09
6.025747861e-09
6.910876878e-09
-1.062167263e-08
1.211174506e-09
-9.653627015e-09
-3.677455739e-09
-5.270411769e-09
-4.27012911e-10
1.227496493e-18
1.529275025e-18
6.431351542e-19
5.347018238e-19
4.408587222e-19
2.551043699e-19
3.401334402e-19
1.445815488e-19
2.796686773e-19
9.18581199e-20
2.399496427e-19
6.369484275e-20
2.122270617e-19
4.727466913e-20
1.91874737e-19
3.689418658e-20
1.762855624e-19
2.98217054e-20
1.639378906e-19
2.468018528e-20
1.539143728e-19
2.073956029e-20
1.456416518e-19
1.759040323e-20
1.387467876e-19
1.498860262e-20
1.329769518e-19
1.277932594e-20
1.281538475e-19
1.085862157e-20
1.241474055e-19
9.153278567e-21
1.208603148e-19
7.609747365e-21
1.182187259e-19
6.187682463e-21
1.161665442e-19
4.855926975e-21
1.146618737e-19
3.589841128e-21
1.136747946e-19
2.369400132e-21
1.131859977e-19
1.177744713e-21
1.131847776e-19
3.95772555e-32
1.069787176e-19
6.344458372e-21
9.265860467e-20
8.846963196e-20
7.644386207e-20
1.178949537e-19
6.091678205e-20
1.146409736e-19
4.539011554e-20
1.131612759e-19
2.995578795e-20
1.109807793e-19
1.359816081e-20
1.069806267e-19
1.009842493e-19
3.391340723e-09
5.872833432e-10
3.419840325e-09
8.843621346e-10
3.607814311e-09
3.192738646e-10
4.621364754e-09
-2.108056025e-09
3.28988647e-09
-1.800667692e-09
-1.498095279e-09
1.169894608e-08
-2.082115972e-09
1.795195015e-09
4.270128805e-10
-6.186584592e-09
-6.327020398e-19
-1.036288118e-20
2.787619881e-19
6.178106087e-19
3.63535203e-19
4.499277325e-19
3.30335901e-19
2.883017761e-19
2.874100114e-19
1.875053465e-19
2.515054001e-19
1.277609512e-19
2.235294691e-19
9.166889387e-20
2.018465792e-19
6.895513507e-20
1.848022558e-19
5.393540201e-20
1.711440423e-19
4.347626037e-20
1.599972656e-19
3.582301092e-20
1.507652158e-19
2.996762484e-20
1.430398512e-19
2.531191187e-20
1.365375109e-19
2.148726828e-20
1.310562474e-19
1.825708956e-20
1.264485045e-19
1.546303727e-20
1.226038743e-19
1.299479124e-20
1.194382499e-19
1.077254291e-20
1.168869704e-19
8.736518514e-21
1.149004583e-19
6.840462282e-21
1.134414327e-19
5.047399799e-21
1.124831392e-19
3.326739169e-21
1.12008253e-19
1.652164879e-21
1.120085267e-19
4.079094868e-32
1.058634285e-19
7.143768076e-21
9.131021833e-20
9.316631075e-20
7.532893243e-20
1.250119694e-19
5.983504338e-20
1.214441655e-19
4.437234563e-20
1.199500603e-19
2.895985162e-20
1.177212524e-19
1.288595408e-20
1.143836999e-19
1.095372483e-19
4.804693877e-09
4.739805816e-10
4.799533409e-09
8.895167396e-10
4.737457286e-09
3.814471481e-10
5.202725099e-09
-2.573224823e-09
5.054198833e-09
-1.652028769e-09
6.212685621e-09
1.054050916e-08
4.63674877e-09
3.371138912e-09
1.621729596e-17
-1.549836028e-09
-1.764581208e-20
7.575118048e-19
1.108816215e-19
4.892830676e-19
2.019092466e-19
3.588987338e-19
2.295394715e-19
2.606697695e-19
2.276656161e-19
1.893775411e-19
2.154133427e-19
1.400115827e-19
2.008157103e-19
1.062644657e-19
1.868268461e-19
8.294126807e-20
1.743431142e-19
6.641575024e-20
1.634907929e-19
5.432475127e-20
1.541418796e-19
4.516790493e-20
1.461095028e-19
3.79960112e-20
1.392152076e-19
3.220235405e-20
1.333073322e-19
2.739143859e-20
1.282621951e-19
2.329865476e-20
1.239802585e-19
1.974155386e-20
1.20381626e-19
1.659022088e-20
1.174022255e-19
1.37490543e-20
1.149909141e-19
1.114535335e-20
1.131073959e-19
8.721990141e-21
1.11720772e-19
6.432552381e-21
1.108085649e-19
4.237989208e-21
1.103560881e-19
2.10417119e-21
1.103558199e-19
3.977395966e-32
1.043227127e-19
7.831687785e-21
8.952189207e-20
9.811520507e-20
7.372516543e-20
1.319486531e-19
5.842125527e-20
1.280615033e-19
4.317062812e-20
1.265308659e-19
2.794084529e-20
1.242831018e-19
1.222613985e-20
1.214316546e-19
1.174325225e-19
5.594545928e-09
4.280409429e-10
5.430734096e-09
1.053340215e-09
4.936490364e-09
8.757578802e-10
4.42173425e-09
-2.058441745e-09
6.219954871e-09
-3.450235453e-09
8.121145054e-09
8.639315874e-09
5.960523345e-09
5.531738491e-09
6.546339731e-18
4.410667529e-09
-2.863558125e-19
5.454111282e-20
-1.95029052e-20
2.224295049e-19
1.036802823e-19
2.357142136e-19
1.582472431e-19
2.061014228e-19
1.782996577e-19
1.693237088e-19
1.816662257e-19
1.366432534e-19
1.774925127e-19
1.104357959e-19
1.703013283e-19
9.012938726e-20
1.622521152e-19
7.446134662e-20
1.543339465e-19
6.223898393e-20
1.469699858e-19
5.252783315e-20
1.403158457e-19
4.464618252e-20
1.344042922e-19
3.811005755e-20
1.292145483e-19
3.257743493e-20
1.247050942e-19
2.780445605e-20
1.208289255e-19
2.36142099e-20
1.175404594e-19
1.987540634e-20
1.147985246e-19
1.648804925e-20
1.125675509e-19
1.337382385e-20
1.108179581e-19
1.04695803e-20
1.095262089e-19
7.722823079e-21
1.086747469e-19
5.088486329e-21
1.082519169e-19
2.526523369e-21
1.082531268e-19
3.959012848e-32
1.023175926e-19
8.426749486e-21
8.735642511e-20
1.032292169e-19
7.181330116e-20
1.386359493e-19
5.679936656e-20
1.343930288e-19
4.186261417e-20
1.328019658e-19
2.691914576e-20
1.305628106e-19
1.161417506e-20
1.280740436e-19
1.247179735e-19
6.549245691e-09
2.820950568e-10
6.690622551e-09
9.119227745e-10
6.473497105e-09
1.0928611e-09
5.495527816e-09
-1.080415084e-09
6.066447283e-09
-4.021167798e-09
8.661163822e-09
6.044568587e-09
4.932687447e-09
9.260141874e-09
7.473824368e-18
9.343353845e-09
-1.175982972e-19
-1.35675415e-20
-6.218235599e-21
1.110488057e-19
7.406749142e-20
1.554275415e-19
1.214695291e-19
1.58698243e-19
1.456192022e-19
1.45172537e-19
1.554587682e-19
1.268016066e-19
1.571861041e-19
1.087057096e-19
1.546332876e-19
9.267885092e-20
1.500297525e-19
7.906111596e-20
1.446227958e-19
6.764197724e-20
1.390883352e-19
5.80582925e-20
1.337797207e-19
4.995085627e-20
1.288716695e-19
4.301424594e-20
1.244415695e-19
3.700372929e-20
1.205148481e-19
3.17274415e-20
1.170901219e-19
2.703534273e-20
1.141531023e-19
2.280908528e-20
1.116842992e-19
1.895387632e-20
1.096633074e-19
1.53922929e-20
1.080712009e-19
1.205967127e-20
1.068918721e-19
8.900660584e-21
1.06112784e-19
5.866595732e-21
1.057253935e-19
2.913425334e-21
1.057252628e-19
3.687055702e-32
9.989648599e-20
8.913333357e-21
8.492101723e-20
1.083623757e-19
6.972648681e-20
1.449790103e-19
5.506368164e-20
1.403776473e-19
4.050297357e-20
1.3870126e-19
2.591194386e-20
1.364943275e-19
1.104579743e-20
1.342818578e-19
1.314372204e-19
6.927493613e-09
1.452073461e-10
7.214783509e-09
6.246694119e-10
7.343288808e-09
9.643318244e-10
6.26110099e-09
1.809604418e-12
5.701618109e-09
-3.46171191e-09
8.04562004e-09
3.7004839e-09
4.56218852e-09
1.274349725e-08
7.633581637e-18
1.390554559e-08
8.870076084e-21
2.687275168e-20
3.816049754e-20
8.175792576e-20
7.733819286e-20
1.162491034e-19
1.079438232e-19
1.280913996e-19
1.272482718e-19
1.258662918e-19
1.373628712e-19
1.166845537e-19
1.411592454e-19
1.049062775e-19
1.410155527e-19
9.281900647e-20
1.386106138e-19
8.146223857e-20
1.35039111e-19
7.120955269e-20
1.30980899e-19
6.211255236e-20
1.268431104e-19
5.408471489e-20
1.228611529e-19
4.69923002e-20
1.191652817e-19
4.069572119e-20
1.158227493e-19
3.506616045e-20
1.128638645e-19
2.999057454e-20
1.102978934e-19
2.537167987e-20
1.081227157e-19
2.112605933e-20
1.063306857e-19
1.718178803e-20
1.049121902e-19
1.347613727e-20
1.038578073e-19
9.953533909e-21
1.031596136e-19
6.563791247e-21
1.028119682e-19
3.260568676e-21
1.028102783e-19
3.521682083e-32
9.706172783e-20
9.326420661e-21
8.225610523e-20
1.133305659e-19
6.753485324e-20
1.508533145e-19
5.326965087e-20
1.459690136e-19
3.91213789e-20
1.441924564e-19
2.492706158e-20
1.420334636e-19
1.051450276e-20
1.400404158e-19
1.376273743e-19
7.008449419e-09
4.713505333e-11
7.313396124e-09
3.197460129e-10
7.690096149e-09
5.875732046e-10
7.277945443e-09
4.139356128e-10
6.597943195e-09
-2.781715928e-09
8.0238536e-09
2.27452307e-09
4.320468669e-09
1.644683865e-08
5.505398122e-18
1.822601581e-08
6.648180566e-20
4.571849596e-20
7.265167467e-20
7.558768533e-20
8.918048902e-20
9.971946965e-20
1.057187154e-19
1.11551704e-19
1.180665337e-19
1.135163481e-19
1.255845951e-19
1.091637465e-19
1.290719743e-19
1.014156603e-19
1.296587848e-19
9.222859448e-20
1.283579279e-19
8.275930476e-20
1.259421107e-19
7.362150109e-20
1.229530615e-19
6.509768179e-20
1.197506957e-19
5.728312768e-20
1.165645739e-19
5.01744498e-20
1.135357209e-19
4.372061243e-20
1.107471634e-19
3.785083895e-20
1.082449698e-19
3.248907841e-20
1.060522729e-19
2.756098683e-20
1.041784444e-19
2.29968889e-20
1.02625035e-19
1.873265532e-20
1.013895868e-19
1.470953986e-20
1.004680646e-19
1.087352352e-20
9.985639099e-20
7.174443561e-21
9.955139952e-20
3.565043115e-21
9.954953236e-20
3.610917989e-32
9.392944878e-20
9.613291782e-21
7.946149607e-20
1.179660631e-19
6.528556982e-20
1.561868398e-19
5.144500393e-20
1.511402123e-19
3.77271501e-20
1.492576725e-19
2.396127593e-20
1.471485687e-19
1.001032847e-20
1.453417659e-19
1.433155832e-19
6.920032824e-09
-4.347068657e-11
7.241242897e-09
-1.438668636e-12
7.761674701e-09
6.713105202e-11
8.249346619e-09
-7.378563812e-11
8.366286204e-09
-2.898672438e-09
8.588836656e-09
2.05193638e-09
4.32192998e-09
2.071372302e-08
4.008066435e-18
2.25479463e-08
9.990281604e-20
6.09192825e-20
9.678345928e-20
7.870662302e-20
1.010127233e-19
9.548918553e-20
1.076833596e-19
1.048793424e-19
1.137139321e-19
1.074834229e-19
1.178365089e-19
1.050382772e-19
1.198849085e-19
9.936397674e-20
1.201894951e-19
9.192043237e-20
1.192201242e-19
8.372494129e-20
1.174182914e-19
7.541949986e-20
1.151385074e-19
6.737353544e-20
1.126420178e-19
5.977560684e-20
1.101107365e-19
5.270167638e-20
1.076659474e-19
4.616136489e-20
1.053854028e-19
4.012745919e-20
1.033168782e-19
3.455389873e-20
1.014881749e-19
2.938630252e-20
9.991421085e-20
2.456785694e-20
9.860191953e-20
2.004239711e-20
9.755357049e-20
1.575582389e-20
9.676898464e-20
1.165655021e-20
9.624699054e-20
7.695391662e-21
9.59863564e-20
3.825145552e-21
9.598769264e-20
3.159950483e-32
9.04536451e-20
9.814597053e-21
7.647829216e-20
1.221140892e-19
6.294890942e-20
1.608783363e-19
4.957355413e-20
1.558506991e-19
3.630670309e-20
1.538763806e-19
2.299912401e-20
1.518098536e-19
9.519400076e-21
1.501763563e-19
1.485151197e-19
6.708231066e-09
-1.797605848e-10
7.155873852e-09
-4.490836994e-10
7.88383563e-09
-6.608363619e-10
9.036953806e-09
-1.226945011e-09
9.736639227e-09
-3.598383591e-09
8.905347724e-09
2.883194153e-09
4.296681332e-09
2.532237821e-08
3.274298605e-18
2.684462894e-08
1.220293257e-19
7.595210996e-20
1.135660223e-19
8.716941031e-20
1.104028802e-19
9.865113888e-20
1.1028744e-19
1.049929084e-19
1.112687864e-19
1.06499637e-19
1.121622084e-19
1.041419533e-19
1.124413642e-19
9.908158317e-20
1.11994004e-19
9.236427244e-20
1.109146828e-19
8.480056909e-20
1.09372327e-19
7.695801047e-20
1.075405788e-19
6.920129841e-20
1.055680873e-19
6.174401237e-20
1.03570425e-19
5.469521244e-20
1.016320417e-19
4.809566516e-20
9.981184238e-20
4.194372001e-20
9.814928201e-20
3.621276331e-20
9.666972934e-20
3.086248144e-20
9.538875102e-20
2.584584405e-20
9.431534631e-20
2.111324222e-20
9.345429681e-20
1.661478569e-20
9.280782609e-20
1.230143394e-20
9.237674443e-20
8.12540341e-21
9.216121085e-20
4.040134661e-21
9.215950077e-20
2.770086721e-32
8.672067848e-20
9.924784087e-21
7.333535722e-20
1.256772879e-19
6.050101968e-20
1.648794532e-19
4.762968029e-20
1.600617696e-19
3.483779588e-20
1.580246877e-19
2.201909989e-20
1.559867953e-19
9.026089444e-21
1.545287582e-19
1.532236331e-19
6.232825969e-09
-3.84402956e-10
6.880070258e-09
-1.096327743e-09
7.970532097e-09
-1.751320074e-09
9.767104157e-09
-3.023548269e-09
1.077544712e-08
-4.606748724e-09
9.042553876e-09
4.616057369e-09
4.18986244e-09
3.017506208e-08
2.710955417e-18
3.103449312e-08
1.383469173e-19
9.999527155e-20
1.250477518e-19
1.004679882e-19
1.167446497e-19
1.06952976e-19
1.117941687e-19
1.099414882e-19
1.089111026e-19
1.093802861e-19
1.071018383e-19
1.059483831e-19
1.057240534e-19
1.004562144e-19
1.044303006e-19
9.365454272e-20
1.030721242e-19
8.615504568e-20
1.016156149e-19
7.841062109e-20
1.000832927e-19
7.072955813e-20
9.85192874e-20
6.330386091e-20
9.697087775e-20
5.623945212e-20
9.548009659e-20
4.958235395e-20
9.408088568e-20
4.333901002e-20
9.279900014e-20
3.749098062e-20
9.165309195e-20
3.200503637e-20
9.06561492e-20
2.683979968e-20
8.981688977e-20
2.194992944e-20
8.914094506e-20
1.728861927e-20
8.863179556e-20
1.280897056e-20
8.829147568e-20
8.46463298e-21
8.812107619e-20
4.209980109e-21
8.811955066e-20
2.596401737e-32
8.276191181e-20
9.95691569e-21
7.001333529e-20
1.286090344e-19
5.790421116e-20
1.681600846e-19
4.558021256e-20
1.637301661e-19
3.329496705e-20
1.616709756e-19
2.099830037e-20
1.596462943e-19
8.515260351e-21
1.583757609e-19
1.574236284e-19
5.40394398e-09
-6.762709298e-10
6.305043964e-09
-1.997427054e-09
7.983836727e-09
-3.430148746e-09
1.085709676e-08
-5.896829267e-09
1.236569036e-08
-6.11535244e-09
9.338837602e-09
7.642888679e-09
4.103439203e-09
3.541045473e-08
1.868111003e-18
3.5137932e-08
1.446136071e-19
1.007482526e-19
1.315327407e-19
1.135482444e-19
1.197331619e-19
1.187512903e-19
1.112329666e-19
1.184398382e-19
1.054791996e-19
1.151317181e-19
1.016096696e-19
1.098151539e-19
9.892238174e-20
1.031404137e-19
9.693080359e-20
9.564265246e-20
9.532769959e-20
8.775439724e-20
9.393455196e-20
7.979978781e-20
9.265759552e-20
7.200237317e-20
9.14548786e-20
6.450236655e-20
9.031377958e-20
5.737636223e-20
8.923675266e-20
5.065530297e-20
8.823285628e-20
4.43390186e-20
8.731305589e-20
3.840714538e-20
8.648785527e-20
3.28269022e-20
8.576627895e-20
2.755838924e-20
8.51555796e-20
2.255804264e-20
8.466129635e-20
1.778077046e-20
8.428745798e-20
1.318117554e-20
8.403682281e-20
8.714163365e-21
8.391109608e-20
4.335147326e-21
8.391251006e-20
2.335360844e-32
7.8618925e-20
9.925647405e-21
6.651007456e-20
1.309064402e-19
5.51333441e-20
1.707130648e-19
4.339994584e-20
1.668126004e-19
3.165833588e-20
1.64778258e-19
1.991794965e-20
1.627541351e-19
7.974786659e-21
1.616875029e-19
1.61085481e-19
4.047185261e-09
-1.042216789e-09
5.254115505e-09
-3.204353653e-09
7.876214661e-09
-6.052285265e-09
1.22063226e-08
-1.022694845e-08
1.383407837e-08
-7.743108441e-09
9.161168854e-09
1.231578415e-08
3.81787371e-09
4.075374234e-08
6.835395101e-19
3.895580045e-08
1.638563831e-19
1.421213488e-19
1.367357878e-19
1.406682427e-19
1.194217099e-19
1.360641514e-19
1.079248465e-19
1.299349366e-19
1.001626354e-19
1.228916857e-19
9.493492935e-20
1.150401586e-19
9.142462053e-20
1.06647631e-19
8.904254837e-20
9.802124974e-20
8.737309016e-20
8.942004389e-20
8.613713732e-20
8.103168434e-20
8.51575889e-20
7.297772803e-20
8.432887428e-20
6.532685152e-20
8.359272031e-20
5.810833981e-20
8.29204683e-20
5.132351022e-20
8.230098306e-20
4.495465401e-20
8.173281271e-20
3.897170824e-20
8.121934231e-20
3.333704915e-20
8.076593234e-20
2.800880858e-20
8.037830743e-20
2.294306858e-20
8.006170143e-20
1.809522931e-20
7.982044581e-20
1.342078536e-20
7.965780677e-20
8.875690571e-21
7.957594875e-20
4.416444773e-21
7.957477493e-20
1.682775554e-32
7.43718929e-20
9.807257028e-21
6.286512232e-20
1.326071403e-19
5.219051465e-20
1.725688493e-19
4.108053136e-20
1.692763777e-19
2.991926034e-20
1.673098984e-19
1.876736171e-20
1.652781627e-19
7.397344312e-21
1.644307665e-19
1.641722471e-19
1.887912322e-09
-1.371840636e-09
3.137137413e-09
-4.453568387e-09
6.222862374e-09
-9.138040766e-09
1.086358626e-08
-1.486767595e-08
1.233114118e-08
-9.210660846e-09
7.701178833e-09
1.694573345e-08
3.147664433e-09
4.530724271e-08
-3.597808116e-19
4.210345373e-08
1.69381852e-19
2.59463644e-19
1.321317067e-19
1.779178177e-19
1.13292495e-19
1.549022018e-19
1.008815956e-19
1.423441229e-19
9.231110842e-20
1.314599561e-19
8.654240167e-20
1.208062059e-19
8.279823932e-20
1.103886499e-19
8.044134251e-20
1.003746399e-19
7.898473061e-20
9.087282655e-20
7.808318101e-20
8.19291685e-20
7.750671239e-20
7.35500113e-20
7.711036257e-20
6.571899894e-20
7.680789072e-20
5.840667592e-20
7.655161209e-20
5.157578791e-20
7.631803729e-20
4.518441433e-20
7.609815362e-20
3.918800403e-20
7.589110174e-20
3.354078175e-20
7.570019234e-20
2.819672191e-20
7.553046816e-20
2.311018561e-20
7.538725748e-20
1.823628653e-20
7.527535102e-20
1.353104335e-20
7.519856097e-20
8.951369532e-21
7.515950398e-20
4.454944192e-21
7.516093918e-20
1.712312125e-32
6.999037726e-20
9.661004319e-21
5.904202268e-20
1.337548696e-19
4.907159295e-20
1.737252773e-19
3.862106919e-20
1.710854386e-19
2.807824986e-20
1.692278078e-19
1.754413387e-20
1.67189114e-19
6.780686606e-21
1.665721626e-19
1.666447276e-19
-1.353472862e-09
-1.323249378e-09
-1.109978675e-09
-4.697046222e-09
-1.960697858e-10
-1.005197153e-08
4.70429764e-10
-1.553417456e-08
1.821368583e-09
-1.056160262e-08
3.924386582e-09
1.484269597e-08
4.444757792e-09
4.478686334e-08
-6.101583534e-19
4.654819889e-08
9.496653332e-20
1.51384488e-19
1.091160906e-19
1.637677122e-19
1.007344161e-19
1.632827231e-19
8.999742873e-20
1.530794153e-19
8.165735823e-20
1.397977405e-19
7.612484566e-20
1.263360519e-19
7.278422931e-20
1.137261151e-19
7.09395292e-20
1.022157928e-19
7.004107256e-20
9.176743005e-20
6.970402381e-20
8.226216153e-20
6.967570003e-20
7.357418386e-20
6.979803955e-20
6.559250311e-20
6.997700271e-20
5.82236249e-20
7.016023851e-20
5.138859143e-20
7.032162699e-20
4.501923701e-20
7.045093134e-20
3.905512187e-20
7.054704191e-20
3.344135167e-20
7.061365604e-20
2.812710879e-20
7.065656908e-20
2.306466525e-20
7.068201429e-20
1.820869206e-20
7.06956772e-20
1.351573917e-20
7.070213563e-20
8.943807792e-21
7.070455979e-20
4.451968605e-21
7.070409004e-20
1.394636939e-32
6.558905124e-20
9.45968831e-21
5.51366091e-20
1.344121504e-19
4.582544496e-20
1.742272919e-19
3.604852418e-20
1.722256373e-19
2.615094666e-20
1.70505213e-19
1.625582977e-20
1.684658034e-19
6.127860166e-21
1.680828186e-19
1.684667667e-19
-4.774014958e-09
-7.775232473e-10
-6.67188678e-09
-2.799155048e-09
-1.083374527e-08
-5.890127594e-09
-1.602250674e-08
-1.034541058e-08
-1.691855421e-08
-9.665565654e-09
-9.625047206e-09
7.549162956e-09
-4.159217228e-10
3.557772552e-08
-2.269700107e-18
4.613227299e-08
1.153261905e-19
6.106766868e-20
1.086310762e-19
1.704622786e-19
9.053110831e-20
1.813815275e-19
7.671575393e-20
1.668931174e-19
6.819566959e-20
1.483155214e-19
6.351490887e-20
1.310140515e-19
6.127390703e-20
1.159639471e-19
6.049116644e-20
1.029949912e-19
6.053580404e-20
9.171896376e-20
6.101604614e-20
8.177790897e-20
6.169401928e-20
7.289211362e-20
6.242916135e-20
6.485325677e-20
6.314196924e-20
5.750677237e-20
6.379088409e-20
5.073574539e-20
6.435751185e-20
4.444883474e-20
6.483716114e-20
3.857189805e-20
6.523279902e-20
3.304239425e-20
6.55512125e-20
2.780569991e-20
6.580059589e-20
2.281268453e-20
6.598906141e-20
1.801809207e-20
6.612374582e-20
1.337942927e-20
6.621029644e-20
8.856166962e-21
6.625259119e-20
4.409130482e-21
6.625054962e-20
1.054155166e-32
6.117725668e-20
9.222317716e-21
5.117002833e-20
1.346296607e-19
4.249116595e-20
1.741019403e-19
3.339404575e-20
1.72690844e-19
2.41594341e-20
1.711244374e-19
1.491621095e-20
1.690953814e-19
5.445560757e-21
1.689409367e-19
1.696089135e-19
-6.419041959e-09
-1.846552002e-10
-8.439190432e-09
-7.789876364e-10
-1.324693018e-08
-1.082398626e-09
-2.143033443e-08
-2.162003197e-09
-2.713355301e-08
-3.962359708e-09
-2.105347947e-08
1.469065477e-09
-9.161812301e-09
2.368601138e-08
-8.172516328e-18
3.69704522e-08
2.329600802e-19
4.007493642e-19
1.195503384e-19
2.838714501e-19
7.604269823e-20
2.248880145e-19
5.813815797e-20
1.84795996e-19
5.089419963e-20
1.555572625e-19
4.846480455e-20
1.334407313e-19
4.830495107e-20
1.16120669e-19
4.921513901e-20
1.020813101e-19
5.059474925e-20
9.033558728e-20
5.213025079e-20
8.02384641e-20
5.365516244e-20
7.136316557e-20
5.508267695e-20
6.342168646e-20
5.637094225e-20
5.621449639e-20
5.750397345e-20
4.959880195e-20
5.848057516e-20
4.346846549e-20
5.930765734e-20
3.774124335e-20
5.999610468e-20
3.235063249e-20
6.055819712e-20
2.724062506e-20
6.100600344e-20
2.236230134e-20
6.13503986e-20
1.767158618e-20
6.160048351e-20
1.312774077e-20
6.176325996e-20
8.692316512e-21
6.18434607e-20
4.328395037e-21
6.184333132e-20
9.075657719e-33
5.683199972e-20
8.925044456e-21
4.721961961e-20
1.34457793e-19
3.912549771e-20
1.733967677e-19
3.069812937e-20
1.724911514e-19
2.213146224e-20
1.710805397e-19
1.35434097e-20
1.690746001e-19
4.7428651e-21
1.691337599e-19
1.70050788e-19
-6.98707951e-09
2.45462271e-10
-8.154348262e-09
3.882974433e-10
-1.026895607e-08
1.032196061e-09
-1.461830713e-08
2.18734992e-09
-2.065226912e-08
2.071595607e-09
-2.107141786e-08
1.888200532e-09
-8.77642131e-09
1.139102871e-08
-1.598825012e-17
2.819402016e-08
1.221823982e-19
4.873549041e-19
6.056699729e-20
3.454862898e-19
3.595067973e-20
2.495032592e-19
2.889942442e-20
1.918455437e-19
2.877766851e-20
1.556767913e-19
3.114474226e-20
1.310709695e-19
3.426559212e-20
1.12996727e-19
3.74694162e-20
9.887405172e-20
4.049762606e-20
8.730368106e-20
4.325495227e-20
7.747726043e-20
4.571368333e-20
6.890045155e-20
4.787548687e-20
6.125586629e-20
4.975524782e-20
5.433074984e-20
5.137363698e-20
4.797651339e-20
5.275335302e-20
4.208498774e-20
5.391704649e-20
3.657398402e-20
5.488609725e-20
3.137828134e-20
5.56798734e-20
2.644388977e-20
5.631528827e-20
2.172433903e-20
5.680655319e-20
1.717824042e-20
5.716505926e-20
1.276765612e-20
5.739933849e-20
8.456980315e-21
5.751506567e-20
4.212141407e-21
5.751386799e-20
6.071706602e-33
5.251239636e-20
8.621561557e-21
4.327049412e-20
1.339209729e-19
3.57605055e-20
1.721123103e-19
2.799454559e-20
1.71634838e-19
2.009384928e-20
1.703754759e-19
1.215644027e-20
1.684079869e-19
4.029586609e-21
1.686577107e-19
1.697818047e-19
-6.881582229e-09
5.046262241e-10
-7.572107258e-09
1.078840467e-09
-8.484678128e-09
1.944761351e-09
-9.817504215e-09
3.520167591e-09
-1.30251083e-08
5.27919211e-09
-1.724113081e-08
6.104196756e-09
-1.392793816e-08
8.077867927e-09
4.953929449e-16
1.426607877e-08
-1.567652186e-20
7.46068255e-19
-3.541641763e-20
3.6522563e-19
-2.170703574e-20
2.357927821e-19
-7.269328043e-21
1.774061544e-19
4.171846706e-21
1.442334375e-19
1.307049983e-20
1.221696836e-19
2.014291681e-20
1.059212769e-19
2.589904554e-20
9.311455598e-20
3.067120543e-20
8.252789139e-20
3.467814339e-20
7.346650128e-20
3.806909806e-20
6.550555758e-20
4.095037043e-20
5.837060918e-20
4.340101136e-20
5.187614441e-20
4.548211133e-20
4.589152705e-20
4.724234931e-20
4.032099892e-20
4.872134381e-20
3.509143928e-20
4.995170568e-20
3.014464354e-20
5.096032266e-20
2.543234609e-20
5.176918966e-20
2.091296007e-20
5.239596889e-20
1.654941288e-20
5.285438346e-20
1.230768812e-20
5.315449958e-20
8.1558232e-21
5.330292426e-20
4.063197414e-21
5.330517303e-20
7.403813475e-33
4.833407773e-20
8.287496194e-21
3.943229738e-20
1.330495087e-19
3.246175893e-20
1.702933882e-19
2.532799824e-20
1.701511581e-19
1.807634336e-20
1.690261921e-19
1.077516657e-20
1.671099641e-19
3.315724276e-21
1.675190764e-19
1.688013708e-19
-6.395369743e-09
6.156084352e-10
-6.718692337e-09
1.402173481e-09
-7.087710634e-09
2.313796552e-09
-7.253769618e-09
3.686231363e-09
-7.508499854e-09
5.533922438e-09
-8.75373669e-09
7.34947436e-09
-8.49887893e-09
7.82300079e-09
-1.649200343e-15
5.767226777e-09
-3.947369898e-19
-4.115785262e-20
-1.648564322e-19
1.353445626e-19
-8.009366342e-20
1.510289333e-19
-4.044204499e-20
1.377528943e-19
-1.789190719e-20
1.216811712e-19
-3.177906907e-21
1.074531086e-19
7.336195923e-21
9.540420505e-20
1.531238094e-20
8.513506877e-20
2.160981533e-20
7.622688469e-20
2.671719968e-20
6.835534317e-20
3.093414966e-20
6.128470705e-20
3.445590566e-20
5.484489935e-20
3.741639401e-20
4.891171513e-20
3.99115832e-20
4.339247059e-20
4.201278967e-20
3.821606176e-20
4.377454807e-20
3.332615703e-20
4.523940823e-20
2.867654157e-20
4.644093664e-20
2.422792981e-20
4.740564247e-20
1.994578026e-20
4.815424413e-20
1.579879476e-20
4.870251854e-20
1.175788317e-20
4.90618738e-20
7.79544061e-21
4.923972685e-20
3.884830771e-21
4.92404075e-20
2.16540477e-33
4.43003231e-20
7.9290335e-21
3.572001817e-20
1.31862042e-19
2.926110479e-20
1.679678193e-19
2.272848671e-20
1.680712056e-19
1.610247168e-20
1.670561171e-19
9.416543923e-21
1.652015355e-19
2.610244284e-21
1.657321375e-19
1.671178686e-19
-5.720001002e-09
6.284404763e-10
-5.795072276e-09
1.47723771e-09
-5.849020518e-09
2.367747976e-09
-5.670500051e-09
3.507732427e-09
-5.058079887e-09
4.921470637e-09
-4.156889351e-09
6.448306165e-09
-3.21998703e-09
6.886089451e-09
-5.126832691e-15
2.547251048e-09
-2.17976032e-19
-2.520855137e-21
-1.491674917e-19
6.653551021e-20
-9.336970247e-20
9.523008475e-20
-5.651376804e-20
1.008953557e-19
-3.211996985e-20
9.728528911e-20
-1.522681042e-20
9.055742896e-20
-2.932940363e-21
8.310742571e-20
6.404196864e-21
7.579468564e-20
1.373827381e-20
6.888928515e-20
1.964656356e-20
6.244332441e-20
2.449434197e-20
5.643306898e-20
2.852272144e-20
5.081260215e-20
3.189714946e-20
4.553337722e-20
3.473517437e-20
4.055060718e-20
3.712288493e-20
3.582465165e-20
3.91249326e-20
3.132062214e-20
4.079079648e-20
2.700747726e-20
4.215878709e-20
2.285709321e-20
4.325865698e-20
1.884347351e-20
4.411333254e-20
1.49421314e-20
4.474007597e-20
1.112962832e-20
4.515126396e-20
7.383236032e-21
4.535489607e-20
3.680689293e-21
4.535762171e-20
-2.106439835e-33
4.042963152e-20
7.558335383e-21
3.21542881e-20
1.303751283e-19
2.618252019e-20
1.651600343e-19
2.021906496e-20
1.654269737e-19
1.419137846e-20
1.644925773e-19
8.095140571e-21
1.627082728e-19
1.921006407e-21
1.633178781e-19
1.647475473e-19
-4.972385287e-09
5.859967288e-10
-4.900469917e-09
1.405327594e-09
-4.758168556e-09
2.225425927e-09
-4.419225831e-09
3.168790067e-09
-3.717231366e-09
4.219472238e-09
-2.551820764e-09
5.282893447e-09
-1.302550698e-09
5.636830567e-09
-7.308753545e-16
1.244707495e-09
-1.485920033e-19
2.343263867e-22
-1.204709946e-19
3.841399924e-20
-8.770443148e-20
6.246248319e-20
-6.012383467e-20
7.331319253e-20
-3.884783001e-20
7.600724707e-20
-2.267681367e-20
7.438394577e-20
-1.024568043e-20
7.067343704e-20
-5.012036201e-22
6.604701361e-20
7.292313069e-21
6.109229499e-20
1.363630812e-20
5.609564977e-20
1.887387514e-20
5.119169071e-20
2.324349651e-20
4.643910779e-20
2.691437943e-20
4.185862511e-20
3.000921884e-20
3.74519687e-20
3.261885542e-20
3.321135715e-20
3.481178772e-20
2.912424752e-20
3.664041243e-20
2.517569787e-20
3.814516738e-20
2.134953428e-20
3.935731487e-20
1.762892321e-20
4.030082945e-20
1.399665314e-20
4.099368369e-20
1.043527751e-20
4.144871722e-20
6.92719365e-21
4.167420678e-20
3.454693106e-21
4.16717049e-20
2.928865725e-33
3.678659604e-20
7.150416842e-21
2.878610331e-20
1.286189141e-19
2.325272218e-20
1.619187566e-19
1.782075927e-20
1.622560984e-19
1.23598969e-20
1.613670607e-19
6.824074633e-21
1.596594402e-19
1.255596337e-21
1.603028001e-19
1.617142343e-19
-4.230096096e-09
5.17595313e-10
-4.08391433e-09
1.259174383e-09
-3.840061103e-09
1.981598161e-09
-3.422124964e-09
2.750841776e-09
-2.740347818e-09
3.537716145e-09
-1.720327815e-09
4.262879185e-09
-5.70471046e-10
4.486984529e-09
1.695718469e-15
6.742354788e-10
-1.102800544e-19
1.393468046e-22
-9.642181067e-20
2.455526516e-20
-7.685372214e-20
4.289337925e-20
-5.742978014e-20
5.388772526e-20
-4.047113131e-20
5.904661028e-20
-2.638732239e-20
6.029772144e-20
-1.487210387e-20
5.915541388e-20
-5.455922241e-21
5.662768864e-20
2.295667848e-21
5.333728695e-20
8.732349061e-21
4.965534738e-20
1.412129222e-20
4.579899384e-20
1.866301383e-20
4.189356687e-20
2.250772302e-20
3.801009688e-20
2.57686073e-20
3.418733462e-20
2.853174578e-20
3.044461119e-20
3.086323807e-20
2.678936382e-20
3.281424884e-20
2.322158033e-20
3.442455631e-20
1.973646348e-20
3.572504479e-20
1.632606237e-20
3.673945383e-20
1.298030028e-20
3.748559983e-20
9.687646053e-21
3.797621667e-20
6.435573086e-21
3.821951368e-20
3.210890734e-21
3.821905302e-20
9.935566327e-34
3.332245887e-20
6.757701807e-21
2.557468917e-20
1.266154985e-19
2.047016487e-20
1.582535775e-19
1.554355281e-20
1.585847009e-19
1.062119472e-20
1.577078654e-19
5.615183944e-21
1.560856244e-19
6.217501023e-22
1.56717502e-19
1.580494835e-19
-3.540732623e-09
4.414674134e-10
-3.367296867e-09
1.08572756e-09
-3.089308248e-09
1.703640186e-09
-2.662206556e-09
2.323733029e-09
-2.040611186e-09
2.916125807e-09
-1.193189647e-09
3.415460757e-09
-2.511047968e-10
3.54490382e-09
-1.664022138e-15
4.231303749e-10
-8.578889071e-20
9.021976596e-23
-7.808347265e-20
1.684936863e-20
-6.585937613e-20
3.066830063e-20
-5.227089511e-20
4.02977644e-20
-3.922002015e-20
4.599379664e-20
-2.752962995e-20
4.860496565e-20
-1.739982911e-20
4.902286085e-20
-8.746323927e-21
4.797109851e-20
-1.386271728e-21
4.597388131e-20
4.875995528e-21
4.338952581e-20
1.021586525e-20
4.045543517e-20
1.477954384e-20
3.732612974e-20
1.868496076e-20
3.410091893e-20
2.202588387e-20
3.084271921e-20
2.487649841e-20
2.759044669e-20
2.729545459e-20
2.436707163e-20
2.932913199e-20
2.118484559e-20
3.101415521e-20
1.804871675e-20
3.23792827e-20
1.495859096e-20
3.34467996e-20
1.191085718e-20
3.423352686e-20
8.899442477e-21
3.475153432e-20
5.916565403e-21
3.500862294e-20
2.953296766e-21
3.500959225e-20
-1.630983329e-33
3.013340686e-20
6.346375444e-21
2.260075289e-20
1.24402442e-19
1.787038869e-20
1.542192433e-19
1.341070114e-20
1.544512209e-19
8.993028195e-21
1.535488065e-19
4.482333241e-21
1.520213089e-19
2.809641012e-23
1.52597817e-19
1.537934736e-19
-2.928270554e-09
3.678900166e-10
-2.75517141e-09
9.126030923e-10
-2.4823823e-09
1.430859041e-09
-2.08691113e-09
1.928265923e-09
-1.549601811e-09
2.378822712e-09
-8.652972035e-10
2.731160828e-09
-1.294307658e-10
2.809044742e-09
-7.902694424e-15
2.937160575e-10
-6.898025673e-20
6.451115503e-23
-6.426447056e-20
1.213312003e-20
-5.622991237e-20
2.263279979e-20
-4.657486287e-20
3.064127983e-20
-3.660885113e-20
3.602589297e-20
-2.711173475e-20
3.910553395e-20
-1.845159146e-20
4.036002274e-20
-1.074354112e-20
4.026002885e-20
-3.970627224e-21
3.919768485e-20
1.941904885e-21
3.747351067e-20
7.086559809e-21
3.530715965e-20
1.155433303e-20
3.285466327e-20
1.542676104e-20
3.022479396e-20
1.877361135e-20
2.749224071e-20
2.165312335e-20
2.4707448e-20
2.411322855e-20
2.190368978e-20
2.619300314e-20
1.910206539e-20
2.792402941e-20
1.631500828e-20
2.933154892e-20
1.354875737e-20
3.04353849e-20
1.080511407e-20
3.125064979e-20
8.082711501e-21
3.178826568e-20
5.377953106e-21
3.205532618e-20
2.685730748e-21
3.20549031e-20
3.365207843e-34
2.719346981e-20
5.925071517e-21
1.985239725e-20
1.220032684e-19
1.546489011e-20
1.498470088e-19
1.143818986e-20
1.49889589e-19
7.491354328e-21
1.489237245e-19
3.439539715e-21
1.475029157e-19
-5.161375576e-22
1.479843655e-19
1.489956114e-19
-2.400509966e-09
3.018574004e-10
-2.241988516e-09
7.540730261e-10
-1.99411593e-09
1.182991391e-09
-1.647387152e-09
1.58155024e-09
-1.197192056e-09
1.92864414e-09
-6.506406307e-10
2.184626584e-09
-7.716976177e-11
2.235595945e-09
-1.248889808e-14
2.165829347e-10
-5.687607899e-20
4.831594274e-23
-5.376477313e-20
9.021371247e-21
-4.822143233e-20
1.708855217e-20
-4.119024973e-20
2.360870157e-20
-3.352921015e-20
2.836300556e-20
-2.585724597e-20
3.143130644e-20
-1.855158535e-20
3.30517287e-20
-1.180588512e-20
3.351137808e-20
-5.694801399e-21
3.30833903e-20
-2.244461338e-22
3.199974319e-20
4.634063422e-21
3.044509822e-20
8.924463725e-21
2.856063751e-20
1.26942078e-20
2.64514214e-20
1.598881863e-20
2.41940709e-20
1.884936513e-20
2.184348268e-20
2.131160416e-20
1.943823726e-20
2.340594604e-20
1.70047733e-20
2.51577785e-20
1.456053939e-20
2.658790563e-20
1.211635162e-20
2.771298232e-20
9.678155453e-21
2.854589139e-20
7.248351949e-21
2.909604333e-20
4.826812233e-21
2.936959543e-20
2.411675121e-21
2.936822047e-20
-1.648643328e-33
2.451038191e-20
5.502277471e-21
1.734206188e-20
1.19436807e-19
1.327024227e-20
1.451639665e-19
9.643771158e-21
1.449325241e-19
6.132323299e-21
1.438680468e-19
2.501045936e-21
1.425687721e-19
-1.001689711e-21
1.429227498e-19
1.43714573e-19
-1.955356312e-09
2.451521759e-10
-1.817277124e-09
6.159980628e-10
-1.602059788e-09
9.677872809e-10
-1.307788111e-09
1.287302543e-09
-9.370090093e-10
1.557894898e-09
-5.013219003e-10
1.748972186e-09
-5.092456868e-11
1.785235651e-09
-1.353206532e-14
1.657063251e-10
-4.787639317e-20
3.727373795e-23
-4.569759324e-20
6.842146764e-21
-4.170128293e-20
1.309136183e-20
-3.643594574e-20
1.83420019e-20
-3.046090927e-20
2.238616327e-20
-2.423682371e-20
2.520500979e-20
-1.809193596e-20
2.69042686e-20
-1.223387291e-20
2.765043067e-20
-6.778448504e-21
2.762482263e-20
-1.779091108e-21
2.699704082e-20
2.749602721e-21
2.591291996e-20
6.815247612e-21
2.449143632e-20
1.043685729e-20
2.282625469e-20
1.363823041e-20
2.098921139e-20
1.644411972e-20
1.903424552e-20
1.88781402e-20
1.700106959e-20
2.096171213e-20
1.491831066e-20
2.271359073e-20
1.280607634e-20
2.414970946e-20
1.067799837e-20
2.528317882e-20
8.542839583e-21
2.612435167e-20
6.405754151e-21
2.668090621e-20
4.269284286e-21
2.695792031e-20
2.134165483e-21
2.695781616e-20
-2.933083287e-33
2.21038783e-20
5.077452947e-21
1.509580317e-20
1.167155257e-19
1.130906955e-20
1.402007335e-19
8.047871234e-21
1.396149979e-19
4.932217408e-21
1.384213588e-19
1.680369385e-21
1.372599656e-19
-1.420458004e-21
1.37463981e-19
1.380171342e-19
-1.585483224e-09
1.977926207e-10
-1.46890505e-09
4.994337061e-10
-1.28726844e-09
7.861737541e-10
-1.042493854e-09
1.04255988e-09
-7.401358519e-10
1.255574659e-09
-3.925277968e-10
1.401404915e-09
-3.617499311e-11
1.428925919e-09
-1.171732889e-14
1.295786658e-10
-4.105099128e-20
2.929598063e-23
-3.944838505e-20
5.239129877e-21
-3.645064286e-20
1.009275776e-20
-3.239178437e-20
1.428180911e-20
-2.764206275e-20
1.763467505e-20
-2.25375649e-20
2.009834997e-20
-1.73457739e-20
2.170996125e-20
-1.225948095e-20
2.256131303e-20
-7.406230317e-21
2.276849032e-20
-2.863211961e-21
2.245074105e-20
1.32811908e-21
2.171817116e-20
5.150065983e-21
2.066600354e-20
8.599813994e-21
1.937302311e-20
1.168326453e-20
1.790234881e-20
1.441094379e-20
1.630329077e-20
1.679538127e-20
1.461355272e-20
1.884947781e-20
1.286138555e-20
2.058551276e-20
1.106751386e-20
2.201455068e-20
9.24677826e-21
2.314609339e-20
7.409497049e-21
2.398788181e-20
5.562579091e-21
2.454578741e-20
3.71043297e-21
2.482375482e-20
1.855720539e-21
2.482369018e-20
-3.317881815e-34
1.997441605e-20
4.648026581e-21
1.313374449e-20
1.138322645e-19
9.606910214e-21
1.349824038e-19
6.672598396e-21
1.33975316e-19
3.906289152e-21
1.326300559e-19
9.887492915e-22
1.316215758e-19
-1.766753125e-21
1.316646087e-19
1.319757492e-19
-1.28137978e-09
1.589321492e-10
-1.184893262e-09
4.029664354e-10
-1.034369072e-09
6.356762318e-10
-8.33359365e-10
8.415820038e-10
-5.882456272e-10
1.010497036e-09
-3.104723422e-10
1.123670173e-09
-2.698204717e-11
1.145475022e-09
-8.631127124e-15
1.026352264e-10
-3.582504358e-20
2.327802962e-23
-3.459476506e-20
4.008449774e-21
-3.226159151e-20
7.758734891e-21
-2.903891843e-20
1.105782586e-20
-2.517838783e-20
1.377241275e-20
-2.092595362e-20
1.584379706e-20
-1.649442212e-20
1.727596256e-20
-1.205230366e-20
1.811642339e-20
-7.723979587e-21
1.843714232e-20
-3.59578185e-21
1.831932467e-20
2.759514596e-22
1.784308834e-20
3.857085552e-21
1.708145657e-20
7.129139695e-21
1.609756108e-20
1.00842065e-20
1.494394567e-20
1.272120573e-20
1.36630891e-20
1.50432141e-20
1.228853302e-20
1.705560611e-20
1.084622713e-20
1.876477716e-20
9.355872995e-21
2.017726947e-20
7.832159422e-21
2.129917543e-20
6.285845253e-21
2.213573569e-20
4.724681723e-21
2.269107498e-20
3.15418887e-21
2.296803428e-20
1.578313526e-21
2.296584253e-20
2.101234426e-34
1.812396521e-20
4.217662285e-21
1.147708284e-20
1.107605842e-19
8.194707405e-21
1.295244571e-19
5.54074028e-21
1.280599935e-19
3.066954278e-21
1.26550917e-19
4.326585247e-22
1.257046254e-19
-2.039093264e-21
1.255861704e-19
1.256643482e-19
-1.033178986e-09
1.273992373e-10
-9.543408201e-10
3.241458336e-10
-8.310783093e-10
5.124358497e-10
-6.673748986e-10
6.779033607e-10
-4.693885935e-10
8.125384418e-10
-2.471083405e-10
9.014196684e-10
-2.074588076e-11
9.191427812e-10
-5.540834568e-15
8.191648158e-11
-3.182706575e-20
1.860931169e-23
-3.08444872e-20
3.025475284e-21
-2.896250054e-20
5.875908388e-21
-2.632433154e-20
8.418367201e-21
-2.310700352e-20
1.055338316e-20
-1.949378812e-20
1.222850093e-20
-1.565396129e-20
1.343371327e-20
-1.173158473e-20
1.41913272e-20
-7.841797237e-21
1.454438984e-20
-4.072018174e-21
1.454639364e-20
-4.856803163e-22
1.425347467e-20
2.873190062e-21
1.371925185e-20
5.975524286e-21
1.299189932e-20
8.803349927e-21
1.21128631e-20
1.134664966e-20
1.111666313e-20
1.36009082e-20
1.003133342e-20
1.556525198e-20
8.879179019e-21
1.724106359e-20
7.677646366e-21
1.86309553e-20
6.440192946e-21
1.97380119e-20
5.1770955e-21
2.056524284e-20
3.896167088e-21
2.111519964e-20
2.603376719e-21
2.138972076e-20
1.303382825e-21
2.138923628e-20
-5.877374701e-34
1.654556323e-20
3.792758255e-21
1.014262458e-20
1.074502858e-19
7.094147541e-21
1.238374307e-19
4.665961604e-21
1.219235778e-19
2.417707707e-21
1.202509045e-19
9.682882402e-24
1.195660514e-19
-2.242273459e-21
1.192925814e-19
1.19152065e-19
-8.31633458e-10
1.019895714e-10
-7.677483272e-10
2.602719635e-10
-6.675993367e-10
4.123005818e-10
-5.350052968e-10
5.453246961e-10
-3.754599865e-10
6.53010711e-10
-1.974081093e-10
7.233872127e-10
-1.623703385e-11
7.379917103e-10
-3.031782753e-15
6.569602166e-11
-2.880993415e-20
1.492149897e-23
-2.799406027e-20
2.209209153e-21
-2.642004173e-20
4.301057976e-21
-2.418931559e-20
6.18636945e-21
-2.143188575e-20
7.794279115e-21
-1.828857578e-20
9.083146499e-21
-1.489634736e-20
1.003910787e-20
-1.137852209e-20
1.06708376e-20
-7.839793434e-21
1.100276163e-20
-4.364937146e-21
1.106846039e-20
-1.01990313e-21
1.090524768e-20
2.145837531e-21
1.055026459e-20
5.096488061e-21
1.003801031e-20
7.807149954e-21
9.399032096e-21
1.026131995e-20
8.659452197e-21
1.244875381e-20
7.841038064e-21
1.436371933e-20
6.961577429e-21
1.600361017e-20
6.035394759e-21
1.736785786e-20
5.073914902e-21
1.845708349e-20
4.086219435e-21
1.927245247e-20
3.07956071e-21
1.981520574e-20
2.05981549e-21
2.008633793e-20
1.031877585e-21
2.008890836e-20
3.164849147e-34
1.527127071e-20
3.339393115e-21
9.15718196e-21
1.038564488e-19
6.312217381e-21
1.1795162e-19
4.046433184e-21
1.156293916e-19
1.949606129e-21
1.138040834e-19
-2.933058282e-22
1.132669828e-19
-2.388036773e-21
1.128463829e-19
1.124963049e-19
-6.685459518e-10
8.160068871e-11
-6.170521654e-10
2.087830186e-10
-5.361036563e-10
3.313581707e-10
-4.290988121e-10
4.383272415e-10
-3.007370907e-10
5.246580922e-10
-1.580283686e-10
5.806891547e-10
-1.283097378e-11
5.928056331e-10
-1.162293921e-15
5.287334133e-11
-2.660738818e-20
1.197131406e-23
-2.590221652e-20
1.503648169e-21
-2.453473025e-20
2.932747716e-21
-2.258140592e-20
4.231791418e-21
-2.014301836e-20
5.354245564e-21
-1.733261441e-20
6.270737189e-21
-1.426461762e-20
6.968784849e-21
-1.104659806e-20
7.450216436e-21
-7.774094673e-21
7.72743293e-21
-4.528149861e-21
7.819523003e-21
-1.374886214e-21
7.748883611e-21
1.633583245e-21
7.538646506e-21
4.457509851e-21
7.210944843e-21
7.067570055e-21
6.785901858e-21
9.442905818e-21
6.281174939e-21
1.156929317e-20
5.711886976e-21
1.343753666e-20
5.090784624e-21
1.504213031e-20
4.428506048e-21
1.638016239e-20
3.733896367e-21
1.745042476e-20
3.014338392e-21
1.825270725e-20
2.276071924e-21
1.878726784e-20
1.524480055e-21
1.905446035e-20
7.643338912e-22
1.905493259e-20
-7.003647645e-34
1.422142081e-20
2.906858676e-21
8.44137671e-21
9.993382749e-20
5.806735537e-21
1.118602055e-19
3.653294844e-21
1.09227501e-19
1.638749315e-21
1.072795786e-19
-4.995730384e-22
1.068679101e-19
-2.49357235e-21
1.063040352e-19
1.057372874e-19
-5.368900571e-10
6.527995234e-11
-4.955219871e-10
1.674156457e-10
-4.303183579e-10
2.661557387e-10
-3.441801571e-10
3.521911508e-10
-2.410307244e-10
4.215119393e-10
-1.266215818e-10
4.662843559e-10
-1.018375769e-11
4.763726136e-10
2.207785827e-16
4.269176176e-11
-2.510904745e-20
9.594778656e-24
-2.447312108e-20
8.673356469e-22
-2.323568655e-20
1.694498579e-21
-2.145895177e-20
2.453823232e-21
-1.922652674e-20
3.120206441e-21
-1.663456675e-20
3.676816037e-21
-1.378318604e-20
4.115134662e-21
-1.076938157e-20
4.433879271e-21
-7.6820046e-21
4.637310412e-21
-4.598789253e-21
4.733403841e-21
-1.585123319e-21
4.732213611e-21
1.305881581e-21
4.644595459e-21
4.032466866e-21
4.48132542e-21
6.562843135e-21
4.252559746e-21
8.873617855e-21
3.967566891e-21
1.094819082e-20
3.63466598e-21
1.277525808e-20
3.261281777e-21
1.434752063e-20
2.854041543e-21
1.566060441e-20
2.418886809e-21
1.671215829e-20
1.961198369e-21
1.750111538e-20
1.485926856e-21
1.802712167e-20
9.977118179e-22
1.829012646e-20
5.009766424e-22
1.82906177e-20
1.824740909e-34
1.347068679e-20
2.46718368e-21
8.027187002e-21
9.567989303e-20
5.553402266e-21
1.056125172e-19
3.458138588e-21
1.027719519e-19
1.458756294e-21
1.007444285e-19
-6.338915079e-22
1.004276826e-19
-2.575859118e-21
9.971418365e-20
9.889823394e-20
-4.30770588e-10
5.222902474e-11
-3.976024778e-10
1.342463666e-10
-3.45204166e-10
2.137561842e-10
-2.759877484e-10
2.829738691e-10
-1.931820689e-10
3.387058988e-10
-1.014642403e-10
3.745665648e-10
-8.087525216e-12
3.829959934e-10
1.241853641e-15
3.460191356e-11
-2.424592204e-20
7.790323687e-24
-2.364596146e-20
2.669931564e-22
-2.24763619e-20
5.240965201e-22
-2.079256856e-20
7.688202834e-22
-1.866991714e-20
9.959766875e-22
-1.619624813e-20
1.201233496e-21
-1.346444143e-20
1.381117386e-21
-1.056595043e-20
1.532924538e-21
-7.585911172e-21
1.654602747e-21
-4.599979483e-21
1.744651329e-21
-1.67274147e-21
1.802059683e-21
1.142611543e-21
1.826290612e-21
3.803701192e-21
1.817297839e-21
6.27785028e-21
1.775536551e-21
8.540716945e-21
1.701961389e-21
1.057480662e-20
1.598040235e-21
1.236801785e-20
1.46576373e-21
1.39123659e-20
1.307615053e-21
1.520291597e-20
1.126503699e-21
1.623688678e-20
9.256937822e-22
1.701290034e-20
7.087452396e-22
1.75303865e-20
4.794628131e-22
1.778914982e-20
2.418403903e-22
1.779100061e-20
3.012933066e-33
1.297042654e-20
2.023776684e-21
7.856988825e-21
9.110099677e-20
5.50770254e-21
9.924494765e-20
3.427308811e-21
9.630599316e-20
1.386288144e-21
9.425536742e-20
-7.138112842e-22
9.399935594e-20
-2.644361785e-21
9.311737325e-20
9.199287716e-20
-3.452803153e-10
4.180915979e-11
-3.187323315e-10
1.076966846e-10
-2.767031582e-10
1.717247664e-10
-2.211640864e-10
2.27432321e-10
-1.54756441e-10
2.722955765e-10
-8.124859167e-11
3.010557666e-10
-6.405073176e-12
3.081491598e-10
1.91881544e-15
2.819130884e-11
-2.398235981e-20
6.268195386e-24
-2.338886076e-20
-3.268821058e-22
-2.223163813e-20
-6.339136879e-22
-2.056541216e-20
-8.98588925e-22
-1.846466034e-20
-1.106316265e-21
-1.601636424e-20
-1.248929091e-21
-1.331263428e-20
-1.324767672e-21
-1.044427222e-20
-1.337838801e-21
-7.49586259e-21
-1.296407833e-21
-4.542571129e-21
-1.211391818e-21
-1.648510542e-21
-1.094846954e-21
1.13361877e-21
-9.587150015e-22
3.761939904e-21
-8.138842879e-22
6.204275118e-21
-6.696099918e-22
8.436795791e-21
-5.332463292e-22
1.044253011e-20
-4.101621929e-22
1.220986917e-20
-3.037785951e-22
1.373125454e-20
-2.157216633e-22
1.500210606e-20
-1.460630908e-22
1.601993824e-20
-9.35908733e-23
1.678361791e-20
-5.606490235e-23
1.729276407e-20
-3.04452368e-23
1.754730942e-20
-1.310080846e-23
1.754450079e-20
1.85280029e-33
1.276080003e-20
1.554354641e-21
7.932177126e-21
8.624226351e-20
5.63730816e-21
9.282752333e-20
3.536045699e-21
8.986530454e-20
1.409472408e-21
8.785625594e-20
-7.400664946e-22
8.762487101e-20
-2.693729694e-21
8.654808036e-20
8.504031014e-20
-2.763933007e-10
3.351950028e-11
-2.55189794e-10
8.649144214e-11
-2.215424523e-10
1.380747529e-10
-1.77037624e-10
1.82924035e-10
-1.238448067e-10
2.190985221e-10
-6.495689267e-11
2.421628573e-10
-5.039226891e-12
2.48225874e-10
2.206743991e-15
2.314466344e-11
-2.431195937e-20
5.076183827e-24
-2.369589449e-20
-9.433162689e-22
-2.249631337e-20
-1.83426557e-21
-2.07731395e-20
-2.622918811e-21
-1.860727316e-20
-3.273687318e-21
-1.609220282e-20
-3.76582165e-21
-1.33257054e-20
-4.093369572e-21
-1.040284125e-20
-4.263048227e-21
-7.410846575e-21
-4.290942976e-21
-4.426026265e-21
-4.19890383e-21
-1.512378589e-21
-4.011285097e-21
1.278449484e-21
-3.752356951e-21
3.9062142e-21
-3.44444131e-21
6.34063878e-21
-3.106801005e-21
8.559879927e-21
-2.755168305e-21
1.054891371e-20
-2.401667077e-21
1.22979261e-20
-2.054962821e-21
1.380091311e-20
-1.720580035e-21
1.505457828e-20
-1.40133855e-21
1.605746421e-20
-1.097836261e-21
1.680923758e-20
-8.089126309e-22
1.73101085e-20
-5.320631666e-22
1.756041023e-20
-2.638052764e-22
1.755773568e-20
-3.619936801e-34
1.275806063e-20
1.104249524e-21
8.168614227e-21
8.114923526e-20
5.893060378e-21
8.639529873e-20
3.763844921e-21
8.345702141e-20
1.529104373e-21
8.156970561e-20
-6.935181691e-22
8.132783771e-20
-2.701962348e-21
8.003791964e-20
7.808164172e-20
-2.209140071e-10
2.694534979e-11
-2.039983385e-10
6.957405583e-11
-1.771104943e-10
1.111839835e-10
-1.414844287e-10
1.472939066e-10
-9.894234887e-11
1.765513011e-10
-5.178580942e-11
1.950002387e-10
-3.917531446e-12
2.003508754e-10
2.073760212e-15
1.921930987e-11
-2.525744298e-20
4.159700831e-24
-2.458684554e-20
-1.614275346e-21
-2.328496661e-20
-3.136897225e-21
-2.142390801e-20
-4.485105616e-21
-1.909940749e-20
-5.599655803e-21
-1.641975074e-20
-6.44725576e-21
-1.349538406e-20
-7.019788979e-21
-1.0430736e-20
-7.329982846e-21
-7.318807428e-21
-7.405344203e-21
-4.238407532e-21
-7.281925015e-21
-1.253450443e-21
-6.998971871e-21
1.586365124e-21
-6.594914629e-21
4.243854505e-21
-6.104626887e-21
6.692271481e-21
-5.557905642e-21
8.913381154e-21
-4.978944975e-21
1.089561797e-20
-4.386417606e-21
1.263230889e-20
-3.793870223e-21
1.41201546e-20
-3.210297884e-21
1.535808056e-20
-2.640827429e-21
1.634638784e-20
-2.087435766e-21
1.708608704e-20
-1.549632107e-21
1.757836639e-20
-1.025064171e-21
1.782421551e-20
-5.100430982e-22
1.782077912e-20
-3.183628322e-34
1.302912764e-20
6.490448231e-22
8.628301503e-21
7.587251044e-20
6.28707871e-21
8.003294699e-20
4.122401839e-21
7.708846881e-20
1.762542877e-21
7.541256521e-20
-5.410895138e-22
7.511610461e-20
-2.638695979e-21
7.362119568e-20
7.118833798e-20
-1.761965049e-10
2.177245525e-11
-1.627112516e-10
5.608707888e-11
-1.412885958e-10
8.975833625e-11
-1.127886636e-10
1.187898083e-10
-7.88463043e-11
1.426037458e-10
-4.108965373e-11
1.572375814e-10
-2.98695653e-12
1.62241707e-10
1.543874486e-15
1.622564901e-11
-2.687347685e-20
3.466018893e-24
-2.610946884e-20
-2.378636633e-21
-2.4633175e-20
-4.613923867e-21
-2.253845819e-20
-6.580920016e-21
-1.994700745e-20
-8.192533294e-21
-1.699228396e-20
-9.403704816e-21
-1.380557793e-20
-1.020848707e-20
-1.050609736e-20
-1.063168084e-20
-7.195388239e-21
-1.071844037e-20
-3.955454389e-21
-1.052438371e-20
-8.493932003e-22
-1.010768588e-20
2.076652867e-21
-9.523614914e-21
4.790575749e-21
-8.821103393e-21
7.271232148e-21
-8.041086088e-21
9.505908523e-21
-7.216183374e-21
1.148816535e-20
-6.371178394e-21
1.321588123e-20
-5.523854122e-21
1.468962505e-20
-4.685966022e-21
1.591147223e-20
-3.864253912e-21
1.68841915e-20
-3.061430172e-21
1.761065498e-20
-2.277088371e-21
1.809338747e-20
-1.508497793e-21
1.833425861e-20
-7.512807394e-22
1.833528546e-20
1.144471876e-33
1.356513971e-20
1.666400935e-22
9.337288456e-21
7.0427619e-20
6.841728474e-21
7.382921777e-20
4.632581194e-21
7.0768579e-20
2.122069934e-21
6.941027961e-20
-2.634480555e-22
6.899046992e-20
-2.489985101e-21
6.73376034e-20
6.444580819e-20
-1.401406012e-10
1.777975464e-11
-1.293873389e-10
4.533218793e-11
-1.124033899e-10
7.277172543e-11
-8.958033157e-11
9.596321447e-11
-6.26033866e-11
1.1562258e-10
-3.232160886e-11
1.269511022e-10
-2.178033714e-12
1.320932234e-10
7.028092305e-16
1.404334357e-11
-2.925355882e-20
2.97065717e-24
-2.834475724e-20
-3.287781709e-21
-2.660017115e-20
-6.359219536e-21
-2.415007147e-20
-9.032082142e-21
-2.115817897e-20
-1.118580586e-20
-1.779706621e-20
-1.276648509e-20
-1.422877169e-20
-1.377870849e-20
-1.059285689e-20
-1.426974656e-20
-7.00133158e-21
-1.431226786e-20
-3.538756561e-21
-1.398937774e-20
-2.653222334e-22
-1.338370999e-20
2.779164388e-21
-1.257070436e-20
5.570593054e-21
-1.161495993e-20
8.096134862e-21
-1.056894321e-20
1.03509135e-20
-9.473313847e-21
1.233548962e-20
-8.358128792e-21
1.405376933e-20
-7.244368683e-21
1.551133716e-20
-6.145481438e-21
1.671429597e-20
-5.068823398e-21
1.76685333e-20
-4.016958322e-21
1.837924556e-20
-2.988794468e-21
1.885060452e-20
-1.980551306e-21
1.908553935e-20
-9.865681674e-22
1.908636545e-20
1.078778725e-34
1.429694233e-20
-2.892280354e-22
1.030206402e-20
6.475441516e-20
7.590570582e-21
6.784573812e-20
5.313672405e-21
6.452061204e-20
2.589202532e-21
6.362609139e-20
1.061402926e-22
6.296651336e-20
-2.293230003e-21
6.123096758e-20
5.790205639e-20
-1.108214713e-10
1.486798407e-11
-1.021920657e-10
3.670151199e-11
-8.895351554e-11
5.953140047e-11
-7.05950628e-11
7.760266371e-11
-4.941263907e-11
9.44378749e-11
-2.508531108e-11
1.026214024e-10
-1.523434061e-12
1.085290058e-10
-2.9604054e-16
1.251892562e-11
-3.254256789e-20
2.618726564e-24
-3.141619608e-20
-4.414485276e-21
-2.927303376e-20
-8.503065843e-21
-2.630379519e-20
-1.200234765e-20
-2.273885821e-20
-1.475208029e-20
-1.880928961e-20
-1.669767205e-20
-1.471980976e-20
-1.787006659e-20
-1.063537819e-20
-1.835630051e-20
-6.678441465e-21
-1.827146826e-20
-2.933088808e-21
-1.773707437e-20
5.476834006e-22
-1.686707168e-20
3.734908813e-21
-1.576060279e-20
6.616609771e-21
-1.449911391e-20
9.191764228e-21
-1.314631724e-20
1.146609856e-20
-1.174981576e-20
1.344924973e-20
-1.034346995e-20
1.515265657e-20
-8.949889448e-21
1.658799521e-20
-7.582717443e-21
1.776616104e-20
-6.248593154e-21
1.869669715e-20
-4.948793217e-21
1.938748872e-20
-3.680587228e-21
1.984458766e-20
-2.438345066e-21
2.007210751e-20
-1.214438495e-21
2.007236474e-20
-1.399267915e-33
1.528787991e-20
-7.461232815e-22
1.167508395e-20
5.870371973e-20
8.616400685e-21
6.221356164e-20
6.184061281e-21
5.843209187e-20
3.093591527e-21
5.821192208e-20
4.486791521e-22
5.71084392e-20
-2.165108399e-21
5.534278221e-20
5.148840122e-20
-8.772930676e-11
1.281145082e-11
-8.067534016e-11
2.964696443e-11
-7.039309526e-11
4.924877535e-11
-5.543444642e-11
6.264394205e-11
-3.88602316e-11
7.786389452e-11
-1.901254885e-11
8.277419091e-11
-8.587226966e-13
9.037585218e-11
-1.207922933e-15
1.166265247e-11
-3.695811399e-20
2.415079617e-24
-3.55047775e-20
-5.868141236e-21
-3.277231557e-20
-1.123618956e-20
-2.905352782e-20
-1.57221372e-20
-2.468444997e-20
-1.912247302e-20
-1.998168415e-20
-2.140203284e-20
-1.520604368e-20
-2.264756305e-20
-1.055054594e-20
-2.301394465e-20
-6.144047576e-21
-2.268025113e-20
-2.063086115e-21
-2.18203259e-20
1.654152292e-21
-2.05869225e-20
4.996397694e-21
-1.910568314e-20
7.969406432e-21
-1.747478436e-20
1.058826571e-20
-1.576752832e-20
1.287244437e-20
-1.403617004e-20
1.484283023e-20
-1.231596766e-20
1.651982858e-20
-1.062890466e-20
1.79221195e-20
-8.986833992e-21
1.906596098e-20
-7.394001228e-21
1.996490314e-20
-5.849020812e-21
2.062973088e-20
-4.346413046e-21
2.106849423e-20
-2.877799709e-21
2.128654601e-20
-1.432841937e-21
2.128666588e-20
-3.340586183e-33
1.650063729e-20
-1.201711032e-21
1.353762541e-20
5.20076738e-20
9.962667452e-21
5.710174262e-20
7.224971037e-21
5.26528724e-20
3.498973991e-21
5.343721112e-20
5.604961678e-22
5.154785839e-20
-2.295767592e-21
4.970100017e-20
4.49459989e-20
-6.75501572e-11
1.168062846e-11
-6.156152055e-11
2.365867502e-11
-5.433129261e-11
4.201977317e-11
-4.212577802e-11
5.044047169e-11
-3.01833859e-11
6.592418112e-11
-1.370138513e-11
6.629528421e-11
-3.614071444e-13
7.703924818e-11
-1.698460151e-15
1.130631376e-11
-4.282721992e-20
2.328499301e-24
-4.087282668e-20
-7.822844914e-21
-3.725826321e-20
-1.485140322e-20
-3.245386364e-20
-2.052752955e-20
-2.696400979e-20
-2.461363984e-20
-2.122721436e-20
-2.714041297e-20
-1.557242528e-20
-2.830416701e-20
-1.021685242e-20
-2.837168559e-20
-5.284122346e-21
-2.761526818e-20
-8.296827228e-22
-2.627692197e-20
3.135391651e-21
-2.455447643e-20
6.627296478e-21
-2.2600432e-20
9.676662472e-21
-2.052696709e-20
1.231962399e-20
-1.841304543e-20
1.459264675e-20
-1.631152234e-20
1.652989323e-20
-1.425539441e-20
1.816189925e-20
-1.226293215e-20
1.951495226e-20
-1.034169164e-20
2.06109414e-20
-8.491535876e-21
2.146751091e-20
-6.706862551e-21
2.209834422e-20
-4.978236624e-21
2.2513452e-20
-3.29359177e-21
2.271938795e-20
-1.639127819e-21
2.272099707e-20
-5.805503528e-33
1.792137695e-20
-1.642935665e-21
1.600219999e-20
4.427210323e-20
1.164158347e-20
5.277946272e-20
8.393318529e-21
4.738801907e-20
3.62561671e-21
4.970801594e-20
2.039233431e-22
4.647430736e-20
-2.900749044e-21
4.431143975e-20
3.780045801e-20
-5.361566189e-11
1.123872675e-11
-4.840116528e-11
1.844545436e-11
-4.326648314e-11
3.688766511e-11
-3.280132885e-11
3.997892295e-11
-2.405761404e-11
5.718476074e-11
-9.392396155e-12
5.163474847e-11
2.549021771e-13
6.739685352e-11
-1.469267899e-15
1.156703131e-11
-5.065099895e-20
2.314386283e-24
-4.790138605e-20
-1.057276524e-20
-4.293438954e-20
-1.981904728e-20
-3.653997392e-20
-2.692292981e-20
-2.949078292e-20
-3.166413382e-20
-2.239096841e-20
-3.424177397e-20
-1.563994386e-20
-3.505686843e-20
-9.460435005e-21
-3.455332481e-20
-3.945776132e-21
-3.313212813e-20
8.927628098e-22
-3.111738081e-20
5.089436083e-21
-2.875327524e-20
8.70076139e-21
-2.621427459e-20
1.179058413e-20
-2.361942687e-20
1.442114707e-20
-2.104613524e-20
1.664877468e-20
-1.85415272e-20
1.852235549e-20
-1.61312089e-20
2.008313976e-20
-1.382576859e-20
2.136510802e-20
-1.162547529e-20
2.239561472e-20
-9.523589514e-21
2.319613683e-20
-7.508655163e-21
2.378298907e-20
-5.566075169e-21
2.416791595e-20
-3.67919749e-21
2.435851577e-20
-1.830073812e-21
2.435881468e-20
-7.790030773e-33
1.957000013e-20
-2.090513802e-21
1.922455813e-20
3.496695365e-20
1.363029131e-20
4.969463326e-20
9.635044164e-21
4.287387756e-20
3.274128205e-21
4.757575093e-20
-8.253826479e-22
4.208227824e-20
-4.162322352e-21
3.915784031e-20
2.939511943e-20
-3.846389808e-11
1.18984189e-11
-3.391892624e-11
1.390237572e-11
-3.164731271e-11
3.461922005e-11
-2.28016174e-11
3.113723635e-11
-1.757978634e-11
5.196736526e-11
-4.541621213e-12
3.860114945e-11
1.38597166e-12
6.147379059e-11
-5.405072668e-16
1.295705503e-11
-6.122459549e-20
2.525876651e-24
-5.71476686e-20
-1.464999909e-20
-5.003827207e-20
-2.692908336e-20
-4.128117794e-20
-3.568097509e-20
-3.206842306e-20
-4.087815601e-20
-2.320606286e-20
-4.31056336e-20
-1.513640024e-20
-4.312799466e-20
-8.039238324e-21
-4.165264562e-20
-1.93102881e-21
-3.924253438e-20
3.256868376e-21
-3.630715543e-20
7.628436732e-21
-3.312679388e-20
1.129560911e-20
-2.988365901e-20
1.436387575e-20
-2.669002652e-20
1.692575511e-20
-2.361033449e-20
1.905909298e-20
-2.067713436e-20
2.08277958e-20
-1.790209625e-20
2.228343306e-20
-1.528343549e-20
2.34669938e-20
-1.281084138e-20
2.441054907e-20
-1.046868849e-20
2.513871683e-20
-8.238092491e-21
2.566986675e-20
-6.098208935e-21
2.601703963e-20
-4.027045553e-21
2.618858958e-20
-2.001966455e-21
2.618853819e-20
-9.700057014e-33
2.135527208e-20
-2.488784767e-21
2.333560157e-20
2.334008553e-20
1.586180393e-20
4.849296369e-20
1.088780682e-20
3.934209195e-20
2.212042024e-21
4.776193194e-20
-2.697320081e-21
3.850368618e-20
-6.238217047e-21
3.421176776e-20
1.891559963e-20
-2.704717859e-11
1.279857067e-11
-2.409221065e-11
1.094932987e-11
-2.371202994e-11
3.424171157e-11
-1.770969208e-11
2.513783664e-11
-1.498204903e-11
4.924257022e-11
-2.484556063e-12
2.610621104e-11
8.797981442e-14
5.890336048e-11
5.399732729e-16
1.304536168e-11
-7.58756168e-20
-2.654905486e-24
-6.942675534e-20
-2.10991621e-20
-5.87901638e-20
-3.756629551e-20
-4.647835886e-20
-4.799368466e-20
-3.429590065e-20
-5.306188819e-20
-2.322842392e-20
-5.417470257e-20
-1.36610512e-20
-5.269671002e-20
-5.629127086e-21
-4.968700327e-20
1.004350143e-21
-4.587853783e-20
6.437229918e-21
-4.174232779e-20
1.08715716e-20
-3.756347203e-20
1.44892416e-20
-3.350375532e-20
1.744356779e-20
-2.964674559e-20
1.985895524e-20
-2.602803099e-20
2.183413109e-20
-2.265454871e-20
2.344645656e-20
-1.951657183e-20
2.475602717e-20
-1.659500493e-20
2.580914669e-20
-1.386574471e-20
2.664114507e-20
-1.13022192e-20
2.727860038e-20
-8.876812095e-21
2.774103013e-20
-6.561618343e-21
2.804211873e-20
-4.328805425e-21
2.819055603e-20
-2.150743637e-21
2.818535219e-20
-1.258616584e-32
2.333531622e-20
-2.867736028e-21
2.868750153e-20
8.345291503e-21
1.828954072e-20
5.021896734e-20
1.205090932e-20
3.707842021e-20
3.027977185e-23
5.129644007e-20
-5.750829149e-21
3.580029171e-20
-9.45688937e-21
2.94342946e-20
5.21905821e-21
-1.944325724e-11
1.391698567e-11
-1.752392129e-11
9.031240264e-12
-1.87165645e-11
3.543545276e-11
-1.358696612e-11
2.000882532e-11
-1.289911384e-11
4.855463723e-11
2.312375266e-12
1.089398018e-11
2.756801491e-12
5.845749935e-11
1.026689603e-15
1.579879897e-11
-9.697024199e-20
-7.888767764e-23
-8.589389009e-20
-3.217580868e-20
-6.921755295e-20
-5.424325806e-20
-5.154656239e-20
-6.56655791e-20
-3.540871504e-20
-6.920114544e-20
-2.175043137e-20
-6.783480795e-20
-1.065134444e-20
-6.379713684e-20
-1.820661652e-21
-5.852013958e-20
5.140560183e-21
-5.284241266e-20
1.061608568e-20
-4.722037266e-20
1.493128831e-20
-4.188125286e-20
1.834625134e-20
-3.692132915e-20
2.106228239e-20
-3.236529084e-20
2.323243752e-20
-2.820057081e-20
2.497210798e-20
-2.43964956e-20
2.636802346e-20
-2.091464373e-20
2.748528738e-20
-1.771425577e-20
2.83726722e-20
-1.475489799e-20
2.906655217e-20
-1.199762049e-20
2.959379413e-20
-9.405311527e-21
2.997384305e-20
-6.942641479e-21
3.022018051e-20
-4.575809479e-21
3.034129967e-20
-2.272199971e-21
3.033933051e-20
-1.753084239e-32
2.546084307e-20
-3.217235338e-21
3.561374012e-20
-1.144643007e-20
2.072236811e-20
5.644175233e-20
1.280389762e-20
3.649789048e-20
-4.128107462e-21
5.974562125e-20
-1.082890115e-20
3.401987596e-20
-1.461843294e-20
2.474358116e-20
-1.363744949e-20
2.790985065e-12
1.448301114e-11
-1.1001755e-12
1.292240403e-11
-5.533523754e-12
3.986771182e-11
-8.635369203e-12
2.310841925e-11
-1.293518865e-11
5.285118613e-11
7.86743411e-13
-2.831858916e-12
-3.421515548e-12
6.26616122e-11
9.322083958e-16
1.237239963e-11
-1.290657826e-19
-6.827092878e-22
-1.079613443e-19
-5.328055432e-20
-8.063987399e-20
-8.156541887e-20
-5.508212873e-20
-9.122421032e-20
-3.404237756e-20
-9.024245245e-20
-1.771276026e-20
-8.416591005e-20
-5.374347179e-21
-7.6136817e-20
3.857065262e-21
-6.775310913e-20
1.076260019e-20
-5.974962356e-20
1.595520548e-20
-5.241486103e-20
1.989121202e-20
-4.581945533e-20
2.290228965e-20
-3.993478845e-20
2.522700241e-20
-3.469240492e-20
2.703651273e-20
-3.001243065e-20
2.845395985e-20
-2.581621432e-20
2.956841142e-20
-2.203124671e-20
3.044464516e-20
-1.859246504e-20
3.11299497e-20
-1.544195869e-20
3.165886114e-20
-1.252804423e-20
3.205646418e-20
-9.804165728e-21
3.234067505e-20
-7.22782109e-21
3.252379002e-20
-4.759586163e-21
3.261349964e-20
-2.362243962e-21
3.261076847e-20
-1.993019656e-32
2.771739591e-20
-3.549921421e-21
4.434944105e-20
-3.771372437e-20
2.255856148e-20
6.956731678e-20
1.236457116e-20
3.819602949e-20
-1.182164346e-20
7.545214653e-20
-1.956952071e-20
3.328967457e-20
-2.323241794e-20
1.99293649e-20
-4.110644967e-20
-6.16258564e-12
1.526013779e-11
-9.173663697e-12
1.59321003e-11
-1.386561049e-11
4.455658929e-11
-1.677392139e-11
2.601229207e-11
-2.43913179e-11
6.046322731e-11
-1.005338628e-11
-1.717525316e-11
-2.053364972e-11
7.313741241e-11
1.173882302e-15
-8.165396345e-12
-1.816594399e-19
-9.421955742e-21
-1.362462303e-19
-9.86940978e-20
-9.029866544e-20
-1.275137052e-19
-5.410037086e-20
-1.274230003e-19
-2.796583516e-20
-1.163787876e-19
-9.683667212e-21
-1.024483838e-19
3.009360697e-21
-8.883132254e-20
1.186055084e-20
-7.660634096e-20
1.809736272e-20
-6.59884537e-20
2.255061117e-20
-5.687022079e-20
2.57758789e-20
-4.904699993e-20
2.814467318e-20
-4.230593727e-20
2.990697669e-20
-3.645705867e-20
3.123272906e-20
-3.134049823e-20
3.223892746e-20
-2.682466296e-20
3.300719308e-20
-2.28016443e-20
3.359515152e-20
-1.918238021e-20
3.404386416e-20
-1.589241293e-20
3.438273964e-20
-1.286842274e-20
3.463280882e-20
-1.005547979e-20
3.480890998e-20
-7.40488553e-21
3.492113222e-20
-4.872465309e-21
3.49757436e-20
-2.417186842e-21
3.497650502e-20
-2.393413086e-32
3.013169763e-20
-3.930129128e-21
5.460699684e-20
-7.182090596e-20
2.22319398e-20
9.328014098e-20
9.171602388e-21
4.276349505e-20
-2.534820024e-20
1.014952283e-19
-3.416028865e-20
3.362664896e-20
-3.719410773e-20
1.448903878e-20
-8.253573875e-20
4.371797524e-11
1.830168894e-11
2.909546585e-11
3.055223594e-11
8.16438661e-12
6.548360818e-11
-1.593704067e-11
5.010865102e-11
-3.257981363e-11
7.710058135e-11
-6.20798368e-12
-4.355208072e-11
-2.523627879e-11
9.216245527e-11
1.827031609e-15
-3.340488733e-11
-2.709358173e-19
-9.690995086e-20
-1.650658117e-19
-2.045643938e-19
-9.020796052e-20
-2.023721743e-19
-4.30561582e-20
-1.745745719e-19
-1.403543129e-20
-1.454024549e-19
3.933394016e-21
-1.2041954e-19
1.523434227e-20
-1.001346337e-19
2.24784381e-20
-8.385273077e-20
2.721559562e-20
-7.072776851e-20
3.037383203e-20
-6.003068706e-20
3.251694156e-20
-5.119244554e-20
3.399355178e-20
-4.378490886e-20
3.502353713e-20
-3.748938374e-20
3.574856434e-20
-3.206782774e-20
3.626194612e-20
-2.734027713e-20
3.662645717e-20
-2.316826413e-20
3.68851188e-20
-1.944297593e-20
3.706785436e-20
-1.607687341e-20
3.719568259e-20
-1.299774358e-20
3.728340308e-20
-1.014443809e-20
3.73413302e-20
-7.46376993e-21
3.737641069e-20
-4.908197642e-21
3.739293045e-20
-2.434035085e-21
3.739187241e-20
-2.789246125e-32
3.26075263e-20
-4.36861112e-21
6.486758412e-20
-1.137096886e-19
1.652788753e-20
1.329604759e-19
6.157665583e-22
5.018555741e-20
-4.741520572e-20
1.410522809e-19
-5.652533522e-20
3.426446019e-20
-5.792693038e-20
7.419286812e-21
-1.446965424e-19
1.969716598e-11
1.412598242e-11
1.376017096e-11
3.648666561e-11
1.104484458e-11
6.819515998e-11
-2.47124074e-11
8.586172253e-11
-7.770133248e-11
1.30085692e-10
-2.9840194e-10
1.771449919e-10
-4.018816522e-10
1.956390138e-10
1.289299276e-15
-4.352877948e-10
-3.78560425e-19
-4.975049434e-19
-1.628737945e-19
-4.202512368e-19
-6.241035817e-20
-3.028364193e-19
-1.388404117e-20
-2.231024378e-19
1.094748355e-20
-1.702337675e-19
2.421830036e-20
-1.336909759e-19
3.151624519e-20
-1.074339803e-19
3.560340037e-20
-8.794160378e-20
3.791267706e-20
-7.303898421e-20
3.921207355e-20
-6.133224464e-20
3.992447825e-20
-5.190714538e-20
4.02890769e-20
-4.41518412e-20
4.044509313e-20
-3.764772793e-20
4.047611495e-20
-3.210114417e-20
4.043395911e-20
-2.730033848e-20
4.035174537e-20
-2.308813687e-20
4.025122132e-20
-1.93443641e-20
4.014698418e-20
-1.5974345e-20
4.004898808e-20
-1.290122949e-20
3.996407124e-20
-1.006075129e-20
3.989690249e-20
-7.397551649e-21
3.985057325e-20
-4.86251463e-21
3.982696553e-20
-2.410752553e-21
3.982709213e-20
-2.865734478e-32
3.517148303e-20
-4.936091633e-21
7.218044539e-20
-1.60344421e-19
4.468710049e-22
1.960373272e-19
-1.714263346e-20
5.928763507e-20
-8.099047047e-20
1.964288183e-19
-8.771007676e-20
3.251436064e-20
-8.557032243e-20
-3.189201481e-21
-2.344995269e-19
9.449879488e-11
1.79638398e-11
4.70325594e-11
8.395090899e-11
7.06400135e-12
1.081611111e-10
-9.024935169e-11
1.831723836e-10
-1.190143225e-10
1.588486281e-10
-8.091521486e-11
1.39043539e-10
-1.310440424e-10
2.457637154e-10
1.083030256e-16
-5.66330241e-10
-3.014033818e-19
-1.905618608e-18
-4.545876738e-20
-6.761966711e-19
1.73236233e-20
-3.656162781e-19
3.898462915e-20
-2.447648221e-19
4.749027519e-20
-1.787408552e-19
5.047529593e-20
-1.366777139e-19
5.100862172e-20
-1.079691368e-19
5.050601994e-20
-8.744084174e-20
4.961941663e-20
-7.215436795e-20
4.863717281e-20
-6.035215757e-20
4.767978243e-20
-5.095201276e-20
4.679319016e-20
-4.326755032e-20
4.599167689e-20
-3.684852633e-20
4.527692064e-20
-3.138867012e-20
4.464616073e-20
-2.667177755e-20
4.409551814e-20
-2.253955857e-20
4.362124043e-20
-1.887197877e-20
4.322009968e-20
-1.557489869e-20
4.288946628e-20
-1.257206813e-20
4.262727088e-20
-9.799777699e-21
4.243193951e-20
-7.203163188e-21
4.230233532e-20
-4.73355045e-21
4.223771808e-20
-2.346456866e-21
4.223749644e-20
-3.071316307e-32
3.767252144e-20
-5.590596572e-21
7.258356069e-20
-2.048784854e-19
-3.093019144e-20
2.908967775e-19
-4.822973932e-20
6.810217819e-20
-1.290090533e-19
2.687392493e-19
-1.277919753e-19
2.28299832e-20
-1.18705427e-19
-2.074207944e-20
-3.574365171e-19
1.129946875e-10
1.763416111e-12
1.312842531e-10
6.566016598e-11
1.714253023e-10
6.801864887e-11
1.9739853e-10
1.571977852e-10
1.764814243e-10
1.797648357e-10
4.35230474e-10
-1.197063842e-10
5.663307859e-10
1.146631961e-10
-1.19769182e-18
-3.864916054e-21
9.278861685e-19
-3.366489578e-18
2.651230092e-19
-1.343686843e-20
1.381750794e-19
-2.386685534e-19
1.05008596e-19
-2.115987235e-19
8.955341648e-20
-1.632866173e-19
7.918387301e-20
-1.263095806e-19
7.153691678e-20
-1.003238153e-19
6.579249373e-20
-8.169822677e-20
6.142162701e-20
-6.778550459e-20
5.803731763e-20
-5.696999746e-20
5.536424487e-20
-4.828117218e-20
5.321221416e-20
-4.111779956e-20
5.14515331e-20
-3.509014178e-20
4.999381321e-20
-2.993321498e-20
4.87783797e-20
-2.545852066e-20
4.776309795e-20
-2.152631851e-20
4.69183205e-20
-1.802907583e-20
4.622293025e-20
-1.488119046e-20
4.566175671e-20
-1.201235725e-20
4.522388539e-20
-9.36311957e-21
4.490155225e-20
-6.881764701e-21
4.468942891e-20
-4.52206037e-21
4.458417495e-20
-2.241520595e-21
4.458503502e-20
-3.415846917e-32
3.990907267e-20
-6.133475497e-21
6.296737196e-20
-2.375572991e-19
-7.918155038e-20
4.243936407e-19
-9.464558395e-20
7.508340838e-20
-1.928042788e-19
3.584312625e-19
-1.759272123e-19
-2.512187292e-21
-1.545236413e-19
-5.060979161e-20
-5.161907431e-19
1.448503917e-10
-1.455729006e-12
4.416017915e-11
1.663496848e-10
-2.227056951e-11
1.344483017e-10
-3.342261155e-10
4.691526081e-10
-1.928297079e-10
3.836822548e-11
-7.301383903e-10
4.1760041e-10
-1.215417192e-09
5.999379625e-10
-2.870116315e-10
-9.284077994e-10
4.029656309e-17
-2.870116774e-10
3.988836063e-20
-9.015292051e-19
1.652421233e-19
-3.640226433e-19
1.533207023e-19
-1.996779814e-19
1.265304531e-19
-1.364974428e-19
1.051696384e-19
-1.049501233e-19
9.016250529e-20
-8.531824495e-20
7.970521592e-20
-7.124273542e-20
7.223713414e-20
-6.031942079e-20
6.67261429e-20
-5.14611372e-20
6.252761749e-20
-4.408486279e-20
5.923987194e-20
-3.783232467e-20
5.66084599e-20
-3.246101544e-20
5.446850752e-20
-2.779550914e-20
5.271058186e-20
-2.370274903e-20
5.126034062e-20
-2.007809847e-20
5.006620587e-20
-1.683680063e-20
4.909176346e-20
-1.39084195e-20
4.83109944e-20
-1.123304186e-20
4.770524026e-20
-8.758569525e-21
4.726125658e-20
-6.43870683e-21
4.696996868e-20
-4.231398645e-21
4.682569554e-20
-2.097561218e-21
4.682338575e-20
-3.35522423e-32
4.164152562e-20
-6.166761669e-21
4.39292545e-20
-2.494632821e-19
-1.375955156e-19
5.972684348e-19
-1.526246269e-19
8.163173567e-20
-2.679386376e-19
4.652805965e-19
-2.282540942e-19
-5.065983076e-20
-1.886201576e-19
-9.870587771e-20
-7.090406055e-19
2.873920178e-10
-4.775459826e-11
3.465928869e-10
1.071485127e-10
4.522976662e-10
2.874255775e-11
3.377427724e-10
5.83706414e-10
-1.575423789e-10
5.336537608e-10
-2.50498461e-09
2.765040544e-09
-4.702832537e-09
2.797781265e-09
-2.222773452e-09
-3.408470715e-09
5.822741345e-18
-2.509785018e-09
5.772940006e-19
-2.594748034e-19
3.295894083e-19
-1.163182534e-19
2.16501241e-19
-8.659059022e-20
1.580777726e-19
-7.807506793e-20
1.248015167e-19
-7.167518343e-20
1.042380148e-19
-6.475629125e-20
9.062853055e-20
-5.76350442e-20
8.109541773e-20
-5.078828911e-20
7.41024173e-20
-4.447024794e-20
6.878015561e-20
-3.876480622e-20
6.461118118e-20
-3.366561435e-20
6.12739662e-20
-2.912607429e-20
5.856126764e-20
-2.50850382e-20
5.633523242e-20
-2.147884734e-20
5.450163846e-20
-1.82465092e-20
5.2994587e-20
-1.533159725e-20
5.176714109e-20
-1.268263623e-20
5.078546673e-20
-1.025281237e-20
5.002510295e-20
-7.999400292e-21
4.946856476e-20
-5.883085224e-21
4.910380611e-20
-3.867258986e-21
4.892325676e-20
-1.91732182e-21
4.892442451e-20
-3.273891102e-32
4.303064839e-20
-5.487816985e-21
2.073037429e-20
-2.367792335e-19
-1.89781846e-19
7.991325518e-19
-2.097309608e-19
9.310193651e-20
-3.42692195e-19
5.897789752e-19
-2.77806477e-19
-1.240068441e-19
-2.161786451e-19
-1.68794068e-19
-9.29448162e-19
1.74625019e-10
-2.76776768e-11
9.414898178e-11
1.876248206e-10
-9.331098081e-11
2.162044358e-10
-7.118658189e-10
1.202262408e-09
-2.109527274e-09
1.931313115e-09
-6.203981986e-09
6.859490559e-09
-5.596881222e-09
2.190687826e-09
1.398166359e-09
-1.040351636e-08
5.208924409e-18
-1.111618651e-09
7.198825934e-19
8.684988642e-19
3.593174354e-19
2.442466727e-19
2.250167633e-19
4.770939945e-20
1.644776571e-19
-1.753696627e-20
1.317204089e-19
-3.891922648e-20
1.113592619e-19
-4.439669419e-20
9.747528564e-20
-4.375284279e-20
8.74134589e-20
-4.072841495e-20
7.980785902e-20
-3.686673749e-20
7.387934748e-20
-3.283848666e-20
6.915072123e-20
-2.893923912e-20
6.531500229e-20
-2.529261079e-20
6.216745849e-20
-2.193970084e-20
5.956757057e-20
-1.888107463e-20
5.741655041e-20
-1.609748096e-20
5.564354802e-20
-1.356043422e-20
5.419696496e-20
-1.123770798e-20
5.303887881e-20
-9.096162128e-21
5.214141802e-20
-7.103124116e-21
5.1484391e-20
-5.226965457e-21
5.105374328e-20
-3.437223262e-21
5.084057858e-20
-1.704463519e-21
5.084182917e-20
-2.996367459e-32
4.493912325e-20
-4.802945966e-21
-7.542077862e-21
-1.939124094e-19
-2.277195904e-19
1.010663449e-18
-2.5559749e-19
1.125024466e-19
-3.981131449e-19
7.238333226e-19
-3.148368692e-19
-2.157428581e-19
-2.353786201e-19
-2.567111118e-19
-1.169055005e-18
5.221464479e-10
-1.378312799e-10
8.377962309e-10
-1.280261565e-10
1.543938508e-09
-4.899361907e-10
2.753726308e-09
-7.523202247e-12
5.094402769e-09
-4.09369466e-10
9.615889528e-09
2.338002713e-09
1.106167711e-08
7.448960331e-10
4.537313032e-09
-3.879157478e-09
-6.722198795e-19
3.425695817e-09
9.525636968e-20
4.897058533e-19
1.627800546e-19
1.767226431e-19
1.597703975e-19
5.071838793e-20
1.430953969e-19
-8.6294055e-22
1.262429412e-19
-2.206804669e-20
1.120031133e-19
-3.015841335e-20
1.004997135e-19
-3.225120698e-20
9.127513636e-20
-3.150577604e-20
8.383610985e-20
-2.942978906e-20
7.777859502e-20
-2.678315174e-20
7.279734956e-20
-2.396022681e-20
6.866791224e-20
-2.116540645e-20
6.52260847e-20
-1.850005849e-20
6.235116423e-20
-1.600825372e-20
5.995359715e-20
-1.37018958e-20
5.796627427e-20
-1.15749433e-20
5.63385108e-20
-9.611591403e-21
5.503191682e-20
-7.790994498e-21
5.401757668e-20
-6.089958312e-21
5.327413319e-20
-4.484420012e-21
5.278650302e-20
-2.950198463e-21
5.25450421e-20
-1.463305757e-21
5.254416687e-20
-2.503305329e-32
4.815736704e-20
-5.6310373e-21
-7.123405115e-20
-8.41338699e-20
-3.056079581e-19
1.236392167e-18
-3.480349482e-19
1.464533642e-19
-4.474685188e-19
8.148068951e-19
-3.275625469e-19
-3.441072668e-19
-2.366454126e-19
-3.560857232e-19
-1.409928085e-18
2.042115621e-10
-1.384659089e-10
4.531662952e-10
-3.769810658e-10
7.603376496e-10
-7.97107545e-10
2.274897601e-09
-1.52208082e-09
4.611877953e-09
-2.746359967e-09
1.059093239e-08
-3.641053145e-09
1.31265875e-08
-1.790743953e-09
-4.718313995e-11
9.294608527e-09
-1.064826539e-18
3.378512838e-09
-2.170186827e-19
-3.253372158e-19
3.677569607e-20
-7.707205545e-20
1.081890691e-19
-2.069563744e-20
1.218902907e-19
-1.456517118e-20
1.181525745e-19
-1.833161653e-20
1.099103196e-19
-2.191769994e-20
1.012451444e-19
-2.358778845e-20
9.335112335e-20
-2.361368669e-20
8.648274717e-20
-2.25634823e-20
8.060151994e-20
-2.090408917e-20
7.559216993e-20
-1.895308804e-20
7.13332602e-20
-1.690870628e-20
6.771788947e-20
-1.488685372e-20
6.465752215e-20
-1.294997302e-20
6.208054965e-20
-1.112689661e-20
5.992962616e-20
-9.425844058e-21
5.815910771e-20
-7.842710769e-21
5.673295301e-20
-6.366255617e-21
5.562311498e-20
-4.981284023e-21
5.480835474e-20
-3.670548837e-21
5.427339572e-20
-2.415838619e-21
5.400834786e-20
-1.198558074e-21
5.400993092e-20
-2.277203643e-32
5.101367986e-20
-7.848625372e-21
-2.371751339e-19
1.94443251e-19
-5.139315587e-19
1.504504551e-18
-5.772762858e-19
2.013230653e-19
-5.733906464e-19
8.024623281e-19
-3.632276155e-19
-5.62727666e-19
-2.169063525e-19
-5.108633841e-19
-1.631061689e-18
8.243213184e-11
-1.594632729e-10
3.872695198e-10
-6.818156578e-10
7.621420284e-10
-1.171982531e-09
2.033674488e-09
-2.793608785e-09
3.929078644e-09
-4.641758835e-09
6.98657661e-09
-6.698551219e-09
5.651885538e-09
-4.560642082e-10
-2.25628493e-09
1.720278198e-08
1.37326942e-18
1.122227293e-09
3.205974447e-20
-4.882464411e-19
9.315215463e-20
-1.381647681e-19
1.143195353e-19
-4.186367136e-20
1.181238454e-19
-1.837048021e-20
1.145664911e-19
-1.477553861e-20
1.082402311e-19
-1.559296713e-20
1.012192462e-19
-1.656854719e-20
9.440132774e-20
-1.679768772e-20
8.81421403e-20
-1.630634826e-20
8.255252107e-20
-1.531661279e-20
7.763655169e-20
-1.403930522e-20
7.335511277e-20
-1.262945456e-20
6.965477017e-20
-1.118866035e-20
6.648059856e-20
-9.777876548e-21
6.37816022e-20
-8.429864467e-21
6.151275945e-20
-7.158816029e-21
5.963556286e-20
-5.967141004e-21
5.81179246e-20
-4.850021436e-21
5.693385017e-20
-3.798362381e-21
5.606306496e-20
-2.800643909e-21
5.549067627e-20
-1.844043194e-21
5.520690593e-20
-9.150850702e-22
5.520768844e-20
-1.961417276e-32
4.804265638e-20
-5.893655935e-21
-5.540757714e-19
7.869508581e-19
-8.560598267e-19
1.797845533e-18
-9.108311475e-19
2.47620295e-19
-8.047708333e-19
6.879439797e-19
-5.262321679e-19
-8.497228274e-19
-2.557791454e-19
-7.897719386e-19
-1.891067784e-18
-8.303223779e-10
-1.561499125e-11
-1.373956868e-09
-1.381752693e-10
-2.466620726e-09
-7.931804693e-11
-4.880543949e-09
-3.796932775e-10
-1.008219411e-08
5.598923219e-10
-1.628158776e-08
-4.991428877e-10
-1.633129107e-08
-4.06366986e-10
-1.122227286e-09
1.993718705e-09
2.901286022e-19
3.330933685e-18
3.823558753e-19
2.493723774e-19
1.894532262e-19
5.473754429e-20
1.378127265e-19
9.776121617e-21
1.21718787e-19
-2.277551378e-21
1.137490626e-19
-6.807099835e-21
1.072646511e-19
-9.110085292e-21
1.009901057e-19
-1.029573898e-20
9.48926672e-20
-1.070215454e-20
8.913187577e-20
-1.054758953e-20
8.382982864e-20
-1.001668402e-20
7.904640235e-20
-9.258041513e-21
7.479590697e-20
-8.381126485e-21
7.106555397e-20
-7.460441564e-21
6.782861064e-20
-6.542996443e-21
6.505265064e-20
-5.655857292e-21
6.270443448e-20
-4.812402175e-21
6.075268243e-20
-4.017002439e-21
5.916958366e-20
-3.268313679e-21
5.793156864e-20
-2.561488759e-21
5.701966568e-20
-1.88961242e-21
5.641963439e-20
-1.244599307e-21
5.6121991e-20
-6.177360685e-22
5.612089584e-20
-9.991089069e-33
3.196039558e-20
1.305665017e-20
-8.972875833e-19
1.706588732e-18
-1.092524542e-18
1.984439866e-18
-1.039769742e-18
1.863920049e-19
-7.417008707e-19
3.814176609e-19
-4.546602618e-19
-1.14521935e-18
-1.800073177e-19
-1.07287982e-18
-2.075301877e-18
-3.782204449e-10
-2.479096346e-11
-3.80240878e-10
-1.361530549e-10
-3.990793494e-10
-6.046831415e-11
-7.285857444e-10
-5.017667026e-11
-1.405965261e-09
1.237267144e-09
-2.462270224e-09
5.571657558e-10
-1.993716802e-09
-8.749181386e-10
-7.274502068e-19
9.706764719e-21
2.469635282e-19
8.870621069e-19
1.877200589e-19
3.086158468e-19
1.44491798e-19
9.796534002e-20
1.257590535e-19
2.850811491e-20
1.171892385e-19
6.29124007e-21
1.114460771e-19
-1.06522759e-21
1.060789974e-19
-3.744531135e-21
1.005836901e-19
-4.802156712e-21
9.504723221e-20
-5.167583288e-21
8.966278128e-20
-5.165148874e-21
8.458847115e-20
-4.944469207e-21
7.992331737e-20
-4.595029424e-21
7.57165919e-20
-4.176550771e-21
7.198299909e-20
-3.728968036e-21
6.871574979e-20
-3.277796191e-21
6.589610576e-20
-2.838151226e-21
6.349983422e-20
-2.417917192e-21
6.150137119e-20
-2.020137152e-21
5.987640858e-20
-1.644727666e-21
5.860344498e-20
-1.289654521e-21
5.766467879e-20
-9.517085691e-22
5.704649763e-20
-6.269993886e-22
5.673972707e-20
-3.112566491e-22
5.673631822e-20
5.994697109e-35
2.655397711e-20
3.802961967e-20
-3.392880118e-19
2.062821929e-18
3.11956336e-19
1.324553967e-18
2.967224676e-19
1.931535767e-19
6.354953174e-19
3.418858638e-20
6.828909087e-19
-1.201069636e-18
3.97270892e-19
-7.957135239e-19
-1.682256844e-18
-6.726999929e-10
-8.088555373e-10
-8.693293745e-10
-9.195059037e-10
3.177560236e-10
8.749157705e-10
2.792169458e-18
-1.218608171e-18
-3.315460645e-19
-2.293040811e-20
7.503457286e-20
1.035421786e-19
1.098327709e-19
1.087667736e-19
1.050213718e-19
1.002182635e-19
9.504966663e-20
8.988346094e-20
8.493791093e-20
8.034179603e-20
7.616417463e-20
7.243417093e-20
6.915539476e-20
6.631633979e-20
6.389761426e-20
6.187678067e-20
6.023148172e-20
5.894139093e-20
5.798938797e-20
5.736224037e-20
5.705098372e-20
5.704899249e-20
8.987012764e-20
2.148294677e-18
3.468605748e-18
3.65753105e-18
3.687492745e-18
2.482196321e-18
1.682256844e-18
)
;

boundaryField
{
    lowerWall
    {
        type            calculated;
        value           uniform 0;
    }
    atmosphere
    {
        type            calculated;
        value           nonuniform List<scalar> 
80
(
1.648635864e-09
1.813797901e-09
2.211835121e-09
2.800371796e-09
3.786883313e-09
6.907286846e-09
1.382277305e-08
1.669412945e-08
7.472474511e-09
-3.818615524e-09
-7.661619052e-09
-8.508677042e-09
-8.339305721e-09
-7.68115337e-09
-6.78204812e-09
-5.560427842e-09
-4.022282605e-09
-2.267563659e-09
-1.047694774e-09
-4.861993171e-10
-2.765468601e-09
-3.404796199e-09
-4.691430954e-09
-5.548579112e-09
-6.403247047e-09
-6.790515925e-09
-6.910347753e-09
-6.829453555e-09
-6.571976713e-09
-6.028192702e-09
-5.112078987e-09
-3.681246961e-09
-1.558298516e-09
1.304871216e-09
4.228278312e-09
5.826163516e-09
6.556952919e-09
6.622411629e-09
6.284380026e-09
5.707166616e-09
5.014838849e-09
4.298501288e-09
3.616845841e-09
3.001849222e-09
2.466558671e-09
2.012073341e-09
1.632848617e-09
1.320246134e-09
1.06471875e-09
8.570484761e-10
6.889373866e-10
5.532111521e-10
4.438208558e-10
3.556992993e-10
2.846821571e-10
2.274874506e-10
1.813687332e-10
1.441326625e-10
1.13732696e-10
8.978551225e-11
6.868099193e-11
5.405796571e-11
3.780492632e-11
2.614786548e-11
1.832551458e-11
-3.356782752e-12
5.385102136e-12
-4.676040236e-11
-1.552256038e-11
-9.833761814e-11
-9.67948693e-11
-1.416315183e-10
-2.410933156e-10
-1.94702401e-10
-4.119936705e-10
-2.035759945e-10
-6.143224264e-11
6.864757348e-10
3.873962561e-10
6.479130235e-10
)
;
    }
    rightWall
    {
        type            empty;
    }
    leftWall
    {
        type            empty;
    }
    frontAndBack
    {
        type            calculated;
        value           nonuniform List<scalar> 
80
(
0
0
0
0
0
0
0
0
0
0
0
0
0
0
0
0
0
0
0
0
0
0
0
0
0
0
0
0
0
0
0
0
0
1.925929944e-34
0
0
0
0
0
0
0
0
0
0
0
0
0
0
0
0
0
0
0
0
0
0
0
0
0
0
0
0
0
0
0
0
0
0
0
0
0
0
0
0
0
1.925929944e-34
0
-1.925929944e-34
0
0
)
;
    }
}


// ************************************************************************* //
