/*--------------------------------*- C++ -*----------------------------------*\
| =========                 |                                                 |
| \\      /  F ield         | OpenFOAM: The Open Source CFD Toolbox           |
|  \\    /   O peration     | Version:  2506                                  |
|   \\  /    A nd           | Website:  www.openfoam.com                      |
|    \\/     M anipulation  |                                                 |
\*---------------------------------------------------------------------------*/
FoamFile
{
    version     2.0;
    format      ascii;
    arch        "LSB;label=32;scalar=64";
    class       volVectorField;
    location    "0.002";
    object      U;
}
// * * * * * * * * * * * * * * * * * * * * * * * * * * * * * * * * * * * * * //

dimensions      [0 1 -1 0 0 0 0];

internalField   nonuniform List<vector> 
3200
(
(0 -0.1318174264 -0.007682343987)
(0 -0.09847228053 -0.01101003021)
(0 -0.08292337164 -0.0104094638)
(0 -0.04402672826 -0.008386025853)
(0 -0.04128064789 -0.002255441934)
(0 -0.02151904576 -0.002826909827)
(0 -0.002693815428 -0.001038317103)
(0 0.000615168011 -0.0001375161154)
(0 -6.950100514e-12 -3.67770992e-16)
(0 -1.348333222e-11 -4.160078491e-13)
(0 -1.232053792e-11 -7.467850642e-13)
(0 -1.062306376e-11 -9.507043566e-13)
(0 -8.640159904e-12 -1.032240068e-12)
(0 -6.586951893e-12 -1.021028055e-12)
(0 -4.614366279e-12 -9.516191988e-13)
(0 -2.81009084e-12 -8.527420887e-13)
(0 -1.21319448e-12 -7.442983834e-13)
(0 1.692149901e-13 -6.382739929e-13)
(0 1.348246635e-12 -5.408884987e-13)
(0 2.34367986e-12 -4.546529242e-13)
(0 3.178124838e-12 -3.799188494e-13)
(0 3.873802149e-12 -3.159171348e-13)
(0 4.45094492e-12 -2.61394438e-13)
(0 4.927152609e-12 -2.149664731e-13)
(0 5.317286017e-12 -1.752932286e-13)
(0 5.633630885e-12 -1.411530141e-13)
(0 5.886161692e-12 -1.114629067e-13)
(0 6.082819233e-12 -8.527242439e-14)
(0 6.229762048e-12 -6.174508595e-14)
(0 6.331573437e-12 -4.013551454e-14)
(0 6.391417899e-12 -1.976554766e-14)
(0 3.205579686e-12 -9.487438879e-25)
(0 1.582236952e-11 -1.420389399e-12)
(0 -5.045715656e-11 -7.81580452e-11)
(0 1.361187096e-09 -7.86694595e-11)
(0 -1.671081488e-09 -2.659690662e-11)
(0 2.771178192e-09 -3.37173668e-11)
(0 -1.896024554e-09 2.641591378e-11)
(0 1.98685105e-09 4.940696123e-11)
(0 -1.185214771e-09 1.112264971e-10)
(0 -0.1450016215 -0.02707523039)
(0 -0.1021334256 -0.03962559607)
(0 -0.07956247166 -0.03927293462)
(0 -0.03485167158 -0.03489808715)
(0 -0.03423006042 -0.02394112266)
(0 -0.0197131969 -0.03043568404)
(0 -0.004547482173 -0.02960638458)
(0 0.0006277469806 -3.189216552e-05)
(0 -7.36554981e-12 -8.102825611e-16)
(0 -1.422976044e-11 -1.332848506e-12)
(0 -1.285523443e-11 -2.367236252e-12)
(0 -1.090851876e-11 -2.97452585e-12)
(0 -8.710483602e-12 -3.189503604e-12)
(0 -6.506331023e-12 -3.121342749e-12)
(0 -4.446080313e-12 -2.88439134e-12)
(0 -2.602770024e-12 -2.567833448e-12)
(0 -9.987263843e-13 -2.230492022e-12)
(0 3.726248748e-13 -1.906211664e-12)
(0 1.531867703e-12 -1.611576667e-12)
(0 2.504649509e-12 -1.352533002e-12)
(0 3.316860628e-12 -1.129090103e-12)
(0 3.99232656e-12 -9.383208497e-13)
(0 4.551895582e-12 -7.761245849e-13)
(0 5.013253818e-12 -6.381752759e-13)
(0 5.391099476e-12 -5.203762807e-13)
(0 5.697461207e-12 -4.190390206e-13)
(0 5.942042282e-12 -3.309183176e-13)
(0 6.132537054e-12 -2.531791817e-13)
(0 6.274898958e-12 -1.833344806e-13)
(0 6.373552976e-12 -1.191729833e-13)
(0 6.431553414e-12 -5.868658245e-14)
(0 3.225345234e-12 -2.178084832e-24)
(0 1.609095057e-11 -2.378402778e-12)
(0 -6.193613535e-11 -1.657603846e-10)
(0 1.100069315e-09 -1.492054138e-10)
(0 -1.866819654e-09 -2.934726693e-11)
(0 2.527123136e-09 -8.261887121e-11)
(0 -2.172219648e-09 4.744300981e-11)
(0 1.763060102e-09 9.279702516e-11)
(0 -1.242845258e-09 2.3167595e-10)
(0 -0.1767750528 -0.05321123042)
(0 -0.1085689646 -0.07577631335)
(0 -0.06671705641 -0.07063107101)
(0 -0.0164307987 -0.0503786154)
(0 -0.03138347894 -0.01497828341)
(0 -0.02691269646 -0.02197066648)
(0 -0.005141947504 -0.02528005995)
(0 0.001302095152 -0.004605191267)
(0 -8.282838672e-12 -2.496285062e-15)
(0 -1.584970925e-11 -2.54736682e-12)
(0 -1.396221527e-11 -4.414805246e-12)
(0 -1.144533111e-11 -5.390687068e-12)
(0 -8.786976803e-12 -5.629932233e-12)
(0 -6.281839629e-12 -5.390471691e-12)
(0 -4.060856979e-12 -4.896770757e-12)
(0 -2.156191522e-12 -4.303705859e-12)
(0 -5.515726957e-13 -3.703631753e-12)
(0 7.881303457e-13 -3.14453501e-12)
(0 1.901925297e-12 -2.64672788e-12)
(0 2.826166424e-12 -2.21486907e-12)
(0 3.59233699e-12 -1.84562843e-12)
(0 4.226767667e-12 -1.532175851e-12)
(0 4.751090494e-12 -1.266625529e-12)
(0 5.182900913e-12 -1.041253697e-12)
(0 5.536422272e-12 -8.49022548e-13)
(0 5.823088849e-12 -6.837363455e-13)
(0 6.052021531e-12 -5.400185258e-13)
(0 6.23040307e-12 -4.132117934e-13)
(0 6.363768246e-12 -2.992516391e-13)
(0 6.456221335e-12 -1.945359855e-13)
(0 6.510590883e-12 -9.580021444e-14)
(0 3.264266269e-12 -2.809618362e-24)
(0 1.633448476e-11 -1.065065993e-12)
(0 -6.376844523e-11 -1.298958907e-10)
(0 9.601448299e-10 -1.392102626e-10)
(0 -2.013941546e-09 -1.358413851e-11)
(0 2.387232409e-09 -7.830107218e-11)
(0 -2.309991837e-09 6.805492229e-11)
(0 1.636151435e-09 9.615505072e-11)
(0 -1.270558056e-09 2.141604337e-10)
(0 -0.2237302564 -0.09919777525)
(0 -0.1001911777 -0.1443925601)
(0 -0.02278205733 -0.1242429922)
(0 0.04139411704 -0.06619343686)
(0 0.006543181579 -0.02586078458)
(0 -0.02420697906 -0.05019177178)
(0 -0.01992131079 -0.07548887323)
(0 7.082683791e-05 0.004325365804)
(0 -9.908928879e-12 1.338643784e-14)
(0 -1.864268078e-11 -4.439498792e-12)
(0 -1.569855468e-11 -7.353931993e-12)
(0 -1.212364575e-11 -8.543470952e-12)
(0 -8.710268226e-12 -8.549066085e-12)
(0 -5.773169548e-12 -7.913819242e-12)
(0 -3.359314481e-12 -7.008482016e-12)
(0 -1.40963102e-12 -6.046580526e-12)
(0 1.604444646e-13 -5.135808728e-12)
(0 1.429528748e-12 -4.321581102e-12)
(0 2.461533643e-12 -3.615922405e-12)
(0 3.305748959e-12 -3.014559908e-12)
(0 3.999553847e-12 -2.506342508e-12)
(0 4.571329462e-12 -2.078095079e-12)
(0 5.042817735e-12 -1.716926511e-12)
(0 5.430856799e-12 -1.411184677e-12)
(0 5.748616827e-12 -1.150727114e-12)
(0 6.00646523e-12 -9.26870368e-13)
(0 6.212566834e-12 -7.322082015e-13)
(0 6.373303941e-12 -5.603920904e-13)
(0 6.493574766e-12 -4.05914636e-13)
(0 6.5770044e-12 -2.639100903e-13)
(0 6.626089399e-12 -1.299742852e-13)
(0 3.321145448e-12 -3.63459133e-24)
(0 1.650328297e-11 3.927843385e-14)
(0 -5.939831766e-11 -5.33509841e-11)
(0 9.781583972e-10 -1.269044571e-10)
(0 -2.018853236e-09 -1.819175691e-11)
(0 2.37931321e-09 -6.938418462e-11)
(0 -2.306234101e-09 5.747082189e-11)
(0 1.611848854e-09 6.435692687e-11)
(0 -1.266499866e-09 1.445102436e-10)
(0 -0.3024543604 -0.1831136376)
(0 -0.1712243419 -0.2820105719)
(0 -0.1073302897 -0.2205117362)
(0 -0.0403913202 -0.07663000887)
(0 -0.02840392074 0.04970185181)
(0 -0.07319512354 0.01697949443)
(0 -0.01585484055 -0.06270152702)
(0 0.003945017467 -0.03726827108)
(0 -1.273882576e-11 7.773442267e-13)
(0 -2.321625824e-11 -7.86973323e-12)
(0 -1.806618743e-11 -1.201794821e-11)
(0 -1.26404652e-11 -1.288018979e-11)
(0 -8.157325093e-12 -1.210911369e-11)
(0 -4.74125556e-12 -1.070730458e-11)
(0 -2.193618262e-12 -9.176808715e-12)
(0 -2.835182342e-13 -7.738369978e-12)
(0 1.173426728e-12 -6.471456447e-12)
(0 2.308016669e-12 -5.390055569e-12)
(0 3.208946491e-12 -4.480806636e-12)
(0 3.935746322e-12 -3.721090183e-12)
(0 4.528801819e-12 -3.08707553e-12)
(0 5.016183664e-12 -2.556931598e-12)
(0 5.418000896e-12 -2.111805998e-12)
(0 5.749100309e-12 -1.735844691e-12)
(0 6.020736581e-12 -1.41584728e-12)
(0 6.241607762e-12 -1.140822862e-12)
(0 6.418499808e-12 -9.01557271e-13)
(0 6.556696636e-12 -6.902314698e-13)
(0 6.660250246e-12 -5.000980692e-13)
(0 6.732161686e-12 -3.252090174e-13)
(0 6.774500973e-12 -1.601829229e-13)
(0 3.394240554e-12 -4.43793007e-24)
(0 1.672633649e-11 3.290714192e-13)
(0 -5.573366764e-11 8.194257922e-12)
(0 1.025726485e-09 -8.931630562e-11)
(0 -1.986257902e-09 -1.053495093e-11)
(0 2.403270522e-09 -5.890926714e-11)
(0 -2.268540657e-09 3.875277085e-11)
(0 1.621685793e-09 2.990388037e-11)
(0 -1.24994023e-09 8.714978682e-11)
(0 -0.5523140772 -0.2474086841)
(0 -0.6412908742 -0.3329612957)
(0 -0.6429459039 -0.2597200841)
(0 -0.5122829509 -0.1508315436)
(0 -0.2810235371 -0.01039974856)
(0 -0.1873056329 -0.02626435541)
(0 -0.1188782337 -0.1586075366)
(0 -0.005422166766 0.03526709232)
(0 -1.854507171e-11 5.272359754e-12)
(0 -3.144306656e-11 -1.580084503e-11)
(0 -2.070901124e-11 -1.996800099e-11)
(0 -1.221481123e-11 -1.885019718e-11)
(0 -6.537383011e-12 -1.629991719e-11)
(0 -2.840864569e-12 -1.362947994e-11)
(0 -3.903798812e-13 -1.125309622e-11)
(0 1.295721247e-12 -9.258645498e-12)
(0 2.508758874e-12 -7.621566164e-12)
(0 3.42017856e-12 -6.286347871e-12)
(0 4.130499029e-12 -5.196138984e-12)
(0 4.699480065e-12 -4.301912452e-12)
(0 5.163712432e-12 -3.56394363e-12)
(0 5.546598994e-12 -2.950762729e-12)
(0 5.863904642e-12 -2.437536288e-12)
(0 6.126815517e-12 -2.004555287e-12)
(0 6.343638656e-12 -1.636006736e-12)
(0 6.520755239e-12 -1.319024982e-12)
(0 6.663158226e-12 -1.042969942e-12)
(0 6.774763142e-12 -7.988770845e-13)
(0 6.858597218e-12 -5.790331328e-13)
(0 6.916919547e-12 -3.766410283e-13)
(0 6.951298417e-12 -1.855457255e-13)
(0 3.481328371e-12 -4.99435112e-24)
(0 1.70292467e-11 1.966961346e-13)
(0 -5.319235383e-11 3.081585111e-11)
(0 1.062499245e-09 -6.015386878e-11)
(0 -1.95695996e-09 -1.667001982e-12)
(0 2.426058529e-09 -4.591387623e-11)
(0 -2.233623726e-09 2.825763602e-11)
(0 1.634294309e-09 1.170927722e-11)
(0 -1.232981954e-09 5.047073824e-11)
(0 -1.106055101 -0.1005349971)
(0 -1.447573129 -0.1621390663)
(0 -1.435980408 -0.2830266519)
(0 -1.240812051 -0.3680020901)
(0 -0.8925393784 -0.2841851616)
(0 -0.5550905108 -0.1399147108)
(0 -0.1716479817 -0.2958417958)
(0 0.001609519622 -0.276563197)
(0 -3.381472831e-11 -4.466707134e-11)
(0 -4.845224567e-11 -4.06325617e-11)
(0 -2.111553958e-11 -3.320294271e-11)
(0 -8.9723814e-12 -2.625269881e-11)
(0 -2.936607849e-12 -2.061085582e-11)
(0 3.055654098e-13 -1.62575587e-11)
(0 2.177216177e-12 -1.294743388e-11)
(0 3.348011825e-12 -1.042154501e-11)
(0 4.145724355e-12 -8.469799529e-12)
(0 4.733443848e-12 -6.937610501e-12)
(0 5.19338191e-12 -5.715481626e-12)
(0 5.567941676e-12 -4.726480946e-12)
(0 5.879951542e-12 -3.916033828e-12)
(0 6.142591007e-12 -3.244650233e-12)
(0 6.364208338e-12 -2.683029009e-12)
(0 6.550629861e-12 -2.208837916e-12)
(0 6.706266886e-12 -1.804602248e-12)
(0 6.834644555e-12 -1.456302951e-12)
(0 6.938647706e-12 -1.15242256e-12)
(0 7.020633445e-12 -8.832747991e-13)
(0 7.082486303e-12 -6.405162424e-13)
(0 7.125649093e-12 -4.167756593e-13)
(0 7.151142001e-12 -2.053586281e-13)
(0 3.579786279e-12 -5.271998044e-24)
(0 1.741009731e-11 2.109167614e-16)
(0 -5.167151316e-11 3.678286956e-11)
(0 1.081795755e-09 -4.013200701e-11)
(0 -1.937785607e-09 5.048519036e-12)
(0 2.441506488e-09 -3.242704262e-11)
(0 -2.207561743e-09 2.157264674e-11)
(0 1.643121625e-09 3.474310164e-12)
(0 -1.219599841e-09 2.678947109e-11)
(0 -1.33632699 0.1006229385)
(0 -1.633675721 -0.1126869874)
(0 -1.587431976 -0.4666978429)
(0 -1.504239626 -0.7195102051)
(0 -1.380898571 -0.7218421766)
(0 -1.365888496 -0.5368739347)
(0 -1.016676709 -0.8667681932)
(0 -3.734643394e-11 -4.324532046e-11)
(0 -4.513229048e-11 -1.154913426e-10)
(0 -2.001415588e-11 -6.888310341e-11)
(0 -6.329148357e-12 -4.595841488e-11)
(0 3.772756646e-13 -3.234681436e-11)
(0 3.457757104e-12 -2.363320587e-11)
(0 4.822557365e-12 -1.784243952e-11)
(0 5.445633805e-12 -1.385754616e-11)
(0 5.773355602e-12 -1.101029367e-11)
(0 5.992693384e-12 -8.898487407e-12)
(0 6.174496463e-12 -7.278826832e-12)
(0 6.341628585e-12 -6.001709287e-12)
(0 6.498927862e-12 -4.972506452e-12)
(0 6.645543145e-12 -4.129068695e-12)
(0 6.779603813e-12 -3.428780497e-12)
(0 6.899716959e-12 -2.841092519e-12)
(0 7.005242279e-12 -2.343162564e-12)
(0 7.09617362e-12 -1.917258138e-12)
(0 7.172934926e-12 -1.549160617e-12)
(0 7.236186378e-12 -1.227143575e-12)
(0 7.28666946e-12 -9.412857223e-13)
(0 7.325096358e-12 -6.829839067e-13)
(0 7.352077161e-12 -4.445885771e-13)
(0 7.368074076e-12 -2.191147864e-13)
(0 3.686686999e-12 -5.251638156e-24)
(0 1.785050922e-11 -1.461081739e-13)
(0 -5.074903067e-11 3.394631049e-11)
(0 1.089031965e-09 -2.690822493e-11)
(0 -1.92592398e-09 8.761497691e-12)
(0 2.450345496e-09 -2.069960192e-11)
(0 -2.189677641e-09 1.645440685e-11)
(0 1.64870808e-09 -4.195278762e-14)
(0 -1.209881873e-09 1.217842599e-11)
(0 -0.5961225034 0.2294043065)
(0 -0.804379171 0.02283059076)
(0 -0.84646955 -0.3590980014)
(0 -0.9147371124 -0.6124273362)
(0 -1.011061443 -0.6780734898)
(0 -1.523989224 -0.6303585086)
(0 -0.9747576073 -1.346596519)
(0 -0.6043126284 -1.331577252)
(0 -3.57115649e-12 -9.241154987e-11)
(0 2.106527381e-11 -7.238125164e-11)
(0 1.542074947e-11 -4.940073253e-11)
(0 1.335282761e-11 -3.354294304e-11)
(0 1.156776699e-11 -2.373265581e-11)
(0 1.008122512e-11 -1.762142505e-11)
(0 9.009362029e-12 -1.36300571e-11)
(0 8.307070578e-12 -1.086360301e-11)
(0 7.877191194e-12 -8.835037601e-12)
(0 7.630221968e-12 -7.277520997e-12)
(0 7.49970229e-12 -6.040042139e-12)
(0 7.440582268e-12 -5.032778183e-12)
(0 7.423677497e-12 -4.198959688e-12)
(0 7.430567183e-12 -3.500313704e-12)
(0 7.449826271e-12 -2.909398939e-12)
(0 7.474464242e-12 -2.405460296e-12)
(0 7.500268832e-12 -1.972104848e-12)
(0 7.524759118e-12 -1.595936753e-12)
(0 7.546522601e-12 -1.265706606e-12)
(0 7.564793114e-12 -9.717435555e-13)
(0 7.579183448e-12 -7.055484999e-13)
(0 7.589518214e-12 -4.594826751e-13)
(0 7.595730578e-12 -2.265142175e-13)
(0 3.798901066e-12 -5.131264951e-24)
(0 1.832621096e-11 -2.325955085e-13)
(0 -5.009374552e-11 2.662290392e-11)
(0 1.09027396e-09 -1.803277158e-11)
(0 -1.918510605e-09 1.025719724e-11)
(0 2.454731249e-09 -1.149325048e-11)
(0 -2.17803752e-09 1.285738752e-11)
(0 1.652080987e-09 -9.390591617e-13)
(0 -1.203165626e-09 4.047793201e-12)
(0 0.3079252804 0.2420844697)
(0 0.3326904918 0.2165191077)
(0 0.2812229123 -0.1697026689)
(0 0.07063410328 -0.4567890876)
(0 0.1605792682 -0.5545879673)
(0 -0.2771295407 -0.6149534777)
(0 0.1255731413 -1.319212547)
(0 -0.5672103995 -1.396843459)
(0 -0.02346242348 -0.600665976)
(0 2.300314362e-11 -4.891857133e-11)
(0 3.250913922e-11 -4.571901026e-11)
(0 2.604535239e-11 -2.869157155e-11)
(0 1.93792751e-11 -2.013304433e-11)
(0 1.492515607e-11 -1.528054024e-11)
(0 1.220345585e-11 -1.217764336e-11)
(0 1.05683751e-11 -9.979022114e-12)
(0 9.578775399e-12 -8.300534456e-12)
(0 8.969491926e-12 -6.956185024e-12)
(0 8.586371399e-12 -5.848170332e-12)
(0 8.340010313e-12 -4.919609776e-12)
(0 8.178007624e-12 -4.133680346e-12)
(0 8.069164562e-12 -3.464118268e-12)
(0 7.994570367e-12 -2.890732889e-12)
(0 7.942536369e-12 -2.397178335e-12)
(0 7.905697163e-12 -1.969766966e-12)
(0 7.879333168e-12 -1.596777625e-12)
(0 7.860379576e-12 -1.268005899e-12)
(0 7.846827566e-12 -9.744373799e-13)
(0 7.837357238e-12 -7.079877368e-13)
(0 7.831111443e-12 -4.612823923e-13)
(0 7.827556751e-12 -2.274614028e-13)
(0 3.913201217e-12 -4.738539472e-24)
(0 1.8817693e-11 -2.694380214e-13)
(0 -4.957642956e-11 1.868812525e-11)
(0 1.088649415e-09 -1.181010402e-11)
(0 -1.914100816e-09 1.049616237e-11)
(0 2.456332303e-09 -4.783323005e-12)
(0 -2.170854812e-09 1.049062688e-11)
(0 1.653928573e-09 -4.879153322e-13)
(0 -1.198760169e-09 1.609760612e-13)
(0 0.6144420384 0.1124943558)
(0 0.7597798512 0.1103406805)
(0 0.8117084325 -0.1090914148)
(0 0.6225932789 -0.3247373729)
(0 0.6845444635 -0.3058368151)
(0 -0.146668808 -0.4262951343)
(0 0.5963346519 -1.037639896)
(0 -0.4964540341 -1.037828492)
(0 -0.6343655933 -0.6976983595)
(0 -0.003727569462 -0.02092266228)
(0 3.567716203e-11 -2.108229649e-11)
(0 3.893879355e-11 -1.537120976e-11)
(0 2.49787983e-11 -1.282742676e-11)
(0 1.803662608e-11 -1.119008798e-11)
(0 1.431088016e-11 -9.820943068e-12)
(0 1.218417949e-11 -8.574301604e-12)
(0 1.090002828e-11 -7.431890073e-12)
(0 1.008258609e-11 -6.398520625e-12)
(0 9.536277538e-12 -5.476850698e-12)
(0 9.155072254e-12 -4.663813048e-12)
(0 8.879169005e-12 -3.952033621e-12)
(0 8.673514639e-12 -3.331746506e-12)
(0 8.516766204e-12 -2.792238666e-12)
(0 8.395430165e-12 -2.322757463e-12)
(0 8.300669542e-12 -1.91301175e-12)
(0 8.226520185e-12 -1.553405612e-12)
(0 8.168862846e-12 -1.235106835e-12)
(0 8.124811276e-12 -9.500171286e-13)
(0 8.092338435e-12 -6.906868824e-13)
(0 8.070044548e-12 -4.502009292e-13)
(0 8.057012971e-12 -2.220506908e-13)
(0 4.026362469e-12 -4.03969771e-24)
(0 1.930675568e-11 -2.663925466e-13)
(0 -4.91398858e-11 1.216723004e-11)
(0 1.085788852e-09 -7.263610236e-12)
(0 -1.911722949e-09 1.00482606e-11)
(0 2.456354337e-09 -2.197747543e-13)
(0 -2.16668461e-09 8.945282399e-12)
(0 1.654761237e-09 5.09840998e-13)
(0 -1.196030319e-09 -1.151117411e-12)
(0 0.6810988206 0.03990966419)
(0 0.7848506361 0.01660845303)
(0 0.8644289547 -0.09863466199)
(0 0.876499487 -0.2122247941)
(0 0.8308665641 -0.1884246284)
(0 0.8965707207 -0.2383718904)
(0 0.9545415202 -0.8764177417)
(0 -0.4583577951 -0.2885967649)
(0 -0.8826059252 -0.909723626)
(0 -0.0075692259 -0.6702718852)
(0 4.480078745e-11 1.32266858e-11)
(0 3.429486595e-11 1.112038957e-12)
(0 2.356039688e-11 -4.615408443e-12)
(0 1.793163976e-11 -6.831464443e-12)
(0 1.481924222e-11 -7.341746096e-12)
(0 1.29574281e-11 -7.065349694e-12)
(0 1.175455638e-11 -6.454200234e-12)
(0 1.09245313e-11 -5.729160388e-12)
(0 1.032107898e-11 -4.996902589e-12)
(0 9.86482739e-12 -4.306761506e-12)
(0 9.510074165e-12 -3.678895487e-12)
(0 9.228959517e-12 -3.118594736e-12)
(0 9.003559411e-12 -2.623717774e-12)
(0 8.821763285e-12 -2.188602535e-12)
(0 8.675049013e-12 -1.806119504e-12)
(0 8.557238083e-12 -1.468729607e-12)
(0 8.46376806e-12 -1.169002737e-12)
(0 8.391247519e-12 -8.998417169e-13)
(0 8.337173438e-12 -6.545456476e-13)
(0 8.299747635e-12 -4.267868131e-13)
(0 8.27775768e-12 -2.105420002e-13)
(0 4.135251908e-12 -3.286711537e-24)
(0 1.977875428e-11 -2.316306901e-13)
(0 -4.874577035e-11 7.729071161e-12)
(0 1.082794408e-09 -3.752862067e-12)
(0 -1.910548036e-09 9.262885426e-12)
(0 2.45565677e-09 2.66178867e-12)
(0 -2.164437298e-09 7.89631761e-12)
(0 1.654975787e-09 1.60341982e-12)
(0 -1.19444158e-09 -1.04301021e-12)
(0 0.6671652025 -0.006606464204)
(0 0.7189555621 -0.05592026579)
(0 0.7791829151 -0.1509230246)
(0 0.795862412 -0.2526721483)
(0 0.8200296978 -0.3196255744)
(0 0.786502061 -0.4307545229)
(0 0.999075732 -0.2892628351)
(0 -0.01878185528 0.8381040428)
(0 -0.6936669896 -0.9314877852)
(0 -0.001491477763 -1.132298267)
(0 1.340680689e-11 3.912787608e-11)
(0 2.092510963e-11 1.103921337e-11)
(0 1.70352949e-11 8.52337293e-14)
(0 1.531028843e-11 -4.178593267e-12)
(0 1.407699491e-11 -5.649216047e-12)
(0 1.307172535e-11 -5.89114369e-12)
(0 1.223621759e-11 -5.590396138e-12)
(0 1.153988374e-11 -5.067019814e-12)
(0 1.095867642e-11 -4.4748438e-12)
(0 1.047307936e-11 -3.887445392e-12)
(0 1.006733578e-11 -3.338201942e-12)
(0 9.728692352e-12 -2.840025626e-12)
(0 9.446758405e-12 -2.395439005e-12)
(0 9.213028435e-12 -2.001817947e-12)
(0 9.02054247e-12 -1.654136233e-12)
(0 8.863636952e-12 -1.346392923e-12)
(0 8.737750736e-12 -1.072335753e-12)
(0 8.639268366e-12 -8.258047758e-13)
(0 8.565393339e-12 -6.008705123e-13)
(0 8.514048195e-12 -3.918613922e-13)
(0 8.483799784e-12 -1.93331978e-13)
(0 4.236904469e-12 -2.283078867e-24)
(0 2.021902363e-11 -1.720297588e-13)
(0 -4.837347664e-11 5.295318525e-12)
(0 1.080369352e-09 -8.990636856e-13)
(0 -1.909937388e-09 8.393819707e-12)
(0 2.454813334e-09 4.350491775e-12)
(0 -2.163322657e-09 7.173455279e-12)
(0 1.65487123e-09 2.609431128e-12)
(0 -1.193582626e-09 -2.34273285e-13)
(0 0.6142573729 -0.02751350888)
(0 0.6446958081 -0.09706624203)
(0 0.6851286361 -0.1818228957)
(0 0.7275378021 -0.2558617477)
(0 0.702313127 -0.2741627644)
(0 0.7981690969 -0.3108858339)
(0 0.5046919181 -0.1823003373)
(0 0.5383344228 1.26331241)
(0 0.3437429539 -0.6898388803)
(0 0.0005403974178 -1.355153714)
(0 -8.714684099e-12 1.584157592e-11)
(0 -5.000367299e-12 3.575395353e-12)
(0 8.342590241e-12 -1.904234489e-12)
(0 1.219718998e-11 -4.318912416e-12)
(0 1.310669179e-11 -5.18537376e-12)
(0 1.301624801e-11 -5.259605966e-12)
(0 1.257868025e-11 -4.949222212e-12)
(0 1.204008364e-11 -4.473681478e-12)
(0 1.15006534e-11 -3.948015962e-12)
(0 1.100146925e-11 -3.42998794e-12)
(0 1.055749393e-11 -2.946454771e-12)
(0 1.017172245e-11 -2.507877314e-12)
(0 9.841767089e-12 -2.116201969e-12)
(0 9.563066058e-12 -1.769098788e-12)
(0 9.330474038e-12 -1.462217736e-12)
(0 9.139038562e-12 -1.190372708e-12)
(0 8.984356207e-12 -9.481453272e-13)
(0 8.862712761e-12 -7.301741264e-13)
(0 8.771116821e-12 -5.312731835e-13)
(0 8.707286169e-12 -3.464586717e-13)
(0 8.669619072e-12 -1.709258702e-13)
(0 4.328583886e-12 -1.292175479e-24)
(0 2.06146574e-11 -9.650726942e-14)
(0 -4.800997797e-11 4.382873414e-12)
(0 1.078832826e-09 1.469036484e-12)
(0 -1.909483716e-09 7.637965697e-12)
(0 2.454146765e-09 5.294723068e-12)
(0 -2.162810905e-09 6.71119152e-12)
(0 1.654644328e-09 3.486888158e-12)
(0 -1.193163581e-09 8.593593601e-13)
(0 0.5422412218 -0.04117946507)
(0 0.5687376008 -0.1292246713)
(0 0.6203872958 -0.2199798872)
(0 0.6973727986 -0.2854765936)
(0 0.7803690759 -0.3084703666)
(0 0.9911360895 -0.1539022432)
(0 0.628375075 0.06102755342)
(0 0.9513971721 1.049146112)
(0 0.976839126 -0.2123273649)
(0 6.65272891e-05 -0.8784399833)
(0 -7.397157471e-13 -2.970318061e-11)
(0 2.95882844e-12 -1.091110483e-11)
(0 9.14098713e-12 -6.958647165e-12)
(0 1.202914916e-11 -6.007443805e-12)
(0 1.313630136e-11 -5.51376352e-12)
(0 1.330787689e-11 -5.012673226e-12)
(0 1.302214208e-11 -4.47320413e-12)
(0 1.254108999e-11 -3.930461863e-12)
(0 1.200236996e-11 -3.413552042e-12)
(0 1.147464055e-11 -2.93804325e-12)
(0 1.09894464e-11 -2.509759882e-12)
(0 1.055894515e-11 -2.128833292e-12)
(0 1.018553693e-11 -1.792397687e-12)
(0 9.867012668e-12 -1.496161209e-12)
(0 9.59926855e-12 -1.235266105e-12)
(0 9.377709361e-12 -1.004737466e-12)
(0 9.197949318e-12 -7.997014487e-13)
(0 9.056140509e-12 -6.154760534e-13)
(0 8.949108794e-12 -4.475921137e-13)
(0 8.874395508e-12 -2.917763719e-13)
(0 8.830258455e-12 -1.439139694e-13)
(0 4.407830339e-12 -5.684375435e-25)
(0 2.095583226e-11 -1.262077094e-14)
(0 -4.767776495e-11 4.384333926e-12)
(0 1.078158402e-09 3.405337595e-12)
(0 -1.909018411e-09 7.130122978e-12)
(0 2.453766066e-09 5.850071256e-12)
(0 -2.162584835e-09 6.487031784e-12)
(0 1.654406665e-09 4.25518719e-12)
(0 -1.192992029e-09 2.018952002e-12)
(0 0.4445290554 -0.05314561605)
(0 0.4661369527 -0.167602318)
(0 0.5231143319 -0.2934902873)
(0 0.6493684104 -0.4321904419)
(0 0.8587583662 -0.5064138487)
(0 1.243601116 -0.2707167963)
(0 1.054741812 0.009383511525)
(0 1.497174595 0.5298695752)
(0 0.8955387838 0.3551436452)
(0 3.145678113e-05 -0.3090052366)
(0 1.090750911e-11 -9.534561102e-12)
(0 1.76053101e-11 -1.070267585e-11)
(0 1.324625126e-11 -9.011810054e-12)
(0 1.364207363e-11 -7.238453249e-12)
(0 1.410146237e-11 -5.849568211e-12)
(0 1.40568074e-11 -4.804106662e-12)
(0 1.366089162e-11 -4.000456776e-12)
(0 1.309973573e-11 -3.361406787e-12)
(0 1.249307201e-11 -2.837690995e-12)
(0 1.190526141e-11 -2.398881815e-12)
(0 1.136670389e-11 -2.025716081e-12)
(0 1.088908465e-11 -1.705303765e-12)
(0 1.047443917e-11 -1.428398054e-12)
(0 1.012019764e-11 -1.187885129e-12)
(0 9.821897781e-12 -9.779505744e-13)
(0 9.574603219e-12 -7.936122363e-13)
(0 9.37361762e-12 -6.304497117e-13)
(0 9.214822096e-12 -4.844392273e-13)
(0 9.094816503e-12 -3.518452306e-13)
(0 9.010964314e-12 -2.291424924e-13)
(0 8.961395444e-12 -1.12954434e-13)
(0 4.472497855e-12 2.862903183e-25)
(0 2.123360311e-11 7.438180955e-14)
(0 -4.738757104e-11 4.791982389e-12)
(0 1.078083088e-09 4.941129522e-12)
(0 -1.90855141e-09 6.935186091e-12)
(0 2.453629198e-09 6.267285504e-12)
(0 -2.162483802e-09 6.492148399e-12)
(0 1.654204433e-09 4.958645987e-12)
(0 -1.192948817e-09 3.148023457e-12)
(0 0.3216536225 -0.06147164762)
(0 0.3254129931 -0.2005481755)
(0 0.3662132877 -0.3881732658)
(0 0.4924274845 -0.6495210959)
(0 0.6673997231 -0.8617709005)
(0 1.211966858 -0.4920919103)
(0 1.286349133 0.2721107507)
(0 2.345084534 0.8744792571)
(0 1.021723606 1.813884493)
(0 -8.893374972e-05 -0.09553439156)
(0 -1.704001179e-12 -4.287562946e-12)
(0 3.430249547e-12 -1.340302679e-11)
(0 1.260520973e-11 -1.114746572e-11)
(0 1.5191391e-11 -8.085005712e-12)
(0 1.557064794e-11 -5.841955194e-12)
(0 1.515698833e-11 -4.353731997e-12)
(0 1.446484195e-11 -3.363109995e-12)
(0 1.370385577e-11 -2.677021808e-12)
(0 1.296489493e-11 -2.176932944e-12)
(0 1.228661546e-11 -1.794087817e-12)
(0 1.168302445e-11 -1.488927488e-12)
(0 1.115626318e-11 -1.23827345e-12)
(0 1.070295557e-11 -1.028009565e-12)
(0 1.031746015e-11 -8.490337658e-13)
(0 9.993541443e-12 -6.950417881e-13)
(0 9.725210224e-12 -5.613142687e-13)
(0 9.507122327e-12 -4.440489414e-13)
(0 9.334744991e-12 -3.399885319e-13)
(0 9.204405529e-12 -2.462090968e-13)
(0 9.113286305e-12 -1.599951859e-13)
(0 9.059400948e-12 -7.876162414e-14)
(0 4.520784773e-12 1.314425911e-24)
(0 2.144030513e-11 1.600612999e-13)
(0 -4.716719831e-11 5.293695984e-12)
(0 1.078285092e-09 6.136070705e-12)
(0 -1.908161473e-09 7.033949558e-12)
(0 2.453631413e-09 6.683225551e-12)
(0 -2.162442701e-09 6.698747784e-12)
(0 1.654043894e-09 5.633189388e-12)
(0 -1.192965566e-09 4.210205542e-12)
(0 0.1816343257 -0.05672590926)
(0 0.1473354452 -0.1935886811)
(0 0.08110072125 -0.4131873464)
(0 -0.05604936948 -0.7069628229)
(0 -0.05510109825 -1.258756842)
(0 0.5362241223 -1.207274324)
(0 1.127624737 -0.5984512753)
(0 3.851454089 -0.09210067045)
(0 2.276700446 3.059159432)
(0 0.00104025385 0.6874557744)
(0 6.961578492e-14 -6.367327132e-11)
(0 1.072970872e-11 -2.750247162e-11)
(0 1.856427234e-11 -1.409000612e-11)
(0 1.894758416e-11 -8.112183921e-12)
(0 1.783273609e-11 -5.079513578e-12)
(0 1.65356526e-11 -3.405765012e-12)
(0 1.533760181e-11 -2.42122988e-12)
(0 1.428591278e-11 -1.806641082e-12)
(0 1.3376006e-11 -1.398939127e-12)
(0 1.259326686e-11 -1.111617367e-12)
(0 1.192251826e-11 -8.976391201e-13)
(0 1.135000257e-11 -7.308576383e-13)
(0 1.086367886e-11 -5.963366166e-13)
(0 1.045316542e-11 -4.852020202e-13)
(0 1.010961728e-11 -3.918722291e-13)
(0 9.825596066e-12 -3.125578984e-13)
(0 9.594943357e-12 -2.44446653e-13)
(0 9.41266194e-12 -1.852594432e-13)
(0 9.274809849e-12 -1.330090513e-13)
(0 9.178411786e-12 -8.586822574e-14)
(0 9.12139063e-12 -4.209678437e-14)
(0 4.551259479e-12 1.940806048e-24)
(0 2.157028283e-11 2.44362022e-13)
(0 -4.703802221e-11 5.756074034e-12)
(0 1.078538556e-09 7.074661485e-12)
(0 -1.907905691e-09 7.351643178e-12)
(0 2.453678902e-09 7.146445287e-12)
(0 -2.162439765e-09 7.059259719e-12)
(0 1.653915975e-09 6.297133475e-12)
(0 -1.193005647e-09 5.195694375e-12)
(0 0.08440938 -0.04025964818)
(0 -0.003003774787 -0.08131223851)
(0 -0.2530816725 -0.1941170046)
(0 -0.7073451477 -0.589425674)
(0 -0.9082921308 -1.497663064)
(0 -1.067144831 -1.991511358)
(0 -0.6749820914 -2.124599999)
(0 0.2017163481 -2.997539804)
(0 -0.2276895273 7.9665438)
(0 0.0009704790397 1.630184334)
(0 2.999094538e-11 -3.808775051e-11)
(0 5.312038047e-11 -1.872699973e-11)
(0 3.199549743e-11 -9.59788045e-12)
(0 2.420188354e-11 -5.194226931e-12)
(0 2.027706685e-11 -2.958143829e-12)
(0 1.781527203e-11 -1.768586268e-12)
(0 1.606396588e-11 -1.109409332e-12)
(0 1.472614652e-11 -7.293838005e-13)
(0 1.365991864e-11 -5.005761575e-13)
(0 1.278791547e-11 -3.558119522e-13)
(0 1.206378418e-11 -2.591596079e-13)
(0 1.145756569e-11 -1.911852155e-13)
(0 1.094861118e-11 -1.41280698e-13)
(0 1.052192453e-11 -1.035694163e-13)
(0 1.016618557e-11 -7.469174225e-14)
(0 9.8726358e-12 -5.260298555e-14)
(0 9.634420782e-12 -3.592411288e-14)
(0 9.446182592e-12 -2.359607986e-14)
(0 9.303796746e-12 -1.470069656e-14)
(0 9.204198572e-12 -8.372104828e-15)
(0 9.145269174e-12 -3.756912477e-15)
(0 4.562881557e-12 2.269816413e-24)
(0 2.161984438e-11 3.255662243e-13)
(0 -4.699676895e-11 6.158393168e-12)
(0 1.078742775e-09 7.843552789e-12)
(0 -1.907793481e-09 7.805456702e-12)
(0 2.45371704e-09 7.658638259e-12)
(0 -2.162466952e-09 7.522473856e-12)
(0 1.653809701e-09 6.955484141e-12)
(0 -1.193051234e-09 6.105801333e-12)
(0 0.04049877138 0.03189347769)
(0 -0.07349714286 0.134763805)
(0 -0.1657299961 0.3204919703)
(0 -0.5478222161 0.1415196474)
(0 -1.092931384 -0.3540814626)
(0 -2.475831883 -1.136755121)
(0 -5.902850855 -2.007065562)
(0 -5.870639644 -0.06559120562)
(0 -1.409285267 0.8178497788)
(0 -0.01860892415 0.8358683217)
(0 8.595630379e-11 9.594155118e-12)
(0 3.95652152e-11 6.47116362e-13)
(0 3.209704514e-11 -3.80444896e-13)
(0 2.558732078e-11 -1.086945744e-13)
(0 2.125837675e-11 2.097562647e-13)
(0 1.838438709e-11 3.98971376e-13)
(0 1.637680427e-11 4.815524145e-13)
(0 1.489474595e-11 4.990774396e-13)
(0 1.374957785e-11 4.818178699e-13)
(0 1.283468341e-11 4.480969186e-13)
(0 1.208714499e-11 4.0799294e-13)
(0 1.146788148e-11 3.665537233e-13)
(0 1.095129465e-11 3.2596483e-13)
(0 1.051975437e-11 2.868921122e-13)
(0 1.016058371e-11 2.492722664e-13)
(0 9.864363695e-12 2.127566689e-13)
(0 9.623950262e-12 1.769452807e-13)
(0 9.433885357e-12 1.414975135e-13)
(0 9.290033824e-12 1.061734903e-13)
(0 9.18935557e-12 7.083748076e-14)
(0 9.129762735e-12 3.54416502e-14)
(0 4.555016392e-12 2.673715641e-24)
(0 2.158533672e-11 4.018518661e-13)
(0 -4.706141194e-11 6.524978843e-12)
(0 1.078873464e-09 8.512035665e-12)
(0 -1.907804514e-09 8.330295372e-12)
(0 2.453724444e-09 8.203405582e-12)
(0 -2.162518858e-09 8.044044431e-12)
(0 1.653716862e-09 7.60484694e-12)
(0 -1.193094908e-09 6.945135045e-12)
(0 0.2233929037 0.05011153114)
(0 0.1961836248 0.1061564078)
(0 0.4106991508 0.1322006889)
(0 0.6216283315 0.167741436)
(0 0.8497807177 0.2111995267)
(0 1.757730781 1.016719009)
(0 -1.111166258 0.2771229144)
(0 -0.7249227143 0.008695081077)
(0 -0.8377614423 -0.08521020065)
(0 1.048810566e-11 8.473144013e-11)
(0 7.362129466e-11 1.934797593e-11)
(0 4.335976288e-11 1.23173489e-11)
(0 3.12396865e-11 7.537604857e-12)
(0 2.47920847e-11 4.930140264e-12)
(0 2.07847328e-11 3.50690054e-12)
(0 1.808706818e-11 2.673158282e-12)
(0 1.616407195e-11 2.137555379e-12)
(0 1.472641198e-11 1.762307409e-12)
(0 1.360893812e-11 1.480661351e-12)
(0 1.271409054e-11 1.258381876e-12)
(0 1.198224099e-11 1.076477196e-12)
(0 1.137553758e-11 9.234395615e-13)
(0 1.086894957e-11 7.916901977e-13)
(0 1.044523197e-11 6.75895238e-13)
(0 1.009205012e-11 5.721259011e-13)
(0 9.800308814e-12 4.774066828e-13)
(0 9.563161626e-12 3.894471759e-13)
(0 9.375410802e-12 3.064652314e-13)
(0 9.233136714e-12 2.270589679e-13)
(0 9.133466732e-12 1.501070476e-13)
(0 9.074431693e-12 7.468627297e-14)
(0 4.527439907e-12 3.018448964e-24)
(0 2.146693773e-11 4.733421846e-13)
(0 -4.72269382e-11 6.884395557e-12)
(0 1.078944824e-09 9.125914508e-12)
(0 -1.907907667e-09 8.88304359e-12)
(0 2.453699178e-09 8.761569429e-12)
(0 -2.162589999e-09 8.590822293e-12)
(0 1.653632579e-09 8.238458403e-12)
(0 -1.193134399e-09 7.718968774e-12)
(0 0.2734578116 0.04714563863)
(0 0.2362979057 0.0598979796)
(0 0.3474855209 -0.009250940143)
(0 0.1898920612 -0.2547786872)
(0 0.536636428 -0.47796988)
(0 0.1177778854 0.4986780939)
(0 -0.4277818457 -0.1175001882)
(0 0.067458796 -0.6087537202)
(0 -2.096577846e-11 3.954230964e-11)
(0 -1.431616909e-11 8.284591542e-11)
(0 2.569198621e-11 3.938528997e-11)
(0 2.775484416e-11 2.173624584e-11)
(0 2.47098365e-11 1.328347581e-11)
(0 2.155661646e-11 8.784762846e-12)
(0 1.900139477e-11 6.214549465e-12)
(0 1.701504193e-11 4.649192168e-12)
(0 1.54659534e-11 3.633183544e-12)
(0 1.423785193e-11 2.93191863e-12)
(0 1.324565232e-11 2.420127848e-12)
(0 1.243049926e-11 2.028287405e-12)
(0 1.175220268e-11 1.716092604e-12)
(0 1.118309448e-11 1.459034836e-12)
(0 1.070375033e-11 1.24145662e-12)
(0 1.030019008e-11 1.052866354e-12)
(0 9.962095154e-12 8.859227923e-13)
(0 9.68168497e-12 7.352916109e-13)
(0 9.453008811e-12 5.969680391e-13)
(0 9.271497148e-12 4.678555703e-13)
(0 9.13367564e-12 3.454896371e-13)
(0 9.036982875e-12 2.278455721e-13)
(0 8.979655688e-12 1.131963837e-13)
(0 4.480330119e-12 3.215122572e-24)
(0 2.126472094e-11 5.396943479e-13)
(0 -4.749715767e-11 7.255189547e-12)
(0 1.078978384e-09 9.710648057e-12)
(0 -1.908075229e-09 9.437816517e-12)
(0 2.453647365e-09 9.317002999e-12)
(0 -2.162675062e-09 9.140384124e-12)
(0 1.653554341e-09 8.849456056e-12)
(0 -1.193169605e-09 8.432455297e-12)
(0 0.3758546917 0.0420873216)
(0 0.375140482 0.07289753098)
(0 0.4111537309 0.03851831573)
(0 0.3217831558 -0.1592588159)
(0 0.5043814257 0.07734898014)
(0 0.3804737213 1.016916087)
(0 0.6545807656 0.4488582542)
(0 0.001677374702 -0.3535189326)
(0 -9.319784882e-12 3.017870864e-11)
(0 3.730896204e-12 4.428375488e-11)
(0 1.251162508e-11 3.235305865e-11)
(0 1.725794872e-11 2.195886182e-11)
(0 1.82882035e-11 1.507531551e-11)
(0 1.772315835e-11 1.071090136e-11)
(0 1.664916212e-11 7.917334383e-12)
(0 1.550570226e-11 6.075856125e-12)
(0 1.444679841e-11 4.81404609e-12)
(0 1.351335628e-11 3.912040465e-12)
(0 1.27053069e-11 3.239636634e-12)
(0 1.201005529e-11 2.718545441e-12)
(0 1.141298842e-11 2.300570637e-12)
(0 1.090090159e-11 1.955148275e-12)
(0 1.046278109e-11 1.662229773e-12)
(0 1.008969814e-11 1.408183645e-12)
(0 9.774475379e-12 1.183400485e-12)
(0 9.511354061e-12 9.808638884e-13)
(0 9.295725586e-12 7.952748747e-13)
(0 9.1239324e-12 6.224980969e-13)
(0 8.993126715e-12 4.591980872e-13)
(0 8.901173479e-12 3.025891351e-13)
(0 8.846586121e-12 1.502534428e-13)
(0 4.414243523e-12 3.223105043e-24)
(0 2.098153486e-11 5.992554369e-13)
(0 -4.786032012e-11 7.64449763e-12)
(0 1.07899538e-09 1.027658843e-11)
(0 -1.908285317e-09 9.979843144e-12)
(0 2.45357738e-09 9.857573767e-12)
(0 -2.162769122e-09 9.678231912e-12)
(0 1.653481061e-09 9.432147539e-12)
(0 -1.193201059e-09 9.090298203e-12)
(0 0.4440424178 0.03626343914)
(0 0.4409340903 0.07487556246)
(0 0.4302083277 0.03450857696)
(0 0.37953308 -0.2199697794)
(0 0.2642648502 -0.299321137)
(0 0.8271970482 0.7742454444)
(0 0.7284060505 0.1533000436)
(0 0.0003514470436 0.1320831391)
(0 -1.296710785e-11 3.24898622e-11)
(0 -1.222851779e-11 2.84685029e-11)
(0 3.367093156e-12 2.37845179e-11)
(0 1.047710102e-11 1.867084769e-11)
(0 1.346187603e-11 1.434805e-11)
(0 1.439863534e-11 1.106619344e-11)
(0 1.436634954e-11 8.668010462e-12)
(0 1.391175364e-11 6.922826213e-12)
(0 1.330213774e-11 5.635083875e-12)
(0 1.266344247e-11 4.662549408e-12)
(0 1.205215729e-11 3.907829523e-12)
(0 1.149143326e-11 3.305687749e-12)
(0 1.098880551e-11 2.812496464e-12)
(0 1.054475362e-11 2.398754941e-12)
(0 1.01567857e-11 2.044124432e-12)
(0 9.821360788e-12 1.73423055e-12)
(0 9.534775397e-12 1.458625089e-12)
(0 9.29355936e-12 1.209484142e-12)
(0 9.094643019e-12 9.807670881e-13)
(0 8.935420361e-12 7.676628176e-13)
(0 8.813766678e-12 5.662150184e-13)
(0 8.728038231e-12 3.730590215e-13)
(0 8.677066552e-12 1.852277824e-13)
(0 4.330076676e-12 3.175133665e-24)
(0 2.062084691e-11 6.50642239e-13)
(0 -4.832088956e-11 8.050147103e-12)
(0 1.079008687e-09 1.08241792e-11)
(0 -1.908523445e-09 1.050053765e-11)
(0 2.453496402e-09 1.037478817e-11)
(0 -2.162868121e-09 1.019513108e-11)
(0 1.653412281e-09 9.982433266e-12)
(0 -1.193229285e-09 9.696775701e-12)
(0 0.5122705266 0.02976301998)
(0 0.5359732607 0.08688551227)
(0 0.5011612656 0.09468207082)
(0 0.6064358579 -0.1253804458)
(0 0.1644383757 -0.3040819177)
(0 0.9419190527 0.5746339535)
(0 0.6256911616 0.6208705887)
(0 6.487331169e-05 0.5512457531)
(0 -4.922488622e-12 1.641728495e-12)
(0 -4.946788601e-12 1.333913242e-11)
(0 2.713969872e-12 1.564567021e-11)
(0 7.821480823e-12 1.459198663e-11)
(0 1.068354926e-11 1.257984983e-11)
(0 1.204311882e-11 1.05377944e-11)
(0 1.250579489e-11 8.765660219e-12)
(0 1.247277567e-11 7.312329527e-12)
(0 1.218652161e-11 6.140898503e-12)
(0 1.178610193e-11 5.195238447e-12)
(0 1.134844524e-11 4.423445026e-12)
(0 1.091472224e-11 3.783881552e-12)
(0 1.050605561e-11 3.24497214e-12)
(0 1.013252956e-11 2.783246569e-12)
(0 9.7982567e-12 2.381275902e-12)
(0 9.504198799e-12 2.025982105e-12)
(0 9.249728971e-12 1.707379665e-12)
(0 9.03349606e-12 1.417677023e-12)
(0 8.853904261e-12 1.15064467e-12)
(0 8.70938033e-12 9.011700626e-13)
(0 8.598522919e-12 6.649393465e-13)
(0 8.520186243e-12 4.382032825e-13)
(0 8.473527099e-12 2.175979481e-13)
(0 4.229015741e-12 3.059009075e-24)
(0 2.018768781e-11 6.939688627e-13)
(0 -4.88695496e-11 8.463145928e-12)
(0 1.07902797e-09 1.134744028e-11)
(0 -1.908779115e-09 1.099447081e-11)
(0 2.453409913e-09 1.086317019e-11)
(0 -2.162968978e-09 1.068527744e-11)
(0 1.653347659e-09 1.049786478e-11)
(0 -1.193254681e-09 1.025586476e-11)
(0 0.5431330401 0.01639992181)
(0 0.5704231375 0.06385849451)
(0 0.5465459526 0.0893905262)
(0 0.706120579 -0.03803547598)
(0 0.1791445891 -0.3030615887)
(0 0.8644694853 0.4138458391)
(0 0.5829689806 0.8952316402)
(0 4.534942767e-05 0.9270551771)
(0 2.179875586e-13 5.333924013e-13)
(0 1.886931045e-12 7.712269257e-12)
(0 4.619947365e-12 1.08670658e-11)
(0 7.411280643e-12 1.14715857e-11)
(0 9.4076838e-12 1.084155315e-11)
(0 1.058444572e-11 9.739446411e-12)
(0 1.114088466e-11 8.544479485e-12)
(0 1.128699192e-11 7.419914296e-12)
(0 1.118504666e-11 6.420934181e-12)
(0 1.094598899e-11 5.554061197e-12)
(0 1.06408004e-11 4.806833795e-12)
(0 1.031296037e-11 4.161422846e-12)
(0 9.98817053e-12 3.600261845e-12)
(0 9.681057382e-12 3.107978019e-12)
(0 9.399521238e-12 2.671744078e-12)
(0 9.14746455e-12 2.281036691e-12)
(0 8.926470315e-12 1.927230606e-12)
(0 8.736824365e-12 1.603197426e-12)
(0 8.578136059e-12 1.302963237e-12)
(0 8.449715038e-12 1.021432341e-12)
(0 8.350799898e-12 7.541677797e-13)
(0 8.280696833e-12 4.972154792e-13)
(0 8.23886327e-12 2.469597604e-13)
(0 4.112478728e-12 2.884157307e-24)
(0 1.968800901e-11 7.300067429e-13)
(0 -4.950382083e-11 8.870282968e-12)
(0 1.079056769e-09 1.18377884e-11)
(0 -1.909045774e-09 1.145803373e-11)
(0 2.453320917e-09 1.131952762e-11)
(0 -2.163069907e-09 1.11449678e-11)
(0 1.653286562e-09 1.097725292e-11)
(0 -1.193277631e-09 1.077111436e-11)
(0 0.5526744007 0.007301457788)
(0 0.5756287612 0.03752662401)
(0 0.5575165518 0.06757573023)
(0 0.7450487215 0.03839102738)
(0 0.3008717693 -0.2275884867)
(0 0.8908445639 0.210286467)
(0 0.5523191849 1.165858983)
(0 4.171469703e-05 1.283890333)
(0 2.537286301e-12 2.904519487e-12)
(0 5.571038752e-12 6.293824444e-12)
(0 6.473286317e-12 8.638742921e-12)
(0 7.795968178e-12 9.585724141e-12)
(0 8.951409965e-12 9.575305596e-12)
(0 9.74604515e-12 9.033932006e-12)
(0 1.018626278e-11 8.252877512e-12)
(0 1.034923036e-11 7.401904038e-12)
(0 1.032066851e-11 6.568861733e-12)
(0 1.017200154e-11 5.793242151e-12)
(0 9.955806887e-12 5.088409366e-12)
(0 9.708150286e-12 4.454713703e-12)
(0 9.452610782e-12 3.88667e-12)
(0 9.204011792e-12 3.376653345e-12)
(0 8.971315372e-12 2.916679976e-12)
(0 8.759685327e-12 2.499186118e-12)
(0 8.571889706e-12 2.117306668e-12)
(0 8.409228692e-12 1.764917929e-12)
(0 8.272139177e-12 1.436577734e-12)
(0 8.160584873e-12 1.127427085e-12)
(0 8.074306057e-12 8.33082297e-13)
(0 8.012978223e-12 5.495293923e-13)
(0 7.97631162e-12 2.730244717e-13)
(0 3.982055981e-12 2.853731708e-24)
(0 1.912862237e-11 7.580445736e-13)
(0 -5.020499751e-11 9.257111974e-12)
(0 1.079096692e-09 1.228747004e-11)
(0 -1.90931902e-09 1.188885739e-11)
(0 2.453230304e-09 1.174220299e-11)
(0 -2.163170415e-09 1.157164837e-11)
(0 1.653227929e-09 1.142007688e-11)
(0 -1.193298642e-09 1.12453511e-11)
(0 0.5461989928 0.0005036861904)
(0 0.5674066765 0.0145967841)
(0 0.5607877802 0.02897663663)
(0 0.7410338186 0.02821733393)
(0 0.4684433945 -0.2105668364)
(0 1.005143651 0.1416440364)
(0 0.5498384371 1.479986637)
(0 4.389165879e-05 1.630910133)
(0 3.870092824e-12 4.266125662e-12)
(0 7.873214551e-12 6.171772334e-12)
(0 7.911847062e-12 7.808346207e-12)
(0 8.347843317e-12 8.657241856e-12)
(0 8.855891666e-12 8.839990839e-12)
(0 9.262017637e-12 8.568080948e-12)
(0 9.508856696e-12 8.031185481e-12)
(0 9.602976144e-12 7.365961074e-12)
(0 9.576384772e-12 6.659369842e-12)
(0 9.465536625e-12 5.961640038e-12)
(0 9.302271951e-12 5.298848689e-12)
(0 9.111221007e-12 4.682349381e-12)
(0 8.910110172e-12 4.115045047e-12)
(0 8.711067358e-12 3.595279093e-12)
(0 8.522054011e-12 3.119131926e-12)
(0 8.348091242e-12 2.681719086e-12)
(0 8.192202126e-12 2.277891574e-12)
(0 8.056095431e-12 1.902589834e-12)
(0 7.940645215e-12 1.551002097e-12)
(0 7.846219601e-12 1.21861455e-12)
(0 7.772902205e-12 9.012029492e-13)
(0 7.720639007e-12 5.947934089e-13)
(0 7.689333878e-12 2.956075467e-13)
(0 3.839454256e-12 2.708983242e-24)
(0 1.85175215e-11 7.775992355e-13)
(0 -5.097604744e-11 9.610394789e-12)
(0 1.079141093e-09 1.268957857e-11)
(0 -1.909598716e-09 1.228458423e-11)
(0 2.453136405e-09 1.212998044e-11)
(0 -2.163271421e-09 1.196315981e-11)
(0 1.653170238e-09 1.182588612e-11)
(0 -1.193318418e-09 1.168035903e-11)
(0 0.5256426851 -0.007951396548)
(0 0.5528282251 -0.01494863932)
(0 0.5719090778 -0.01864835391)
(0 0.7369769385 -0.04118104951)
(0 0.610886715 -0.2534588977)
(0 1.070641495 0.1806764774)
(0 0.5463453535 1.83551446)
(0 4.731223287e-05 1.975356252)
(0 4.746627772e-12 5.475505152e-12)
(0 9.429746622e-12 6.635041333e-12)
(0 8.958755838e-12 7.765612976e-12)
(0 8.827612811e-12 8.394890031e-12)
(0 8.862249057e-12 8.559322397e-12)
(0 8.937239792e-12 8.367209218e-12)
(0 8.984142902e-12 7.937822396e-12)
(0 8.977414726e-12 7.371388192e-12)
(0 8.916347471e-12 6.741020415e-12)
(0 8.811480391e-12 6.095100413e-12)
(0 8.67651623e-12 5.462993354e-12)
(0 8.524346644e-12 4.860784768e-12)
(0 8.365540494e-12 4.295875553e-12)
(0 8.208098671e-12 3.770281202e-12)
(0 8.057755365e-12 3.282847168e-12)
(0 7.918444976e-12 2.830666482e-12)
(0 7.792760454e-12 2.409951359e-12)
(0 7.682339215e-12 2.01654804e-12)
(0 7.588163893e-12 1.646225574e-12)
(0 7.510785725e-12 1.294824383e-12)
(0 7.450484916e-12 9.583193661e-13)
(0 7.407382821e-12 6.328318029e-13)
(0 7.381518211e-12 3.146112085e-13)
(0 3.686448434e-12 2.372667283e-24)
(0 1.78609543e-11 7.900734288e-13)
(0 -5.180172784e-11 9.919987444e-12)
(0 1.079184143e-09 1.303809453e-11)
(0 -1.909885102e-09 1.264208774e-11)
(0 2.453036676e-09 1.248122627e-11)
(0 -2.163374566e-09 1.231723405e-11)
(0 1.653111807e-09 1.219382512e-11)
(0 -1.193337807e-09 1.207664222e-11)
(0 0.482188449 -0.021302904)
(0 0.5213164026 -0.05941980828)
(0 0.5714775945 -0.09123091936)
(0 0.7400912937 -0.1605873654)
(0 0.7348487594 -0.3240743177)
(0 1.100671514 0.3036956677)
(0 0.5359333343 2.222352275)
(0 5.446157731e-05 2.318813695)
(0 5.378378319e-12 7.039730673e-12)
(0 1.054177888e-11 7.505495942e-12)
(0 9.67169576e-12 8.224164597e-12)
(0 9.141552738e-12 8.597375863e-12)
(0 8.828210853e-12 8.635196926e-12)
(0 8.640517637e-12 8.403613454e-12)
(0 8.51303567e-12 7.981511904e-12)
(0 8.406174163e-12 7.440752607e-12)
(0 8.300096992e-12 6.838224591e-12)
(0 8.187509564e-12 6.214745262e-12)
(0 8.067956306e-12 5.597234262e-12)
(0 7.944103205e-12 5.001914931e-12)
(0 7.819606606e-12 4.437386583e-12)
(0 7.698038974e-12 3.907120764e-12)
(0 7.582439291e-12 3.411309201e-12)
(0 7.475195433e-12 2.948149757e-12)
(0 7.378083684e-12 2.514700712e-12)
(0 7.292369646e-12 2.107425749e-12)
(0 7.218921559e-12 1.722526866e-12)
(0 7.158313393e-12 1.356136198e-12)
(0 7.110909625e-12 1.00441618e-12)
(0 7.07693085e-12 6.636014556e-13)
(0 7.056502075e-12 3.300045908e-13)
(0 3.524843048e-12 2.147216243e-24)
(0 1.716745676e-11 7.957720958e-13)
(0 -5.267451265e-11 1.018008337e-11)
(0 1.079218391e-09 1.332989513e-11)
(0 -1.910179203e-09 1.295807172e-11)
(0 2.452928224e-09 1.279377148e-11)
(0 -2.16348178e-09 1.26313649e-11)
(0 1.653051059e-09 1.252239379e-11)
(0 -1.193357703e-09 1.243336939e-11)
(0 0.4089854262 -0.04101310283)
(0 0.4635380127 -0.1209010744)
(0 0.5496866535 -0.196853259)
(0 0.7575145694 -0.329603404)
(0 0.9046968752 -0.4025138678)
(0 1.150981505 0.4293928805)
(0 0.5306185843 2.608305672)
(0 6.215994439e-05 2.646311279)
(0 5.61034059e-12 8.030241215e-12)
(0 1.105200819e-11 8.560649306e-12)
(0 1.005063576e-11 9.028170652e-12)
(0 9.23864514e-12 9.135253058e-12)
(0 8.668486649e-12 8.980480169e-12)
(0 8.283554769e-12 8.630541482e-12)
(0 8.021282055e-12 8.143865124e-12)
(0 7.834127413e-12 7.571887807e-12)
(0 7.690340127e-12 6.956377717e-12)
(0 7.570490062e-12 6.328416356e-12)
(0 7.463685899e-12 5.709277252e-12)
(0 7.364498965e-12 5.112249098e-12)
(0 7.270746327e-12 4.544632574e-12)
(0 7.182021289e-12 4.009506277e-12)
(0 7.098784358e-12 3.507121145e-12)
(0 7.021836487e-12 3.03592504e-12)
(0 6.952036446e-12 2.593277543e-12)
(0 6.890165369e-12 2.175927557e-12)
(0 6.836874342e-12 1.780318883e-12)
(0 6.792675038e-12 1.402775589e-12)
(0 6.757950173e-12 1.039605844e-12)
(0 6.732971232e-12 6.871518538e-13)
(0 6.717916756e-12 3.418050974e-13)
(0 3.356443843e-12 1.973310688e-24)
(0 1.644500592e-11 7.958031431e-13)
(0 -5.358473628e-11 1.038889136e-11)
(0 1.079237738e-09 1.356352929e-11)
(0 -1.910481489e-09 1.322889139e-11)
(0 2.452808807e-09 1.306475796e-11)
(0 -2.163594717e-09 1.290280196e-11)
(0 1.652986804e-09 1.280943094e-11)
(0 -1.19337891e-09 1.274853722e-11)
(0 0.2946908372 -0.06801588104)
(0 0.3628568775 -0.2073542243)
(0 0.4929079058 -0.3681924918)
(0 0.802529732 -0.6254671373)
(0 1.066787978 -0.5426238218)
(0 1.142444916 0.8325106051)
(0 0.5000049128 3.045797965)
(0 7.10489876e-05 2.977577627)
(0 6.36132702e-12 9.71870195e-12)
(0 1.202956564e-11 1.016865949e-11)
(0 1.024629951e-11 1.019261767e-11)
(0 9.093862255e-12 9.934990992e-12)
(0 8.323499277e-12 9.52093615e-12)
(0 7.803902591e-12 8.994212503e-12)
(0 7.454381995e-12 8.391521785e-12)
(0 7.218686756e-12 7.746556088e-12)
(0 7.056625541e-12 7.086977645e-12)
(0 6.940409099e-12 6.433258886e-12)
(0 6.851789049e-12 5.799204048e-12)
(0 6.779458527e-12 5.193168723e-12)
(0 6.716863784e-12 4.619388082e-12)
(0 6.660527544e-12 4.079152527e-12)
(0 6.608858054e-12 3.571746904e-12)
(0 6.561351831e-12 3.095154145e-12)
(0 6.518086201e-12 2.646558054e-12)
(0 6.479410986e-12 2.222687913e-12)
(0 6.445769591e-12 1.820044449e-12)
(0 6.417600354e-12 1.435039991e-12)
(0 6.39528589e-12 1.064078436e-12)
(0 6.379130103e-12 7.035941575e-13)
(0 6.369350221e-12 3.500636839e-13)
(0 3.18303795e-12 1.607825288e-24)
(0 1.57003937e-11 7.898074522e-13)
(0 -5.451714338e-11 1.054793043e-11)
(0 1.079239167e-09 1.373994519e-11)
(0 -1.910791135e-09 1.345149895e-11)
(0 2.45267741e-09 1.329113376e-11)
(0 -2.163714333e-09 1.312881463e-11)
(0 1.652918422e-09 1.305234117e-11)
(0 -1.193402022e-09 1.301932979e-11)
(0 0.1251112926 -0.1008649599)
(0 0.1859706552 -0.3156293952)
(0 0.340236681 -0.6302617672)
(0 0.7024836878 -1.085760352)
(0 0.9148635765 -0.7684857264)
(0 0.9821364123 1.13974581)
(0 0.4120105064 3.460466972)
(0 0.0001442685251 3.252129008)
(0 6.394420659e-12 1.607086433e-11)
(0 1.206581165e-11 1.274344242e-11)
(0 9.816967263e-12 1.163865413e-11)
(0 8.566963623e-12 1.089116238e-11)
(0 7.72770816e-12 1.017406567e-11)
(0 7.154140404e-12 9.433854581e-12)
(0 6.77362564e-12 8.681451233e-12)
(0 6.529583273e-12 7.935835584e-12)
(0 6.377042925e-12 7.211714818e-12)
(0 6.282716465e-12 6.518434114e-12)
(0 6.223595736e-12 5.861109573e-12)
(0 6.184682998e-12 5.241834019e-12)
(0 6.156730132e-12 4.660600629e-12)
(0 6.134380112e-12 4.115971925e-12)
(0 6.114785975e-12 3.605562734e-12)
(0 6.096647636e-12 3.126388491e-12)
(0 6.079570215e-12 2.675113236e-12)
(0 6.063651763e-12 2.24822122e-12)
(0 6.04922642e-12 1.842130168e-12)
(0 6.036709025e-12 1.453260634e-12)
(0 6.02650434e-12 1.078073149e-12)
(0 6.01895648e-12 7.130824041e-13)
(0 6.014322598e-12 3.548555586e-13)
(0 3.006380159e-12 1.358545689e-24)
(0 1.494165836e-11 7.792071218e-13)
(0 -5.547196743e-11 1.066076878e-11)
(0 1.07921898e-09 1.38602649e-11)
(0 -1.91110732e-09 1.362301538e-11)
(0 2.452533939e-09 1.3469805e-11)
(0 -2.163840878e-09 1.330686333e-11)
(0 1.65284586e-09 1.324838352e-11)
(0 -1.193427378e-09 1.324255182e-11)
(0 -0.1037353705 -0.1166478369)
(0 -0.1001609817 -0.3979773796)
(0 -0.05716118418 -0.8501612396)
(0 0.04813337026 -1.345094032)
(0 0.001146108845 -0.8728356771)
(0 0.2402510561 1.303196489)
(0 0.5594203869 3.598132717)
(0 0.0001467148227 3.488086812)
(0 3.509248099e-12 1.641519191e-11)
(0 8.17159986e-12 1.36674212e-11)
(0 8.39401947e-12 1.2727397e-11)
(0 7.629273795e-12 1.181694153e-11)
(0 6.866191478e-12 1.085030786e-11)
(0 6.311288155e-12 9.88569031e-12)
(0 5.956362999e-12 8.964590598e-12)
(0 5.74895034e-12 8.103617307e-12)
(0 5.63922407e-12 7.305610264e-12)
(0 5.589803855e-12 6.567653201e-12)
(0 5.575188954e-12 5.884967806e-12)
(0 5.578949583e-12 5.252460082e-12)
(0 5.591001691e-12 4.665212033e-12)
(0 5.605489649e-12 4.118575174e-12)
(0 5.61927462e-12 3.608146054e-12)
(0 5.630902333e-12 3.129725036e-12)
(0 5.63991893e-12 2.679285337e-12)
(0 5.646427918e-12 2.252953228e-12)
(0 5.650809005e-12 1.846994034e-12)
(0 5.653543335e-12 1.457799144e-12)
(0 5.65510766e-12 1.081871301e-12)
(0 5.655912513e-12 7.15807093e-13)
(0 5.656267817e-12 3.562765119e-13)
(0 2.828182392e-12 1.243281696e-24)
(0 1.417600987e-11 7.652855293e-13)
(0 -5.642905794e-11 1.073188074e-11)
(0 1.079179444e-09 1.392622902e-11)
(0 -1.91142669e-09 1.374130909e-11)
(0 2.452379992e-09 1.359809929e-11)
(0 -2.163973638e-09 1.343486064e-11)
(0 1.652769653e-09 1.33950057e-11)
(0 -1.193455032e-09 1.341507015e-11)
(0 -0.3377696253 -0.08914261837)
(0 -0.4269746796 -0.3262506043)
(0 -0.5972508735 -0.7007085039)
(0 -1.025344296 -1.07261914)
(0 -1.619988162 -0.7123863282)
(0 -1.362422032 1.135529246)
(0 -0.05245692154 3.464989733)
(0 -3.55326716e-05 3.965956313)
(0 4.692502851e-12 8.53280932e-12)
(0 8.956753347e-12 1.336919963e-11)
(0 7.966487595e-12 1.378657002e-11)
(0 6.68987449e-12 1.279890131e-11)
(0 5.796456941e-12 1.152453048e-11)
(0 5.268423139e-12 1.029400413e-11)
(0 4.991552636e-12 9.187602489e-12)
(0 4.870602939e-12 8.20843136e-12)
(0 4.841078819e-12 7.339455752e-12)
(0 4.862074007e-12 6.56160282e-12)
(0 4.908402617e-12 5.858651899e-12)
(0 4.964927225e-12 5.217830395e-12)
(0 5.022845223e-12 4.629215891e-12)
(0 5.077314133e-12 4.084973473e-12)
(0 5.125935838e-12 3.57872287e-12)
(0 5.16778692e-12 3.105080797e-12)
(0 5.202798406e-12 2.659349837e-12)
(0 5.231360461e-12 2.237312348e-12)
(0 5.254072336e-12 1.835093991e-12)
(0 5.271586292e-12 1.449071365e-12)
(0 5.284512289e-12 1.075806738e-12)
(0 5.293361691e-12 7.119989902e-13)
(0 5.298515505e-12 3.544439634e-13)
(0 2.650103647e-12 9.800186048e-25)
(0 1.34103874e-11 7.477150891e-13)
(0 -5.738345194e-11 1.076588118e-11)
(0 1.079121907e-09 1.394082084e-11)
(0 -1.911746137e-09 1.380560826e-11)
(0 2.452217804e-09 1.367422347e-11)
(0 -2.164111329e-09 1.351141071e-11)
(0 1.6526907e-09 1.349014004e-11)
(0 -1.193484804e-09 1.353418453e-11)
(0 -0.4658908747 -0.03539352619)
(0 -0.5724569173 -0.1207535675)
(0 -0.7842536654 -0.2213976627)
(0 -1.254150434 -0.4830331076)
(0 -2.126089782 -0.6747667566)
(0 -2.536076616 0.244933441)
(0 -1.181014756 2.557818813)
(0 4.763161819e-05 3.393544122)
(0 9.137191264e-12 1.851616624e-11)
(0 1.40835316e-11 1.817334915e-11)
(0 7.823721145e-12 1.625078168e-11)
(0 5.367234248e-12 1.406756454e-11)
(0 4.361294304e-12 1.215491136e-11)
(0 3.974360167e-12 1.057819131e-11)
(0 3.870790225e-12 9.283384648e-12)
(0 3.900803603e-12 8.203052051e-12)
(0 3.992395531e-12 7.282182042e-12)
(0 4.109000002e-12 6.480654922e-12)
(0 4.231416529e-12 5.770211167e-12)
(0 4.349513575e-12 5.130997729e-12)
(0 4.458144768e-12 4.54885075e-12)
(0 4.554996628e-12 4.013381894e-12)
(0 4.639381944e-12 3.516692009e-12)
(0 4.7115293e-12 3.052525656e-12)
(0 4.772150481e-12 2.61572107e-12)
(0 4.822172072e-12 2.201852999e-12)
(0 4.862568022e-12 1.806999435e-12)
(0 4.894256081e-12 1.42758713e-12)
(0 4.918035285e-12 1.060286801e-12)
(0 4.934549739e-12 7.01939339e-13)
(0 4.944268827e-12 3.495010208e-13)
(0 2.473738428e-12 7.851210093e-25)
(0 1.26523598e-11 7.263016512e-13)
(0 -5.832041878e-11 1.076684972e-11)
(0 1.079050178e-09 1.390710947e-11)
(0 -1.912061922e-09 1.381614414e-11)
(0 2.452050236e-09 1.369728983e-11)
(0 -2.164252224e-09 1.353586148e-11)
(0 1.652610124e-09 1.353238457e-11)
(0 -1.193516341e-09 1.359787188e-11)
(0 -0.5245411062 0.005778312395)
(0 -0.5996099296 -0.004591096856)
(0 -0.7116861566 0.03911119702)
(0 -0.9145943184 0.1080032083)
(0 -1.424026692 -0.01369815765)
(0 -2.038774093 -0.01783000904)
(0 -1.318498876 1.171950987)
(0 0.0007224053499 2.395439604)
(0 3.925707433e-12 3.549691526e-11)
(0 7.290099595e-12 2.517430959e-11)
(0 3.860702981e-12 1.897565095e-11)
(0 2.594004166e-12 1.506566159e-11)
(0 2.307083717e-12 1.244936215e-11)
(0 2.396896431e-12 1.058046803e-11)
(0 2.616413375e-12 9.164695843e-12)
(0 2.869400333e-12 8.038214473e-12)
(0 3.11868169e-12 7.105570734e-12)
(0 3.350103133e-12 6.308628981e-12)
(0 3.558745424e-12 5.610544685e-12)
(0 3.743566808e-12 4.98710211e-12)
(0 3.905229388e-12 4.421809849e-12)
(0 4.045155392e-12 3.903012614e-12)
(0 4.1650796e-12 3.422138129e-12)
(0 4.26681598e-12 2.972609095e-12)
(0 4.352125749e-12 2.549156553e-12)
(0 4.422638826e-12 2.147380594e-12)
(0 4.479806467e-12 1.763465615e-12)
(0 4.524873658e-12 1.393993064e-12)
(0 4.558864498e-12 1.035815875e-12)
(0 4.58257591e-12 6.859718731e-13)
(0 4.596576166e-12 3.416214578e-13)
(0 2.300602627e-12 6.062717031e-25)
(0 1.190765177e-11 7.022394707e-13)
(0 -5.924247959e-11 1.073782157e-11)
(0 1.078965607e-09 1.382701327e-11)
(0 -1.912371413e-09 1.377360461e-11)
(0 2.451879994e-09 1.36671766e-11)
(0 -2.164394508e-09 1.350826839e-11)
(0 1.652529071e-09 1.35210839e-11)
(0 -1.193549187e-09 1.360490061e-11)
(0 -0.529904491 0.03358133852)
(0 -0.5771501399 0.06682856268)
(0 -0.6425668199 0.1310994322)
(0 -0.7206378461 0.2598893632)
(0 -0.8637909217 0.357581819)
(0 -1.24671337 0.3197411486)
(0 -1.877667354 0.6407575973)
(0 -0.001642606816 1.873681422)
(0 -4.712014751e-13 4.934893712e-11)
(0 -2.072465544e-12 2.842847679e-11)
(0 -2.284926861e-12 1.941184165e-11)
(0 -1.159054552e-12 1.477006793e-11)
(0 -1.238992535e-13 1.199640915e-11)
(0 6.896938616e-13 1.012962612e-11)
(0 1.328536666e-12 8.756720156e-12)
(0 1.841678494e-12 7.679544308e-12)
(0 2.262810039e-12 6.793262898e-12)
(0 2.613973953e-12 6.037750468e-12)
(0 2.909889658e-12 5.376240365e-12)
(0 3.16077874e-12 4.785059018e-12)
(0 3.374055272e-12 4.24827577e-12)
(0 3.555324908e-12 3.754721617e-12)
(0 3.708978425e-12 3.296239466e-12)
(0 3.838547724e-12 2.866616932e-12)
(0 3.946921979e-12 2.460916995e-12)
(0 4.036481134e-12 2.075049435e-12)
(0 4.109180493e-12 1.705491964e-12)
(0 4.166606342e-12 1.349106132e-12)
(0 4.210014094e-12 1.00301377e-12)
(0 4.240355321e-12 6.645121406e-13)
(0 4.258296954e-12 3.310135528e-13)
(0 2.13211697e-12 5.393900724e-25)
(0 1.118331156e-11 6.76700629e-13)
(0 -6.013088706e-11 1.068100911e-11)
(0 1.078873632e-09 1.370232438e-11)
(0 -1.912670648e-09 1.367949608e-11)
(0 2.451710157e-09 1.358465424e-11)
(0 -2.164536208e-09 1.342942268e-11)
(0 1.65244867e-09 1.34563582e-11)
(0 -1.193582829e-09 1.355485151e-11)
(0 -0.5028738805 0.0468548366)
(0 -0.525103548 0.1038442135)
(0 -0.5566734947 0.1746726314)
(0 -0.5814831086 0.2912278366)
(0 -0.5855489847 0.449340647)
(0 -0.6187166603 0.577678018)
(0 -0.9888705018 0.5951203735)
(0 -0.05353176057 0.5404704869)
(0 -1.567817917e-11 2.816005841e-11)
(0 -2.240726872e-11 2.00228077e-11)
(0 -9.797705883e-12 1.547286862e-11)
(0 -4.821428336e-12 1.260636195e-11)
(0 -2.333358087e-12 1.063658435e-11)
(0 -8.427925637e-13 9.184911687e-12)
(0 1.663315606e-13 8.053019277e-12)
(0 9.059430746e-13 7.12998499e-12)
(0 1.476887851e-12 6.350191043e-12)
(0 1.9330806e-12 5.672873778e-12)
(0 2.306053974e-12 5.071610585e-12)
(0 2.615602213e-12 4.528620341e-12)
(0 2.874891987e-12 4.031514381e-12)
(0 3.093119088e-12 3.571359905e-12)
(0 3.276974915e-12 3.141482427e-12)
(0 3.431493509e-12 2.736703852e-12)
(0 3.560558252e-12 2.352847404e-12)
(0 3.667213795e-12 1.986411036e-12)
(0 3.753863164e-12 1.634349613e-12)
(0 3.822395464e-12 1.293928306e-12)
(0 3.874270507e-12 9.626228517e-13)
(0 3.910575693e-12 6.380505524e-13)
(0 3.932064026e-12 3.179211274e-13)
(0 1.969589074e-12 3.830785907e-25)
(0 1.048381411e-11 6.48960313e-13)
(0 -6.09827295e-11 1.059821158e-11)
(0 1.078776302e-09 1.353598676e-11)
(0 -1.912957334e-09 1.353643657e-11)
(0 2.451543048e-09 1.345143658e-11)
(0 -2.164675624e-09 1.330080278e-11)
(0 1.652369867e-09 1.333907041e-11)
(0 -1.193616751e-09 1.344807303e-11)
(0 -0.4566623041 0.05064833542)
(0 -0.4617122151 0.1171926116)
(0 -0.4694077507 0.1889405885)
(0 -0.4669807351 0.2861367886)
(0 -0.4369971492 0.4129903931)
(0 -0.3703841567 0.5536408637)
(0 -0.3741290572 0.5964214543)
(0 -0.02067443728 0.3074967605)
(0 -8.685344332e-12 -1.748299118e-12)
(0 -1.46915569e-11 8.075202912e-12)
(0 -9.701372615e-12 9.850360723e-12)
(0 -5.99533882e-12 9.545930001e-12)
(0 -3.545349516e-12 8.758658414e-12)
(0 -1.893871211e-12 7.920421501e-12)
(0 -7.263900314e-13 7.14046523e-12)
(0 1.3885026e-13 6.437190176e-12)
(0 8.05698827e-13 5.804646794e-12)
(0 1.335393495e-12 5.231946703e-12)
(0 1.765636221e-12 4.708711041e-12)
(0 2.120682536e-12 4.22630006e-12)
(0 2.416794836e-12 3.777803694e-12)
(0 2.665292953e-12 3.357723111e-12)
(0 2.874322372e-12 2.961628537e-12)
(0 3.049912702e-12 2.585871167e-12)
(0 3.196629163e-12 2.227360753e-12)
(0 3.317983342e-12 1.883400921e-12)
(0 3.416697763e-12 1.551570151e-12)
(0 3.494879581e-12 1.229637047e-12)
(0 3.55413634e-12 9.155004597e-13)
(0 3.595653597e-12 6.071470657e-13)
(0 3.620246401e-12 3.026208026e-13)
(0 1.814195843e-12 2.650910156e-27)
(0 9.815150362e-12 6.197498673e-13)
(0 -6.179333811e-11 1.04908627e-11)
(0 1.078675209e-09 1.333013153e-11)
(0 -1.913229822e-09 1.334693663e-11)
(0 2.451380499e-09 1.326961188e-11)
(0 -2.164811282e-09 1.31242991e-11)
(0 1.652293462e-09 1.317066598e-11)
(0 -1.193650461e-09 1.328557567e-11)
(0 -0.4012344915 0.04879030228)
(0 -0.3961610404 0.1158344297)
(0 -0.3892140035 0.184003707)
(0 -0.3704177072 0.2658375472)
(0 -0.3304148725 0.3612081643)
(0 -0.2641524601 0.4628630585)
(0 -0.159131296 0.4996453506)
(0 -0.006832721038 0.14263992)
(0 -5.927635085e-12 -9.469145115e-14)
(0 -1.076604796e-11 4.197980378e-12)
(0 -8.326978793e-12 6.307702718e-12)
(0 -5.913130646e-12 6.968341931e-12)
(0 -3.958866587e-12 6.931701447e-12)
(0 -2.460985747e-12 6.597654989e-12)
(0 -1.316899764e-12 6.15123451e-12)
(0 -4.298753622e-13 5.67366797e-12)
(0 2.71644378e-13 5.199263206e-12)
(0 8.371448477e-13 4.741558967e-12)
(0 1.30040733e-12 4.304990387e-12)
(0 1.684694866e-12 3.890068397e-12)
(0 2.006315037e-12 3.495680093e-12)
(0 2.276943931e-12 3.120103035e-12)
(0 2.505122971e-12 2.761440352e-12)
(0 2.697225726e-12 2.417794786e-12)
(0 2.858088006e-12 2.087327005e-12)
(0 2.991423192e-12 1.7682651e-12)
(0 3.10009929e-12 1.458895869e-12)
(0 3.186325773e-12 1.157551381e-12)
(0 3.251780526e-12 8.625962331e-13)
(0 3.297696036e-12 5.724171873e-13)
(0 3.32491696e-12 2.854152959e-13)
(0 1.666968271e-12 3.31146831e-26)
(0 9.180981292e-12 5.885599954e-13)
(0 -6.255235671e-11 1.036072911e-11)
(0 1.078572642e-09 1.308769853e-11)
(0 -1.913486538e-09 1.311388164e-11)
(0 2.451224089e-09 1.304160152e-11)
(0 -2.164941849e-09 1.29021494e-11)
(0 1.652220182e-09 1.295305651e-11)
(0 -1.19368346e-09 1.306896539e-11)
(0 -0.3438957147 0.04402696875)
(0 -0.3337298574 0.1063857811)
(0 -0.3192777353 0.1678069664)
(0 -0.2926572256 0.2355447298)
(0 -0.2485134234 0.3076801371)
(0 -0.1915034402 0.3778141803)
(0 -0.07735495607 0.4022701314)
(0 -0.001797536541 0.0730857518)
(0 -4.405147562e-12 1.360412176e-14)
(0 -8.269607566e-12 2.518770576e-12)
(0 -6.931011062e-12 4.214234498e-12)
(0 -5.371340091e-12 5.088036712e-12)
(0 -3.916036458e-12 5.402154294e-12)
(0 -2.674338148e-12 5.387266688e-12)
(0 -1.65037705e-12 5.193154037e-12)
(0 -8.131210444e-13 4.90698809e-12)
(0 -1.264101757e-13 4.577183278e-12)
(0 4.411206764e-13 4.230039886e-12)
(0 9.141456511e-13 3.879627382e-12)
(0 1.311372242e-12 3.533306986e-12)
(0 1.646829474e-12 3.19474888e-12)
(0 1.931053213e-12 2.865572133e-12)
(0 2.172014123e-12 2.546238734e-12)
(0 2.375799354e-12 2.236544453e-12)
(0 2.547099477e-12 1.935891128e-12)
(0 2.689552206e-12 1.64343991e-12)
(0 2.805984044e-12 1.358199423e-12)
(0 2.898579945e-12 1.079078137e-12)
(0 2.969002146e-12 8.049169425e-13)
(0 3.01847266e-12 5.345106694e-13)
(0 3.047829214e-12 2.666233536e-13)
(0 1.528780547e-12 1.570644528e-25)
(0 8.586165178e-12 5.564898379e-13)
(0 -6.326596406e-11 1.020995889e-11)
(0 1.078467911e-09 1.281099167e-11)
(0 -1.913727175e-09 1.283976897e-11)
(0 2.451074888e-09 1.276975981e-11)
(0 -2.16506614e-09 1.263675881e-11)
(0 1.652150717e-09 1.268851898e-11)
(0 -1.193715226e-09 1.280043147e-11)
(0 -0.2893431511 0.03812376598)
(0 -0.277349344 0.09332508544)
(0 -0.2600988329 0.1466683572)
(0 -0.2316930835 0.2017207203)
(0 -0.1886940044 0.2561211743)
(0 -0.1404878157 0.3043211015)
(0 -0.04167895705 0.318982163)
(0 -0.0001841383565 0.04273931861)
(0 -3.429251302e-12 8.637923999e-15)
(0 -6.555598923e-12 1.656185352e-12)
(0 -5.757712658e-12 2.942467195e-12)
(0 -4.72521085e-12 3.767419586e-12)
(0 -3.659636611e-12 4.201616277e-12)
(0 -2.669986004e-12 4.356107484e-12)
(0 -1.797178362e-12 4.327130989e-12)
(0 -1.045846121e-12 4.183951486e-12)
(0 -4.053038262e-13 3.97244673e-12)
(0 1.39588952e-13 3.721794928e-12)
(0 6.036744309e-13 3.450177161e-12)
(0 9.998163633e-13 3.168787864e-12)
(0 1.338580184e-12 2.884440632e-12)
(0 1.628433785e-12 2.601202153e-12)
(0 1.876095291e-12 2.321402315e-12)
(0 2.08687812e-12 2.046257418e-12)
(0 2.264983463e-12 1.776257037e-12)
(0 2.413731488e-12 1.511407209e-12)
(0 2.535737516e-12 1.251386133e-12)
(0 2.633043292e-12 9.956462984e-13)
(0 2.707213058e-12 7.434835412e-13)
(0 2.759402447e-12 4.940855396e-13)
(0 2.790406291e-12 2.465675e-13)
(0 1.400344918e-12 -2.53518023e-26)
(0 8.03313812e-12 5.242850769e-13)
(0 -6.392013762e-11 1.004099045e-11)
(0 1.078364618e-09 1.250258231e-11)
(0 -1.913949806e-09 1.252709429e-11)
(0 2.450934484e-09 1.245652333e-11)
(0 -2.165182746e-09 1.233070603e-11)
(0 1.652085867e-09 1.237969564e-11)
(0 -1.193745176e-09 1.248280066e-11)
(0 -0.2401319328 0.03211969766)
(0 -0.2282163358 0.0794149183)
(0 -0.2109325343 0.1246290293)
(0 -0.1840373904 0.1689728521)
(0 -0.1453529997 0.2102271117)
(0 -0.1057904089 0.2438011995)
(0 -0.02468395619 0.2523578799)
(0 0.0003156028476 0.02832500139)
(0 -2.758318927e-12 5.974166571e-15)
(0 -5.330154786e-12 1.159299546e-12)
(0 -4.819776827e-12 2.132044017e-12)
(0 -4.11219101e-12 2.837561769e-12)
(0 -3.32734856e-12 3.280787584e-12)
(0 -2.548823435e-12 3.508419984e-12)
(0 -1.822533048e-12 3.575315344e-12)
(0 -1.167805303e-12 3.529245094e-12)
(0 -5.885667339e-13 3.406862646e-12)
(0 -8.114889356e-14 3.234521459e-12)
(0 3.611385877e-13 3.030503793e-12)
(0 7.456357136e-13 2.80723172e-12)
(0 1.079243763e-12 2.573028516e-12)
(0 1.368014896e-12 2.333398397e-12)
(0 1.617069388e-12 2.091915788e-12)
(0 1.830654076e-12 1.850830456e-12)
(0 2.012249268e-12 1.611476439e-12)
(0 2.164681302e-12 1.374549001e-12)
(0 2.290223133e-12 1.140293933e-12)
(0 2.390677353e-12 9.086388502e-13)
(0 2.467441387e-12 6.792861591e-13)
(0 2.521556619e-12 4.517807404e-13)
(0 2.553743674e-12 2.255611006e-13)
(0 1.282213047e-12 -5.169340152e-26)
(0 7.524470452e-12 4.909417876e-13)
(0 -6.451785273e-11 9.856223102e-12)
(0 1.078263801e-09 1.216594769e-11)
(0 -1.914153507e-09 1.217883691e-11)
(0 2.450804211e-09 1.210462129e-11)
(0 -2.165290281e-09 1.198681861e-11)
(0 1.652026459e-09 1.202963346e-11)
(0 -1.193772699e-09 1.211961918e-11)
(0 -0.1973036329 0.0265635813)
(0 -0.1864384049 0.06619714598)
(0 -0.1705557503 0.1038914566)
(0 -0.1466606031 0.1394821929)
(0 -0.1133589694 0.1711002924)
(0 -0.08141562395 0.1951354703)
(0 -0.01597656558 0.2004514993)
(0 0.000436171137 0.0202812252)
(0 -2.274690008e-12 4.413160861e-15)
(0 -4.425854223e-12 8.46179651e-13)
(0 -4.079450435e-12 1.588854078e-12)
(0 -3.576467282e-12 2.169999256e-12)
(0 -2.988778395e-12 2.575555941e-12)
(0 -2.375458245e-12 2.821473616e-12)
(0 -1.776353253e-12 2.936470057e-12)
(0 -1.214298819e-12 2.950856277e-12)
(0 -7.000274609e-13 2.891243006e-12)
(0 -2.367699013e-13 2.778930155e-12)
(0 1.763846915e-13 2.630090315e-12)
(0 5.423410859e-13 2.456612031e-12)
(0 8.647468608e-13 2.267048614e-12)
(0 1.147321057e-12 2.067452465e-12)
(0 1.393527351e-12 1.862037227e-12)
(0 1.606438772e-12 1.653677081e-12)
(0 1.788702008e-12 1.444273547e-12)
(0 1.942548982e-12 1.235021907e-12)
(0 2.069827365e-12 1.026604359e-12)
(0 2.172035518e-12 8.193307811e-13)
(0 2.250354949e-12 6.13242538e-13)
(0 2.305677389e-12 4.081906136e-13)
(0 2.33862555e-12 2.038962347e-13)
(0 1.174783817e-12 -5.2426159e-26)
(0 7.061572657e-12 4.571443835e-13)
(0 -6.505825741e-11 9.657505433e-12)
(0 1.078167322e-09 1.180338614e-11)
(0 -1.914337188e-09 1.179761379e-11)
(0 2.450685463e-09 1.171678703e-11)
(0 -2.165387324e-09 1.160806021e-11)
(0 1.651973323e-09 1.164176666e-11)
(0 -1.193797179e-09 1.171519135e-11)
(0 -0.1609442143 0.02169467976)
(0 -0.1515184548 0.054410504)
(0 -0.1376380291 0.08547998754)
(0 -0.1171973569 0.11402083)
(0 -0.08925554804 0.1385361328)
(0 -0.06361552379 0.1562340313)
(0 -0.01110863668 0.159834765)
(0 0.000421929156 0.01523368685)
(0 -1.914918836e-12 3.370878405e-15)
(0 -3.743106054e-12 6.345407205e-13)
(0 -3.495957222e-12 1.20719656e-12)
(0 -3.125489147e-12 1.678028139e-12)
(0 -2.675874201e-12 2.029966753e-12)
(0 -2.187909319e-12 2.265452649e-12)
(0 -1.693150387e-12 2.398239892e-12)
(0 -1.213032355e-12 2.44647235e-12)
(0 -7.604928566e-13 2.428328517e-12)
(0 -3.423015845e-13 2.35987136e-12)
(0 3.882046451e-14 2.254320727e-12)
(0 3.825940133e-13 2.122082954e-12)
(0 6.900841962e-13 1.971107044e-12)
(0 9.630035081e-13 1.807331292e-12)
(0 1.203294005e-12 1.635109128e-12)
(0 1.412890397e-12 1.457572274e-12)
(0 1.593594093e-12 1.276923358e-12)
(0 1.747012114e-12 1.094664629e-12)
(0 1.874532008e-12 9.117739993e-13)
(0 1.977315531e-12 7.288398015e-13)
(0 2.05630122e-12 5.46164244e-13)
(0 2.112210316e-12 3.638438608e-13)
(0 2.145553061e-12 1.818336242e-13)
(0 1.078316812e-12 -1.832394537e-25)
(0 6.646133484e-12 4.232131507e-13)
(0 -6.55390648e-11 9.446176886e-12)
(0 1.07807777e-09 1.141716601e-11)
(0 -1.914499451e-09 1.138605571e-11)
(0 2.450579718e-09 1.129595893e-11)
(0 -2.165472477e-09 1.119756292e-11)
(0 1.651927199e-09 1.121994875e-11)
(0 -1.193818051e-09 1.127455245e-11)
(0 -0.1306080998 0.01757115719)
(0 -0.1226799339 0.0443017412)
(0 -0.1109210336 0.069711666)
(0 -0.09384206886 0.09260982988)
(0 -0.07076213165 0.1118204833)
(0 -0.05022004157 0.1251778013)
(0 -0.008147477354 0.1278082683)
(0 0.0003666708364 0.01177957526)
(0 -1.641990759e-12 2.631828587e-15)
(0 -3.220079698e-12 4.832510657e-13)
(0 -3.035963017e-12 9.273647835e-13)
(0 -2.753697089e-12 1.30495244e-12)
(0 -2.401353885e-12 1.600833533e-12)
(0 -2.007185106e-12 1.812134391e-12)
(0 -1.595333552e-12 1.944569194e-12)
(0 -1.184210194e-12 2.008469748e-12)
(0 -7.866284505e-13 2.015732518e-12)
(0 -4.107776911e-13 1.977911275e-12)
(0 -6.140371524e-14 1.905243645e-12)
(0 2.591274025e-13 1.806297595e-12)
(0 5.499951991e-13 1.687971112e-12)
(0 8.113231411e-13 1.555662408e-12)
(0 1.043768333e-12 1.413501452e-12)
(0 1.248253002e-12 1.264584892e-12)
(0 1.425794363e-12 1.111187849e-12)
(0 1.577399623e-12 9.549436077e-13)
(0 1.704002538e-12 7.96991065e-13)
(0 1.806425763e-12 6.380934653e-13)
(0 1.885359008e-12 4.787333297e-13)
(0 1.941346769e-12 3.191886902e-13)
(0 1.974781689e-12 1.595954409e-13)
(0 9.92950193e-13 -1.305903385e-25)
(0 6.278276016e-12 3.890242465e-13)
(0 -6.596009289e-11 9.222433504e-12)
(0 1.07799812e-09 1.100953631e-11)
(0 -1.914638731e-09 1.094696146e-11)
(0 2.450488492e-09 1.084548961e-11)
(0 -2.165544511e-09 1.075871292e-11)
(0 1.651888599e-09 1.076848127e-11)
(0 -1.193834897e-09 1.080334268e-11)
(0 -0.1056025417 0.01415515997)
(0 -0.09906298814 0.03584669984)
(0 -0.08929775382 0.05651699389)
(0 -0.07524028826 0.07490252846)
(0 -0.05636341018 0.09008342509)
(0 -0.039912261 0.1003636684)
(0 -0.006191667253 0.1023934511)
(0 0.0003052086447 0.009269033034)
(0 -1.432988055e-12 2.083128188e-15)
(0 -2.81687057e-12 3.69903186e-13)
(0 -2.674255847e-12 7.140597061e-13)
(0 -2.452020398e-12 1.013585399e-12)
(0 -2.168692251e-12 1.256283512e-12)
(0 -1.844173658e-12 1.437685881e-12)
(0 -1.496815029e-12 1.559436952e-12)
(0 -1.141869031e-12 1.627109457e-12)
(0 -7.910513297e-13 1.648225305e-12)
(0 -4.527904575e-13 1.630802629e-12)
(0 -1.327932156e-13 1.58245038e-12)
(0 1.653214804e-13 1.509898404e-12)
(0 4.394490098e-13 1.418823367e-12)
(0 6.885338477e-13 1.313851779e-12)
(0 9.122164893e-13 1.198655195e-12)
(0 1.110576793e-12 1.07608343e-12)
(0 1.283952808e-12 9.483045071e-13)
(0 1.432815331e-12 8.16935474e-13)
(0 1.557681865e-12 6.831575073e-13)
(0 1.659057796e-12 5.478136921e-13)
(0 1.737396445e-12 4.114904326e-13)
(0 1.793072427e-12 2.745848736e-13)
(0 1.826364371e-12 1.373613626e-13)
(0 9.187213714e-13 -4.892115939e-27)
(0 5.958391204e-12 3.546220544e-13)
(0 -6.632194091e-11 8.984867632e-12)
(0 1.077932091e-09 1.058210059e-11)
(0 -1.914753265e-09 1.048363056e-11)
(0 2.450413216e-09 1.036945911e-11)
(0 -2.165602568e-09 1.029532058e-11)
(0 1.651857624e-09 1.029211064e-11)
(0 -1.193847559e-09 1.030755268e-11)
(0 -0.08516304258 0.01136549136)
(0 -0.07983561083 0.02888925114)
(0 -0.07183054239 0.0456414072)
(0 -0.06037198506 0.06041356498)
(0 -0.04503080286 0.07248396212)
(0 -0.03185539464 0.08051025572)
(0 -0.004811343087 0.08213222417)
(0 0.0002492739863 0.007368697876)
(0 -1.273082216e-12 1.661814892e-15)
(0 -2.50692237e-12 2.813570023e-13)
(0 -2.392280804e-12 5.453857312e-13)
(0 -2.211473283e-12 7.790477224e-13)
(0 -1.977253402e-12 9.730318362e-13)
(0 -1.704031666e-12 1.12289192e-12)
(0 -1.405909976e-12 1.228387033e-12)
(0 -1.095421841e-12 1.292310024e-12)
(0 -7.829352786e-13 1.319261286e-12)
(0 -4.765526164e-13 1.314628732e-12)
(0 -1.823079396e-13 1.28386252e-12)
(0 9.550038982e-14 1.232028337e-12)
(0 3.539485739e-13 1.163578416e-12)
(0 5.911549685e-13 1.082272351e-12)
(0 8.059999835e-13 9.91190089e-13)
(0 9.979023145e-13 8.927946576e-13)
(0 1.166646407e-12 7.890162459e-13)
(0 1.312252623e-12 6.813407745e-13)
(0 1.434880756e-12 5.708940947e-13)
(0 1.534758688e-12 4.585176302e-13)
(0 1.612130189e-12 3.448339524e-13)
(0 1.667217699e-12 2.303026236e-13)
(0 1.700196816e-12 1.15267854e-13)
(0 8.555888303e-13 -1.510131925e-26)
(0 5.686563109e-12 3.204059358e-13)
(0 -6.662549126e-11 8.730335528e-12)
(0 1.077882447e-09 1.013584561e-11)
(0 -1.914841929e-09 1.00001365e-11)
(0 2.450354583e-09 9.872850904e-12)
(0 -2.165646551e-09 9.811728603e-12)
(0 1.651833748e-09 9.795912202e-12)
(0 -1.193856256e-09 9.793100729e-12)
(0 -0.06855197334 0.009107956277)
(0 -0.06424622019 0.02322433233)
(0 -0.05773966694 0.03676576159)
(0 -0.04845858482 0.04864023682)
(0 -0.03604343698 0.05827849612)
(0 -0.0254905668 0.06460829523)
(0 -0.003788329156 0.06593091025)
(0 0.0002018788597 0.005894713232)
(0 -1.152401361e-12 1.331295094e-15)
(0 -2.272207041e-12 2.093873775e-13)
(0 -2.176565127e-12 4.070786545e-13)
(0 -2.024374292e-12 5.84189466e-13)
(0 -1.824848053e-12 7.339064908e-13)
(0 -1.588818461e-12 8.524658971e-13)
(0 -1.327396926e-12 9.389128456e-13)
(0 -1.050994778e-12 9.94486592e-13)
(0 -7.68732621e-13 1.021886059e-12)
(0 -4.881892232e-13 1.024594161e-12)
(0 -2.15393611e-13 1.006348894e-12)
(0 4.503737607e-14 9.707806579e-13)
(0 2.896930237e-13 9.211963852e-13)
(0 5.161455206e-13 8.604758078e-13)
(0 7.227387962e-13 7.910446129e-13)
(0 9.084029503e-13 7.148948592e-13)
(0 1.072498925e-12 6.336302579e-13)
(0 1.21469318e-12 5.48521645e-13)
(0 1.334858721e-12 4.605643139e-13)
(0 1.432997654e-12 3.705325974e-13)
(0 1.509181438e-12 2.790291119e-13)
(0 1.563506328e-12 1.865276884e-13)
(0 1.596061747e-12 9.34104164e-14)
(0 8.034535174e-13 -1.087715288e-26)
(0 5.462049568e-12 2.852737743e-13)
(0 -6.686699605e-11 8.454703706e-12)
(0 1.077850648e-09 9.672378548e-12)
(0 -1.914904759e-09 9.501465652e-12)
(0 2.450312152e-09 9.361460948e-12)
(0 -2.165677344e-09 9.31275861e-12)
(0 1.651815735e-09 9.28503461e-12)
(0 -1.19386161e-09 9.265273909e-12)
(0 -0.05510539814 0.007291525427)
(0 -0.05164255156 0.0186433902)
(0 -0.0463834595 0.02956981431)
(0 -0.03889726474 0.03911783602)
(0 -0.02887916091 0.04683612875)
(0 -0.02042675794 0.05186222458)
(0 -0.0030044871 0.05295243587)
(0 0.0001629351052 0.004735280193)
(0 -1.064300509e-12 1.06820396e-15)
(0 -2.100421658e-12 1.485142929e-13)
(0 -2.017478715e-12 2.893522277e-13)
(0 -1.884645447e-12 4.167264347e-13)
(0 -1.708976971e-12 5.259409872e-13)
(0 -1.499025311e-12 6.141553475e-13)
(0 -1.263889281e-12 6.803157088e-13)
(0 -1.012448627e-12 7.248421615e-13)
(0 -7.528277094e-13 7.492077825e-13)
(0 -4.920897814e-13 7.555193358e-13)
(0 -2.36121443e-13 7.461652515e-13)
(0 1.034788126e-14 7.235564439e-13)
(0 2.436437238e-13 6.89958206e-13)
(0 4.610031962e-13 6.473973582e-13)
(0 6.604190349e-13 5.976250854e-13)
(0 8.404879596e-13 5.421170016e-13)
(0 1.000273193e-12 4.820944821e-13)
(0 1.139186679e-12 4.185560323e-13)
(0 1.256891708e-12 3.523124507e-13)
(0 1.353223486e-12 2.840223131e-13)
(0 1.42812528e-12 2.142253054e-13)
(0 1.481599003e-12 1.433718218e-13)
(0 1.513669127e-12 7.184845906e-14)
(0 7.62178414e-13 -1.540986503e-26)
(0 5.283835604e-12 2.498381636e-13)
(0 -6.705819982e-11 8.154305548e-12)
(0 1.077832806e-09 9.192566774e-12)
(0 -1.91494438e-09 8.992298669e-12)
(0 2.450283929e-09 8.841156606e-12)
(0 -2.165696854e-09 8.803380814e-12)
(0 1.651801786e-09 8.764314593e-12)
(0 -1.193864566e-09 8.728146883e-12)
(0 -0.04424928251 0.005835004397)
(0 -0.04147254081 0.01495526213)
(0 -0.03723727256 0.02376123431)
(0 -0.03121544551 0.03144021614)
(0 -0.02314847441 0.03763296395)
(0 -0.01637927639 0.04164213146)
(0 -0.002390723838 0.04254580453)
(0 0.0001313534284 0.003816723544)
(0 -1.004366729e-12 8.567885265e-16)
(0 -1.983316597e-12 9.483935262e-14)
(0 -1.908352985e-12 1.850898518e-13)
(0 -1.787785533e-12 2.67424586e-13)
(0 -1.627419141e-12 3.389780802e-13)
(0 -1.43444374e-12 3.979021291e-13)
(0 -1.216710112e-12 4.433567804e-13)
(0 -9.821027042e-13 4.753638283e-13)
(0 -7.380554467e-13 4.945897337e-13)
(0 -4.912317541e-13 5.021170737e-13)
(0 -2.473565029e-13 4.992438889e-13)
(0 -1.116966949e-14 4.873296786e-13)
(0 2.135339379e-13 4.676908105e-13)
(0 4.238124001e-13 4.415384642e-13)
(0 6.174584396e-13 4.099496732e-13)
(0 7.92872347e-13 3.738621182e-13)
(0 9.48937956e-13 3.34082656e-13)
(0 1.084911148e-12 2.913019036e-13)
(0 1.200325002e-12 2.46111327e-13)
(0 1.294910508e-12 1.990214704e-13)
(0 1.368530947e-12 1.504799512e-13)
(0 1.421129482e-12 1.008876749e-13)
(0 1.452689925e-12 5.061242134e-14)
(0 7.316050583e-13 -2.074317699e-26)
(0 5.151835631e-12 2.149503049e-13)
(0 -6.718925661e-11 7.827090072e-12)
(0 1.077827024e-09 8.698110495e-12)
(0 -1.914962898e-09 8.476806004e-12)
(0 2.450267693e-09 8.317424208e-12)
(0 -2.165707258e-09 8.28843101e-12)
(0 1.65179016e-09 8.237965843e-12)
(0 -1.193866095e-09 8.184251265e-12)
(0 -0.03549968729 0.004669415175)
(0 -0.03327648985 0.01199426641)
(0 -0.02987389332 0.01908660574)
(0 -0.02503901399 0.02526381527)
(0 -0.01855384287 0.0302394836)
(0 -0.01313407304 0.03344711563)
(0 -0.001903081938 0.03419895285)
(0 0.0001058683813 0.003087057891)
(0 -9.698413522e-13 6.907106047e-16)
(0 -1.915699144e-12 4.537315213e-14)
(0 -1.844893482e-12 8.874380398e-14)
(0 -1.730757218e-12 1.289057406e-13)
(0 -1.578499428e-12 1.646473252e-13)
(0 -1.394646611e-12 1.951219813e-13)
(0 -1.186427582e-12 2.198500819e-13)
(0 -9.612156742e-13 2.386721524e-13)
(0 -7.260744639e-13 2.516765264e-13)
(0 -4.874356262e-13 2.591222068e-13)
(0 -2.509088381e-13 2.613709318e-13)
(0 -2.120519711e-14 2.588354428e-13)
(0 1.978525094e-13 2.519449304e-13)
(0 4.032620589e-13 2.411238519e-13)
(0 5.92742689e-13 2.267811312e-13)
(0 7.646209424e-13 2.093082486e-13)
(0 9.177129785e-13 1.890818203e-13)
(0 1.05121535e-12 1.664662639e-13)
(0 1.164611275e-12 1.418156203e-13)
(0 1.25759211e-12 1.154756861e-13)
(0 1.329991485e-12 8.778688382e-14)
(0 1.381731473e-12 5.908698524e-14)
(0 1.412781452e-12 2.971268131e-14)
(0 7.115659926e-13 1.27815347e-25)
(0 5.065461165e-12 1.796261338e-13)
(0 -6.726702345e-11 7.473046259e-12)
(0 1.077829002e-09 8.192587371e-12)
(0 -1.91496326e-09 7.958937971e-12)
(0 2.450261294e-09 7.79529973e-12)
(0 -2.165710403e-09 7.772472504e-12)
(0 1.651779949e-09 7.709538455e-12)
(0 -1.193866794e-09 7.634820658e-12)
(0 -0.0284512741 0.003736878207)
(0 -0.02667448267 0.0096206343)
(0 -0.02394608953 0.01533216636)
(0 -0.02006969661 0.02030309147)
(0 -0.01486400758 0.02430589037)
(0 -0.01052633654 0.02687711438)
(0 -0.001511373111 0.02750585496)
(0 8.530216972e-05 0.002507958642)
(0 -9.592986428e-13 5.584911527e-16)
(0 -1.894867738e-12 -2.395557978e-15)
(0 -1.824820397e-12 -4.392686712e-15)
(0 -1.711882012e-12 -5.190745663e-15)
(0 -1.5612029e-12 -4.413583119e-15)
(0 -1.379240983e-12 -1.907823808e-15)
(0 -1.173159941e-12 2.253988573e-15)
(0 -9.502762597e-13 7.8034295e-15)
(0 -7.176053923e-13 1.432779657e-14)
(0 -4.815373487e-13 2.133038045e-14)
(0 -2.476432668e-13 2.828850915e-14)
(0 -2.059567087e-14 3.470302442e-14)
(0 1.95822347e-13 4.013654205e-14)
(0 3.986486009e-13 4.423706236e-14)
(0 5.856428363e-13 4.674860238e-14)
(0 7.551730361e-13 4.751512168e-14)
(0 9.060959712e-13 4.647940541e-14)
(0 1.037644948e-12 4.367573561e-14)
(0 1.149334424e-12 3.921762432e-14)
(0 1.240881772e-12 3.328411636e-14)
(0 1.312142246e-12 2.610721349e-14)
(0 1.363055279e-12 1.796070305e-14)
(0 1.39360294e-12 9.149583274e-15)
(0 7.01892377e-13 1.94598828e-25)
(0 5.023302618e-12 1.43109588e-13)
(0 -6.728682294e-11 7.094378479e-12)
(0 1.077835985e-09 7.680338079e-12)
(0 -1.914947909e-09 7.442017647e-12)
(0 2.450263448e-09 7.279004447e-12)
(0 -2.165707098e-09 7.259501693e-12)
(0 1.651771877e-09 7.182057747e-12)
(0 -1.193866501e-09 7.080681681e-12)
(0 -0.02277095929 0.002993477013)
(0 -0.02135555946 0.007722459534)
(0 -0.01917218183 0.0123230032)
(0 -0.01606826771 0.01632471729)
(0 -0.01189678623 0.01954936775)
(0 -0.008426671204 0.02161200294)
(0 -0.001193620308 0.0221433595)
(0 6.864451636e-05 0.002050389227)
(0 -9.724826429e-13 4.505627548e-16)
(0 -1.920329073e-12 -5.080793499e-14)
(0 -1.84768867e-12 -9.872717033e-14)
(0 -1.730778115e-12 -1.408603094e-13)
(0 -1.575216507e-12 -1.752001433e-13)
(0 -1.387979039e-12 -2.005900297e-13)
(0 -1.176716329e-12 -2.167254898e-13)
(0 -9.491418662e-13 -2.240354811e-13)
(0 -7.12547513e-13 -2.234940324e-13)
(0 -4.734749136e-13 -2.164118259e-13)
(0 -2.375361942e-13 -2.04245282e-13)
(0 -9.357164209e-15 -1.884428781e-13)
(0 2.073865473e-13 -1.703330239e-13)
(0 4.098741192e-13 -1.510564399e-13)
(0 5.960207483e-13 -1.315365854e-13)
(0 7.643517454e-13 -1.124731708e-13)
(0 9.138735924e-13 -9.434965665e-14)
(0 1.043953569e-12 -7.745206794e-14)
(0 1.154219656e-12 -6.189606564e-14)
(0 1.244481699e-12 -4.765708538e-14)
(0 1.314668071e-12 -3.459910133e-14)
(0 1.364773843e-12 -2.250033614e-14)
(0 1.394820749e-12 -1.107624339e-14)
(0 7.024164093e-13 5.957191498e-26)
(0 5.025386454e-12 1.063237093e-13)
(0 -6.726047348e-11 6.694977021e-12)
(0 1.077843148e-09 7.165535975e-12)
(0 -1.914919709e-09 6.927780781e-12)
(0 2.450273779e-09 6.771252129e-12)
(0 -2.165696889e-09 6.752302135e-12)
(0 1.651768529e-09 6.658176767e-12)
(0 -1.193864215e-09 6.523569121e-12)
(0 -0.01819624243 0.002403499674)
(0 -0.01707137573 0.006208091871)
(0 -0.0153271042 0.009916530874)
(0 -0.01284370391 0.01313896394)
(0 -0.009508451003 0.01574239707)
(0 -0.006732506529 0.01739532782)
(0 -0.0009331686009 0.01785462458)
(0 5.507321804e-05 0.00169208141)
(0 -1.010302226e-12 3.667305018e-16)
(0 -1.993783164e-12 -1.023036646e-13)
(0 -1.914872771e-12 -1.988465118e-13)
(0 -1.788354985e-12 -2.843209771e-13)
(0 -1.62093262e-12 -3.549337248e-13)
(0 -1.420766329e-12 -4.085230964e-13)
(0 -1.196605392e-12 -4.44526342e-13)
(0 -9.570448023e-13 -4.637212429e-13)
(0 -7.099817371e-13 -4.678514872e-13)
(0 -4.622885984e-13 -4.592331538e-13)
(0 -2.19674319e-13 -4.404102787e-13)
(0 1.331658727e-14 -4.138908632e-13)
(0 2.332087852e-13 -3.819627279e-13)
(0 4.374450394e-13 -3.465882659e-13)
(0 6.242261054e-13 -3.093645312e-13)
(0 7.923599648e-13 -2.715233873e-13)
(0 9.411170741e-13 -2.339533218e-13)
(0 1.070098539e-12 -1.972351168e-13)
(0 1.179129407e-12 -1.616866392e-13)
(0 1.268178736e-12 -1.274108811e-13)
(0 1.337298995e-12 -9.434178952e-14)
(0 1.386578137e-12 -6.228509349e-14)
(0 1.416103276e-12 -3.095393498e-14)
(0 7.129686204e-13 -2.722761909e-26)
(0 5.070565336e-12 7.010415349e-14)
(0 -6.717855514e-11 6.279049022e-12)
(0 1.077852645e-09 6.652962666e-12)
(0 -1.914878589e-09 6.416534414e-12)
(0 2.45029384e-09 6.273455056e-12)
(0 -2.165678255e-09 6.252109247e-12)
(0 1.651773556e-09 6.140580662e-12)
(0 -1.193858631e-09 5.96752105e-12)
(0 -0.01450746236 0.001934793698)
(0 -0.01361721822 0.004996987538)
(0 -0.01222728245 0.007990914052)
(0 -0.0102411771 0.01058435027)
(0 -0.007584191329 0.01269461307)
(0 -0.005360995406 0.01401347193)
(0 -0.0007174651195 0.01442686238)
(0 4.389824514e-05 0.001415677545)
(0 -1.074944021e-12 3.027007552e-16)
(0 -2.119326692e-12 -1.597164791e-13)
(0 -2.029705982e-12 -3.100328437e-13)
(0 -1.886865328e-12 -4.426410253e-13)
(0 -1.699418626e-12 -5.516875639e-13)
(0 -1.477571656e-12 -6.34038423e-13)
(0 -1.231914475e-12 -6.891310419e-13)
(0 -9.724670113e-13 -7.184665473e-13)
(0 -7.080594238e-13 -7.249513829e-13)
(0 -4.460337051e-13 -7.122523489e-13)
(0 -1.921939036e-13 -6.842663101e-13)
(0 4.909038665e-14 -6.447411817e-13)
(0 2.746891446e-13 -5.970292112e-13)
(0 4.824723159e-13 -5.439596692e-13)
(0 6.710856269e-13 -4.87805134e-13)
(0 8.397629549e-13 -4.3030384e-13)
(0 9.88161863e-13 -3.727089738e-13)
(0 1.116220251e-12 -3.158505563e-13)
(0 1.224043891e-12 -2.602032536e-13)
(0 1.311826549e-12 -2.059546375e-13)
(0 1.379793859e-12 -1.530688191e-13)
(0 1.428161698e-12 -1.013424786e-13)
(0 1.457105843e-12 -5.04529535e-14)
(0 7.333703443e-13 3.299329146e-26)
(0 5.158586429e-12 3.259502157e-14)
(0 -6.704250322e-11 5.849333624e-12)
(0 1.077868431e-09 6.149434402e-12)
(0 -1.914824105e-09 5.90861556e-12)
(0 2.450325749e-09 5.787054647e-12)
(0 -2.165650582e-09 5.759106733e-12)
(0 1.651789152e-09 5.632526415e-12)
(0 -1.193849561e-09 5.41928636e-12)
(0 -0.01152919162 0.001574601741)
(0 -0.01083101044 0.004043687896)
(0 -0.009727923983 0.006478254586)
(0 -0.008137761101 0.008563396424)
(0 -0.006033045661 0.01029231261)
(0 -0.004245849052 0.01133057862)
(0 -0.0005315755311 0.0117343321)
(0 3.46785813e-05 0.001209169187)
(0 -1.170147876e-12 2.555325531e-16)
(0 -2.303939196e-12 -2.266567337e-13)
(0 -2.197797318e-12 -4.389257361e-13)
(0 -2.030009705e-12 -6.245200863e-13)
(0 -1.812330018e-12 -7.75133566e-13)
(0 -1.558209807e-12 -8.868075963e-13)
(0 -1.281033516e-12 -9.594878223e-13)
(0 -9.928651433e-13 -9.960570957e-13)
(0 -7.037675387e-13 -1.001228329e-12)
(0 -4.216035256e-13 -9.80550458e-13)
(0 -1.521631518e-13 -9.396558348e-13)
(0 1.005536862e-13 -8.837727708e-13)
(0 3.339902977e-13 -8.174425329e-13)
(0 5.466691166e-13 -7.444011721e-13)
(0 7.378819346e-13 -6.675798888e-13)
(0 9.074561249e-13 -5.891722874e-13)
(0 1.055570358e-12 -5.107289122e-13)
(0 1.18260426e-12 -4.332578984e-13)
(0 1.289025325e-12 -3.573230924e-13)
(0 1.375313171e-12 -2.831355397e-13)
(0 1.441911154e-12 -2.106353135e-13)
(0 1.489194003e-12 -1.39561964e-13)
(0 1.517445755e-12 -6.951395627e-14)
(0 7.634215739e-13 5.000149822e-26)
(0 5.287722876e-12 -4.937962999e-15)
(0 -6.686195576e-11 5.404061667e-12)
(0 1.077897003e-09 5.660420731e-12)
(0 -1.914755938e-09 5.404452953e-12)
(0 2.450370871e-09 5.3149348e-12)
(0 -2.165616855e-09 5.273390115e-12)
(0 1.651812451e-09 5.137616648e-12)
(0 -1.193839884e-09 4.885885953e-12)
(0 -0.009097803786 0.001280031805)
(0 -0.008562878106 0.003244360371)
(0 -0.007697528656 0.005219390972)
(0 -0.006424252817 0.006866491182)
(0 -0.004779212853 0.008293380338)
(0 -0.00332716705 0.009088900452)
(0 -0.0003789536416 0.009508997606)
(0 2.662850555e-05 0.001060656059)
(0 -1.301708793e-12 2.218018199e-16)
(0 -2.558355102e-12 -3.080906794e-13)
(0 -2.427569335e-12 -5.944914152e-13)
(0 -2.223073158e-12 -8.413771918e-13)
(0 -1.961706136e-12 -1.037515446e-12)
(0 -1.661925913e-12 -1.178566286e-12)
(0 -1.341163975e-12 -1.265951003e-12)
(0 -1.014207518e-12 -1.305041883e-12)
(0 -6.925527861e-13 -1.303349445e-12)
(0 -3.844612109e-13 -1.269058085e-12)
(0 -9.541621629e-14 -1.210031267e-12)
(0 1.713036885e-13 -1.133252286e-12)
(0 4.140607433e-13 -1.044562953e-12)
(0 6.3233496e-13 -9.486104183e-13)
(0 8.263145115e-13 -8.489251844e-13)
(0 9.966139315e-13 -7.480639498e-13)
(0 1.144076252e-12 -6.477703252e-13)
(0 1.269626071e-12 -5.491279553e-13)
(0 1.37416625e-12 -4.526966621e-13)
(0 1.458514328e-12 -3.586300616e-13)
(0 1.523367435e-12 -2.667752678e-13)
(0 1.569283055e-12 -1.767558549e-13)
(0 1.596667807e-12 -8.804026649e-14)
(0 8.028843006e-13 -5.173291852e-26)
(0 5.457386293e-12 -4.144591096e-14)
(0 -6.662704689e-11 4.934066293e-12)
(0 1.077952386e-09 5.192467607e-12)
(0 -1.914672981e-09 4.90716903e-12)
(0 2.450428957e-09 4.864456686e-12)
(0 -2.165586087e-09 4.797149153e-12)
(0 1.651832612e-09 4.659397845e-12)
(0 -1.193837008e-09 4.369519632e-12)
(0 -0.007182614014 0.001122979155)
(0 -0.006774899632 0.002677689655)
(0 -0.006098303867 0.004393148984)
(0 -0.005060915037 0.005655743295)
(0 -0.003780924631 0.006953730187)
(0 -0.00258088806 0.007471012704)
(0 -0.000227300137 0.008017344757)
(0 1.979282756e-05 0.0009663848553)
(0 -1.478331332e-12 1.999295506e-16)
(0 -2.898518445e-12 -4.113050605e-13)
(0 -2.73108383e-12 -7.895702163e-13)
(0 -2.473033736e-12 -1.108979394e-12)
(0 -2.149519112e-12 -1.354982132e-12)
(0 -1.786645365e-12 -1.523988196e-12)
(0 -1.407509113e-12 -1.620705186e-12)
(0 -1.030263585e-12 -1.654809806e-12)
(0 -6.677837407e-13 -1.638068775e-12)
(0 -3.282853477e-13 -1.582296011e-12)
(0 -1.63573529e-14 -1.498159767e-12)
(0 2.660219994e-13 -1.394651437e-12)
(0 5.18632165e-13 -1.278955931e-12)
(0 7.423068857e-13 -1.156553823e-12)
(0 9.384284031e-13 -1.031439432e-12)
(0 1.108610984e-12 -9.063775047e-13)
(0 1.254506352e-12 -7.831517645e-13)
(0 1.377677923e-12 -6.627820574e-13)
(0 1.479523219e-12 -5.457037753e-13)
(0 1.561234565e-12 -4.319125612e-13)
(0 1.623785361e-12 -3.21080011e-13)
(0 1.667929004e-12 -2.12645791e-13)
(0 1.69420161e-12 -1.058912173e-13)
(0 8.514618404e-13 -1.897221123e-25)
(0 5.66611285e-12 -7.793478388e-14)
(0 -6.634297358e-11 4.420571017e-12)
(0 1.078047418e-09 4.755360225e-12)
(0 -1.914578123e-09 4.424370357e-12)
(0 2.450496729e-09 4.450730733e-12)
(0 -2.165573883e-09 4.33721664e-12)
(0 1.651831533e-09 4.200599147e-12)
(0 -1.193852432e-09 3.860464534e-12)
(0 -0.005495167694 0.0009288686648)
(0 -0.005196729199 0.002090739391)
(0 -0.004713558884 0.003530610573)
(0 -0.003860496694 0.004417594638)
(0 -0.002940334656 0.005577218771)
(0 -0.00192167588 0.005824870597)
(0 -0.0001068235099 0.006517157769)
(0 1.291866745e-05 0.0009171234129)
(0 -1.71309564e-12 1.883067345e-16)
(0 -3.348003069e-12 -5.47639446e-13)
(0 -3.125243669e-12 -1.043503711e-12)
(0 -2.788485074e-12 -1.44998667e-12)
(0 -2.376714937e-12 -1.749444514e-12)
(0 -1.927648966e-12 -1.941697832e-12)
(0 -1.471985586e-12 -2.038069202e-12)
(0 -1.031571108e-12 -2.05542521e-12)
(0 -6.200389905e-13 -2.011820772e-12)
(0 -2.445522028e-13 -1.923889914e-12)
(0 9.222835715e-14 -1.805655957e-12)
(0 3.905075252e-13 -1.668244606e-12)
(0 6.52158358e-13 -1.520070058e-12)
(0 8.798514583e-13 -1.36722295e-12)
(0 1.076490829e-12 -1.213907695e-12)
(0 1.244901599e-12 -1.062854483e-12)
(0 1.387671699e-12 -9.156734727e-13)
(0 1.50707406e-12 -7.731410253e-13)
(0 1.605035746e-12 -6.354214842e-13)
(0 1.683138092e-12 -5.022353345e-13)
(0 1.742634205e-12 -3.729859868e-13)
(0 1.784471849e-12 -2.468556592e-13)
(0 1.809313598e-12 -1.228787903e-13)
(0 9.087755179e-13 -3.659928792e-25)
(0 5.912779958e-12 -1.137915607e-13)
(0 -6.601092696e-11 3.833758816e-12)
(0 1.078195707e-09 4.362591055e-12)
(0 -1.914478592e-09 3.966760536e-12)
(0 2.450569662e-09 4.097690651e-12)
(0 -2.165599886e-09 3.90456329e-12)
(0 1.651789147e-09 3.760608312e-12)
(0 -1.193899148e-09 3.329557859e-12)
(0 -0.004326614741 0.0009575835688)
(0 -0.004102110694 0.001646005913)
(0 -0.003766735765 0.003166547739)
(0 -0.003012238714 0.003575606859)
(0 -0.002359691862 0.004951042772)
(0 -0.001432926691 0.004736730127)
(0 2.196099449e-05 0.005812167853)
(0 4.706147208e-06 0.0009117913274)
(0 -2.0260473e-12 1.833533304e-16)
(0 -3.942094454e-12 -7.35824406e-13)
(0 -3.633431054e-12 -1.38681802e-12)
(0 -3.178974538e-12 -1.898018374e-12)
(0 -2.641230274e-12 -2.251110946e-12)
(0 -2.075270053e-12 -2.455287477e-12)
(0 -1.521236491e-12 -2.534441418e-12)
(0 -1.004015155e-12 -2.517000416e-12)
(0 -5.362484455e-13 -2.429895852e-12)
(0 -1.221205329e-13 -2.295772111e-12)
(0 2.392879557e-13 -2.132310067e-12)
(0 5.516078989e-13 -1.952588264e-12)
(0 8.196538209e-13 -1.765855758e-12)
(0 1.048469248e-12 -1.578367227e-12)
(0 1.24279687e-12 -1.394121982e-12)
(0 1.406845207e-12 -1.215464132e-12)
(0 1.54421981e-12 -1.04354803e-12)
(0 1.657929911e-12 -8.786866772e-13)
(0 1.75042891e-12 -7.206050156e-13)
(0 1.823670062e-12 -5.686207086e-13)
(0 1.879165036e-12 -4.217724717e-13)
(0 1.918036201e-12 -2.789115704e-13)
(0 1.941057269e-12 -1.387680653e-13)
(0 9.743406306e-13 -5.440418159e-25)
(0 6.194367493e-12 -1.493171796e-13)
(0 -6.562797657e-11 3.131962146e-12)
(0 1.078412795e-09 4.03622472e-12)
(0 -1.914387021e-09 3.545770842e-12)
(0 2.450644129e-09 3.837814358e-12)
(0 -2.165684859e-09 3.510684748e-12)
(0 1.65169034e-09 3.334809311e-12)
(0 -1.193988978e-09 2.72760513e-12)
(0 -0.003029755688 0.0008782563402)
(0 -0.002884327543 0.001418320864)
(0 -0.002773057689 0.002919983398)
(0 -0.00207250894 0.003051521701)
(0 -0.001769282734 0.004486120775)
(0 -0.0009267363219 0.003800522772)
(0 0.0002256564211 0.005342306113)
(0 5.956721441e-07 0.0009850646415)
(0 -2.44899055e-12 1.948287487e-16)
(0 -4.734888848e-12 -1.008910573e-12)
(0 -4.287437637e-12 -1.869925225e-12)
(0 -3.652778e-12 -2.504156196e-12)
(0 -2.93398404e-12 -2.901691593e-12)
(0 -2.210979437e-12 -3.093896303e-12)
(0 -1.533698524e-12 -3.127394523e-12)
(0 -9.270255426e-13 -3.048238817e-12)
(0 -3.988106854e-13 -2.8949865e-12)
(0 5.303358261e-14 -2.696981449e-12)
(0 4.354122043e-13 -2.475202765e-12)
(0 7.569618338e-13 -2.243917344e-12)
(0 1.026379395e-12 -2.012378136e-12)
(0 1.251585235e-12 -1.786258789e-12)
(0 1.439393924e-12 -1.568746462e-12)
(0 1.595475551e-12 -1.361332206e-12)
(0 1.724449155e-12 -1.164368163e-12)
(0 1.830017074e-12 -9.774526668e-13)
(0 1.915101715e-12 -7.9969112e-13)
(0 1.981970636e-12 -6.298699062e-13)
(0 2.032343343e-12 -4.665713642e-13)
(0 2.067476255e-12 -3.082497217e-13)
(0 2.088225168e-12 -1.532816107e-13)
(0 1.047543583e-12 -6.999059635e-25)
(0 6.50881103e-12 -1.831080787e-13)
(0 -6.520559257e-11 2.259251297e-12)
(0 1.078717505e-09 3.810558693e-12)
(0 -1.914323346e-09 3.169862104e-12)
(0 2.450718276e-09 3.711971018e-12)
(0 -2.165851754e-09 3.160525438e-12)
(0 1.651525977e-09 2.913051851e-12)
(0 -1.19413471e-09 1.987079149e-12)
(0 -0.002101205171 0.000957019057)
(0 -0.001981408449 0.0006862682415)
(0 -0.002123018138 0.002376488243)
(0 -0.001443948557 0.001687543117)
(0 -0.001612239654 0.003448300431)
(0 -0.0005982612935 0.002054750406)
(0 7.868646624e-05 0.004052614225)
(0 -1.863603059e-05 0.00101901338)
(0 -3.035024628e-12 -1.040677261e-17)
(0 -5.812090754e-12 -1.429966448e-12)
(0 -5.128676677e-12 -2.579815155e-12)
(0 -4.210740906e-12 -3.34698639e-12)
(0 -3.230970381e-12 -3.757601768e-12)
(0 -2.300972983e-12 -3.891213447e-12)
(0 -1.475579005e-12 -3.832988187e-12)
(0 -7.716071314e-13 -3.653585955e-12)
(0 -1.849910777e-13 -3.404842888e-12)
(0 2.976632025e-13 -3.121979329e-12)
(0 6.923520607e-13 -2.827610637e-12)
(0 1.014432528e-12 -2.535496573e-12)
(0 1.277312376e-12 -2.253470884e-12)
(0 1.492100921e-12 -1.985534619e-12)
(0 1.667723453e-12 -1.733267323e-12)
(0 1.811223506e-12 -1.496746723e-12)
(0 1.928099349e-12 -1.275137617e-12)
(0 2.022606954e-12 -1.067063444e-12)
(0 2.09801167e-12 -8.708363074e-13)
(0 2.156789818e-12 -6.845961834e-13)
(0 2.200785221e-12 -5.063930911e-13)
(0 2.231325954e-12 -3.342340391e-13)
(0 2.24930699e-12 -1.661084037e-13)
(0 1.127622241e-12 -8.917588077e-25)
(0 6.852132947e-12 -2.141329998e-13)
(0 -6.473400539e-11 1.141224093e-12)
(0 1.079143792e-09 3.742257379e-12)
(0 -1.914316036e-09 2.845535453e-12)
(0 2.450787013e-09 3.773827711e-12)
(0 -2.166141331e-09 2.845270189e-12)
(0 1.651275074e-09 2.478660987e-12)
(0 -1.1943633e-09 1.023271262e-12)
(0 -0.001479898392 0.001215683505)
(0 -0.001335541791 0.001172324601)
(0 -0.001753381195 0.003449864146)
(0 -0.0009967104761 0.002598555673)
(0 -0.001404051755 0.004950855013)
(0 -0.0004110228345 0.002449318311)
(0 0.0006451685363 0.005996789893)
(0 -2.957597494e-05 0.001219623796)
(0 -3.878788584e-12 -3.244155168e-15)
(0 -7.314565709e-12 -2.130998831e-12)
(0 -6.204457579e-12 -3.672382143e-12)
(0 -4.830564614e-12 -4.54637055e-12)
(0 -3.478211097e-12 -4.890521345e-12)
(0 -2.286365856e-12 -4.880380421e-12)
(0 -1.296071032e-12 -4.659753875e-12)
(0 -4.988802438e-13 -4.328285714e-12)
(0 1.327959412e-13 -3.94883802e-12)
(0 6.302658344e-13 -3.558508018e-12)
(0 1.02189496e-12 -3.177788996e-12)
(0 1.331101586e-12 -2.817003379e-12)
(0 1.576341349e-12 -2.480481457e-12)
(0 1.771788796e-12 -2.169144072e-12)
(0 1.92818182e-12 -1.882041772e-12)
(0 2.053605258e-12 -1.617248622e-12)
(0 2.154132434e-12 -1.372370428e-12)
(0 2.234318383e-12 -1.144825708e-12)
(0 2.297568975e-12 -9.319935877e-13)
(0 2.346413852e-12 -7.312849449e-13)
(0 2.382705487e-12 -5.401703929e-13)
(0 2.407760943e-12 -3.561845961e-13)
(0 2.422459207e-12 -1.769177443e-13)
(0 1.213651987e-12 -1.205019602e-24)
(0 7.221264594e-12 -2.431924604e-13)
(0 -6.42178959e-11 -3.169631037e-13)
(0 1.079729237e-09 3.929495023e-12)
(0 -1.914417254e-09 2.588451671e-12)
(0 2.450827336e-09 4.107992152e-12)
(0 -2.166638722e-09 2.545769885e-12)
(0 1.650876895e-09 2.009062231e-12)
(0 -1.194735428e-09 -2.828974902e-13)
(0 0.000235667512 0.0008283423587)
(0 0.0003564116416 0.0002388267744)
(0 -0.0006766501631 0.001800360563)
(0 6.135756889e-05 0.0004512452474)
(0 -0.001770553562 0.0023375763)
(0 0.0001581711687 -0.0008342335872)
(0 -0.0001907027793 0.002806712603)
(0 -6.206424822e-05 0.0009154396706)
(0 -5.162613503e-12 -3.050550842e-14)
(0 -9.481075218e-12 -3.41825452e-12)
(0 -7.544048396e-12 -5.432347077e-12)
(0 -5.428880109e-12 -6.275591577e-12)
(0 -3.564980252e-12 -6.377743916e-12)
(0 -2.070205513e-12 -6.08002872e-12)
(0 -9.234842974e-13 -5.597358154e-12)
(0 -6.069127669e-14 -5.050929948e-12)
(0 5.84786618e-13 -4.503681449e-12)
(0 1.068712227e-12 -3.985409347e-12)
(0 1.4338567e-12 -3.508028328e-12)
(0 1.711740067e-12 -3.074244704e-12)
(0 1.925171683e-12 -2.68230783e-12)
(0 2.090540606e-12 -2.328520059e-12)
(0 2.219618903e-12 -2.008508397e-12)
(0 2.320894851e-12 -1.717835617e-12)
(0 2.400522263e-12 -1.452268833e-12)
(0 2.462983795e-12 -1.207874267e-12)
(0 2.511552434e-12 -9.810265889e-13)
(0 2.548613013e-12 -7.683790902e-13)
(0 2.575885569e-12 -5.668185028e-13)
(0 2.594578603e-12 -3.734158257e-13)
(0 2.605491587e-12 -1.853777573e-13)
(0 1.304539986e-12 -1.498711365e-24)
(0 7.610314622e-12 -2.7043895e-13)
(0 -6.365710853e-11 -2.219766905e-12)
(0 1.080491903e-09 4.544067631e-12)
(0 -1.914725131e-09 2.442179218e-12)
(0 2.450782497e-09 4.858494731e-12)
(0 -2.167499726e-09 2.24375855e-12)
(0 1.650210535e-09 1.471583684e-12)
(0 -1.19536156e-09 -2.128556353e-12)
(0 -0.0004597708124 0.001676598256)
(0 -0.0002462585436 0.001871984409)
(0 -0.001508947761 0.004937948314)
(0 -0.0004488748117 0.002919853097)
(0 -0.002697323441 0.006080006675)
(0 -0.0004094206757 0.0001108424615)
(0 -0.00190848366 0.007746570826)
(0 -0.0002294566662 0.001781870765)
(0 -7.265984149e-12 -4.039510223e-13)
(0 -1.271630219e-11 -6.078986084e-12)
(0 -9.061794636e-12 -8.363164964e-12)
(0 -5.775961452e-12 -8.745888425e-12)
(0 -3.282648241e-12 -8.264849604e-12)
(0 -1.505980095e-12 -7.464571753e-12)
(0 -2.669722606e-13 -6.598725582e-12)
(0 5.947964613e-13 -5.774378004e-12)
(0 1.198316542e-12 -5.02952309e-12)
(0 1.625918956e-12 -4.371403273e-12)
(0 1.933059603e-12 -3.794658211e-12)
(0 2.156822083e-12 -3.289629029e-12)
(0 2.322065995e-12 -2.845978544e-12)
(0 2.44558823e-12 -2.454117155e-12)
(0 2.538866261e-12 -2.105635091e-12)
(0 2.609844822e-12 -1.79331564e-12)
(0 2.664093784e-12 -1.51099381e-12)
(0 2.705560627e-12 -1.253374865e-12)
(0 2.737064152e-12 -1.015858679e-12)
(0 2.760621938e-12 -7.943858206e-13)
(0 2.777668752e-12 -5.853082648e-13)
(0 2.789201688e-12 -3.852820589e-13)
(0 2.795875033e-12 -1.911772322e-13)
(0 1.399029744e-12 -1.754772341e-24)
(0 8.01467465e-12 -2.990476194e-13)
(0 -6.304860928e-11 -4.633742763e-12)
(0 1.08137376e-09 5.895971106e-12)
(0 -1.91542144e-09 2.508656711e-12)
(0 2.450552298e-09 6.2677954e-12)
(0 -2.168949441e-09 1.94248512e-12)
(0 1.649133533e-09 8.245029901e-13)
(0 -1.19638689e-09 -4.844147772e-12)
(0 0.003710023092 0.0006697876722)
(0 0.00378092642 0.001040069332)
(0 0.0004196004692 0.002928782209)
(0 0.001221300872 0.002392342851)
(0 -0.00453723382 0.005321104318)
(0 0.0009652633319 -0.001621396361)
(0 -0.002828321483 0.004454903525)
(0 -5.078226921e-05 -0.004167371132)
(0 -1.083743287e-11 -4.253699352e-12)
(0 -1.744005756e-11 -1.213033967e-11)
(0 -1.021095074e-11 -1.319543518e-11)
(0 -5.330564749e-12 -1.207990289e-11)
(0 -2.283663579e-12 -1.04712497e-11)
(0 -4.040814908e-13 -8.914716952e-12)
(0 7.667094515e-13 -7.558638249e-12)
(0 1.508511215e-12 -6.418362869e-12)
(0 1.987761349e-12 -5.468648888e-12)
(0 2.303577106e-12 -4.676036314e-12)
(0 2.515630944e-12 -4.009577819e-12)
(0 2.660419734e-12 -3.443633845e-12)
(0 2.760683556e-12 -2.957857696e-12)
(0 2.830884059e-12 -2.536333039e-12)
(0 2.880420418e-12 -2.166597603e-12)
(0 2.915536132e-12 -1.838796337e-12)
(0 2.940463039e-12 -1.545014246e-12)
(0 2.958118926e-12 -1.278771454e-12)
(0 2.970541478e-12 -1.034646653e-12)
(0 2.979163427e-12 -8.079967152e-13)
(0 2.984989331e-12 -5.947462184e-13)
(0 2.988709636e-12 -3.91226518e-13)
(0 2.990773645e-12 -1.940488771e-13)
(0 1.495717218e-12 -2.07317775e-24)
(0 8.427717231e-12 -3.321241388e-13)
(0 -6.241343352e-11 -7.496380678e-12)
(0 1.082164673e-09 8.507250349e-12)
(0 -1.916812913e-09 2.974992145e-12)
(0 2.44999926e-09 8.707206192e-12)
(0 -2.171246725e-09 1.662024096e-12)
(0 1.647578283e-09 -5.172689286e-15)
(0 -1.197951578e-09 -8.953761619e-12)
(0 0.001244423931 0.001831980897)
(0 0.002101251739 0.00261158638)
(0 -9.238318344e-05 0.005034671617)
(0 0.001961947799 0.003040883987)
(0 -0.006690387247 0.003747428809)
(0 -0.003945065872 -0.00809154573)
(0 -0.05110915434 0.008942277695)
(0 -0.001494270162 0.002174566043)
(0 -1.513739219e-11 -2.37735981e-11)
(0 -2.165865546e-11 -2.499262522e-11)
(0 -9.011357858e-12 -2.020834374e-11)
(0 -3.051775974e-12 -1.590708039e-11)
(0 -1.174623048e-13 -1.26254489e-11)
(0 1.406631356e-12 -1.016442064e-11)
(0 2.229381822e-12 -8.30274456e-12)
(0 2.684785822e-12 -6.871773382e-12)
(0 2.940643097e-12 -5.750670109e-12)
(0 3.084990025e-12 -4.854517268e-12)
(0 3.165462072e-12 -4.123983637e-12)
(0 3.208542206e-12 -3.517470002e-12)
(0 3.229366801e-12 -3.005484467e-12)
(0 3.236848323e-12 -2.566758876e-12)
(0 3.236402963e-12 -2.185624624e-12)
(0 3.231428179e-12 -1.85025604e-12)
(0 3.224118668e-12 -1.551493601e-12)
(0 3.21592822e-12 -1.282048736e-12)
(0 3.20783889e-12 -1.035958923e-12)
(0 3.200522373e-12 -8.082075752e-13)
(0 3.194438949e-12 -5.944528632e-13)
(0 3.189899029e-12 -3.908284909e-13)
(0 3.187101551e-12 -1.937915055e-13)
(0 1.593078621e-12 -2.262069954e-24)
(0 8.844120555e-12 -3.729466269e-13)
(0 -6.176847104e-11 -1.052491811e-11)
(0 1.082474739e-09 1.313217607e-11)
(0 -1.919338918e-09 4.121140858e-12)
(0 2.448947487e-09 1.270814897e-11)
(0 -2.174674953e-09 1.452929367e-12)
(0 1.645642055e-09 -1.083629695e-12)
(0 -1.200157582e-09 -1.508904139e-11)
(0 0.007890434353 0.001206833059)
(0 0.007258981201 0.005358170771)
(0 0.0009302996584 0.009751061017)
(0 3.084772598e-06 0.01550050569)
(0 -0.01544951093 0.02286917273)
(0 0.0004627839712 0.04435002445)
(0 -0.01757791543 0.02403718592)
(0 5.234401949e-06 -0.0866277191)
(0 -1.205611705e-11 -9.613061152e-11)
(0 -1.387452018e-11 -4.385802775e-11)
(0 -1.125405902e-12 -2.67381079e-11)
(0 2.252330098e-12 -1.87146904e-11)
(0 3.458996174e-12 -1.395898491e-11)
(0 3.918622845e-12 -1.081474759e-11)
(0 4.059356706e-12 -8.616124685e-12)
(0 4.060585666e-12 -7.015297821e-12)
(0 4.005017463e-12 -5.807734086e-12)
(0 3.930263578e-12 -4.867376088e-12)
(0 3.85267821e-12 -4.114366325e-12)
(0 3.778918904e-12 -3.496775661e-12)
(0 3.711394682e-12 -2.97985017e-12)
(0 3.650743901e-12 -2.539592571e-12)
(0 3.596923255e-12 -2.158884641e-12)
(0 3.549667155e-12 -1.825107818e-12)
(0 3.508670343e-12 -1.528653715e-12)
(0 3.473653604e-12 -1.261969748e-12)
(0 3.444382639e-12 -1.018931905e-12)
(0 3.420669487e-12 -7.944211594e-13)
(0 3.402368416e-12 -5.840285935e-13)
(0 3.389370993e-12 -3.838426032e-13)
(0 3.381602136e-12 -1.902883768e-13)
(0 1.689508723e-12 -2.375228212e-24)
(0 9.257881078e-12 -4.224846428e-13)
(0 -6.117283669e-11 -1.320450852e-11)
(0 1.081859616e-09 2.061250892e-11)
(0 -1.923437432e-09 6.188037208e-12)
(0 2.447226139e-09 1.887407432e-11)
(0 -2.179558016e-09 1.416156556e-12)
(0 1.643619479e-09 -2.390656798e-12)
(0 -1.203071441e-09 -2.37795886e-11)
(0 0.007754251936 0.0004037994922)
(0 0.01068863338 0.003852767269)
(0 0.01015581084 0.0008927001753)
(0 0.01491117226 0.004650975329)
(0 0.02169171743 -0.005289227715)
(0 -0.0007386293923 -0.03169716337)
(0 0.08626397678 0.02402453169)
(0 -4.790243536e-11 -1.553590776e-13)
(0 -1.079745188e-11 -1.130537601e-10)
(0 4.772284342e-11 -2.758576546e-11)
(0 1.61319795e-11 -2.417139326e-11)
(0 9.727347017e-12 -1.825454182e-11)
(0 7.7824805e-12 -1.36810989e-11)
(0 6.749491579e-12 -1.051949178e-11)
(0 6.028831591e-12 -8.331718084e-12)
(0 5.493176421e-12 -6.765562741e-12)
(0 5.08856483e-12 -5.597594902e-12)
(0 4.778357785e-12 -4.692886201e-12)
(0 4.5360625e-12 -3.969327398e-12)
(0 4.343058361e-12 -3.375413995e-12)
(0 4.18654989e-12 -2.877546724e-12)
(0 4.057813852e-12 -2.452875404e-12)
(0 3.950887716e-12 -2.085211929e-12)
(0 3.861659106e-12 -1.762635083e-12)
(0 3.787256738e-12 -1.476042184e-12)
(0 3.72565003e-12 -1.218243566e-12)
(0 3.675387479e-12 -9.833770153e-13)
(0 3.635425684e-12 -7.665158908e-13)
(0 3.605017505e-12 -5.633971155e-13)
(0 3.583639246e-12 -3.702244328e-13)
(0 3.570944154e-12 -1.835190984e-13)
(0 1.783366998e-12 -2.596088658e-24)
(0 9.664040832e-12 -4.704961447e-13)
(0 -6.070725469e-11 -1.495659099e-11)
(0 1.080111556e-09 3.150840818e-11)
(0 -1.92927949e-09 9.099683124e-12)
(0 2.444836871e-09 2.763042929e-11)
(0 -2.186225872e-09 1.724959825e-12)
(0 1.641980585e-09 -3.633351764e-12)
(0 -1.206746056e-09 -3.513735174e-11)
(0 0.01160264193 0.0007305667772)
(0 0.008004982153 0.01103015655)
(0 0.001733051602 0.01644224073)
(0 -0.007080607491 0.03035119023)
(0 -0.04975310112 0.04345846192)
(0 0.02992660757 0.02321121348)
(0 -0.1812642705 -0.0158939326)
(0 -6.784971913e-11 -1.068909668e-12)
(0 -0.02001286211 0.01000380196)
(0 7.500531086e-11 -3.659207322e-11)
(0 8.205817718e-12 -2.410764787e-11)
(0 1.274262446e-11 -1.64510682e-11)
(0 1.119404622e-11 -1.19913624e-11)
(0 9.268003659e-12 -9.250388158e-12)
(0 7.813285746e-12 -7.425682409e-12)
(0 6.794708848e-12 -6.117638488e-12)
(0 6.077694002e-12 -5.124197015e-12)
(0 5.558531082e-12 -4.337245386e-12)
(0 5.170150416e-12 -3.694641399e-12)
(0 4.870699577e-12 -3.15800497e-12)
(0 4.633933274e-12 -2.702046289e-12)
(0 4.443078697e-12 -2.309148965e-12)
(0 4.287163575e-12 -1.966450788e-12)
(0 4.158836899e-12 -1.664176679e-12)
(0 4.05306186e-12 -1.394635059e-12)
(0 3.966318773e-12 -1.151584398e-12)
(0 3.896110314e-12 -9.298159646e-13)
(0 3.840649386e-12 -7.248675638e-13)
(0 3.798659873e-12 -5.328188612e-13)
(0 3.76924901e-12 -3.501383606e-13)
(0 3.751826569e-12 -1.735632725e-13)
(0 1.873027822e-12 -2.710375167e-24)
(0 1.005624461e-11 -4.919933908e-13)
(0 -6.045541963e-11 -1.568977621e-11)
(0 1.077645898e-09 4.526462419e-11)
(0 -1.936422509e-09 1.194581954e-11)
(0 2.442273191e-09 3.876151024e-11)
(0 -2.194725543e-09 2.326541682e-12)
(0 1.641439883e-09 -4.331413644e-12)
(0 -1.211244206e-09 -4.866449853e-11)
(0 0.01938872782 -0.002169826873)
(0 0.02617842234 0.007754118204)
(0 0.02906249079 -0.005954141282)
(0 0.04078435844 0.02577390274)
(0 0.01936291873 -0.04305914783)
(0 -0.05065488002 0.0250240204)
(0 -0.3898226096 0.1495972591)
(0 -0.315587142 -0.1484194127)
(0 -0.001030368485 -0.08231507027)
(0 2.695943856e-11 -4.643400793e-11)
(0 3.627554538e-11 -1.921363587e-11)
(0 2.184363248e-11 -1.145074287e-11)
(0 1.498316054e-11 -8.582900428e-12)
(0 1.131517157e-11 -7.065012269e-12)
(0 9.161581261e-12 -6.002981448e-12)
(0 7.794661815e-12 -5.155111185e-12)
(0 6.868957931e-12 -4.444308396e-12)
(0 6.207913401e-12 -3.837255405e-12)
(0 5.715302916e-12 -3.313986761e-12)
(0 5.335653471e-12 -2.859917561e-12)
(0 5.035405895e-12 -2.463483589e-12)
(0 4.793409353e-12 -2.115221894e-12)
(0 4.595860002e-12 -1.807263855e-12)
(0 4.433474835e-12 -1.532984307e-12)
(0 4.299849018e-12 -1.286735915e-12)
(0 4.190469124e-12 -1.063642229e-12)
(0 4.102104313e-12 -8.594341691e-13)
(0 4.032422788e-12 -6.703187927e-13)
(0 3.979746709e-12 -4.928716822e-13)
(0 3.942894835e-12 -3.239463053e-13)
(0 3.921082515e-12 -1.605953215e-13)
(0 1.956930271e-12 -2.652677349e-24)
(0 1.042867096e-11 -4.639054475e-13)
(0 -6.040838955e-11 -1.677690387e-11)
(0 1.075477643e-09 5.869809901e-11)
(0 -1.943563733e-09 1.169421724e-11)
(0 2.440701319e-09 4.951513719e-11)
(0 -2.204700323e-09 1.326829377e-12)
(0 1.642884921e-09 -4.959640896e-12)
(0 -1.216719715e-09 -6.382545542e-11)
(0 0.01644293918 -0.002119112929)
(0 0.003688331064 0.01579369746)
(0 0.01871447378 0.0175068572)
(0 -0.04196830182 0.08968283221)
(0 -0.04536595532 0.153436262)
(0 -0.2549932676 0.4705044642)
(0 -0.9211845239 0.1851631254)
(0 0.1905728559 -0.3778309408)
(0 0.001395945555 -0.2753782009)
(0 2.109519153e-11 2.432492991e-11)
(0 4.316801003e-11 5.117136775e-12)
(0 2.33733599e-11 -1.555247631e-12)
(0 1.557977681e-11 -3.824481368e-12)
(0 1.184792264e-11 -4.423776396e-12)
(0 9.723186831e-12 -4.366119418e-12)
(0 8.353381901e-12 -4.05551548e-12)
(0 7.395549781e-12 -3.660668162e-12)
(0 6.688852717e-12 -3.253479417e-12)
(0 6.14748826e-12 -2.864131715e-12)
(0 5.721202749e-12 -2.504194139e-12)
(0 5.378628941e-12 -2.176747403e-12)
(0 5.099298431e-12 -1.880989562e-12)
(0 4.869401162e-12 -1.614396879e-12)
(0 4.679364839e-12 -1.373759606e-12)
(0 4.522403937e-12 -1.155681259e-12)
(0 4.393620519e-12 -9.568137682e-13)
(0 4.289433751e-12 -7.739589798e-13)
(0 4.207211873e-12 -6.041009763e-13)
(0 4.145032361e-12 -4.444020272e-13)
(0 4.101525371e-12 -2.921792899e-13)
(0 4.075772874e-12 -1.448714136e-13)
(0 2.033623143e-12 -2.50577057e-24)
(0 1.077468942e-11 -4.121920468e-13)
(0 -6.043830213e-11 -2.01592861e-11)
(0 1.073512955e-09 6.760584928e-11)
(0 -1.949747968e-09 4.42867293e-12)
(0 2.441427079e-09 5.242806897e-11)
(0 -2.215080078e-09 -8.585086405e-12)
(0 1.647146371e-09 -1.006708091e-11)
(0 -1.223652522e-09 -8.141063679e-11)
(0 0.03328394009 -0.005013650046)
(0 0.04460433054 0.005029676805)
(0 0.1013946284 0.0003492969314)
(0 0.1193807009 0.06503408849)
(0 0.3794176885 0.09641137294)
(0 0.3413472436 0.5045441242)
(0 1.349158487 0.2417721534)
(0 0.57901437 -0.9741823725)
(0 0.0006841642251 0.1166979925)
(0 5.881325686e-13 5.433921052e-11)
(0 1.032511104e-11 1.683877263e-11)
(0 1.290201434e-11 3.937111495e-12)
(0 1.211463178e-11 -7.359962729e-13)
(0 1.077353352e-11 -2.439490927e-12)
(0 9.529842178e-12 -2.982204302e-12)
(0 8.50011307e-12 -3.040161991e-12)
(0 7.670993994e-12 -2.88936764e-12)
(0 7.004449848e-12 -2.651861062e-12)
(0 6.464588195e-12 -2.384865536e-12)
(0 6.023037783e-12 -2.115978637e-12)
(0 5.658610472e-12 -1.858320689e-12)
(0 5.355759878e-12 -1.617590373e-12)
(0 5.103089958e-12 -1.395573134e-12)
(0 4.892190455e-12 -1.19197507e-12)
(0 4.716794857e-12 -1.005415101e-12)
(0 4.572191403e-12 -8.339719752e-13)
(0 4.454817105e-12 -6.75486265e-13)
(0 4.36197974e-12 -5.277232971e-13)
(0 4.291668395e-12 -3.884554187e-13)
(0 4.242425449e-12 -2.55496869e-13)
(0 4.213261805e-12 -1.26710771e-13)
(0 2.101801684e-12 -2.195805877e-24)
(0 1.109366737e-11 -4.361161543e-13)
(0 -6.049849364e-11 -2.315273405e-11)
(0 1.067136532e-09 7.407758555e-11)
(0 -1.95951743e-09 -5.227959799e-12)
(0 2.440777576e-09 4.768131086e-11)
(0 -2.225463535e-09 -3.079659806e-11)
(0 1.655895232e-09 -2.45346502e-11)
(0 -1.232006613e-09 -1.01345366e-10)
(0 0.01707920475 -0.01136095521)
(0 0.007065483366 -0.01774476842)
(0 0.08166278434 -0.05382233775)
(0 0.01161597876 -0.05756257234)
(0 0.4173711109 -0.1325466074)
(0 0.2075491798 -0.04932079403)
(0 1.71402141 -0.07815227793)
(0 0.03491585914 0.1489467776)
(0 -7.125846406e-05 0.3853426801)
(0 -8.455180353e-12 6.596003457e-12)
(0 -7.209037732e-12 3.986023505e-12)
(0 5.798590997e-12 1.200910019e-12)
(0 9.203174392e-12 -6.171244692e-13)
(0 9.60171461e-12 -1.615986529e-12)
(0 9.122515767e-12 -2.083044532e-12)
(0 8.446218563e-12 -2.233559818e-12)
(0 7.783850711e-12 -2.204778509e-12)
(0 7.193354821e-12 -2.079730854e-12)
(0 6.683370685e-12 -1.907489636e-12)
(0 6.247747595e-12 -1.716532594e-12)
(0 5.877017205e-12 -1.522964509e-12)
(0 5.562045987e-12 -1.335476488e-12)
(0 5.295016465e-12 -1.15832907e-12)
(0 5.069522872e-12 -9.931516966e-13)
(0 4.880407033e-12 -8.400314943e-13)
(0 4.723549355e-12 -6.981720869e-13)
(0 4.595682429e-12 -5.662900046e-13)
(0 4.49424272e-12 -4.428496934e-13)
(0 4.417258789e-12 -3.26198754e-13)
(0 4.363270019e-12 -2.146414833e-13)
(0 4.331269743e-12 -1.064745533e-13)
(0 2.160333914e-12 -1.917440768e-24)
(0 1.139503795e-11 -5.841749221e-13)
(0 -6.117281036e-11 -9.439129855e-12)
(0 1.047233149e-09 9.508100016e-11)
(0 -1.978715002e-09 4.6501082e-12)
(0 2.430774992e-09 5.795317821e-11)
(0 -2.242003033e-09 -4.486520599e-11)
(0 1.66807482e-09 -3.980209659e-11)
(0 -1.240883222e-09 -1.223533367e-10)
(0 0.005556025553 -0.01580944289)
(0 0.003538354034 -0.05673359176)
(0 0.07032735491 -0.1043848129)
(0 0.02887797671 -0.2359749246)
(0 0.3513606428 -0.3950510661)
(0 0.1896410768 -0.6467157791)
(0 1.010290533 -0.2840917874)
(0 -0.2632411564 1.805593899)
(0 0.0002256221184 0.1912473617)
(0 5.84906504e-14 -3.25411046e-11)
(0 5.00638808e-12 -8.609472943e-12)
(0 8.298866368e-12 -2.502372352e-12)
(0 9.297735228e-12 -1.317426056e-12)
(0 9.30761346e-12 -1.324286206e-12)
(0 8.91226889e-12 -1.500426683e-12)
(0 8.378379093e-12 -1.606253426e-12)
(0 7.824822957e-12 -1.616454976e-12)
(0 7.301738722e-12 -1.554793222e-12)
(0 6.827786455e-12 -1.448828078e-12)
(0 6.40756291e-12 -1.31969573e-12)
(0 6.039666578e-12 -1.181526434e-12)
(0 5.720395317e-12 -1.043020563e-12)
(0 5.445414749e-12 -9.091139827e-13)
(0 5.210488031e-12 -7.822704432e-13)
(0 5.011774466e-12 -6.633864035e-13)
(0 4.845932893e-12 -5.523940709e-13)
(0 4.710139498e-12 -4.486510821e-13)
(0 4.602070991e-12 -3.511858561e-13)
(0 4.519876605e-12 -2.588477099e-13)
(0 4.462149649e-12 -1.703952725e-13)
(0 4.427903288e-12 -8.454572579e-14)
(0 2.208276237e-12 -1.726150131e-24)
(0 1.169054983e-11 -5.770622645e-13)
(0 -6.374370219e-11 4.401174017e-11)
(0 1.008736783e-09 1.428270664e-10)
(0 -2.00322404e-09 3.197197567e-11)
(0 2.412598813e-09 7.480831069e-11)
(0 -2.27115447e-09 -4.999648896e-11)
(0 1.67358016e-09 -5.11972001e-11)
(0 -1.253333809e-09 -1.422205939e-10)
(0 -0.0548348538 -0.004931854267)
(0 -0.08458748833 -0.03223692598)
(0 -0.1255799171 -0.04723740929)
(0 -0.3010164745 -0.1388141162)
(0 -0.3990982154 -0.2258277388)
(0 -1.208311719 -0.2672335647)
(0 -1.918186097 0.1724589865)
(0 -0.1884347345 0.3184933986)
(0 4.482753773e-05 -0.000248647968)
(0 1.526792395e-11 -9.565653195e-12)
(0 2.287234125e-11 -3.337088953e-12)
(0 1.309063788e-11 -1.28350199e-12)
(0 1.038126054e-11 -8.259212635e-13)
(0 9.418713983e-12 -8.633055378e-13)
(0 8.840548546e-12 -9.881220969e-13)
(0 8.330190269e-12 -1.074571447e-12)
(0 7.835310914e-12 -1.09999369e-12)
(0 7.360981719e-12 -1.074157511e-12)
(0 6.918468176e-12 -1.013331872e-12)
(0 6.515049239e-12 -9.318938692e-13)
(0 6.153692373e-12 -8.404232417e-13)
(0 5.834458438e-12 -7.459640765e-13)
(0 5.555766584e-12 -6.528349197e-13)
(0 5.315250451e-12 -5.634288704e-13)
(0 5.110283405e-12 -4.788487282e-13)
(0 4.938284676e-12 -3.993657377e-13)
(0 4.796890643e-12 -3.247334046e-13)
(0 4.684046092e-12 -2.543940456e-13)
(0 4.598049373e-12 -1.876102532e-13)
(0 4.537572003e-12 -1.235457e-13)
(0 4.501665016e-12 -6.131284555e-14)
(0 2.24487964e-12 -1.217676155e-24)
(0 1.195461801e-11 3.222861912e-13)
(0 -6.899034069e-11 1.206929105e-10)
(0 9.716718468e-10 1.782481706e-10)
(0 -2.014188164e-09 2.936086594e-11)
(0 2.415486794e-09 5.161240585e-11)
(0 -2.277280615e-09 -8.114830538e-11)
(0 1.69400131e-09 -7.50266651e-11)
(0 -1.26224719e-09 -1.635743319e-10)
(0 -0.0308569359 0.0009684730528)
(0 -0.03283528674 0.001712308534)
(0 -0.02411421019 0.02591791256)
(0 -0.04592539914 0.05469251508)
(0 -0.06404906188 0.2783635225)
(0 -0.1550431023 0.1577874051)
(0 -0.3020962203 -0.1923583098)
(0 -2.943936619e-11 7.745930403e-13)
(0 -1.910246995e-11 3.558034416e-11)
(0 1.738290309e-11 2.231954409e-11)
(0 1.328847568e-11 6.108115372e-12)
(0 1.081003406e-11 1.531369461e-12)
(0 9.71793168e-12 1.605475477e-13)
(0 9.145412626e-12 -3.14893097e-13)
(0 8.70100298e-12 -5.141846571e-13)
(0 8.266507499e-12 -6.039158279e-13)
(0 7.825236893e-12 -6.34789513e-13)
(0 7.38840054e-12 -6.28509536e-13)
(0 6.970050097e-12 -5.984461292e-13)
(0 6.580471541e-12 -5.541228375e-13)
(0 6.225596371e-12 -5.023070902e-13)
(0 5.907983639e-12 -4.47576384e-13)
(0 5.627949955e-12 -3.928317054e-13)
(0 5.384474222e-12 -3.397603407e-13)
(0 5.175837599e-12 -2.892127747e-13)
(0 5.000048216e-12 -2.414855836e-13)
(0 4.855111191e-12 -1.965216538e-13)
(0 4.739194142e-12 -1.540457312e-13)
(0 4.650724951e-12 -1.136528396e-13)
(0 4.588447057e-12 -7.486394781e-14)
(0 4.551448988e-12 -3.71597087e-14)
(0 2.269589083e-12 -3.157167989e-25)
(0 1.203176131e-11 2.184260994e-12)
(0 -6.986774406e-11 1.651733913e-10)
(0 1.070923192e-09 1.677181246e-10)
(0 -1.901494562e-09 6.328001902e-12)
(0 2.530152968e-09 1.948839253e-12)
(0 -2.182716382e-09 -1.128888137e-10)
(0 1.779748035e-09 -8.987036957e-11)
(0 -1.252294399e-09 -1.68281695e-10)
(0 -0.05178022356 -0.003563634101)
(0 -0.05882630024 -0.01752544858)
(0 -0.06552955245 -0.03011009681)
(0 -0.07891775781 -0.05674650897)
(0 -0.05425018771 -0.04359426689)
(0 0.1048026624 -0.05746949743)
(0 0.005346149853 0.006641477745)
(0 -4.874968216e-11 4.939523725e-13)
(0 -6.200579896e-11 3.547984718e-11)
(0 -1.417906048e-11 1.234463365e-11)
(0 2.08416659e-12 3.918613601e-12)
(0 7.14307006e-12 1.140324596e-12)
(0 8.53499798e-12 2.516496028e-13)
(0 8.743981778e-12 -4.260910361e-14)
(0 8.551525816e-12 -1.497812454e-13)
(0 8.209585413e-12 -1.920862685e-13)
(0 7.810717206e-12 -2.067033315e-13)
(0 7.397325103e-12 -2.06605955e-13)
(0 6.992854875e-12 -1.977787683e-13)
(0 6.611188278e-12 -1.83801177e-13)
(0 6.260238826e-12 -1.670620308e-13)
(0 5.943933822e-12 -1.491587215e-13)
(0 5.663582628e-12 -1.311118476e-13)
(0 5.418869382e-12 -1.13526049e-13)
(0 5.208558162e-12 -9.671668767e-14)
(0 5.030975797e-12 -8.080548609e-14)
(0 4.884330496e-12 -6.578910663e-14)
(0 4.766914906e-12 -5.158618084e-14)
(0 4.677231156e-12 -3.806834276e-14)
(0 4.614065134e-12 -2.507997555e-14)
(0 4.576528964e-12 -1.245026596e-14)
(0 2.282039349e-12 9.399763101e-26)
(0 1.184620221e-11 1.629585235e-12)
(0 -5.515437447e-11 8.697684397e-11)
(0 1.376580991e-09 7.433909503e-11)
(0 -1.648154531e-09 2.154597729e-12)
(0 2.765701215e-09 -7.317976952e-12)
(0 -1.984407633e-09 -5.573269896e-11)
(0 1.920723821e-09 -4.291915053e-11)
(0 -1.233876207e-09 -8.067944903e-11)
)
;

boundaryField
{
    lowerWall
    {
        type            slip;
    }
    atmosphere
    {
        type            pressureInletOutletVelocity;
        tangentialVelocity uniform (0 0 0);
        value           nonuniform List<vector> 
80
(
(0 -0.1318174264 -0.007682343987)
(0 -0.1450016215 -0.02707523039)
(0 -0.1767750528 -0.05321123042)
(0 -0.2237302564 -0.09919777525)
(0 -0.3024543604 -0.1831136376)
(0 -0.5523140772 -0.2474086841)
(0 -1.106055101 -0.1005349971)
(0 -1.33632699 0.1006229385)
(0 -0.5961225034 0.2294043065)
(0 0.3079252804 0)
(0 0.6144420384 0)
(0 0.6810988206 0)
(0 0.6671652025 0)
(0 0.6142573729 0)
(0 0.5422412218 0)
(0 0.4445290554 0)
(0 0.3216536225 0)
(0 0.1816343257 0)
(0 0.08440938 0)
(0 0.04049877138 0)
(0 0.2233929037 0)
(0 0.2734578116 0)
(0 0.3758546917 0)
(0 0.4440424178 0)
(0 0.5122705266 0)
(0 0.5431330401 0)
(0 0.5526744007 0)
(0 0.5461989928 0)
(0 0.5256426851 0)
(0 0.482188449 0)
(0 0.4089854262 0)
(0 0.2946908372 0)
(0 0.1251112926 0)
(0 -0.1037353705 -0.1166478369)
(0 -0.3377696253 -0.08914261837)
(0 -0.4658908747 -0.03539352619)
(0 -0.5245411062 0.005778312395)
(0 -0.529904491 0.03358133852)
(0 -0.5028738805 0.0468548366)
(0 -0.4566623041 0.05064833542)
(0 -0.4012344915 0.04879030228)
(0 -0.3438957147 0.04402696875)
(0 -0.2893431511 0.03812376598)
(0 -0.2401319328 0.03211969766)
(0 -0.1973036329 0.0265635813)
(0 -0.1609442143 0.02169467976)
(0 -0.1306080998 0.01757115719)
(0 -0.1056025417 0.01415515997)
(0 -0.08516304258 0.01136549136)
(0 -0.06855197334 0.009107956277)
(0 -0.05510539814 0.007291525427)
(0 -0.04424928251 0.005835004397)
(0 -0.03549968729 0.004669415175)
(0 -0.0284512741 0.003736878207)
(0 -0.02277095929 0.002993477013)
(0 -0.01819624243 0.002403499674)
(0 -0.01450746236 0.001934793698)
(0 -0.01152919162 0.001574601741)
(0 -0.009097803786 0.001280031805)
(0 -0.007182614014 0.001122979155)
(0 -0.005495167694 0.0009288686648)
(0 -0.004326614741 0.0009575835688)
(0 -0.003029755688 0.0008782563402)
(0 -0.002101205171 0.000957019057)
(0 -0.001479898392 0.001215683505)
(0 0.000235667512 0)
(0 -0.0004597708124 0.001676598256)
(0 0.003710023092 0)
(0 0.001244423931 0)
(0 0.007890434353 0)
(0 0.007754251936 0)
(0 0.01160264193 0)
(0 0.01938872782 0)
(0 0.01644293918 0)
(0 0.03328394009 0)
(0 0.01707920475 0)
(0 0.005556025553 0)
(0 -0.0548348538 -0.004931854267)
(0 -0.0308569359 0.0009684730528)
(0 -0.05178022356 -0.003563634101)
)
;
    }
    rightWall
    {
        type            empty;
    }
    leftWall
    {
        type            empty;
    }
    frontAndBack
    {
        type            slip;
    }
}


// ************************************************************************* //
